(946688569.010000) can0 18FF01EA#0000010000000100
(946688569.010000) can0 18FF02EA#FFFFFBFFFFFFFBFF
(946688569.020000) can0 18FF01EA#0000020000000200
(946688569.020000) can0 18FF02EA#0000000000000000
(946688569.020000) can0 18FF1085#0000000300010000
(946688569.020000) can0 400#0100286028620000
(946688569.020000) can0 401#007E000000000000
(946688569.040000) can0 18FF01EA#0000020000000200
(946688569.040000) can0 18FF02EA#0000EEFF0000EEFF
(946688569.040000) can0 18FF1085#0000000300010000
(946688569.040000) can0 400#0000276327670000
(946688569.040000) can0 401#007E000000000000
(946688569.050000) can0 18FF01EA#0000F5FF0000F5FF
(946688569.050000) can0 18FF02EA#00000E0000000E00
(946688569.060000) can0 18FF01EA#0100EDFF0100EDFF
(946688569.060000) can0 18FF02EA#FFFFEFFFFFFFEFFF
(946688569.060000) can0 18FF1085#0000000300010000
(946688569.060000) can0 400#0001276328660000
(946688569.060000) can0 401#007E000000000000
(946688569.070000) can0 18FF01EA#FFFFFDFFFFFFFDFF
(946688569.070000) can0 18FF02EA#0000EFFF0000EFFF
(946688569.090000) can0 18FF01EA#0100FEFF0100FEFF
(946688569.090000) can0 18FF02EA#0000050000000500
(946688569.090000) can0 18FF1085#0000000300010000
(946688569.090000) can0 400#0000286727650000
(946688569.090000) can0 401#007E000000000000
(946688569.110000) can0 18FF01EA#0000EDFF0000EDFF
(946688569.110000) can0 18FF02EA#0000000000000000
(946688569.110000) can0 19B30007#00005F20AC800000
(946688569.110000) can0 19B30100#D7D7D7D7D7D7D7D7
(946688569.120000) can0 18FF1085#0000000300010000
(946688569.120000) can0 400#0001286128610000
(946688569.120000) can0 401#007E000000000000
(946688569.130000) can0 18FF01EA#0100FCFF0100FCFF
(946688569.130000) can0 18FF02EA#0000060000000600
(946688569.140000) can0 18FF01EA#00000A0000000A00
(946688569.140000) can0 18FF02EA#01000D0001000D00
(946688569.140000) can0 18FF1085#0000000300010000
(946688569.140000) can0 400#0001276827670000
(946688569.140000) can0 401#007F000000000000
(946688569.150000) can0 18FF01EA#FFFF0A00FFFF0A00
(946688569.150000) can0 18FF02EA#0000100000001000
(946688569.160000) can0 18FF01EA#0000080000000800
(946688569.160000) can0 18FF02EA#0000060000000600
(946688569.160000) can0 18FF1085#0000000300010000
(946688569.160000) can0 400#0000286027600000
(946688569.160000) can0 401#017E000000000000
(946688569.170000) can0 18FF01EA#FFFF0000FFFF0000
(946688569.170000) can0 18FF02EA#0000F7FF0000F7FF
(946688569.180000) can0 18FF01EA#0100FDFF0100FDFF
(946688569.180000) can0 18FF02EA#0100040001000400
(946688569.180000) can0 18FF1085#0000000300010000
(946688569.180000) can0 400#0001286428620000
(946688569.180000) can0 401#007E000000000000
(946688569.190000) can0 18FF01EA#0000010000000100
(946688569.190000) can0 18FF02EA#0100F7FF0100F7FF
(946688569.200000) can0 18FF01EA#0000FBFF0000FBFF
(946688569.200000) can0 18FF02EA#0000040000000400
(946688569.200000) can0 18FF1085#0000000300010000
(946688569.200000) can0 400#0000286527620000
(946688569.200000) can0 401#007F000000000000
(946688569.210000) can0 18FF01EA#0000F7FF0000F7FF
(946688569.210000) can0 18FF02EA#FFFF0C00FFFF0C00
(946688569.210000) can0 19B30007#00005F20AC800000
(946688569.210000) can0 19B30100#D7D7D7D7D7D7D7D7
(946688569.220000) can0 18FF01EA#0000050000000500
(946688569.220000) can0 18FF02EA#0100FBFF0100FBFF
(946688569.220000) can0 18FF1085#0000000300010000
(946688569.220000) can0 400#0000276027630000
(946688569.220000) can0 401#017F000000000000
(946688569.230000) can0 18FF01EA#0100EFFF0100EFFF
(946688569.230000) can0 18FF02EA#FFFFFAFFFFFFFAFF
(946688569.240000) can0 18FF01EA#00000D0000000D00
(946688569.240000) can0 18FF02EA#0000020000000200
(946688569.240000) can0 18FF1085#0000000300010000
(946688569.240000) can0 400#0100285F27610000
(946688569.240000) can0 401#007E000000000000
(946688569.260000) can0 18FF01EA#FFFF0100FFFF0100
(946688569.260000) can0 18FF02EA#0000090000000900
(946688569.270000) can0 18FF01EA#0000F4FF0000F4FF
(946688569.270000) can0 18FF02EA#FFFF0600FFFF0600
(946688569.270000) can0 18FF1085#0000000300010000
(946688569.270000) can0 400#0001276627630000
(946688569.270000) can0 401#017E000000000000
(946688569.280000) can0 18FF01EA#FFFFEDFFFFFFEDFF
(946688569.280000) can0 18FF02EA#0000F4FF0000F4FF
(946688569.290000) can0 18FF01EA#0100FFFF0100FFFF
(946688569.290000) can0 18FF02EA#0100000001000000
(946688569.290000) can0 18FF1085#0000000300010000
(946688569.290000) can0 400#0100276428660000
(946688569.290000) can0 401#017F000000000000
(946688569.300000) can0 18FF01EA#0000FFFF0000FFFF
(946688569.300000) can0 18FF02EA#FFFFF5FFFFFFF5FF
(946688569.310000) can0 18FF01EA#00000A0000000A00
(946688569.310000) can0 18FF02EA#FFFF0000FFFF0000
(946688569.310000) can0 18FF1085#0000000300010000
(946688569.310000) can0 400#0100286727620000
(946688569.310000) can0 401#007E000000000000
(946688569.310000) can0 19B30007#00005F20AC800000
(946688569.310000) can0 19B30100#D7D7D7D7D7D7D7D7
(946688569.320000) can0 18FF01EA#00000A0000000A00
(946688569.320000) can0 18FF02EA#00000F0000000F00
(946688569.330000) can0 18FF01EA#0000EDFF0000EDFF
(946688569.330000) can0 18FF02EA#0100050001000500
(946688569.330000) can0 18FF1085#0000000300010000
(946688569.330000) can0 400#0001276428600000
(946688569.330000) can0 401#007E000000000000
(946688569.340000) can0 18FF01EA#0000030000000300
(946688569.340000) can0 18FF02EA#FFFF0300FFFF0300
(946688569.350000) can0 18FF01EA#FFFF0000FFFF0000
(946688569.350000) can0 18FF02EA#0100EDFF0100EDFF
(946688569.350000) can0 18FF1085#0000000300010000
(946688569.350000) can0 400#0000275F285F0000
(946688569.350000) can0 401#017E000000000000
(946688569.360000) can0 18FF01EA#0000090000000900
(946688569.360000) can0 18FF02EA#FFFF0000FFFF0000
(946688569.370000) can0 18FF01EA#FFFF0B00FFFF0B00
(946688569.370000) can0 18FF02EA#0000F6FF0000F6FF
(946688569.370000) can0 18FF1085#0000000300010000
(946688569.370000) can0 400#0001276227640000
(946688569.370000) can0 401#017E000000000000
(946688569.380000) can0 18FF01EA#0000FEFF0000FEFF
(946688569.380000) can0 18FF02EA#0100FCFF0100FCFF
(946688569.390000) can0 18FF01EA#0100020001000200
(946688569.390000) can0 18FF02EA#0000F3FF0000F3FF
(946688569.390000) can0 18FF1085#0000000300010000
(946688569.390000) can0 400#0101286727660000
(946688569.390000) can0 401#007E000000000000
(946688569.400000) can0 18FF01EA#FFFF0E00FFFF0E00
(946688569.400000) can0 18FF02EA#0100EFFF0100EFFF
(946688569.410000) can0 18FF01EA#FFFFFAFFFFFFFAFF
(946688569.410000) can0 18FF02EA#0100000001000000
(946688569.410000) can0 18FF1085#0000000300010000
(946688569.410000) can0 400#0000285F28670000
(946688569.410000) can0 401#007F000000000000
(946688569.410000) can0 19B30007#00005F20AC800000
(946688569.410000) can0 19B30100#D7D7D7D7D7D7D7D7
(946688569.420000) can0 18FF01EA#0100EEFF0100EEFF
(946688569.420000) can0 18FF02EA#0100000001000000
(946688569.430000) can0 18FF01EA#0000050000000500
(946688569.430000) can0 18FF02EA#0000F5FF0000F5FF
(946688569.430000) can0 18FF1085#0000000300010000
(946688569.430000) can0 400#0000276727610000
(946688569.430000) can0 401#017E000000000000
(946688569.440000) can0 18FF01EA#0000F6FF0000F6FF
(946688569.440000) can0 18FF02EA#0000F2FF0000F2FF
(946688569.450000) can0 18FF01EA#0000050000000500
(946688569.450000) can0 18FF02EA#0000FCFF0000FCFF
(946688569.450000) can0 18FF1085#0000000300010000
(946688569.450000) can0 400#0100276027640000
(946688569.450000) can0 401#017F000000000000
(946688569.460000) can0 18FF01EA#00000D0000000D00
(946688569.460000) can0 18FF02EA#FFFFEFFFFFFFEFFF
(946688569.470000) can0 18FF01EA#0100120001001200
(946688569.470000) can0 18FF02EA#0000EFFF0000EFFF
(946688569.470000) can0 18FF1085#0000000300010000
(946688569.470000) can0 400#0100286628650000
(946688569.470000) can0 401#007F000000000000
(946688569.480000) can0 18FF01EA#FFFFFAFFFFFFFAFF
(946688569.480000) can0 18FF02EA#0000100000001000
(946688569.490000) can0 18FF01EA#0000FBFF0000FBFF
(946688569.490000) can0 18FF02EA#0100FBFF0100FBFF
(946688569.490000) can0 18FF1085#0000000300010000
(946688569.490000) can0 400#0100276328620000
(946688569.490000) can0 401#007F000000000000
(946688569.510000) can0 18FF01EA#0100050001000500
(946688569.510000) can0 18FF02EA#0000050000000500
(946688569.510000) can0 19B30007#00005F20AC800000
(946688569.510000) can0 19B30100#D7D7D7D7D7D7D7D7
(946688569.520000) can0 18FF01EA#0100FFFF0100FFFF
(946688569.520000) can0 18FF02EA#0000F4FF0000F4FF
(946688569.520000) can0 18FF1085#0000000300010000
(946688569.520000) can0 400#0001286128610000
(946688569.520000) can0 401#007F000000000000
(946688569.529999) can0 18FF01EA#0000000000000000
(946688569.529999) can0 18FF02EA#FFFFEDFFFFFFEDFF
(946688569.539999) can0 18FF01EA#0100EDFF0100EDFF
(946688569.539999) can0 18FF02EA#FFFF0800FFFF0800
(946688569.539999) can0 18FF1085#0000000300010000
(946688569.539999) can0 400#0100276628640000
(946688569.539999) can0 401#017E000000000000
(946688569.549999) can0 18FF01EA#0000100000001000
(946688569.549999) can0 18FF02EA#FFFF0D00FFFF0D00
(946688569.559999) can0 18FF01EA#0100030001000300
(946688569.559999) can0 18FF02EA#FFFF0E00FFFF0E00
(946688569.559999) can0 18FF1085#0000000300010000
(946688569.559999) can0 400#00002764285F0000
(946688569.559999) can0 401#017E000000000000
(946688569.569999) can0 18FF01EA#00000A0000000A00
(946688569.569999) can0 18FF02EA#0000F1FF0000F1FF
(946688569.579999) can0 18FF01EA#0000F5FF0000F5FF
(946688569.579999) can0 18FF02EA#0000070000000700
(946688569.579999) can0 18FF1085#0000000300010000
(946688569.579999) can0 400#0100286027630000
(946688569.579999) can0 401#007F000000000000
(946688569.589999) can0 18FF01EA#0000110000001100
(946688569.589999) can0 18FF02EA#0000FEFF0000FEFF
(946688569.599999) can0 18FF01EA#0000070000000700
(946688569.599999) can0 18FF02EA#FFFF0300FFFF0300
(946688569.599999) can0 18FF1085#0000000300010000
(946688569.599999) can0 400#0000286728650000
(946688569.599999) can0 401#007F000000000000
(946688569.609999) can0 18FF01EA#0000030000000300
(946688569.609999) can0 18FF02EA#01000A0001000A00
(946688569.609999) can0 19B30007#00005F20AC800000
(946688569.609999) can0 19B30100#D7D7D7D7D7D7D7D7
(946688569.619999) can0 18FF01EA#0000F6FF0000F6FF
(946688569.619999) can0 18FF02EA#0100010001000100
(946688569.619999) can0 18FF1085#0000000300010000
(946688569.619999) can0 400#0000276028640000
(946688569.619999) can0 401#007F000000000000
(946688569.629999) can0 18FF01EA#0000000000000000
(946688569.629999) can0 18FF02EA#FFFF0E00FFFF0E00
(946688569.639999) can0 18FF01EA#0100F4FF0100F4FF
(946688569.639999) can0 18FF02EA#0000020000000200
(946688569.639999) can0 18FF1085#0000000300010000
(946688569.639999) can0 400#0001286628620000
(946688569.639999) can0 401#007F000000000000
(946688569.649999) can0 18FF01EA#0000F5FF0000F5FF
(946688569.649999) can0 18FF02EA#0000F5FF0000F5FF
(946688569.659999) can0 18FF01EA#0000F6FF0000F6FF
(946688569.659999) can0 18FF02EA#0000EEFF0000EEFF
(946688569.659999) can0 18FF1085#0000000300010000
(946688569.659999) can0 400#0100286627670000
(946688569.659999) can0 401#007E000000000000
(946688569.669999) can0 18FF01EA#FFFF0600FFFF0600
(946688569.669999) can0 18FF02EA#0000F6FF0000F6FF
(946688569.679999) can0 18FF01EA#01000E0001000E00
(946688569.679999) can0 18FF02EA#0000FBFF0000FBFF
(946688569.679999) can0 18FF1085#0000000300010000
(946688569.679999) can0 400#0000286428600000
(946688569.679999) can0 401#017E000000000000
(946688569.689999) can0 18FF01EA#00000F0000000F00
(946688569.689999) can0 18FF02EA#0000FBFF0000FBFF
(946688569.699999) can0 18FF01EA#0100FFFF0100FFFF
(946688569.699999) can0 18FF02EA#FFFFF9FFFFFFF9FF
(946688569.699999) can0 18FF1085#0000000300010000
(946688569.699999) can0 400#0001285F27610000
(946688569.699999) can0 401#007E000000000000
(946688569.709999) can0 18FF01EA#0100F6FF0100F6FF
(946688569.709999) can0 18FF02EA#FFFF0500FFFF0500
(946688569.709999) can0 19B30007#00005F20AC800000
(946688569.709999) can0 19B30100#D7D7D7D7D7D7D7D7
(946688569.719999) can0 18FF01EA#FFFF0900FFFF0900
(946688569.719999) can0 18FF02EA#0100EFFF0100EFFF
(946688569.719999) can0 18FF1085#0000000300010000
(946688569.719999) can0 400#0000276728650000
(946688569.719999) can0 401#007E000000000000
(946688569.729999) can0 18FF01EA#0000000000000000
(946688569.729999) can0 18FF02EA#0100FCFF0100FCFF
(946688569.739999) can0 18FF01EA#0000130000001300
(946688569.739999) can0 18FF02EA#0100F6FF0100F6FF
(946688569.739999) can0 18FF1085#0000000300010000
(946688569.739999) can0 400#0100276428600000
(946688569.739999) can0 401#017F000000000000
(946688569.749999) can0 18FF01EA#0100010001000100
(946688569.749999) can0 18FF02EA#0000010000000100
(946688569.759999) can0 18FF01EA#0000F3FF0000F3FF
(946688569.759999) can0 18FF02EA#00000D0000000D00
(946688569.759999) can0 18FF1085#0000000300010000
(946688569.759999) can0 400#0000276828630000
(946688569.759999) can0 401#017E000000000000
(946688569.769999) can0 18FF01EA#0000F4FF0000F4FF
(946688569.769999) can0 18FF02EA#FFFFFAFFFFFFFAFF
(946688569.779999) can0 18FF01EA#0000070000000700
(946688569.779999) can0 18FF02EA#FFFF0800FFFF0800
(946688569.779999) can0 18FF1085#0000000300010000
(946688569.779999) can0 400#0001276327660000
(946688569.779999) can0 401#007F000000000000
(946688569.789999) can0 18FF01EA#0000070000000700
(946688569.789999) can0 18FF02EA#00000A0000000A00
(946688569.799999) can0 18FF01EA#0100F4FF0100F4FF
(946688569.799999) can0 18FF02EA#FFFFF0FFFFFFF0FF
(946688569.799999) can0 18FF1085#0000000300010000
(946688569.799999) can0 400#0000276827610000
(946688569.799999) can0 401#007E000000000000
(946688569.809999) can0 18FF01EA#0000FAFF0000FAFF
(946688569.809999) can0 18FF02EA#0100F5FF0100F5FF
(946688569.809999) can0 19B30007#00005F20AC800000
(946688569.809999) can0 19B30100#D7D7D7D7D7D7D7D7
(946688569.819999) can0 18FF01EA#0100040001000400
(946688569.819999) can0 18FF02EA#0100120001001200
(946688569.819999) can0 18FF1085#0000000300010000
(946688569.819999) can0 400#0000276428680000
(946688569.819999) can0 401#007F000000000000
(946688569.829999) can0 18FF01EA#FFFFFEFFFFFFFEFF
(946688569.829999) can0 18FF02EA#0100F2FF0100F2FF
(946688569.839999) can0 18FF01EA#FFFFEDFFFFFFEDFF
(946688569.839999) can0 18FF02EA#0100010001000100
(946688569.839999) can0 18FF1085#0000000300010000
(946688569.839999) can0 400#0000286728620000
(946688569.839999) can0 401#007E000000000000
(946688569.849999) can0 18FF01EA#00000D0000000D00
(946688569.849999) can0 18FF02EA#0000F4FF0000F4FF
(946688569.859999) can0 18FF01EA#0000F9FF0000F9FF
(946688569.859999) can0 18FF02EA#00000E0000000E00
(946688569.859999) can0 18FF1085#0000000300010000
(946688569.859999) can0 400#0100286627650000
(946688569.859999) can0 401#017F000000000000
(946688569.869999) can0 18FF01EA#00000C0000000C00
(946688569.869999) can0 18FF02EA#0000FDFF0000FDFF
(946688569.879999) can0 18FF01EA#FFFF0C00FFFF0C00
(946688569.879999) can0 18FF02EA#FFFFF0FFFFFFF0FF
(946688569.879999) can0 18FF1085#0000000300010000
(946688569.879999) can0 400#0100276528660000
(946688569.879999) can0 401#007E000000000000
(946688569.889999) can0 18FF01EA#00000B0000000B00
(946688569.889999) can0 18FF02EA#0000FBFF0000FBFF
(946688569.899999) can0 18FF01EA#0000000000000000
(946688569.899999) can0 18FF02EA#FFFF1100FFFF1100
(946688569.899999) can0 18FF1085#0000000300010000
(946688569.899999) can0 400#0000286328680000
(946688569.899999) can0 401#017E000000000000
(946688569.909999) can0 18FF01EA#0000FFFF0000FFFF
(946688569.909999) can0 18FF02EA#0000F5FF0000F5FF
(946688569.909999) can0 19B30007#00005F20AC800000
(946688569.909999) can0 19B30100#D7D7D7D7D7D7D7D7
(946688569.919999) can0 18FF01EA#FFFFF9FFFFFFF9FF
(946688569.919999) can0 18FF02EA#0100030001000300
(946688569.919999) can0 18FF1085#0000000300010000
(946688569.919999) can0 400#0000286328640000
(946688569.919999) can0 401#007E000000000000
(946688569.929999) can0 18FF01EA#0000FAFF0000FAFF
(946688569.929999) can0 18FF02EA#01000E0001000E00
(946688569.939999) can0 18FF01EA#FFFFF2FFFFFFF2FF
(946688569.939999) can0 18FF02EA#0100F9FF0100F9FF
(946688569.939999) can0 18FF1085#0000000300010000
(946688569.939999) can0 400#0000286228670000
(946688569.939999) can0 401#007E000000000000
(946688569.949999) can0 18FF01EA#FFFF0C00FFFF0C00
(946688569.949999) can0 18FF02EA#0000FDFF0000FDFF
(946688569.959999) can0 18FF01EA#00000E0000000E00
(946688569.959999) can0 18FF02EA#FFFFF7FFFFFFF7FF
(946688569.959999) can0 18FF1085#0000000300010000
(946688569.959999) can0 400#0001286527670000
(946688569.959999) can0 401#007F000000000000
(946688569.969999) can0 18FF01EA#FFFF0F00FFFF0F00
(946688569.969999) can0 18FF02EA#0000EFFF0000EFFF
(946688569.979999) can0 18FF01EA#0000100000001000
(946688569.979999) can0 18FF02EA#0000EFFF0000EFFF
(946688569.979999) can0 18FF1085#0000000300010000
(946688569.979999) can0 400#0000286827630000
(946688569.979999) can0 401#017F000000000000
(946688569.989999) can0 18FF01EA#0100000001000000
(946688569.989999) can0 18FF02EA#0000000000000000
(946688569.999999) can0 18FF01EA#FFFF0300FFFF0300
(946688569.999999) can0 18FF02EA#0000FAFF0000FAFF
(946688569.999999) can0 18FF1085#0000000300010000
(946688569.999999) can0 400#0000276827670000
(946688569.999999) can0 401#007F000000000000
(946688570.009999) can0 18FF01EA#0100EFFF0100EFFF
(946688570.009999) can0 18FF02EA#0000FFFF0000FFFF
(946688570.009999) can0 19B30007#00005F20AC800000
(946688570.009999) can0 19B30100#D7D7D7D7D7D7D7D7
(946688570.019999) can0 18FF01EA#01000B0001000B00
(946688570.019999) can0 18FF02EA#FFFF0500FFFF0500
(946688570.019999) can0 18FF1085#0000000300010000
(946688570.019999) can0 400#0000286528670000
(946688570.019999) can0 401#017E000000000000
(946688570.029999) can0 18FF01EA#0000070000000700
(946688570.029999) can0 18FF02EA#FFFFF2FFFFFFF2FF
(946688570.039999) can0 18FF01EA#0000110000001100
(946688570.039999) can0 18FF02EA#00000E0000000E00
(946688570.039999) can0 18FF1085#0000000300010000
(946688570.039999) can0 400#0000276328650000
(946688570.039999) can0 401#017F000000000000
(946688570.049999) can0 18FF01EA#0000EDFF0000EDFF
(946688570.049999) can0 18FF02EA#0100FAFF0100FAFF
(946688570.059999) can0 18FF01EA#0000F0FF0000F0FF
(946688570.059999) can0 18FF02EA#0100120001001200
(946688570.059999) can0 18FF1085#0000000300010000
(946688570.059999) can0 400#0000286427660000
(946688570.059999) can0 401#007E000000000000
(946688570.069999) can0 18FF01EA#0100110001001100
(946688570.069999) can0 18FF02EA#FFFFF8FFFFFFF8FF
(946688570.079999) can0 18FF01EA#0100120001001200
(946688570.079999) can0 18FF02EA#0100FDFF0100FDFF
(946688570.079999) can0 18FF1085#0000000300010000
(946688570.079999) can0 400#00012860285F0000
(946688570.079999) can0 401#017E000000000000
(946688570.089999) can0 18FF01EA#0100FAFF0100FAFF
(946688570.089999) can0 18FF02EA#0100EDFF0100EDFF
(946688570.099999) can0 18FF01EA#FFFF0500FFFF0500
(946688570.099999) can0 18FF02EA#0000F6FF0000F6FF
(946688570.099999) can0 18FF1085#0000000300010000
(946688570.099999) can0 400#0001276128620000
(946688570.099999) can0 401#007E000000000000
(946688570.109999) can0 18FF01EA#0100070001000700
(946688570.109999) can0 18FF02EA#FFFFEDFFFFFFEDFF
(946688570.109999) can0 19B30007#00005F20AC800000
(946688570.109999) can0 19B30100#D7D7D7D7D7D7D7D7
(946688570.119999) can0 18FF01EA#0000070000000700
(946688570.119999) can0 18FF02EA#FFFF0200FFFF0200
(946688570.119999) can0 18FF1085#0000000300010000
(946688570.119999) can0 400#0000286128640000
(946688570.119999) can0 401#007F000000000000
(946688570.129999) can0 18FF01EA#FFFF0100FFFF0100
(946688570.129999) can0 18FF02EA#FFFF0E00FFFF0E00
(946688570.139999) can0 18FF01EA#00000B0000000B00
(946688570.139999) can0 18FF02EA#FFFF0900FFFF0900
(946688570.139999) can0 18FF1085#0000000300010000
(946688570.139999) can0 400#0000276828650000
(946688570.139999) can0 401#017F000000000000
(946688570.149999) can0 18FF01EA#0100FEFF0100FEFF
(946688570.149999) can0 18FF02EA#0000100000001000
(946688570.159999) can0 18FF01EA#01000A0001000A00
(946688570.159999) can0 18FF02EA#0000FFFF0000FFFF
(946688570.159999) can0 18FF1085#0000000300010000
(946688570.159999) can0 400#0100276328670000
(946688570.159999) can0 401#017E000000000000
(946688570.169999) can0 18FF01EA#FFFF0200FFFF0200
(946688570.169999) can0 18FF02EA#0000F1FF0000F1FF
(946688570.179999) can0 18FF01EA#0000130000001300
(946688570.179999) can0 18FF02EA#FFFF1100FFFF1100
(946688570.179999) can0 18FF1085#0000000300010000
(946688570.179999) can0 400#0000275F27640000
(946688570.179999) can0 401#007E000000000000
(946688570.189999) can0 18FF01EA#0000F4FF0000F4FF
(946688570.189999) can0 18FF02EA#0000070000000700
(946688570.199999) can0 18FF01EA#0100FBFF0100FBFF
(946688570.199999) can0 18FF02EA#01000A0001000A00
(946688570.199999) can0 18FF1085#0000000300010000
(946688570.199999) can0 400#0100276428660000
(946688570.199999) can0 401#017F000000000000
(946688570.209999) can0 18FF01EA#0100F6FF0100F6FF
(946688570.209999) can0 18FF02EA#0000F7FF0000F7FF
(946688570.209999) can0 19B30007#00005F20AC800000
(946688570.209999) can0 19B30100#D7D7D7D7D7D7D7D7
(946688570.219999) can0 18FF01EA#FFFF0300FFFF0300
(946688570.219999) can0 18FF02EA#0000060000000600
(946688570.219999) can0 18FF1085#0000000300010000
(946688570.219999) can0 400#0000276428660000
(946688570.219999) can0 401#007F000000000000
(946688570.229999) can0 18FF01EA#0000F6FF0000F6FF
(946688570.229999) can0 18FF02EA#0000000000000000
(946688570.239999) can0 18FF01EA#FFFF0400FFFF0400
(946688570.239999) can0 18FF02EA#0000F9FF0000F9FF
(946688570.239999) can0 18FF1085#0000000300010000
(946688570.239999) can0 400#0000286728680000
(946688570.239999) can0 401#017F000000000000
(946688570.249999) can0 18FF01EA#FFFF0000FFFF0000
(946688570.249999) can0 18FF02EA#0000FFFF0000FFFF
(946688570.259999) can0 18FF01EA#0100000001000000
(946688570.259999) can0 18FF02EA#01000B0001000B00
(946688570.259999) can0 18FF1085#0000000300010000
(946688570.259999) can0 400#0100286527660000
(946688570.259999) can0 401#017F000000000000
(946688570.269999) can0 18FF01EA#FFFF0900FFFF0900
(946688570.269999) can0 18FF02EA#0100F5FF0100F5FF
(946688570.279999) can0 18FF01EA#FFFFFAFFFFFFFAFF
(946688570.279999) can0 18FF02EA#0000110000001100
(946688570.279999) can0 18FF1085#0000000300010000
(946688570.279999) can0 400#0001286128660000
(946688570.279999) can0 401#017E000000000000
(946688570.289999) can0 18FF01EA#0100EDFF0100EDFF
(946688570.289999) can0 18FF02EA#0000EFFF0000EFFF
(946688570.299999) can0 18FF01EA#00000E0000000E00
(946688570.299999) can0 18FF02EA#0000F1FF0000F1FF
(946688570.299999) can0 18FF1085#0000000300010000
(946688570.299999) can0 400#0000286828670000
(946688570.299999) can0 401#017E000000000000
(946688570.309999) can0 18FF01EA#FFFF0100FFFF0100
(946688570.309999) can0 18FF02EA#0000010000000100
(946688570.309999) can0 19B30007#00005F20AC800000
(946688570.309999) can0 19B30100#D7D7D7D7D7D7D7D7
(946688570.319999) can0 18FF01EA#FFFF0000FFFF0000
(946688570.319999) can0 18FF02EA#FFFFF8FFFFFFF8FF
(946688570.319999) can0 18FF1085#0000000300010000
(946688570.319999) can0 400#0000276627680000
(946688570.319999) can0 401#017E000000000000
(946688570.329999) can0 18FF01EA#0000110000001100
(946688570.329999) can0 18FF02EA#00000E0000000E00
(946688570.339999) can0 18FF01EA#0000F6FF0000F6FF
(946688570.339999) can0 18FF02EA#0000000000000000
(946688570.339999) can0 18FF1085#0000000300010000
(946688570.339999) can0 400#0001276628650000
(946688570.339999) can0 401#007F000000000000
(946688570.349999) can0 18FF01EA#0000010000000100
(946688570.349999) can0 18FF02EA#0000070000000700
(946688570.359999) can0 18FF01EA#0100030001000300
(946688570.359999) can0 18FF02EA#0000F0FF0000F0FF
(946688570.359999) can0 18FF1085#0000000300010000
(946688570.359999) can0 400#0000276228660000
(946688570.359999) can0 401#007F000000000000
(946688570.369999) can0 18FF01EA#0000FAFF0000FAFF
(946688570.369999) can0 18FF02EA#00000D0000000D00
(946688570.379999) can0 18FF01EA#0000FAFF0000FAFF
(946688570.379999) can0 18FF02EA#0100F3FF0100F3FF
(946688570.379999) can0 18FF1085#0000000300010000
(946688570.379999) can0 400#0000276128630000
(946688570.379999) can0 401#007F000000000000
(946688570.389999) can0 18FF01EA#0000EDFF0000EDFF
(946688570.389999) can0 18FF02EA#0000F9FF0000F9FF
(946688570.399999) can0 18FF01EA#0100000001000000
(946688570.399999) can0 18FF02EA#FFFF0000FFFF0000
(946688570.399999) can0 18FF1085#0000000300010000
(946688570.399999) can0 400#0101286527670000
(946688570.399999) can0 401#007E000000000000
(946688570.409999) can0 18FF01EA#FFFF0F00FFFF0F00
(946688570.409999) can0 18FF02EA#0000F8FF0000F8FF
(946688570.409999) can0 19B30007#00005F20AC800000
(946688570.409999) can0 19B30100#D7D7D7D7D7D7D7D7
(946688570.419999) can0 18FF01EA#0100040001000400
(946688570.419999) can0 18FF02EA#FFFF0900FFFF0900
(946688570.419999) can0 18FF1085#0000000300010000
(946688570.419999) can0 400#0100276027620000
(946688570.419999) can0 401#007E000000000000
(946688570.429999) can0 18FF01EA#0000F0FF0000F0FF
(946688570.429999) can0 18FF02EA#FFFFFBFFFFFFFBFF
(946688570.439999) can0 18FF01EA#0000EEFF0000EEFF
(946688570.439999) can0 18FF02EA#0000000000000000
(946688570.439999) can0 18FF1085#0000000300010000
(946688570.439999) can0 400#0000275F27620000
(946688570.439999) can0 401#007F000000000000
(946688570.449999) can0 18FF01EA#FFFF0D00FFFF0D00
(946688570.449999) can0 18FF02EA#00000C0000000C00
(946688570.459999) can0 18FF01EA#FFFF0200FFFF0200
(946688570.459999) can0 18FF02EA#0000F9FF0000F9FF
(946688570.459999) can0 18FF1085#0000000300010000
(946688570.459999) can0 400#0100286127630000
(946688570.459999) can0 401#007E000000000000
(946688570.469999) can0 18FF01EA#01000A0001000A00
(946688570.469999) can0 18FF02EA#0000F7FF0000F7FF
(946688570.479999) can0 18FF01EA#0000070000000700
(946688570.479999) can0 18FF02EA#0100EFFF0100EFFF
(946688570.479999) can0 18FF1085#0000000300010000
(946688570.479999) can0 400#0100286127610000
(946688570.479999) can0 401#007E000000000000
(946688570.489999) can0 18FF01EA#0100EEFF0100EEFF
(946688570.489999) can0 18FF02EA#0100EEFF0100EEFF
(946688570.499999) can0 18FF01EA#0000000000000000
(946688570.499999) can0 18FF02EA#0000080000000800
(946688570.499999) can0 18FF1085#0000000300010000
(946688570.499999) can0 400#0001276328660000
(946688570.499999) can0 401#017E000000000000
(946688570.509999) can0 18FF01EA#FFFFEDFFFFFFEDFF
(946688570.509999) can0 18FF02EA#0000F3FF0000F3FF
(946688570.509999) can0 19B30007#00005F20AC800000
(946688570.509999) can0 19B30100#D7D7D7D7D7D7D7D7
(946688570.519999) can0 18FF01EA#0000FDFF0000FDFF
(946688570.519999) can0 18FF02EA#FFFFFFFFFFFFFFFF
(946688570.519999) can0 18FF1085#0000000300010000
(946688570.519999) can0 400#0000286127620000
(946688570.519999) can0 401#007F000000000000
(946688570.529999) can0 18FF01EA#0000FAFF0000FAFF
(946688570.529999) can0 18FF02EA#00000C0000000C00
(946688570.539999) can0 18FF01EA#0000EDFF0000EDFF
(946688570.539999) can0 18FF02EA#FFFFF6FFFFFFF6FF
(946688570.539999) can0 18FF1085#0000000300010000
(946688570.539999) can0 400#0000286628610000
(946688570.539999) can0 401#007E000000000000
(946688570.549999) can0 18FF01EA#0100FEFF0100FEFF
(946688570.549999) can0 18FF02EA#0000080000000800
(946688570.559999) can0 18FF01EA#0000050000000500
(946688570.559999) can0 18FF02EA#0000F7FF0000F7FF
(946688570.559999) can0 18FF1085#0000000300010000
(946688570.559999) can0 400#0000286028640000
(946688570.559999) can0 401#007E000000000000
(946688570.569999) can0 18FF01EA#FFFFFAFFFFFFFAFF
(946688570.569999) can0 18FF02EA#0100F0FF0100F0FF
(946688570.579998) can0 18FF01EA#0100040001000400
(946688570.579998) can0 18FF02EA#FFFF0600FFFF0600
(946688570.579998) can0 18FF1085#0000000300010000
(946688570.579998) can0 400#0000276127610000
(946688570.579998) can0 401#007E000000000000
(946688570.589998) can0 18FF01EA#0000070000000700
(946688570.589998) can0 18FF02EA#FFFF0000FFFF0000
(946688570.599998) can0 18FF01EA#0000F5FF0000F5FF
(946688570.599998) can0 18FF02EA#0100F0FF0100F0FF
(946688570.599998) can0 18FF1085#0000000300010000
(946688570.599998) can0 400#0000286528630000
(946688570.599998) can0 401#007F000000000000
(946688570.609998) can0 18FF01EA#0100F4FF0100F4FF
(946688570.609998) can0 18FF02EA#FFFF0600FFFF0600
(946688570.609998) can0 19B30007#00005F20AC800000
(946688570.609998) can0 19B30100#D7D7D7D7D7D7D7D7
(946688570.619998) can0 18FF01EA#0000FBFF0000FBFF
(946688570.619998) can0 18FF02EA#0100130001001300
(946688570.619998) can0 18FF1085#0000000300010000
(946688570.619998) can0 400#0100286527630000
(946688570.619998) can0 401#007F000000000000
(946688570.629998) can0 18FF01EA#0000F8FF0000F8FF
(946688570.629998) can0 18FF02EA#0000FCFF0000FCFF
(946688570.639998) can0 18FF01EA#01000E0001000E00
(946688570.639998) can0 18FF02EA#0100FDFF0100FDFF
(946688570.639998) can0 18FF1085#0000000300010000
(946688570.639998) can0 400#0000285F27610000
(946688570.639998) can0 401#007F000000000000
(946688570.649998) can0 18FF01EA#FFFFEFFFFFFFEFFF
(946688570.649998) can0 18FF02EA#0100F0FF0100F0FF
(946688570.659998) can0 18FF01EA#FFFF1300FFFF1300
(946688570.659998) can0 18FF02EA#0000F6FF0000F6FF
(946688570.659998) can0 18FF1085#0000000300010000
(946688570.659998) can0 400#0000286828600000
(946688570.659998) can0 401#007E000000000000
(946688570.669998) can0 18FF01EA#00000D0000000D00
(946688570.669998) can0 18FF02EA#00000D0000000D00
(946688570.679998) can0 18FF01EA#FFFFF4FFFFFFF4FF
(946688570.679998) can0 18FF02EA#0100000001000000
(946688570.679998) can0 18FF1085#0000000300010000
(946688570.679998) can0 400#0000286528640000
(946688570.679998) can0 401#007E000000000000
(946688570.689998) can0 18FF01EA#0000F0FF0000F0FF
(946688570.689998) can0 18FF02EA#FFFF0900FFFF0900
(946688570.699998) can0 18FF01EA#0100F7FF0100F7FF
(946688570.699998) can0 18FF02EA#FFFF0D00FFFF0D00
(946688570.699998) can0 18FF1085#0000000300010000
(946688570.699998) can0 400#0000276528670000
(946688570.699998) can0 401#007E000000000000
(946688570.709998) can0 18FF01EA#0000EDFF0000EDFF
(946688570.709998) can0 18FF02EA#01000E0001000E00
(946688570.709998) can0 19B30007#00005F20AC800000
(946688570.709998) can0 19B30100#D7D7D7D7D7D7D7D7
(946688570.719998) can0 18FF01EA#0000F8FF0000F8FF
(946688570.719998) can0 18FF02EA#0000000000000000
(946688570.719998) can0 18FF1085#0000000300010000
(946688570.719998) can0 400#0000275F27680000
(946688570.719998) can0 401#007F000000000000
(946688570.729998) can0 18FF01EA#FFFF0200FFFF0200
(946688570.729998) can0 18FF02EA#FFFF0F00FFFF0F00
(946688570.739998) can0 18FF01EA#0000F3FF0000F3FF
(946688570.739998) can0 18FF02EA#0000080000000800
(946688570.739998) can0 18FF1085#0000000300010000
(946688570.739998) can0 400#0000276628620000
(946688570.739998) can0 401#007E000000000000
(946688570.749998) can0 18FF01EA#FFFF0000FFFF0000
(946688570.749998) can0 18FF02EA#0000060000000600
(946688570.759998) can0 18FF01EA#FFFFF3FFFFFFF3FF
(946688570.759998) can0 18FF02EA#0000050000000500
(946688570.759998) can0 18FF1085#0000000300010000
(946688570.759998) can0 400#0000276227630000
(946688570.759998) can0 401#007F000000000000
(946688570.769998) can0 18FF01EA#0100FFFF0100FFFF
(946688570.769998) can0 18FF02EA#0000040000000400
(946688570.779998) can0 18FF01EA#0000080000000800
(946688570.779998) can0 18FF02EA#0100080001000800
(946688570.779998) can0 18FF1085#0000000300010000
(946688570.779998) can0 400#0100276327600000
(946688570.779998) can0 401#007E000000000000
(946688570.789998) can0 18FF01EA#0100050001000500
(946688570.789998) can0 18FF02EA#00000E0000000E00
(946688570.799998) can0 18FF01EA#0000020000000200
(946688570.799998) can0 18FF02EA#0000F4FF0000F4FF
(946688570.799998) can0 18FF1085#0000000300010000
(946688570.799998) can0 400#0000276228680000
(946688570.799998) can0 401#007E000000000000
(946688570.809998) can0 18FF01EA#FFFF0000FFFF0000
(946688570.809998) can0 18FF02EA#00000E0000000E00
(946688570.809998) can0 19B30007#00005F20AC800000
(946688570.809998) can0 19B30100#D7D7D7D7D7D7D7D7
(946688570.819998) can0 18FF01EA#0000040000000400
(946688570.819998) can0 18FF02EA#0100EFFF0100EFFF
(946688570.819998) can0 18FF1085#0000000300010000
(946688570.819998) can0 400#0000286328630000
(946688570.819998) can0 401#017F000000000000
(946688570.829998) can0 18FF01EA#0000090000000900
(946688570.829998) can0 18FF02EA#FFFFF0FFFFFFF0FF
(946688570.839998) can0 18FF01EA#01000C0001000C00
(946688570.839998) can0 18FF02EA#0000F1FF0000F1FF
(946688570.839998) can0 18FF1085#0000000300010000
(946688570.839998) can0 400#0000286227650000
(946688570.839998) can0 401#007E000000000000
(946688570.849998) can0 18FF01EA#FFFFF7FFFFFFF7FF
(946688570.849998) can0 18FF02EA#FFFFEEFFFFFFEEFF
(946688570.859998) can0 18FF01EA#00000A0000000A00
(946688570.859998) can0 18FF02EA#0000EFFF0000EFFF
(946688570.859998) can0 18FF1085#0000000300010000
(946688570.859998) can0 400#0000276428630000
(946688570.859998) can0 401#017E000000000000
(946688570.869998) can0 18FF01EA#0100080001000800
(946688570.869998) can0 18FF02EA#0100100001001000
(946688570.879998) can0 18FF01EA#0100EFFF0100EFFF
(946688570.879998) can0 18FF02EA#0000000000000000
(946688570.879998) can0 18FF1085#0000000300010000
(946688570.879998) can0 400#0001286727620000
(946688570.879998) can0 401#007E000000000000
(946688570.889998) can0 18FF01EA#0100080001000800
(946688570.889998) can0 18FF02EA#0000F2FF0000F2FF
(946688570.899998) can0 18FF01EA#0000F3FF0000F3FF
(946688570.899998) can0 18FF02EA#FFFF1000FFFF1000
(946688570.899998) can0 18FF1085#0000000300010000
(946688570.899998) can0 400#01002867275F0000
(946688570.899998) can0 401#007F000000000000
(946688570.909998) can0 18FF01EA#0100130001001300
(946688570.909998) can0 18FF02EA#0000F3FF0000F3FF
(946688570.909998) can0 19B30007#00005F20AC800000
(946688570.909998) can0 19B30100#D7D7D7D7D7D7D7D7
(946688570.919998) can0 18FF01EA#FFFF0C00FFFF0C00
(946688570.919998) can0 18FF02EA#0100F4FF0100F4FF
(946688570.919998) can0 18FF1085#0000000300010000
(946688570.919998) can0 400#0000286627640000
(946688570.919998) can0 401#007F000000000000
(946688570.929998) can0 18FF01EA#FFFFFEFFFFFFFEFF
(946688570.929998) can0 18FF02EA#0000060000000600
(946688570.939998) can0 18FF01EA#FFFFF2FFFFFFF2FF
(946688570.939998) can0 18FF02EA#FFFFEFFFFFFFEFFF
(946688570.939998) can0 18FF1085#0000000300010000
(946688570.939998) can0 400#0000286528680000
(946688570.939998) can0 401#007F000000000000
(946688570.949998) can0 18FF01EA#0000130000001300
(946688570.949998) can0 18FF02EA#FFFFFBFFFFFFFBFF
(946688570.959998) can0 18FF01EA#FFFFF7FFFFFFF7FF
(946688570.959998) can0 18FF02EA#0000010000000100
(946688570.959998) can0 18FF1085#0000000300010000
(946688570.959998) can0 400#0000276027610000
(946688570.959998) can0 401#017F000000000000
(946688570.969998) can0 18FF01EA#00000D0000000D00
(946688570.969998) can0 18FF02EA#0100EFFF0100EFFF
(946688570.979998) can0 18FF01EA#FFFFF7FFFFFFF7FF
(946688570.979998) can0 18FF02EA#0000F5FF0000F5FF
(946688570.979998) can0 18FF1085#0000000300010000
(946688570.979998) can0 400#0000286527650000
(946688570.979998) can0 401#007E000000000000
(946688570.989998) can0 18FF01EA#FFFF0800FFFF0800
(946688570.989998) can0 18FF02EA#00000E0000000E00
(946688571.009998) can0 18FF01EA#00000C0000000C00
(946688571.009998) can0 18FF02EA#FFFF0000FFFF0000
(946688571.009998) can0 18FF1085#0000000300010000
(946688571.009998) can0 400#0000276628670000
(946688571.009998) can0 401#007E000000000000
(946688571.019998) can0 19B30007#00005F20AC800000
(946688571.019998) can0 19B30100#D7D7D7D7D7D7D7D7
(946688571.029998) can0 18FF01EA#0000040000000400
(946688571.029998) can0 18FF02EA#0000130000001300
(946688571.039998) can0 18FF1085#0000000300010000
(946688571.039998) can0 400#0000286127640000
(946688571.039998) can0 401#007E000000000000
(946688571.049998) can0 18FF01EA#FFFFFBFFFFFFFBFF
(946688571.049998) can0 18FF02EA#0000000000000000
(946688571.069998) can0 18FF01EA#FFFF0700FFFF0700
(946688571.069998) can0 18FF02EA#0000030000000300
(946688571.069998) can0 18FF1085#0000000300010000
(946688571.069998) can0 400#0100286527680000
(946688571.069998) can0 401#007E000000000000
(946688571.089998) can0 18FF01EA#FFFF0500FFFF0500
(946688571.089998) can0 18FF02EA#0000130000001300
(946688571.099998) can0 18FF1085#0000000300010000
(946688571.099998) can0 400#0001286627680000
(946688571.099998) can0 401#007E000000000000
(946688571.109998) can0 18FF01EA#0000100000001000
(946688571.109998) can0 18FF02EA#0000EFFF0000EFFF
(946688571.129998) can0 18FF01EA#FFFF1000FFFF1000
(946688571.129998) can0 18FF02EA#FFFFF6FFFFFFF6FF
(946688571.129998) can0 18FF1085#0000000300010000
(946688571.129998) can0 400#0000286027650000
(946688571.129998) can0 401#007E000000000000
(946688571.129998) can0 19B30007#00005F20AC800000
(946688571.129998) can0 19B30100#D7D7D7D7D7D7D7D7
(946688571.149998) can0 18FF01EA#0000FEFF0000FEFF
(946688571.149998) can0 18FF02EA#00000C0000000C00
(946688571.159998) can0 18FF1085#0000000300010000
(946688571.159998) can0 400#0100276527600000
(946688571.159998) can0 401#007E000000000000
(946688571.169998) can0 18FF01EA#FFFFFFFFFFFFFFFF
(946688571.169998) can0 18FF02EA#0000F4FF0000F4FF
(946688571.189998) can0 18FF01EA#0000EDFF0000EDFF
(946688571.189998) can0 18FF02EA#0000F4FF0000F4FF
(946688571.189998) can0 18FF1085#0000000300010000
(946688571.189998) can0 400#0000286128630000
(946688571.189998) can0 401#017E000000000000
(946688571.209998) can0 18FF01EA#0100FFFF0100FFFF
(946688571.209998) can0 18FF02EA#FFFF0B00FFFF0B00
(946688571.219998) can0 18FF1085#0000000300010000
(946688571.219998) can0 400#0100276628650000
(946688571.219998) can0 401#007E000000000000
(946688571.229998) can0 18FF01EA#0000EFFF0000EFFF
(946688571.229998) can0 18FF02EA#0000EFFF0000EFFF
(946688571.239998) can0 19B30007#00005F20AC800000
(946688571.239998) can0 19B30100#D7D7D7D7D7D7D7D7
(946688571.249998) can0 18FF01EA#0100010001000100
(946688571.249998) can0 18FF02EA#0100F3FF0100F3FF
(946688571.249998) can0 18FF1085#0000000300010000
(946688571.249998) can0 400#0001276127630000
(946688571.249998) can0 401#007E000000000000
(946688571.269998) can0 18FF01EA#FFFFEDFFFFFFEDFF
(946688571.269998) can0 18FF02EA#FFFFFFFFFFFFFFFF
(946688571.279998) can0 18FF1085#0000000300010000
(946688571.279998) can0 400#00002767285F0000
(946688571.279998) can0 401#007F000000000000
(946688571.289998) can0 18FF01EA#0100F9FF0100F9FF
(946688571.289998) can0 18FF02EA#00000B0000000B00
(946688571.309998) can0 18FF01EA#0000020000000200
(946688571.309998) can0 18FF02EA#FFFF0B00FFFF0B00
(946688571.309998) can0 18FF1085#0000000300010000
(946688571.309998) can0 400#0001276227670000
(946688571.309998) can0 401#007F000000000000
(946688571.329998) can0 18FF01EA#FFFF0700FFFF0700
(946688571.329998) can0 18FF02EA#FFFFF5FFFFFFF5FF
(946688571.339998) can0 18FF1085#0000000300010000
(946688571.339998) can0 400#0000275F27680000
(946688571.339998) can0 401#017E000000000000
(946688571.349998) can0 18FF01EA#0100F7FF0100F7FF
(946688571.349998) can0 18FF02EA#FFFF0200FFFF0200
(946688571.349998) can0 19B30007#00005F20AC800000
(946688571.349998) can0 19B30100#D7D7D7D7D7D7D7D7
(946688571.369998) can0 18FF01EA#0100070001000700
(946688571.369998) can0 18FF02EA#0000F1FF0000F1FF
(946688571.369998) can0 18FF1085#0000000300010000
(946688571.369998) can0 400#0000276827660000
(946688571.369998) can0 401#007F000000000000
(946688571.389998) can0 18FF01EA#FFFFFDFFFFFFFDFF
(946688571.389998) can0 18FF02EA#0000F2FF0000F2FF
(946688571.399998) can0 18FF1085#0000000300010000
(946688571.399998) can0 400#0000276527630000
(946688571.399998) can0 401#017E000000000000
(946688571.409998) can0 18FF01EA#0000F2FF0000F2FF
(946688571.409998) can0 18FF02EA#FFFF0800FFFF0800
(946688571.429998) can0 18FF01EA#00000B0000000B00
(946688571.429998) can0 18FF02EA#00000A0000000A00
(946688571.429998) can0 18FF1085#0000000300010000
(946688571.429998) can0 400#0001276227630000
(946688571.429998) can0 401#017E000000000000
(946688571.449998) can0 18FF01EA#FFFF0600FFFF0600
(946688571.449998) can0 18FF02EA#0000FDFF0000FDFF
(946688571.459998) can0 18FF1085#0000000300010000
(946688571.459998) can0 400#0000276827610000
(946688571.459998) can0 401#007E000000000000
(946688571.459998) can0 19B30007#00005F20AC800000
(946688571.459998) can0 19B30100#D7D7D7D7D7D7D7D7
(946688571.469998) can0 18FF01EA#FFFF0000FFFF0000
(946688571.469998) can0 18FF02EA#FFFFF9FFFFFFF9FF
(946688571.489998) can0 18FF01EA#00000D0000000D00
(946688571.489998) can0 18FF02EA#0000040000000400
(946688571.489998) can0 18FF1085#0000000300010000
(946688571.489998) can0 400#0000286528630000
(946688571.489998) can0 401#007F000000000000
(946688571.509998) can0 18FF01EA#00000E0000000E00
(946688571.509998) can0 18FF02EA#00000F0000000F00
(946688571.519998) can0 18FF1085#0000000300010000
(946688571.519998) can0 400#0000286428670000
(946688571.519998) can0 401#017F000000000000
(946688571.529998) can0 18FF01EA#FFFF0F00FFFF0F00
(946688571.529998) can0 18FF02EA#0100080001000800
(946688571.549998) can0 18FF01EA#FFFFFAFFFFFFFAFF
(946688571.549998) can0 18FF02EA#0100FEFF0100FEFF
(946688571.549998) can0 18FF1085#0000000300010000
(946688571.549998) can0 400#0000286028620000
(946688571.549998) can0 401#007F000000000000
(946688571.569998) can0 18FF01EA#0000040000000400
(946688571.569998) can0 18FF02EA#0100EDFF0100EDFF
(946688571.569998) can0 19B30007#00005F20AC800000
(946688571.569998) can0 19B30100#D7D7D7D7D7D7D7D7
(946688571.579998) can0 18FF1085#0000000300010000
(946688571.579998) can0 400#00002866285F0000
(946688571.579998) can0 401#007F000000000000
(946688571.589998) can0 18FF01EA#01000D0001000D00
(946688571.589998) can0 18FF02EA#0000F2FF0000F2FF
(946688571.609998) can0 18FF01EA#FFFFF3FFFFFFF3FF
(946688571.609998) can0 18FF02EA#01000E0001000E00
(946688571.609998) can0 18FF1085#0000000300010000
(946688571.609998) can0 400#0000276427620000
(946688571.609998) can0 401#007E000000000000
(946688571.629997) can0 18FF01EA#0000000000000000
(946688571.629997) can0 18FF02EA#FFFFF4FFFFFFF4FF
(946688571.639997) can0 18FF1085#0000000300010000
(946688571.639997) can0 400#0100286728610000
(946688571.639997) can0 401#007E000000000000
(946688571.649997) can0 18FF01EA#0000FFFF0000FFFF
(946688571.649997) can0 18FF02EA#0100F2FF0100F2FF
(946688571.669997) can0 18FF01EA#FFFFEFFFFFFFEFFF
(946688571.669997) can0 18FF02EA#FFFFFFFFFFFFFFFF
(946688571.669997) can0 18FF1085#0000000300010000
(946688571.669997) can0 400#0001286828620000
(946688571.669997) can0 401#007F000000000000
(946688571.679997) can0 19B30007#00005F20AC800000
(946688571.679997) can0 19B30100#D7D7D7D7D7D7D7D7
(946688571.689997) can0 18FF01EA#FFFFEFFFFFFFEFFF
(946688571.689997) can0 18FF02EA#01000D0001000D00
(946688571.699997) can0 18FF1085#0000000300010000
(946688571.699997) can0 400#00002861275F0000
(946688571.699997) can0 401#017E000000000000
(946688571.709997) can0 18FF01EA#FFFF0200FFFF0200
(946688571.709997) can0 18FF02EA#0100110001001100
(946688571.729997) can0 18FF01EA#0000080000000800
(946688571.729997) can0 18FF02EA#FFFFF0FFFFFFF0FF
(946688571.729997) can0 18FF1085#0000000300010000
(946688571.729997) can0 400#0000276528680000
(946688571.729997) can0 401#007E000000000000
(946688571.749997) can0 18FF01EA#FFFFEDFFFFFFEDFF
(946688571.749997) can0 18FF02EA#00000B0000000B00
(946688571.759997) can0 18FF1085#0000000300010000
(946688571.759997) can0 400#0001276527650000
(946688571.759997) can0 401#007E000000000000
(946688571.769997) can0 18FF01EA#0100F4FF0100F4FF
(946688571.769997) can0 18FF02EA#0000F7FF0000F7FF
(946688571.789997) can0 18FF01EA#0000F1FF0000F1FF
(946688571.789997) can0 18FF02EA#FFFF1300FFFF1300
(946688571.789997) can0 18FF1085#0000000300010000
(946688571.789997) can0 400#0100276027620000
(946688571.789997) can0 401#007F000000000000
(946688571.789997) can0 19B30007#00005F20AC800000
(946688571.789997) can0 19B30100#D7D7D7D7D7D7D7D7
(946688571.809997) can0 18FF01EA#0100040001000400
(946688571.809997) can0 18FF02EA#0000110000001100
(946688571.819997) can0 18FF1085#0000000300010000
(946688571.819997) can0 400#0101286627640000
(946688571.819997) can0 401#017F000000000000
(946688571.829997) can0 18FF01EA#0000040000000400
(946688571.829997) can0 18FF02EA#FFFFF1FFFFFFF1FF
(946688571.849997) can0 18FF01EA#0000010000000100
(946688571.849997) can0 18FF02EA#0000090000000900
(946688571.849997) can0 18FF1085#0000000300010000
(946688571.849997) can0 400#0001286227630000
(946688571.849997) can0 401#007E000000000000
(946688571.869997) can0 18FF01EA#00000C0000000C00
(946688571.869997) can0 18FF02EA#0100100001001000
(946688571.879997) can0 18FF1085#0000000300010000
(946688571.879997) can0 400#0000286628610000
(946688571.879997) can0 401#017F000000000000
(946688571.889997) can0 18FF01EA#0100EFFF0100EFFF
(946688571.889997) can0 18FF02EA#0100FDFF0100FDFF
(946688571.899997) can0 19B30007#00005F20AC800000
(946688571.899997) can0 19B30100#D7D7D7D7D7D7D7D7
(946688571.909997) can0 18FF01EA#0000000000000000
(946688571.909997) can0 18FF02EA#0000100000001000
(946688571.909997) can0 18FF1085#0000000300010000
(946688571.909997) can0 400#0000286827660000
(946688571.909997) can0 401#007E000000000000
(946688571.929997) can0 18FF01EA#FFFF0800FFFF0800
(946688571.929997) can0 18FF02EA#FFFFF0FFFFFFF0FF
(946688571.939997) can0 18FF1085#0000000300010000
(946688571.939997) can0 400#0101285F28650000
(946688571.939997) can0 401#007E000000000000
(946688571.949997) can0 18FF01EA#FFFFF1FFFFFFF1FF
(946688571.949997) can0 18FF02EA#00000E0000000E00
(946688571.969997) can0 18FF01EA#FFFFF3FFFFFFF3FF
(946688571.969997) can0 18FF02EA#0000000000000000
(946688571.969997) can0 18FF1085#0000000300010000
(946688571.969997) can0 400#0100286728630000
(946688571.969997) can0 401#007F000000000000
(946688571.989997) can0 18FF01EA#FFFFF8FFFFFFF8FF
(946688571.989997) can0 18FF02EA#0000080000000800
(946688571.999997) can0 18FF1085#0000000300010000
(946688571.999997) can0 400#0001275F27660000
(946688571.999997) can0 401#007E000000000000
(946688572.009997) can0 18FF01EA#0000FEFF0000FEFF
(946688572.009997) can0 18FF02EA#0100070001000700
(946688572.009997) can0 19B30007#00005F20AC800000
(946688572.009997) can0 19B30100#D7D7D7D7D7D7D7D7
(946688572.029997) can0 18FF01EA#0A000A000A000A00
(946688572.029997) can0 18FF02EA#0C0006000C000600
(946688572.029997) can0 18FF1085#0000000309010009
(946688572.029997) can0 400#00002768285F0000
(946688572.029997) can0 401#007E000000000000
(946688572.049997) can0 18FF01EA#1400010014000100
(946688572.049997) can0 18FF02EA#1500000015000000
(946688572.059997) can0 18FF1085#0000000316010016
(946688572.059997) can0 400#0001286428620000
(946688572.059997) can0 401#007E000000000000
(946688572.069997) can0 18FF01EA#1F0009001F000900
(946688572.069997) can0 18FF02EA#2100FCFF2100FCFF
(946688572.089997) can0 18FF01EA#27001B0027001B00
(946688572.089997) can0 18FF02EA#2800150028001500
(946688572.089997) can0 18FF1085#0000000321010021
(946688572.089997) can0 400#0101276127620000
(946688572.089997) can0 401#007F000000000000
(946688572.109997) can0 18FF01EA#3000280030002800
(946688572.109997) can0 18FF02EA#3100120031001200
(946688572.119997) can0 18FF1085#000000032B01002B
(946688572.119997) can0 400#0303276628680000
(946688572.119997) can0 401#007E000000000000
(946688572.119997) can0 19B30007#00005E20AC810000
(946688572.119997) can0 19B30100#D7D7D7D7D7D7D7D7
(946688572.129997) can0 18FF01EA#3800310038003100
(946688572.129997) can0 18FF02EA#37003C0037003C00
(946688572.149997) can0 18FF01EA#3D0055003D005500
(946688572.149997) can0 18FF02EA#3C0051003C005100
(946688572.149997) can0 18FF1085#0000000333010033
(946688572.149997) can0 400#0102286127670000
(946688572.149997) can0 401#017F000000000000
(946688572.169997) can0 18FF01EA#4500640045006400
(946688572.169997) can0 18FF02EA#41005A0041005A00
(946688572.179997) can0 18FF1085#000000033A01003A
(946688572.179997) can0 400#0204286128690000
(946688572.179997) can0 401#007E000000000000
(946688572.189997) can0 18FF01EA#4900620049006200
(946688572.189997) can0 18FF02EA#4A0073004A007300
(946688572.209997) can0 18FF01EA#4E0067004E006700
(946688572.209997) can0 18FF02EA#4E008C004E008C00
(946688572.209997) can0 18FF1085#0000000340010040
(946688572.209997) can0 400#0402286927640000
(946688572.209997) can0 401#017F000000000000
(946688572.229997) can0 18FF01EA#4F008D004F008D00
(946688572.229997) can0 18FF02EA#4F008F004F008F00
(946688572.229997) can0 19B30007#00005E20AC850000
(946688572.229997) can0 19B30100#D7D7D7D7D7D7D7D7
(946688572.239997) can0 18FF1085#0000000345010045
(946688572.239997) can0 400#07052867276A0000
(946688572.239997) can0 401#017F000000000000
(946688572.249997) can0 18FF01EA#5500A2005500A200
(946688572.249997) can0 18FF02EA#5500A0005500A000
(946688572.269997) can0 18FF01EA#5900AE005900AE00
(946688572.269997) can0 18FF02EA#5700B1005700B100
(946688572.269997) can0 18FF1085#0000000349010049
(946688572.269997) can0 400#0606276928660000
(946688572.269997) can0 401#017F000000000000
(946688572.289997) can0 18FF01EA#5D00C8005D00C800
(946688572.289997) can0 18FF02EA#5A00D9005A00D900
(946688572.299997) can0 18FF1085#000000034D01004D
(946688572.299997) can0 400#0707276A286B0000
(946688572.299997) can0 401#017F000000000000
(946688572.309997) can0 18FF01EA#5C00F1005C00F100
(946688572.309997) can0 18FF02EA#5C00F6005C00F600
(946688572.329997) can0 18FF01EA#6200190162001901
(946688572.329997) can0 18FF02EA#6100F6006100F600
(946688572.329997) can0 18FF1085#0000000350010050
(946688572.329997) can0 400#0A09286927690000
(946688572.329997) can0 401#007E000000000000
(946688572.339997) can0 19B30007#00005E20AC8B0000
(946688572.339997) can0 19B30100#D7D7D7D7D7D7D7D7
(946688572.349997) can0 18FF01EA#64000E0164000E01
(946688572.349997) can0 18FF02EA#61002D0161002D01
(946688572.359997) can0 18FF1085#0000000353010053
(946688572.359997) can0 400#0A092865276B0000
(946688572.359997) can0 401#007F000000000000
(946688572.369997) can0 18FF01EA#63004E0163004E01
(946688572.369997) can0 18FF02EA#65003C0165003C01
(946688572.389997) can0 18FF01EA#68005C0168005C01
(946688572.389997) can0 18FF02EA#6800530168005301
(946688572.389997) can0 18FF1085#0000000355010055
(946688572.389997) can0 400#0A0D276427640000
(946688572.389997) can0 401#017F000000000000
(946688572.409997) can0 18FF01EA#68006E0168006E01
(946688572.409997) can0 18FF02EA#6700610167006101
(946688572.419997) can0 18FF1085#0000000357010057
(946688572.419997) can0 400#0D0B286327660000
(946688572.419997) can0 401#017E000000000000
(946688572.429997) can0 18FF01EA#6900880169008801
(946688572.429997) can0 18FF02EA#6B008C016B008C01
(946688572.449997) can0 18FF01EA#6C009B016C009B01
(946688572.449997) can0 18FF02EA#6C00B4016C00B401
(946688572.449997) can0 18FF1085#0000000359010059
(946688572.449997) can0 400#1010276427660000
(946688572.449997) can0 401#007E000000000000
(946688572.449997) can0 19B30007#00005E20AB940000
(946688572.449997) can0 19B30100#D6D6D6D6D6D6D6D6
(946688572.469997) can0 18FF01EA#6E00D2016E00D201
(946688572.469997) can0 18FF02EA#6C00BC016C00BC01
(946688572.479997) can0 18FF1085#000000035B01005B
(946688572.479997) can0 400#0E0E276A27690000
(946688572.479997) can0 401#007E000000000000
(946688572.489997) can0 18FF01EA#6F00DE016F00DE01
(946688572.489997) can0 18FF02EA#6F00EA016F00EA01
(946688572.509997) can0 18FF01EA#6F0007026F000702
(946688572.509997) can0 18FF02EA#6E00FB016E00FB01
(946688572.509997) can0 18FF1085#000000035C01005C
(946688572.509997) can0 400#1210276928660000
(946688572.509997) can0 401#007E000000000000
(946688572.529997) can0 18FF01EA#7000270270002702
(946688572.529997) can0 18FF02EA#6D0009026D000902
(946688572.539997) can0 18FF1085#000000035D01005D
(946688572.539997) can0 400#1215276827690000
(946688572.539997) can0 401#007E000000000000
(946688572.549997) can0 18FF01EA#6E0038026E003802
(946688572.549997) can0 18FF02EA#6E0029026E002902
(946688572.559997) can0 19B30007#00005E20AB9C0000
(946688572.559997) can0 19B30100#D6D6D6D6D6D6D6D6
(946688572.569997) can0 18FF01EA#7000500270005002
(946688572.569997) can0 18FF02EA#7100600271006002
(946688572.569997) can0 18FF1085#000000035E01005E
(946688572.569997) can0 400#1716286B27660000
(946688572.569997) can0 401#007F000000000000
(946688572.589997) can0 18FF01EA#7100710271007102
(946688572.589997) can0 18FF02EA#71007D0271007D02
(946688572.599997) can0 18FF1085#000000035F01005F
(946688572.599997) can0 400#1816276D28650000
(946688572.599997) can0 401#017E000000000000
(946688572.609997) can0 18FF01EA#7000950270009502
(946688572.609997) can0 18FF02EA#70007E0270007E02
(946688572.629997) can0 18FF01EA#7400970274009702
(946688572.629997) can0 18FF02EA#7400AB027400AB02
(946688572.629997) can0 18FF1085#000000035F01005F
(946688572.629997) can0 400#1717286E28670000
(946688572.629997) can0 401#017E000000000000
(946688572.649997) can0 18FF01EA#7200BD027200BD02
(946688572.649997) can0 18FF02EA#7200CF027200CF02
(946688572.659997) can0 18FF1085#0000000360010060
(946688572.659997) can0 400#1818286728670000
(946688572.659997) can0 401#007E000000000000
(946688572.669997) can0 18FF01EA#7200D7027200D702
(946688572.669997) can0 18FF02EA#7400D9027400D902
(946688572.669997) can0 19B30007#00005E20ABA50000
(946688572.669997) can0 19B30100#D6D6D6D6D6D6D6D6
(946688572.689996) can0 18FF01EA#7300F2027300F202
(946688572.689996) can0 18FF02EA#7300F1027300F102
(946688572.689996) can0 18FF1085#0000000360010060
(946688572.689996) can0 400#1C19276D286C0000
(946688572.689996) can0 401#007E000000000000
(946688572.709996) can0 18FF01EA#7500250375002503
(946688572.709996) can0 18FF02EA#7200160372001603
(946688572.719996) can0 18FF1085#0000000361010061
(946688572.719996) can0 400#1C1D276F276C0000
(946688572.719996) can0 401#017E000000000000
(946688572.729996) can0 18FF01EA#7600310376003103
(946688572.729996) can0 18FF02EA#75002B0375002B03
(946688572.749996) can0 18FF01EA#77005F0377005F03
(946688572.749996) can0 18FF02EA#74004F0374004F03
(946688572.749996) can0 18FF1085#0000000361010061
(946688572.749996) can0 400#1D1F286927680000
(946688572.749996) can0 401#007E000000000000
(946688572.769996) can0 18FF01EA#75006D0375006D03
(946688572.769996) can0 18FF02EA#7500640375006403
(946688572.779996) can0 18FF1085#0000000362010062
(946688572.779996) can0 400#1E20276F276C0000
(946688572.779996) can0 401#007F000000000000
(946688572.779996) can0 19B30007#00005E20ABAE0000
(946688572.779996) can0 19B30100#D6D6D6D6D6D6D6D6
(946688572.789996) can0 18FF01EA#7400810374008103
(946688572.789996) can0 18FF02EA#7300830373008303
(946688572.809996) can0 18FF01EA#7500A0037500A003
(946688572.809996) can0 18FF02EA#7600940376009403
(946688572.809996) can0 18FF1085#0000000362010062
(946688572.809996) can0 400#22232967286B0000
(946688572.809996) can0 401#007F000000000000
(946688572.829996) can0 18FF01EA#7400C8037400C803
(946688572.829996) can0 18FF02EA#7600C4037600C403
(946688572.839996) can0 18FF1085#0000000362010062
(946688572.839996) can0 400#22222769276A0000
(946688572.839996) can0 401#007E000000000000
(946688572.849996) can0 18FF01EA#7400EF037400EF03
(946688572.849996) can0 18FF02EA#7800EF037800EF03
(946688572.869996) can0 18FF01EA#7700E6037700E603
(946688572.869996) can0 18FF02EA#76000C0476000C04
(946688572.869996) can0 18FF1085#0000000362010062
(946688572.869996) can0 400#25252870286A0000
(946688572.869996) can0 401#007F000000000000
(946688572.889996) can0 18FF01EA#7500200475002004
(946688572.889996) can0 18FF02EA#76001F0476001F04
(946688572.889996) can0 19B30007#00005E20ABB60000
(946688572.889996) can0 19B30100#D5D5D5D5D5D5D5D5
(946688572.899996) can0 18FF1085#0000000362010062
(946688572.899996) can0 400#2626276D286E0000
(946688572.899996) can0 401#007E000000000000
(946688572.909996) can0 18FF01EA#76001D0476001D04
(946688572.909996) can0 18FF02EA#7700270477002704
(946688572.929996) can0 18FF01EA#75004E0475004E04
(946688572.929996) can0 18FF02EA#77005C0477005C04
(946688572.929996) can0 18FF1085#0000000363010063
(946688572.929996) can0 400#27292770276C0000
(946688572.929996) can0 401#007F000000000000
(946688572.949996) can0 18FF01EA#7700780477007804
(946688572.949996) can0 18FF02EA#7700780477007804
(946688572.959996) can0 18FF1085#0000000363010063
(946688572.959996) can0 400#282B286B276C0000
(946688572.959996) can0 401#007E000000000000
(946688572.969996) can0 18FF01EA#7600740476007404
(946688572.969996) can0 18FF02EA#75007A0475007A04
(946688572.989996) can0 18FF01EA#78009F0478009F04
(946688572.989996) can0 18FF02EA#7600960476009604
(946688572.989996) can0 18FF1085#0000000363010063
(946688572.989996) can0 400#2B28286C276A0000
(946688572.989996) can0 401#007E000000000000
(946688572.999996) can0 19B30007#00005E20AABF0000
(946688572.999996) can0 19B30100#D5D5D5D5D5D5D5D5
(946688573.009996) can0 18FF01EA#7800C0047800C004
(946688573.009996) can0 18FF02EA#7600B1047600B104
(946688573.009996) can0 18FF1085#0000000363010063
(946688573.009996) can0 400#2B2C276D27720000
(946688573.009996) can0 401#007E000000000000
(946688573.029996) can0 18FF01EA#7800C9047800C904
(946688573.029996) can0 18FF02EA#7700BC047700BC04
(946688573.039996) can0 18FF1085#0000000363010063
(946688573.039996) can0 400#2F2C286B28710000
(946688573.039996) can0 401#007F000000000000
(946688573.049996) can0 18FF01EA#7800DC047800DC04
(946688573.049996) can0 18FF02EA#7600FD047600FD04
(946688573.069996) can0 18FF01EA#7900FD047900FD04
(946688573.069996) can0 18FF02EA#7600020576000205
(946688573.069996) can0 18FF1085#0000000363010063
(946688573.069996) can0 400#2D2E2770286F0000
(946688573.069996) can0 401#007F000000000000
(946688573.089996) can0 18FF01EA#76000C0576000C05
(946688573.089996) can0 18FF02EA#75001D0575001D05
(946688573.099996) can0 18FF1085#0000000363010063
(946688573.099996) can0 400#312F2773286E0000
(946688573.099996) can0 401#007E000000000000
(946688573.109996) can0 18FF01EA#78002C0578002C05
(946688573.109996) can0 18FF02EA#7800360578003605
(946688573.109996) can0 19B30007#00005E20AAC60000
(946688573.109996) can0 19B30100#D5D5D5D5D5D5D5D5
(946688573.129996) can0 18FF01EA#7700630577006305
(946688573.129996) can0 18FF02EA#78005A0578005A05
(946688573.129996) can0 18FF1085#0000000363010063
(946688573.129996) can0 400#31302874276B0000
(946688573.129996) can0 401#007E000000000000
(946688573.149996) can0 18FF01EA#7500770575007705
(946688573.149996) can0 18FF02EA#7900790579007905
(946688573.159996) can0 18FF1085#0000000363010063
(946688573.159996) can0 400#3334277028720000
(946688573.159996) can0 401#007F000000000000
(946688573.169996) can0 18FF01EA#76007F0576007F05
(946688573.169996) can0 18FF02EA#7800790578007905
(946688573.189996) can0 18FF01EA#7900990579009905
(946688573.189996) can0 18FF02EA#7700A7057700A705
(946688573.189996) can0 18FF1085#0000000363010063
(946688573.189996) can0 400#3233286E276E0000
(946688573.189996) can0 401#007F000000000000
(946688573.209996) can0 18FF01EA#7800AD057800AD05
(946688573.209996) can0 18FF02EA#7900A5057900A505
(946688573.219996) can0 18FF1085#0000000363010063
(946688573.219996) can0 400#3434287528750000
(946688573.219996) can0 401#017E000000000000
(946688573.219996) can0 19B30007#00005E20AACE0000
(946688573.219996) can0 19B30100#D5D5D5D5D5D5D5D5
(946688573.229996) can0 18FF01EA#7700DD057700DD05
(946688573.229996) can0 18FF02EA#7700DB057700DB05
(946688573.249996) can0 18FF01EA#7600DD057600DD05
(946688573.249996) can0 18FF02EA#7800D9057800D905
(946688573.249996) can0 18FF1085#0000000363010063
(946688573.249996) can0 400#3836286D27710000
(946688573.249996) can0 401#007F000000000000
(946688573.269996) can0 18FF01EA#7600FF057600FF05
(946688573.269996) can0 18FF02EA#7500020675000206
(946688573.279996) can0 18FF1085#0000000363010063
(946688573.279996) can0 400#3639287327710000
(946688573.279996) can0 401#007E000000000000
(946688573.289996) can0 18FF01EA#7600090676000906
(946688573.289996) can0 18FF02EA#76000E0676000E06
(946688573.309996) can0 18FF01EA#7600250676002506
(946688573.309996) can0 18FF02EA#7600190676001906
(946688573.309996) can0 18FF1085#0000000363010063
(946688573.309996) can0 400#3B39277227720000
(946688573.309996) can0 401#007E000000000000
(946688573.329996) can0 18FF01EA#7900470679004706
(946688573.329996) can0 18FF02EA#7800370678003706
(946688573.329996) can0 19B30007#00005E20AAD50000
(946688573.329996) can0 19B30100#D4D4D4D4D4D4D4D4
(946688573.339996) can0 18FF1085#0000000363010063
(946688573.339996) can0 400#3A38287728710000
(946688573.339996) can0 401#007E000000000000
(946688573.349996) can0 18FF01EA#77005A0677005A06
(946688573.349996) can0 18FF02EA#7800470678004706
(946688573.369996) can0 18FF01EA#79005D0679005D06
(946688573.369996) can0 18FF02EA#78006E0678006E06
(946688573.369996) can0 18FF1085#0000000363010063
(946688573.369996) can0 400#3B3A277628730000
(946688573.369996) can0 401#007F000000000000
(946688573.389996) can0 18FF01EA#7700770677007706
(946688573.389996) can0 18FF02EA#7600840676008406
(946688573.399996) can0 18FF1085#0000000363010063
(946688573.399996) can0 400#3C3B287228720000
(946688573.399996) can0 401#007F000000000000
(946688573.409996) can0 18FF01EA#7600950676009506
(946688573.409996) can0 18FF02EA#7700AA067700AA06
(946688573.429996) can0 18FF01EA#7600B1067600B106
(946688573.429996) can0 18FF02EA#7900A3067900A306
(946688573.429996) can0 18FF1085#0000000363010063
(946688573.429996) can0 400#3F3E276F286F0000
(946688573.429996) can0 401#007F000000000000
(946688573.439996) can0 19B30007#00005E20AADC0000
(946688573.439996) can0 19B30100#D4D4D4D4D4D4D4D4
(946688573.449996) can0 18FF01EA#7600CE067600CE06
(946688573.449996) can0 18FF02EA#7900CA067900CA06
(946688573.459996) can0 18FF1085#0000000363010063
(946688573.459996) can0 400#3E3F287827730000
(946688573.459996) can0 401#017E000000000000
(946688573.469996) can0 18FF01EA#7800F2067800F206
(946688573.469996) can0 18FF02EA#7800EE067800EE06
(946688573.489996) can0 18FF01EA#7700070777000707
(946688573.489996) can0 18FF02EA#7800E5067800E506
(946688573.489996) can0 18FF1085#0000000363010063
(946688573.489996) can0 400#3F42287729770000
(946688573.489996) can0 401#017E000000000000
(946688573.509996) can0 18FF01EA#7800180778001807
(946688573.509996) can0 18FF02EA#7600F7067600F706
(946688573.519996) can0 18FF1085#0000000363010063
(946688573.519996) can0 400#4241277828760000
(946688573.519996) can0 401#007F000000000000
(946688573.529996) can0 18FF01EA#7800210778002107
(946688573.529996) can0 18FF02EA#7600100776001007
(946688573.549996) can0 18FF01EA#77002E0777002E07
(946688573.549996) can0 18FF02EA#7800210778002107
(946688573.549996) can0 18FF1085#0000000363010063
(946688573.549996) can0 400#4342297827760000
(946688573.549996) can0 401#007E000000000000
(946688573.549996) can0 19B30007#00005E20AAE20000
(946688573.549996) can0 19B30100#D4D4D4D4D4D4D4D4
(946688573.569996) can0 18FF01EA#7700550777005507
(946688573.569996) can0 18FF02EA#7600550776005507
(946688573.579996) can0 18FF1085#0000000363010063
(946688573.579996) can0 400#4245287829700000
(946688573.579996) can0 401#007F000000000000
(946688573.589996) can0 18FF01EA#7600630776006307
(946688573.589996) can0 18FF02EA#7900530779005307
(946688573.609996) can0 18FF01EA#7700750777007507
(946688573.609996) can0 18FF02EA#76006E0776006E07
(946688573.609996) can0 18FF1085#0000000363010063
(946688573.609996) can0 400#4646287329790000
(946688573.609996) can0 401#007F000000000000
(946688573.629996) can0 18FF01EA#7800790778007907
(946688573.629996) can0 18FF02EA#7900910779009107
(946688573.639996) can0 18FF1085#0000000363010063
(946688573.639996) can0 400#4745277828790000
(946688573.639996) can0 401#007F000000000000
(946688573.649996) can0 18FF01EA#77009F0777009F07
(946688573.649996) can0 18FF02EA#7700A9077700A907
(946688573.659996) can0 19B30007#00005E20A9E80000
(946688573.659996) can0 19B30100#D4D4D4D4D4D4D4D4
(946688573.669996) can0 18FF01EA#7600AA077600AA07
(946688573.669996) can0 18FF02EA#7600B3077600B307
(946688573.669996) can0 18FF1085#0000000363010063
(946688573.669996) can0 400#4549277128720000
(946688573.669996) can0 401#007E000000000000
(946688573.689996) can0 18FF01EA#7700B3077700B307
(946688573.689996) can0 18FF02EA#7900BD077900BD07
(946688573.699996) can0 18FF1085#0000000363010063
(946688573.699996) can0 400#4748277427710000
(946688573.699996) can0 401#017F000000000000
(946688573.709996) can0 18FF01EA#7900C8077900C807
(946688573.709996) can0 18FF02EA#7900D7077900D707
(946688573.729995) can0 18FF01EA#7700E1077700E107
(946688573.729995) can0 18FF02EA#7900F8077900F807
(946688573.729995) can0 18FF1085#0000000363010063
(946688573.729995) can0 400#4A49287228720000
(946688573.729995) can0 401#007E000000000000
(946688573.749995) can0 18FF01EA#7700F0077700F007
(946688573.749995) can0 18FF02EA#7700EC077700EC07
(946688573.759995) can0 18FF1085#0000000363010063
(946688573.759995) can0 400#4A4C287228760000
(946688573.759995) can0 401#007E000000000000
(946688573.769995) can0 18FF01EA#7700190877001908
(946688573.769995) can0 18FF02EA#79000E0879000E08
(946688573.769995) can0 19B30007#00005E20A9EE0000
(946688573.769995) can0 19B30100#D4D4D4D4D4D4D4D4
(946688573.789995) can0 18FF01EA#79001B0879001B08
(946688573.789995) can0 18FF02EA#7900170879001708
(946688573.789995) can0 18FF1085#0000000363010063
(946688573.789995) can0 400#494C287327720000
(946688573.789995) can0 401#007E000000000000
(946688573.809995) can0 18FF01EA#7900330879003308
(946688573.809995) can0 18FF02EA#7900320879003208
(946688573.819995) can0 18FF1085#0000000363010063
(946688573.819995) can0 400#4E4D277628720000
(946688573.819995) can0 401#017E000000000000
(946688573.829995) can0 18FF01EA#79002F0879002F08
(946688573.829995) can0 18FF02EA#7600310876003108
(946688573.849995) can0 18FF01EA#7800450878004508
(946688573.849995) can0 18FF02EA#7900400879004008
(946688573.849995) can0 18FF1085#0000000363010063
(946688573.849995) can0 400#4D4E287928780000
(946688573.849995) can0 401#007F000000000000
(946688573.869995) can0 18FF01EA#78005E0878005E08
(946688573.869995) can0 18FF02EA#7700560877005608
(946688573.879995) can0 18FF1085#0000000363010063
(946688573.879995) can0 400#4E4F287228750000
(946688573.879995) can0 401#007F000000000000
(946688573.879995) can0 19B30007#00005E20A9F30000
(946688573.879995) can0 19B30100#D4D4D4D4D4D4D4D4
(946688573.889995) can0 18FF01EA#78006F0878006F08
(946688573.889995) can0 18FF02EA#7800700878007008
(946688573.909995) can0 18FF01EA#77008B0877008B08
(946688573.909995) can0 18FF02EA#7900850879008508
(946688573.909995) can0 18FF1085#0000000363010063
(946688573.909995) can0 400#4E4F287628760000
(946688573.909995) can0 401#017F000000000000
(946688573.929995) can0 18FF01EA#7700A5087700A508
(946688573.929995) can0 18FF02EA#78009A0878009A08
(946688573.939995) can0 18FF1085#0000000363010063
(946688573.939995) can0 400#5151287327740000
(946688573.939995) can0 401#007F000000000000
(946688573.949995) can0 18FF01EA#7800930878009308
(946688573.949995) can0 18FF02EA#7600930876009308
(946688573.969995) can0 18FF01EA#7800BB087800BB08
(946688573.969995) can0 18FF02EA#7800C3087800C308
(946688573.969995) can0 18FF1085#0000000363010063
(946688573.969995) can0 400#50512776277B0000
(946688573.969995) can0 401#007F000000000000
(946688573.989995) can0 18FF01EA#7700B7087700B708
(946688573.989995) can0 18FF02EA#7700D2087700D208
(946688573.989995) can0 19B30007#00005E20A9F80000
(946688573.989995) can0 19B30100#D3D3D3D3D3D3D3D3
(946688573.999995) can0 18FF1085#0000000363010063
(946688573.999995) can0 400#5050277527760000
(946688573.999995) can0 401#007E000000000000
(946688574.009995) can0 18FF01EA#7800D9087800D908
(946688574.009995) can0 18FF02EA#7900C7087900C708
(946688574.029995) can0 18FF01EA#7900EF087900EF08
(946688574.029995) can0 18FF02EA#7800DB087800DB08
(946688574.029995) can0 18FF1085#0000000363010063
(946688574.029995) can0 400#5452277D28770000
(946688574.029995) can0 401#017E000000000000
(946688574.049995) can0 18FF01EA#7700E5087700E508
(946688574.049995) can0 18FF02EA#7600F5087600F508
(946688574.059995) can0 18FF1085#0000000363010063
(946688574.059995) can0 400#5555277D287D0000
(946688574.059995) can0 401#007F000000000000
(946688574.069995) can0 18FF01EA#7900FE087900FE08
(946688574.069995) can0 18FF02EA#7600070976000709
(946688574.089995) can0 18FF01EA#7600260976002609
(946688574.089995) can0 18FF02EA#7700280977002809
(946688574.089995) can0 18FF1085#0000000363010063
(946688574.089995) can0 400#5555287B28750000
(946688574.089995) can0 401#007F000000000000
(946688574.099995) can0 19B30007#00005E20A9FD0000
(946688574.099995) can0 19B30100#D3D3D3D3D3D3D3D3
(946688574.109995) can0 18FF01EA#79002C0979002C09
(946688574.109995) can0 18FF02EA#76002D0976002D09
(946688574.119995) can0 18FF1085#0000000363010063
(946688574.119995) can0 400#5453277628770000
(946688574.119995) can0 401#017E000000000000
(946688574.129995) can0 18FF01EA#7800350978003509
(946688574.129995) can0 18FF02EA#7800350978003509
(946688574.149995) can0 18FF01EA#7700450977004509
(946688574.149995) can0 18FF02EA#7600510976005109
(946688574.149995) can0 18FF1085#0000000363010063
(946688574.149995) can0 400#55572777277A0000
(946688574.149995) can0 401#007E000000000000
(946688574.169995) can0 18FF01EA#7900480979004809
(946688574.169995) can0 18FF02EA#7700460977004609
(946688574.179995) can0 18FF1085#0000000363010063
(946688574.179995) can0 400#5655287C28760000
(946688574.179995) can0 401#007E000000000000
(946688574.189995) can0 18FF01EA#7700590977005909
(946688574.189995) can0 18FF02EA#78006D0978006D09
(946688574.209995) can0 18FF01EA#76006B0976006B09
(946688574.209995) can0 18FF02EA#77007B0977007B09
(946688574.209995) can0 18FF1085#0000000363010063
(946688574.209995) can0 400#57592877297E0000
(946688574.209995) can0 401#017F000000000000
(946688574.209995) can0 19B30007#00005E20A9FF0000
(946688574.209995) can0 19B30100#D3D3D3D3D3D3D3D3
(946688574.229995) can0 18FF01EA#78007F0978007F09
(946688574.229995) can0 18FF02EA#7900670979006709
(946688574.239995) can0 18FF1085#0000000363010063
(946688574.239995) can0 400#5656277828750000
(946688574.239995) can0 401#017E000000000000
(946688574.249995) can0 18FF01EA#7600900976009009
(946688574.249995) can0 18FF02EA#7900970979009709
(946688574.269995) can0 18FF01EA#7900A7097900A709
(946688574.269995) can0 18FF02EA#7600960976009609
(946688574.269995) can0 18FF1085#0000000363010063
(946688574.269995) can0 400#5A57277C27750000
(946688574.269995) can0 401#007F000000000000
(946688574.289995) can0 18FF01EA#7700A8097700A809
(946688574.289995) can0 18FF02EA#76008F0976008F09
(946688574.299995) can0 18FF1085#0000000363010063
(946688574.299995) can0 400#575A297D277E0000
(946688574.299995) can0 401#007F000000000000
(946688574.309995) can0 18FF01EA#7800A5097800A509
(946688574.309995) can0 18FF02EA#7900C0097900C009
(946688574.319995) can0 19B30007#00005E20A9FF0000
(946688574.319995) can0 19B30100#D3D3D3D3D3D3D3D3
(946688574.329995) can0 18FF01EA#7600C6097600C609
(946688574.329995) can0 18FF02EA#7800C3097800C309
(946688574.329995) can0 18FF1085#0000000363010063
(946688574.329995) can0 400#5B5A277529770000
(946688574.329995) can0 401#007E000000000000
(946688574.349995) can0 18FF01EA#7900CB097900CB09
(946688574.349995) can0 18FF02EA#7900CB097900CB09
(946688574.359995) can0 18FF1085#0000000363010063
(946688574.359995) can0 400#5B5C277A297B0000
(946688574.359995) can0 401#017E000000000000
(946688574.369995) can0 18FF01EA#7900CE097900CE09
(946688574.369995) can0 18FF02EA#7700D5097700D509
(946688574.389995) can0 18FF01EA#7800E5097800E509
(946688574.389995) can0 18FF02EA#7700E0097700E009
(946688574.389995) can0 18FF1085#0000000363010063
(946688574.389995) can0 400#5B5C287C29790000
(946688574.389995) can0 401#007F000000000000
(946688574.409995) can0 18FF01EA#7900DE097900DE09
(946688574.409995) can0 18FF02EA#7600DF097600DF09
(946688574.419995) can0 18FF1085#0000000363010063
(946688574.419995) can0 400#5D5D287E28770000
(946688574.419995) can0 401#017F000000000000
(946688574.429995) can0 18FF01EA#76000B0A76000B0A
(946688574.429995) can0 18FF02EA#7900F0097900F009
(946688574.429995) can0 19B30007#00005E20A9FF0000
(946688574.429995) can0 19B30100#D3D3D3D3D3D3D3D3
(946688574.449995) can0 18FF01EA#76000C0A76000C0A
(946688574.449995) can0 18FF02EA#7600FC097600FC09
(946688574.449995) can0 18FF1085#0000000363010063
(946688574.449995) can0 400#5B5E287729790000
(946688574.449995) can0 401#007E000000000000
(946688574.469995) can0 18FF01EA#78001F0A78001F0A
(946688574.469995) can0 18FF02EA#7800070A7800070A
(946688574.479995) can0 18FF1085#0000000363010063
(946688574.479995) can0 400#5F5C2877277A0000
(946688574.479995) can0 401#017F000000000000
(946688574.489995) can0 18FF01EA#7600160A7600160A
(946688574.489995) can0 18FF02EA#7600120A7600120A
(946688574.509995) can0 18FF01EA#7900130A7900130A
(946688574.509995) can0 18FF02EA#79001B0A79001B0A
(946688574.509995) can0 18FF1085#0000000363010063
(946688574.509995) can0 400#5F5C287E287D0000
(946688574.509995) can0 401#017E000000000000
(946688574.529995) can0 18FF01EA#77002C0A77002C0A
(946688574.529995) can0 18FF02EA#7600280A7600280A
(946688574.539995) can0 18FF1085#0000000363010063
(946688574.539995) can0 400#6060287A277B0000
(946688574.539995) can0 401#007E000000000000
(946688574.539995) can0 19B30007#00005E20A8FF0000
(946688574.539995) can0 19B30100#D3D3D3D3D3D3D3D3
(946688574.549995) can0 18FF01EA#7800450A7800450A
(946688574.549995) can0 18FF02EA#78003B0A78003B0A
(946688574.569995) can0 18FF01EA#7800400A7800400A
(946688574.569995) can0 18FF02EA#77003A0A77003A0A
(946688574.569995) can0 18FF1085#0000000363010063
(946688574.569995) can0 400#605F287D28790000
(946688574.569995) can0 401#007E000000000000
(946688574.589995) can0 18FF01EA#7800420A7800420A
(946688574.589995) can0 18FF02EA#79004B0A79004B0A
(946688574.599995) can0 18FF1085#0000000363010063
(946688574.599995) can0 400#5E61287B27790000
(946688574.599995) can0 401#007E000000000000
(946688574.609995) can0 18FF01EA#7600540A7600540A
(946688574.609995) can0 18FF02EA#7600660A7600660A
(946688574.629995) can0 18FF01EA#7600740A7600740A
(946688574.629995) can0 18FF02EA#77005E0A77005E0A
(946688574.629995) can0 18FF1085#0000000363010063
(946688574.629995) can0 400#615E277C287A0000
(946688574.629995) can0 401#007E000000000000
(946688574.649995) can0 18FF01EA#79005F0A79005F0A
(946688574.649995) can0 18FF02EA#79006E0A79006E0A
(946688574.649995) can0 19B30007#00005E20A8FF0000
(946688574.649995) can0 19B30100#D3D3D3D3D3D3D3D3
(946688574.659995) can0 18FF1085#0000000363010063
(946688574.659995) can0 400#6360297F277C0000
(946688574.659995) can0 401#017F000000000000
(946688574.669995) can0 18FF01EA#7600880A7600880A
(946688574.669995) can0 18FF02EA#7600860A7600860A
(946688574.689995) can0 18FF01EA#7700930A7700930A
(946688574.689995) can0 18FF02EA#7700920A7700920A
(946688574.689995) can0 18FF1085#0000000363010063
(946688574.689995) can0 400#6061287C287F0000
(946688574.689995) can0 401#017F000000000000
(946688574.709995) can0 18FF01EA#7900840A7900840A
(946688574.709995) can0 18FF02EA#77007D0A77007D0A
(946688574.719995) can0 18FF1085#0000000363010063
(946688574.719995) can0 400#62622780277B0000
(946688574.719995) can0 401#017F000000000000
(946688574.729995) can0 18FF01EA#76008B0A76008B0A
(946688574.729995) can0 18FF02EA#7900970A7900970A
(946688574.749995) can0 18FF01EA#7700AF0A7700AF0A
(946688574.749995) can0 18FF02EA#7900AF0A7900AF0A
(946688574.749995) can0 18FF1085#0000000363010063
(946688574.749995) can0 400#6164287D28780000
(946688574.749995) can0 401#017E000000000000
(946688574.759995) can0 19B30007#00005E20A8FF0000
(946688574.759995) can0 19B30100#D3D3D3D3D3D3D3D3
(946688574.769994) can0 18FF01EA#7700A40A7700A40A
(946688574.769994) can0 18FF02EA#77009E0A77009E0A
(946688574.779994) can0 18FF1085#0000000363010063
(946688574.779994) can0 400#6264287D28810000
(946688574.779994) can0 401#007E000000000000
(946688574.789994) can0 18FF01EA#7700A80A7700A80A
(946688574.789994) can0 18FF02EA#7800A50A7800A50A
(946688574.809994) can0 18FF01EA#7800C20A7800C20A
(946688574.809994) can0 18FF02EA#7700B40A7700B40A
(946688574.809994) can0 18FF1085#0000000363010063
(946688574.809994) can0 400#6365288128790000
(946688574.809994) can0 401#017E000000000000
(946688574.829994) can0 18FF01EA#7600DA0A7600DA0A
(946688574.829994) can0 18FF02EA#7800C70A7800C70A
(946688574.839994) can0 18FF1085#0000000363010063
(946688574.839994) can0 400#6365287F28810000
(946688574.839994) can0 401#007F000000000000
(946688574.849994) can0 18FF01EA#7700D50A7700D50A
(946688574.849994) can0 18FF02EA#7900C00A7900C00A
(946688574.869994) can0 18FF01EA#7800CA0A7800CA0A
(946688574.869994) can0 18FF02EA#7600D20A7600D20A
(946688574.869994) can0 18FF1085#0000000363010063
(946688574.869994) can0 400#6364287929790000
(946688574.869994) can0 401#007F000000000000
(946688574.869994) can0 19B30007#00005E20A8FF0000
(946688574.869994) can0 19B30100#D2D2D2D2D2D2D2D2
(946688574.889994) can0 18FF01EA#7900F50A7900F50A
(946688574.889994) can0 18FF02EA#7900E90A7900E90A
(946688574.899994) can0 18FF1085#0000000363010063
(946688574.899994) can0 400#6565277E27820000
(946688574.899994) can0 401#007E000000000000
(946688574.909994) can0 18FF01EA#7800ED0A7800ED0A
(946688574.909994) can0 18FF02EA#7800E60A7800E60A
(946688574.929994) can0 18FF01EA#7700F50A7700F50A
(946688574.929994) can0 18FF02EA#7600E50A7600E50A
(946688574.929994) can0 18FF1085#0000000363010063
(946688574.929994) can0 400#6465297A287A0000
(946688574.929994) can0 401#007F000000000000
(946688574.949994) can0 18FF01EA#7900E70A7900E70A
(946688574.949994) can0 18FF02EA#78000C0B78000C0B
(946688574.959994) can0 18FF1085#0000000363010063
(946688574.959994) can0 400#6666287F287F0000
(946688574.959994) can0 401#007F000000000000
(946688574.969994) can0 18FF01EA#7900F30A7900F30A
(946688574.969994) can0 18FF02EA#77000D0B77000D0B
(946688574.979994) can0 19B30007#00005E20A8FF0000
(946688574.979994) can0 19B30100#D2D2D2D2D2D2D2D2
(946688574.989994) can0 18FF01EA#79000B0B79000B0B
(946688574.989994) can0 18FF02EA#7800110B7800110B
(946688574.989994) can0 18FF1085#0000000363010063
(946688574.989994) can0 400#68652981287D0000
(946688574.989994) can0 401#007E000000000000
(946688575.009994) can0 18FF01EA#78001E0B78001E0B
(946688575.009994) can0 18FF02EA#7800110B7800110B
(946688575.019994) can0 18FF1085#0000000363010063
(946688575.019994) can0 400#66672780287D0000
(946688575.019994) can0 401#007E000000000000
(946688575.029994) can0 18FF01EA#78001A0B78001A0B
(946688575.029994) can0 18FF02EA#79000E0B79000E0B
(946688575.049994) can0 18FF01EA#7800200B7800200B
(946688575.049994) can0 18FF02EA#77001A0B77001A0B
(946688575.049994) can0 18FF1085#0000000363010063
(946688575.049994) can0 400#6766287A297E0000
(946688575.049994) can0 401#007E000000000000
(946688575.069994) can0 18FF01EA#7900180B7900180B
(946688575.069994) can0 18FF02EA#7900380B7900380B
(946688575.079994) can0 18FF1085#0000000363010063
(946688575.079994) can0 400#6968297D27800000
(946688575.079994) can0 401#007F000000000000
(946688575.089994) can0 18FF01EA#78002B0B78002B0B
(946688575.089994) can0 18FF02EA#7900210B7900210B
(946688575.089994) can0 19B30007#00005E20A8FF0000
(946688575.089994) can0 19B30100#D2D2D2D2D2D2D2D2
(946688575.109994) can0 18FF01EA#7900280B7900280B
(946688575.109994) can0 18FF02EA#79004B0B79004B0B
(946688575.109994) can0 18FF1085#0000000363010063
(946688575.109994) can0 400#6A6A287B287F0000
(946688575.109994) can0 401#017E000000000000
(946688575.129994) can0 18FF01EA#78002D0B78002D0B
(946688575.129994) can0 18FF02EA#79003D0B79003D0B
(946688575.139994) can0 18FF1085#0000000363010063
(946688575.139994) can0 400#6767298128780000
(946688575.139994) can0 401#017F000000000000
(946688575.149994) can0 18FF01EA#78003F0B78003F0B
(946688575.149994) can0 18FF02EA#7700460B7700460B
(946688575.169994) can0 18FF01EA#7900400B7900400B
(946688575.169994) can0 18FF02EA#78004B0B78004B0B
(946688575.169994) can0 18FF1085#0000000363010063
(946688575.169994) can0 400#6769297D28810000
(946688575.169994) can0 401#007E000000000000
(946688575.189994) can0 18FF01EA#7800590B7800590B
(946688575.189994) can0 18FF02EA#77005E0B77005E0B
(946688575.199994) can0 18FF1085#0000000363010063
(946688575.199994) can0 400#6A6A2780287C0000
(946688575.199994) can0 401#017F000000000000
(946688575.199994) can0 19B30007#00005E20A8FF0000
(946688575.199994) can0 19B30100#D2D2D2D2D2D2D2D2
(946688575.209994) can0 18FF01EA#79004C0B79004C0B
(946688575.209994) can0 18FF02EA#77004F0B77004F0B
(946688575.229994) can0 18FF01EA#7600610B7600610B
(946688575.229994) can0 18FF02EA#7700750B7700750B
(946688575.229994) can0 18FF1085#0000000363010063
(946688575.229994) can0 400#6B6B287A297B0000
(946688575.229994) can0 401#007E000000000000
(946688575.249994) can0 18FF01EA#7700570B7700570B
(946688575.249994) can0 18FF02EA#7800590B7800590B
(946688575.259994) can0 18FF1085#0000000363010063
(946688575.259994) can0 400#6A682782287B0000
(946688575.259994) can0 401#017F000000000000
(946688575.269994) can0 18FF01EA#7900790B7900790B
(946688575.269994) can0 18FF02EA#78007B0B78007B0B
(946688575.289994) can0 18FF01EA#78007B0B78007B0B
(946688575.289994) can0 18FF02EA#7800780B7800780B
(946688575.289994) can0 18FF1085#0000000363010063
(946688575.289994) can0 400#6C6A2981287B0000
(946688575.289994) can0 401#017E000000000000
(946688575.309994) can0 18FF01EA#77007E0B77007E0B
(946688575.309994) can0 18FF02EA#7700670B7700670B
(946688575.309994) can0 19B30007#00005E20A8FF0000
(946688575.309994) can0 19B30100#D2D2D2D2D2D2D2D2
(946688575.319994) can0 18FF1085#0000000363010063
(946688575.319994) can0 400#6A6A297E28820000
(946688575.319994) can0 401#017F000000000000
(946688575.329994) can0 18FF01EA#7600700B7600700B
(946688575.329994) can0 18FF02EA#7900890B7900890B
(946688575.349994) can0 18FF01EA#7600820B7600820B
(946688575.349994) can0 18FF02EA#7800910B7800910B
(946688575.349994) can0 18FF1085#0000000363010063
(946688575.349994) can0 400#6C6B287B28820000
(946688575.349994) can0 401#017F000000000000
(946688575.369994) can0 18FF01EA#7900880B7900880B
(946688575.369994) can0 18FF02EA#77009A0B77009A0B
(946688575.379994) can0 18FF1085#0000000363010063
(946688575.379994) can0 400#6A6C287D297F0000
(946688575.379994) can0 401#007F000000000000
(946688575.389994) can0 18FF01EA#7800890B7800890B
(946688575.389994) can0 18FF02EA#7700850B7700850B
(946688575.409994) can0 18FF01EA#7800850B7800850B
(946688575.409994) can0 18FF02EA#7900A70B7900A70B
(946688575.409994) can0 18FF1085#0000000363010063
(946688575.409994) can0 400#6D6C2881287B0000
(946688575.409994) can0 401#007F000000000000
(946688575.419994) can0 19B30007#00005E20A8FF0000
(946688575.419994) can0 19B30100#D2D2D2D2D2D2D2D2
(946688575.429994) can0 18FF01EA#78008E0B78008E0B
(946688575.429994) can0 18FF02EA#7600AC0B7600AC0B
(946688575.439994) can0 18FF1085#0000000363010063
(946688575.439994) can0 400#6B6C277F287B0000
(946688575.439994) can0 401#017F000000000000
(946688575.449994) can0 18FF01EA#7700960B7700960B
(946688575.449994) can0 18FF02EA#76009A0B76009A0B
(946688575.469994) can0 18FF01EA#78009A0B78009A0B
(946688575.469994) can0 18FF02EA#7700B50B7700B50B
(946688575.469994) can0 18FF1085#0000000363010063
(946688575.469994) can0 400#6B6A277F297D0000
(946688575.469994) can0 401#007F000000000000
(946688575.489994) can0 18FF01EA#7900AA0B7900AA0B
(946688575.489994) can0 18FF02EA#7900BE0B7900BE0B
(946688575.499994) can0 18FF1085#0000000363010063
(946688575.499994) can0 400#6B6B297C297A0000
(946688575.499994) can0 401#007E000000000000
(946688575.509994) can0 18FF01EA#7700A50B7700A50B
(946688575.509994) can0 18FF02EA#7800A30B7800A30B
(946688575.529994) can0 18FF01EA#7900CC0B7900CC0B
(946688575.529994) can0 18FF02EA#7900A60B7900A60B
(946688575.529994) can0 18FF1085#0000000363010063
(946688575.529994) can0 400#6D6E278328800000
(946688575.529994) can0 401#007F000000000000
(946688575.529994) can0 19B30007#00005E20A8FF0000
(946688575.529994) can0 19B30100#D2D2D2D2D2D2D2D2
(946688575.549994) can0 18FF01EA#7900BB0B7900BB0B
(946688575.549994) can0 18FF02EA#7700CF0B7700CF0B
(946688575.559994) can0 18FF1085#0000000363010063
(946688575.559994) can0 400#6C6B287E28810000
(946688575.559994) can0 401#007F000000000000
(946688575.569994) can0 18FF01EA#7800BE0B7800BE0B
(946688575.569994) can0 18FF02EA#7900B30B7900B30B
(946688575.589994) can0 18FF01EA#7600D30B7600D30B
(946688575.589994) can0 18FF02EA#7900D90B7900D90B
(946688575.589994) can0 18FF1085#0000000363010063
(946688575.589994) can0 400#6C6B297F287E0000
(946688575.589994) can0 401#017F000000000000
(946688575.609994) can0 18FF01EA#7600BB0B7600BB0B
(946688575.609994) can0 18FF02EA#7900D70B7900D70B
(946688575.619994) can0 18FF1085#0000000363010063
(946688575.619994) can0 400#6D6E287B28830000
(946688575.619994) can0 401#007F000000000000
(946688575.629994) can0 18FF01EA#7800E50B7800E50B
(946688575.629994) can0 18FF02EA#7700E30B7700E30B
(946688575.639994) can0 19B30007#00005E20A8FF0000
(946688575.639994) can0 19B30100#D2D2D2D2D2D2D2D2
(946688575.649994) can0 18FF01EA#7700C90B7700C90B
(946688575.649994) can0 18FF02EA#7900C30B7900C30B
(946688575.649994) can0 18FF1085#0000000363010063
(946688575.649994) can0 400#6C6D297E29820000
(946688575.649994) can0 401#007F000000000000
(946688575.669994) can0 18FF01EA#7700E60B7700E60B
(946688575.669994) can0 18FF02EA#7600E60B7600E60B
(946688575.679994) can0 18FF1085#0000000363010063
(946688575.679994) can0 400#6C6F287E29810000
(946688575.679994) can0 401#007E000000000000
(946688575.689994) can0 18FF01EA#7600D50B7600D50B
(946688575.689994) can0 18FF02EA#7700EB0B7700EB0B
(946688575.709994) can0 18FF01EA#7700E20B7700E20B
(946688575.709994) can0 18FF02EA#7600DE0B7600DE0B
(946688575.709994) can0 18FF1085#0000000363010063
(946688575.709994) can0 400#6F6F277C287E0000
(946688575.709994) can0 401#017E000000000000
(946688575.729994) can0 18FF01EA#7800F70B7800F70B
(946688575.729994) can0 18FF02EA#7900DB0B7900DB0B
(946688575.739994) can0 18FF1085#0000000363010063
(946688575.739994) can0 400#6F6E297F27820000
(946688575.739994) can0 401#017F000000000000
(946688575.749994) can0 18FF01EA#7600F40B7600F40B
(946688575.749994) can0 18FF02EA#7600FA0B7600FA0B
(946688575.749994) can0 19B30007#00005E20A8FF0000
(946688575.749994) can0 19B30100#D2D2D2D2D2D2D2D2
(946688575.769994) can0 18FF01EA#7700EF0B7700EF0B
(946688575.769994) can0 18FF02EA#7700EA0B7700EA0B
(946688575.769994) can0 18FF1085#0000000363010063
(946688575.769994) can0 400#706F298328800000
(946688575.769994) can0 401#007F000000000000
(946688575.789994) can0 18FF01EA#7900010C7900010C
(946688575.789994) can0 18FF02EA#7800F20B7800F20B
(946688575.799994) can0 18FF1085#0000000363010063
(946688575.799994) can0 400#706F278029830000
(946688575.799994) can0 401#007F000000000000
(946688575.809994) can0 18FF01EA#7600EF0B7600EF0B
(946688575.809994) can0 18FF02EA#7900ED0B7900ED0B
(946688575.829993) can0 18FF01EA#7600F50B7600F50B
(946688575.829993) can0 18FF02EA#7700040C7700040C
(946688575.829993) can0 18FF1085#0000000363010063
(946688575.829993) can0 400#6E712982297A0000
(946688575.829993) can0 401#007E000000000000
(946688575.849993) can0 18FF01EA#7600F20B7600F20B
(946688575.849993) can0 18FF02EA#7800130C7800130C
(946688575.859993) can0 18FF1085#0000000363010063
(946688575.859993) can0 400#706F277C29810000
(946688575.859993) can0 401#007F000000000000
(946688575.859993) can0 19B30007#00005E20A8FF0000
(946688575.859993) can0 19B30100#D2D2D2D2D2D2D2D2
(946688575.869993) can0 18FF01EA#77000B0C77000B0C
(946688575.869993) can0 18FF02EA#7700040C7700040C
(946688575.889993) can0 18FF01EA#7900020C7900020C
(946688575.889993) can0 18FF02EA#7800160C7800160C
(946688575.889993) can0 18FF1085#0000000363010063
(946688575.889993) can0 400#6F6F2882287E0000
(946688575.889993) can0 401#007F000000000000
(946688575.909993) can0 18FF01EA#7900090C7900090C
(946688575.909993) can0 18FF02EA#7600170C7600170C
(946688575.919993) can0 18FF1085#0000000363010063
(946688575.919993) can0 400#706E287B277C0000
(946688575.919993) can0 401#007F000000000000
(946688575.929993) can0 18FF01EA#79001F0C79001F0C
(946688575.929993) can0 18FF02EA#7900060C7900060C
(946688575.949993) can0 18FF01EA#7600250C7600250C
(946688575.949993) can0 18FF02EA#7700070C7700070C
(946688575.949993) can0 18FF1085#0000000363010063
(946688575.949993) can0 400#6F6F2883277E0000
(946688575.949993) can0 401#007F000000000000
(946688575.969993) can0 18FF01EA#76001C0C76001C0C
(946688575.969993) can0 18FF02EA#7700130C7700130C
(946688575.969993) can0 19B30007#00005E20A8FF0000
(946688575.969993) can0 19B30100#D2D2D2D2D2D2D2D2
(946688575.979993) can0 18FF1085#0000000363010063
(946688575.979993) can0 400#7271287B297E0000
(946688575.979993) can0 401#017E000000000000
(946688575.989993) can0 18FF01EA#76002E0C76002E0C
(946688575.989993) can0 18FF02EA#7900260C7900260C
(946688576.009993) can0 18FF01EA#7600310C7600310C
(946688576.009993) can0 18FF02EA#7900260C7900260C
(946688576.009993) can0 18FF1085#0000000363010063
(946688576.009993) can0 400#7171297D297E0000
(946688576.009993) can0 401#007F000000000000
(946688576.029993) can0 18FF01EA#7600290C7600290C
(946688576.029993) can0 18FF02EA#76002F0C76002F0C
(946688576.039993) can0 18FF1085#0000000363010063
(946688576.039993) can0 400#7272297F297F0000
(946688576.039993) can0 401#007E000000000000
(946688576.049993) can0 18FF01EA#7800380C7800380C
(946688576.049993) can0 18FF02EA#7900140C7900140C
(946688576.069993) can0 18FF01EA#76002F0C76002F0C
(946688576.069993) can0 18FF02EA#79001A0C79001A0C
(946688576.069993) can0 18FF1085#0000000363010063
(946688576.069993) can0 400#6F6F287C287D0000
(946688576.069993) can0 401#007F000000000000
(946688576.079993) can0 19B30007#00005E20A8FF0000
(946688576.079993) can0 19B30100#D2D2D2D2D2D2D2D2
(946688576.089993) can0 18FF01EA#7600270C7600270C
(946688576.089993) can0 18FF02EA#7600260C7600260C
(946688576.099993) can0 18FF1085#0000000363010063
(946688576.099993) can0 400#7073288428840000
(946688576.099993) can0 401#017F000000000000
(946688576.109993) can0 18FF01EA#77003B0C77003B0C
(946688576.109993) can0 18FF02EA#7700230C7700230C
(946688576.129993) can0 18FF01EA#7600250C7600250C
(946688576.129993) can0 18FF02EA#7700300C7700300C
(946688576.129993) can0 18FF1085#0000000363010063
(946688576.129993) can0 400#7271298129830000
(946688576.129993) can0 401#007E000000000000
(946688576.149993) can0 18FF01EA#76003D0C76003D0C
(946688576.149993) can0 18FF02EA#7800420C7800420C
(946688576.159993) can0 18FF1085#0000000363010063
(946688576.159993) can0 400#70722883287E0000
(946688576.159993) can0 401#007E000000000000
(946688576.169993) can0 18FF01EA#7600410C7600410C
(946688576.169993) can0 18FF02EA#7900410C7900410C
(946688576.189993) can0 18FF01EA#7700310C7700310C
(946688576.189993) can0 18FF02EA#7700390C7700390C
(946688576.189993) can0 18FF1085#0000000363010063
(946688576.189993) can0 400#7071297F29820000
(946688576.189993) can0 401#007F000000000000
(946688576.189993) can0 19B30007#00005E20A8FF0000
(946688576.189993) can0 19B30100#D2D2D2D2D2D2D2D2
(946688576.209993) can0 18FF01EA#7800540C7800540C
(946688576.209993) can0 18FF02EA#78004E0C78004E0C
(946688576.219993) can0 18FF1085#0000000363010063
(946688576.219993) can0 400#71702983287B0000
(946688576.219993) can0 401#017E000000000000
(946688576.229993) can0 18FF01EA#79003C0C79003C0C
(946688576.229993) can0 18FF02EA#7700310C7700310C
(946688576.249993) can0 18FF01EA#7900520C7900520C
(946688576.249993) can0 18FF02EA#78005A0C78005A0C
(946688576.249993) can0 18FF1085#0000000363010063
(946688576.249993) can0 400#71732983297B0000
(946688576.249993) can0 401#007E000000000000
(946688576.269993) can0 18FF01EA#7900510C7900510C
(946688576.269993) can0 18FF02EA#79003A0C79003A0C
(946688576.279993) can0 18FF1085#0000000363010063
(946688576.279993) can0 400#7372287D29810000
(946688576.279993) can0 401#007E000000000000
(946688576.289993) can0 18FF01EA#77003B0C77003B0C
(946688576.289993) can0 18FF02EA#7900600C7900600C
(946688576.299993) can0 19B30007#00005E20A8FF0000
(946688576.299993) can0 19B30100#D2D2D2D2D2D2D2D2
(946688576.309993) can0 18FF01EA#7600590C7600590C
(946688576.309993) can0 18FF02EA#79004B0C79004B0C
(946688576.309993) can0 18FF1085#0000000363010063
(946688576.309993) can0 400#7473297E29840000
(946688576.309993) can0 401#007E000000000000
(946688576.329993) can0 18FF01EA#7900470C7900470C
(946688576.329993) can0 18FF02EA#79004B0C79004B0C
(946688576.339993) can0 18FF1085#0000000363010063
(946688576.339993) can0 400#74722882287E0000
(946688576.339993) can0 401#007F000000000000
(946688576.349993) can0 18FF01EA#7900610C7900610C
(946688576.349993) can0 18FF02EA#78004F0C78004F0C
(946688576.369993) can0 18FF01EA#76004C0C76004C0C
(946688576.369993) can0 18FF02EA#79005A0C79005A0C
(946688576.369993) can0 18FF1085#0000000363010063
(946688576.369993) can0 400#74712982297F0000
(946688576.369993) can0 401#007E000000000000
(946688576.389993) can0 18FF01EA#7800590C7800590C
(946688576.389993) can0 18FF02EA#77005C0C77005C0C
(946688576.399993) can0 18FF1085#0000000363010063
(946688576.399993) can0 400#7372297D29840000
(946688576.399993) can0 401#007E000000000000
(946688576.409993) can0 18FF01EA#78006A0C78006A0C
(946688576.409993) can0 18FF02EA#79005F0C79005F0C
(946688576.409993) can0 19B30007#00005E20A8FF0000
(946688576.409993) can0 19B30100#D2D2D2D2D2D2D2D2
(946688576.429993) can0 18FF01EA#7800680C7800680C
(946688576.429993) can0 18FF02EA#7600520C7600520C
(946688576.429993) can0 18FF1085#0000000363010063
(946688576.429993) can0 400#72722980287D0000
(946688576.429993) can0 401#007E000000000000
(946688576.449993) can0 18FF01EA#7700660C7700660C
(946688576.449993) can0 18FF02EA#7700660C7700660C
(946688576.459993) can0 18FF1085#0000000363010063
(946688576.459993) can0 400#7472288429830000
(946688576.459993) can0 401#007F000000000000
(946688576.469993) can0 18FF01EA#79005E0C79005E0C
(946688576.469993) can0 18FF02EA#7600760C7600760C
(946688576.489993) can0 18FF01EA#7600580C7600580C
(946688576.489993) can0 18FF02EA#7700780C7700780C
(946688576.489993) can0 18FF1085#0000000363010063
(946688576.489993) can0 400#74732982297D0000
(946688576.489993) can0 401#017E000000000000
(946688576.509993) can0 18FF01EA#78006D0C78006D0C
(946688576.509993) can0 18FF02EA#77007C0C77007C0C
(946688576.519993) can0 18FF1085#0000000363010063
(946688576.519993) can0 400#7273287D29840000
(946688576.519993) can0 401#017F000000000000
(946688576.519993) can0 19B30007#00005E20A8FF0000
(946688576.519993) can0 19B30100#D2D2D2D2D2D2D2D2
(946688576.529993) can0 18FF01EA#7800720C7800720C
(946688576.529993) can0 18FF02EA#77007B0C77007B0C
(946688576.549993) can0 18FF01EA#7900620C7900620C
(946688576.549993) can0 18FF02EA#77006B0C77006B0C
(946688576.549993) can0 18FF1085#0000000363010063
(946688576.549993) can0 400#7471298429810000
(946688576.549993) can0 401#007E000000000000
(946688576.569993) can0 18FF01EA#7700660C7700660C
(946688576.569993) can0 18FF02EA#76007A0C76007A0C
(946688576.579993) can0 18FF1085#0000000363010063
(946688576.579993) can0 400#7374288129830000
(946688576.579993) can0 401#017F000000000000
(946688576.589993) can0 18FF01EA#7900720C7900720C
(946688576.589993) can0 18FF02EA#77007C0C77007C0C
(946688576.609993) can0 18FF01EA#77007F0C77007F0C
(946688576.609993) can0 18FF02EA#76006F0C76006F0C
(946688576.609993) can0 18FF1085#0000000363010063
(946688576.609993) can0 400#72742983287E0000
(946688576.609993) can0 401#007F000000000000
(946688576.629993) can0 18FF01EA#7600680C7600680C
(946688576.629993) can0 18FF02EA#7800780C7800780C
(946688576.629993) can0 19B30007#00005E20A8FF0000
(946688576.629993) can0 19B30100#D2D2D2D2D2D2D2D2
(946688576.639993) can0 18FF1085#0000000363010063
(946688576.639993) can0 400#75722883297C0000
(946688576.639993) can0 401#007E000000000000
(946688576.649993) can0 18FF01EA#7800850C7800850C
(946688576.649993) can0 18FF02EA#7600650C7600650C
(946688576.669993) can0 18FF01EA#7900690C7900690C
(946688576.669993) can0 18FF02EA#7800790C7800790C
(946688576.669993) can0 18FF1085#0000000363010063
(946688576.669993) can0 400#74742983297F0000
(946688576.669993) can0 401#007E000000000000
(946688576.689993) can0 18FF01EA#78008C0C78008C0C
(946688576.689993) can0 18FF02EA#76006F0C76006F0C
(946688576.699993) can0 18FF1085#0000000363010063
(946688576.699993) can0 400#7573288429840000
(946688576.699993) can0 401#007E000000000000
(946688576.709993) can0 18FF01EA#77006B0C77006B0C
(946688576.709993) can0 18FF02EA#7700800C7700800C
(946688576.729993) can0 18FF01EA#78006D0C78006D0C
(946688576.729993) can0 18FF02EA#7600800C7600800C
(946688576.729993) can0 18FF1085#0000000363010063
(946688576.729993) can0 400#7373287E297D0000
(946688576.729993) can0 401#007F000000000000
(946688576.739993) can0 19B30007#00005E20A8FF0000
(946688576.739993) can0 19B30100#D2D2D2D2D2D2D2D2
(946688576.749993) can0 18FF01EA#7800910C7800910C
(946688576.749993) can0 18FF02EA#7600780C7600780C
(946688576.759993) can0 18FF1085#0000000363010063
(946688576.759993) can0 400#7275297E29840000
(946688576.759993) can0 401#007F000000000000
(946688576.769993) can0 18FF01EA#7800890C7800890C
(946688576.769993) can0 18FF02EA#7900740C7900740C
(946688576.789993) can0 18FF01EA#7600730C7600730C
(946688576.789993) can0 18FF02EA#79008A0C79008A0C
(946688576.789993) can0 18FF1085#0000000363010063
(946688576.789993) can0 400#7474288128820000
(946688576.789993) can0 401#007F000000000000
(946688576.809993) can0 18FF01EA#76007C0C76007C0C
(946688576.809993) can0 18FF02EA#78008E0C78008E0C
(946688576.819993) can0 18FF1085#0000000363010063
(946688576.819993) can0 400#73722883297C0000
(946688576.819993) can0 401#007F000000000000
(946688576.829993) can0 18FF01EA#7600880C7600880C
(946688576.829993) can0 18FF02EA#7700760C7700760C
(946688576.849993) can0 18FF01EA#7900800C7900800C
(946688576.849993) can0 18FF02EA#7800970C7800970C
(946688576.849993) can0 18FF1085#0000000363010063
(946688576.849993) can0 400#7375287D297D0000
(946688576.849993) can0 401#007F000000000000
(946688576.849993) can0 19B30007#00005E20A8FF0000
(946688576.849993) can0 19B30100#D2D2D2D2D2D2D2D2
(946688576.869992) can0 18FF01EA#7800A00C7800A00C
(946688576.869992) can0 18FF02EA#7800A00C7800A00C
(946688576.879992) can0 18FF1085#0000000363010063
(946688576.879992) can0 400#75742884287E0000
(946688576.879992) can0 401#007F000000000000
(946688576.889992) can0 18FF01EA#7600960C7600960C
(946688576.889992) can0 18FF02EA#7600960C7600960C
(946688576.909992) can0 18FF01EA#76009B0C76009B0C
(946688576.909992) can0 18FF02EA#7800940C7800940C
(946688576.909992) can0 18FF1085#0000000363010063
(946688576.909992) can0 400#7575298329830000
(946688576.909992) can0 401#017F000000000000
(946688576.929992) can0 18FF01EA#7800800C7800800C
(946688576.929992) can0 18FF02EA#7800950C7800950C
(946688576.939992) can0 18FF1085#0000000363010063
(946688576.939992) can0 400#7676288329820000
(946688576.939992) can0 401#007E000000000000
(946688576.949992) can0 18FF01EA#78008B0C78008B0C
(946688576.949992) can0 18FF02EA#77008B0C77008B0C
(946688576.959992) can0 19B30007#00005E20A8FF0000
(946688576.959992) can0 19B30100#D2D2D2D2D2D2D2D2
(946688576.969992) can0 18FF01EA#7600890C7600890C
(946688576.969992) can0 18FF02EA#7900850C7900850C
(946688576.969992) can0 18FF1085#0000000363010063
(946688576.969992) can0 400#7675297E29830000
(946688576.969992) can0 401#007E000000000000
(946688576.989992) can0 18FF01EA#77008F0C77008F0C
(946688576.989992) can0 18FF02EA#78008C0C78008C0C
(946688576.999992) can0 18FF1085#0000000363010063
(946688576.999992) can0 400#7774288228820000
(946688576.999992) can0 401#007F000000000000
(946688577.009992) can0 18FF01EA#7900900C7900900C
(946688577.009992) can0 18FF02EA#7600AC0C7600AC0C
(946688577.029992) can0 18FF01EA#6C009C0C6C009C0C
(946688577.029992) can0 18FF02EA#6B00930C6B00930C
(946688577.029992) can0 18FF1085#000001035A01005A
(946688577.029992) can0 400#7376287C28820000
(946688577.029992) can0 401#267E000000000000
(946688577.049992) can0 18FF01EA#60008A0C60008A0C
(946688577.049992) can0 18FF02EA#61009F0C61009F0C
(946688577.059992) can0 18FF1085#000001034D01004D
(946688577.059992) can0 400#7674288128850000
(946688577.059992) can0 401#547F000000000000
(946688577.069992) can0 18FF01EA#5600980C5600980C
(946688577.069992) can0 18FF02EA#56009A0C56009A0C
(946688577.069992) can0 19B30007#00005E20AC700000
(946688577.069992) can0 19B30100#D8D8D8D8D8D8D8D8
(946688577.089992) can0 18FF01EA#5100870C5100870C
(946688577.089992) can0 18FF02EA#4F007D0C4F007D0C
(946688577.089992) can0 18FF1085#0000010342010042
(946688577.089992) can0 400#75752982287E0000
(946688577.089992) can0 401#797F000000000000
(946688577.109992) can0 18FF01EA#4800720C4800720C
(946688577.109992) can0 18FF02EA#48007A0C48007A0C
(946688577.119992) can0 18FF1085#0000010338010038
(946688577.119992) can0 400#7275287B287D0000
(946688577.119992) can0 401#967F000000000000
(946688577.129992) can0 18FF01EA#4200820C4200820C
(946688577.129992) can0 18FF02EA#4100620C4100620C
(946688577.149992) can0 18FF01EA#39005E0C39005E0C
(946688577.149992) can0 18FF02EA#3B006F0C3B006F0C
(946688577.149992) can0 18FF1085#0000010330010030
(946688577.149992) can0 400#7371297C297E0000
(946688577.149992) can0 401#AA7E000000000000
(946688577.169992) can0 18FF01EA#3600420C3600420C
(946688577.169992) can0 18FF02EA#3500480C3500480C
(946688577.179992) can0 18FF1085#0000010329010029
(946688577.179992) can0 400#7271287B297B0000
(946688577.179992) can0 401#BD7F000000000000
(946688577.179992) can0 19B30007#00005E20AD610000
(946688577.179992) can0 19B30100#D8D8D8D8D8D8D8D8
(946688577.189992) can0 18FF01EA#2E003E0C2E003E0C
(946688577.189992) can0 18FF02EA#3100530C3100530C
(946688577.209992) can0 18FF01EA#2C00220C2C00220C
(946688577.209992) can0 18FF02EA#2B00240C2B00240C
(946688577.209992) can0 18FF1085#0000010323010023
(946688577.209992) can0 400#7270287C28840000
(946688577.209992) can0 401#CB7E000000000000
(946688577.229992) can0 18FF01EA#2500150C2500150C
(946688577.229992) can0 18FF02EA#2500250C2500250C
(946688577.239992) can0 18FF1085#000001031E01001E
(946688577.239992) can0 400#7170298128840000
(946688577.239992) can0 401#D67F000000000000
(946688577.249992) can0 18FF01EA#23001C0C23001C0C
(946688577.249992) can0 18FF02EA#2400050C2400050C
(946688577.269992) can0 18FF01EA#2000010C2000010C
(946688577.269992) can0 18FF02EA#1F00F40B1F00F40B
(946688577.269992) can0 18FF1085#000001031A01001A
(946688577.269992) can0 400#6F6D297A29800000
(946688577.269992) can0 401#DC7F000000000000
(946688577.289992) can0 18FF01EA#1D00D80B1D00D80B
(946688577.289992) can0 18FF02EA#1C00F00B1C00F00B
(946688577.289992) can0 19B30007#00005E20AD5B0000
(946688577.289992) can0 19B30100#D8D8D8D8D8D8D8D8
(946688577.299992) can0 18FF1085#0000010316010016
(946688577.299992) can0 400#6E6E298129800000
(946688577.299992) can0 401#E27E000000000000
(946688577.309992) can0 18FF01EA#1800C40B1800C40B
(946688577.309992) can0 18FF02EA#1900BE0B1900BE0B
(946688577.329992) can0 18FF01EA#1800B90B1800B90B
(946688577.329992) can0 18FF02EA#1500C20B1500C20B
(946688577.329992) can0 18FF1085#0000010313010013
(946688577.329992) can0 400#6C6B2980297D0000
(946688577.329992) can0 401#EA7F000000000000
(946688577.349992) can0 18FF01EA#1400A30B1400A30B
(946688577.349992) can0 18FF02EA#1300B50B1300B50B
(946688577.359992) can0 18FF1085#0000010310010010
(946688577.359992) can0 400#6B6C2880287F0000
(946688577.359992) can0 401#ED7E000000000000
(946688577.369992) can0 18FF01EA#12009E0B12009E0B
(946688577.369992) can0 18FF02EA#1000930B1000930B
(946688577.389992) can0 18FF01EA#12007D0B12007D0B
(946688577.389992) can0 18FF02EA#10006C0B10006C0B
(946688577.389992) can0 18FF1085#000001030E01000E
(946688577.389992) can0 400#6B69287E29820000
(946688577.389992) can0 401#EF7E000000000000
(946688577.399992) can0 19B30007#00005E20AD590000
(946688577.399992) can0 19B30100#D8D8D8D8D8D8D8D8
(946688577.409992) can0 18FF01EA#0F00720B0F00720B
(946688577.409992) can0 18FF02EA#1000750B1000750B
(946688577.419992) can0 18FF1085#000001030C01000C
(946688577.419992) can0 400#6A68287D29820000
(946688577.419992) can0 401#F07F000000000000
(946688577.429992) can0 18FF01EA#0D00470B0D00470B
(946688577.429992) can0 18FF02EA#0D00510B0D00510B
(946688577.449992) can0 18FF01EA#0C004A0B0C004A0B
(946688577.449992) can0 18FF02EA#0E002D0B0E002D0B
(946688577.449992) can0 18FF1085#000001030A01000A
(946688577.449992) can0 400#6768287A28790000
(946688577.449992) can0 401#F47F000000000000
(946688577.469992) can0 18FF01EA#0B00260B0B00260B
(946688577.469992) can0 18FF02EA#0B00370B0B00370B
(946688577.479992) can0 18FF1085#0000010308010008
(946688577.479992) can0 400#68652A7829810000
(946688577.479992) can0 401#F37E000000000000
(946688577.489992) can0 18FF01EA#0B00120B0B00120B
(946688577.489992) can0 18FF02EA#0A00170B0A00170B
(946688577.509992) can0 18FF01EA#0900F60A0900F60A
(946688577.509992) can0 18FF02EA#0A00120B0A00120B
(946688577.509992) can0 18FF1085#0000010307010007
(946688577.509992) can0 400#646429812A7C0000
(946688577.509992) can0 401#F77F000000000000
(946688577.509992) can0 19B30007#00005E20AD580000
(946688577.509992) can0 19B30100#D8D8D8D8D8D8D8D8
(946688577.529992) can0 18FF01EA#0800DE0A0800DE0A
(946688577.529992) can0 18FF02EA#0A00EA0A0A00EA0A
(946688577.539992) can0 18FF1085#0000010306010006
(946688577.539992) can0 400#6363287D287E0000
(946688577.539992) can0 401#F57E000000000000
(946688577.549992) can0 18FF01EA#0700E70A0700E70A
(946688577.549992) can0 18FF02EA#0800DE0A0800DE0A
(946688577.569992) can0 18FF01EA#0800C10A0800C10A
(946688577.569992) can0 18FF02EA#0600BB0A0600BB0A
(946688577.569992) can0 18FF1085#0000010305010005
(946688577.569992) can0 400#65632979287B0000
(946688577.569992) can0 401#F97F000000000000
(946688577.589992) can0 18FF01EA#0700A90A0700A90A
(946688577.589992) can0 18FF02EA#0700AD0A0700AD0A
(946688577.599992) can0 18FF1085#0000010304010004
(946688577.599992) can0 400#6264287E29790000
(946688577.599992) can0 401#F77F000000000000
(946688577.609992) can0 18FF01EA#0700850A0700850A
(946688577.609992) can0 18FF02EA#0500A90A0500A90A
(946688577.619992) can0 19B30007#00005E20AD580000
(946688577.619992) can0 19B30100#D8D8D8D8D8D8D8D8
(946688577.629992) can0 18FF01EA#0500830A0500830A
(946688577.629992) can0 18FF02EA#05007B0A05007B0A
(946688577.629992) can0 18FF1085#0000010304010004
(946688577.629992) can0 400#6161297A297F0000
(946688577.629992) can0 401#FA7F000000000000
(946688577.649992) can0 18FF01EA#06007D0A06007D0A
(946688577.649992) can0 18FF02EA#03007A0A03007A0A
(946688577.659992) can0 18FF1085#0000010303010003
(946688577.659992) can0 400#60612979297F0000
(946688577.659992) can0 401#F87F000000000000
(946688577.669992) can0 18FF01EA#04005E0A04005E0A
(946688577.669992) can0 18FF02EA#0400540A0400540A
(946688577.689992) can0 18FF01EA#0500480A0500480A
(946688577.689992) can0 18FF02EA#0300410A0300410A
(946688577.689992) can0 18FF1085#0000010303010003
(946688577.689992) can0 400#5E5F297A297C0000
(946688577.689992) can0 401#FB7E000000000000
(946688577.709992) can0 18FF01EA#0300290A0300290A
(946688577.709992) can0 18FF02EA#0400380A0400380A
(946688577.719992) can0 18FF1085#0000010302010002
(946688577.719992) can0 400#5F5C287F287A0000
(946688577.719992) can0 401#F87E000000000000
(946688577.729992) can0 18FF01EA#02000E0A02000E0A
(946688577.729992) can0 18FF02EA#0100290A0100290A
(946688577.729992) can0 19B30007#00005E20AD580000
(946688577.729992) can0 19B30100#D8D8D8D8D8D8D8D8
(946688577.749992) can0 18FF01EA#0200170A0200170A
(946688577.749992) can0 18FF02EA#0400170A0400170A
(946688577.749992) can0 18FF1085#0000010302010002
(946688577.749992) can0 400#5D5E28772A760000
(946688577.749992) can0 401#F77E000000000000
(946688577.769992) can0 18FF01EA#0100080A0100080A
(946688577.769992) can0 18FF02EA#0200E7090200E709
(946688577.779992) can0 18FF1085#0000010301010001
(946688577.779992) can0 400#5C5C2876287F0000
(946688577.779992) can0 401#FA7E000000000000
(946688577.789992) can0 18FF01EA#0200E5090200E509
(946688577.789992) can0 18FF02EA#0300F3090300F309
(946688577.809992) can0 18FF01EA#0000D8090000D809
(946688577.809992) can0 18FF02EA#0100BF090100BF09
(946688577.809992) can0 18FF1085#0000010301010001
(946688577.809992) can0 400#5B5C2977297C0000
(946688577.809992) can0 401#FA7F000000000000
(946688577.829992) can0 18FF01EA#0300BF090300BF09
(946688577.829992) can0 18FF02EA#0100AA090100AA09
(946688577.839992) can0 18FF1085#0000010301010001
(946688577.839992) can0 400#5A5A2876287D0000
(946688577.839992) can0 401#F97F000000000000
(946688577.839992) can0 19B30007#00005E20AD580000
(946688577.839992) can0 19B30100#D8D8D8D8D8D8D8D8
(946688577.849992) can0 18FF01EA#0000B3090000B309
(946688577.849992) can0 18FF02EA#03009C0903009C09
(946688577.869992) can0 18FF01EA#0000A6090000A609
(946688577.869992) can0 18FF02EA#0100950901009509
(946688577.869992) can0 18FF1085#0000010301010001
(946688577.869992) can0 400#575A2A7B2A750000
(946688577.869992) can0 401#FA7E000000000000
(946688577.889992) can0 18FF01EA#0200760902007609
(946688577.889992) can0 18FF02EA#02007E0902007E09
(946688577.899992) can0 18FF1085#0000010301010001
(946688577.899992) can0 400#5A5728792A770000
(946688577.899992) can0 401#FB7E000000000000
(946688577.909992) can0 18FF01EA#0200690902006909
(946688577.909992) can0 18FF02EA#0000620900006209
(946688577.929991) can0 18FF01EA#0000610900006109
(946688577.929991) can0 18FF02EA#0200730902007309
(946688577.929991) can0 18FF1085#0000010300010000
(946688577.929991) can0 400#555828742A7C0000
(946688577.929991) can0 401#FA7E000000000000
(946688577.949991) can0 18FF01EA#0100570901005709
(946688577.949991) can0 18FF02EA#0000510900005109
(946688577.949991) can0 19B30007#00005E20AD580000
(946688577.949991) can0 19B30100#D8D8D8D8D8D8D8D8
(946688577.959991) can0 18FF1085#0000010300010000
(946688577.959991) can0 400#58552A7A28770000
(946688577.959991) can0 401#F97E000000000000
(946688577.969991) can0 18FF01EA#00004C0900004C09
(946688577.969991) can0 18FF02EA#00004D0900004D09
(946688577.989991) can0 18FF01EA#01001B0901001B09
(946688577.989991) can0 18FF02EA#0100240901002409
(946688577.989991) can0 18FF1085#0000010300010000
(946688577.989991) can0 400#5454287B287B0000
(946688577.989991) can0 401#FB7E000000000000
(946688578.009991) can0 18FF01EA#02000E0902000E09
(946688578.009991) can0 18FF02EA#0000110900001109
(946688578.019991) can0 18FF1085#0000010300010000
(946688578.019991) can0 400#55562A7428730000
(946688578.019991) can0 401#FB7F000000000000
(946688578.029991) can0 18FF01EA#0000200900002009
(946688578.029991) can0 18FF02EA#FFFF0B09FFFF0B09
(946688578.049991) can0 18FF01EA#0000ED080000ED08
(946688578.049991) can0 18FF02EA#FFFF0109FFFF0109
(946688578.049991) can0 18FF1085#0000010300010000
(946688578.049991) can0 400#555428792A7C0000
(946688578.049991) can0 401#F87F000000000000
(946688578.059991) can0 19B30007#00005E20AD580000
(946688578.059991) can0 19B30100#D8D8D8D8D8D8D8D8
(946688578.069991) can0 18FF01EA#0000ED080000ED08
(946688578.069991) can0 18FF02EA#0000E6080000E608
(946688578.079991) can0 18FF1085#0000010300010000
(946688578.079991) can0 400#5152297729730000
(946688578.079991) can0 401#FB7E000000000000
(946688578.089991) can0 18FF01EA#FFFFCE08FFFFCE08
(946688578.089991) can0 18FF02EA#FFFFED08FFFFED08
(946688578.109991) can0 18FF01EA#0100CB080100CB08
(946688578.109991) can0 18FF02EA#FFFFDC08FFFFDC08
(946688578.109991) can0 18FF1085#0000010300010000
(946688578.109991) can0 400#5050297429770000
(946688578.109991) can0 401#F97E000000000000
(946688578.129991) can0 18FF01EA#0000C8080000C808
(946688578.129991) can0 18FF02EA#0000B4080000B408
(946688578.139991) can0 18FF1085#0000010300010000
(946688578.139991) can0 400#524F2A7329780000
(946688578.139991) can0 401#F97F000000000000
(946688578.149991) can0 18FF01EA#0000A0080000A008
(946688578.149991) can0 18FF02EA#0000AB080000AB08
(946688578.169991) can0 18FF01EA#0000AD080000AD08
(946688578.169991) can0 18FF02EA#0100980801009808
(946688578.169991) can0 18FF1085#0000010300010000
(946688578.169991) can0 400#504E2A792A790000
(946688578.169991) can0 401#F87F000000000000
(946688578.169991) can0 19B30007#00005E20AD580000
(946688578.169991) can0 19B30100#D8D8D8D8D8D8D8D8
(946688578.189991) can0 18FF01EA#0100980801009808
(946688578.189991) can0 18FF02EA#0200920802009208
(946688578.199991) can0 18FF1085#0000010300010000
(946688578.199991) can0 400#4F4D287B297B0000
(946688578.199991) can0 401#F87E000000000000
(946688578.209991) can0 18FF01EA#FFFF8908FFFF8908
(946688578.209991) can0 18FF02EA#00008B0800008B08
(946688578.229991) can0 18FF01EA#01007D0801007D08
(946688578.229991) can0 18FF02EA#00005E0800005E08
(946688578.229991) can0 18FF1085#0000010300010000
(946688578.229991) can0 400#4E4C2A7A2A720000
(946688578.229991) can0 401#FA7E000000000000
(946688578.249991) can0 18FF01EA#01006B0801006B08
(946688578.249991) can0 18FF02EA#FFFF7408FFFF7408
(946688578.259991) can0 18FF1085#0000010300010000
(946688578.259991) can0 400#4C4E2A7529720000
(946688578.259991) can0 401#F97F000000000000
(946688578.269991) can0 18FF01EA#0000640800006408
(946688578.269991) can0 18FF02EA#00005B0800005B08
(946688578.279991) can0 19B30007#00005E20AD580000
(946688578.279991) can0 19B30100#D8D8D8D8D8D8D8D8
(946688578.289991) can0 18FF01EA#00004E0800004E08
(946688578.289991) can0 18FF02EA#FFFF3C08FFFF3C08
(946688578.289991) can0 18FF1085#0000010300010000
(946688578.289991) can0 400#4D4D29732A750000
(946688578.289991) can0 401#F97E000000000000
(946688578.309991) can0 18FF01EA#0100420801004208
(946688578.309991) can0 18FF02EA#0000410800004108
(946688578.319991) can0 18FF1085#0000010300010000
(946688578.319991) can0 400#4D4A2A7A28740000
(946688578.319991) can0 401#F87F000000000000
(946688578.329991) can0 18FF01EA#00002B0800002B08
(946688578.329991) can0 18FF02EA#0000230800002308
(946688578.349991) can0 18FF01EA#00000E0800000E08
(946688578.349991) can0 18FF02EA#0000220800002208
(946688578.349991) can0 18FF1085#0000010300010000
(946688578.349991) can0 400#4A4C287328780000
(946688578.349991) can0 401#FA7E000000000000
(946688578.369991) can0 18FF01EA#0100FB070100FB07
(946688578.369991) can0 18FF02EA#FFFFFE07FFFFFE07
(946688578.379991) can0 18FF1085#0000010300010000
(946688578.379991) can0 400#494A297728780000
(946688578.379991) can0 401#FB7F000000000000
(946688578.389991) can0 18FF01EA#FFFFF007FFFFF007
(946688578.389991) can0 18FF02EA#FFFF0C08FFFF0C08
(946688578.389991) can0 19B30007#00005E20AD580000
(946688578.389991) can0 19B30100#D8D8D8D8D8D8D8D8
(946688578.409991) can0 18FF01EA#0000EF070000EF07
(946688578.409991) can0 18FF02EA#FFFFE907FFFFE907
(946688578.409991) can0 18FF1085#0000010300010000
(946688578.409991) can0 400#4A48287528720000
(946688578.409991) can0 401#F87F000000000000
(946688578.429991) can0 18FF01EA#0000F1070000F107
(946688578.429991) can0 18FF02EA#FFFFD507FFFFD507
(946688578.439991) can0 18FF1085#0000010300010000
(946688578.439991) can0 400#4847297629740000
(946688578.439991) can0 401#F97E000000000000
(946688578.449991) can0 18FF01EA#0100EB070100EB07
(946688578.449991) can0 18FF02EA#0000DD070000DD07
(946688578.469991) can0 18FF01EA#0000CE070000CE07
(946688578.469991) can0 18FF02EA#FFFFCD07FFFFCD07
(946688578.469991) can0 18FF1085#0000010300010000
(946688578.469991) can0 400#494929762A770000
(946688578.469991) can0 401#FA7F000000000000
(946688578.489991) can0 18FF01EA#0000C5070000C507
(946688578.489991) can0 18FF02EA#FFFFBE07FFFFBE07
(946688578.499991) can0 18FF1085#0000010300010000
(946688578.499991) can0 400#4648287628770000
(946688578.499991) can0 401#FB7E000000000000
(946688578.499991) can0 19B30007#00005E20AD580000
(946688578.499991) can0 19B30100#D8D8D8D8D8D8D8D8
(946688578.509991) can0 18FF01EA#FFFFAD07FFFFAD07
(946688578.509991) can0 18FF02EA#0000AE070000AE07
(946688578.529991) can0 18FF01EA#FFFF9907FFFF9907
(946688578.529991) can0 18FF02EA#FFFFB307FFFFB307
(946688578.529991) can0 18FF1085#0000010300010000
(946688578.529991) can0 400#4748297129750000
(946688578.529991) can0 401#F87F000000000000
(946688578.549991) can0 18FF01EA#FFFF9307FFFF9307
(946688578.549991) can0 18FF02EA#00009F0700009F07
(946688578.559991) can0 18FF1085#0000010300010000
(946688578.559991) can0 400#48482A702A790000
(946688578.559991) can0 401#FA7E000000000000
(946688578.569991) can0 18FF01EA#00009C0700009C07
(946688578.569991) can0 18FF02EA#00008B0700008B07
(946688578.589991) can0 18FF01EA#0000740700007407
(946688578.589991) can0 18FF02EA#0100810701008107
(946688578.589991) can0 18FF1085#0000010300010000
(946688578.589991) can0 400#4544287529740000
(946688578.589991) can0 401#FA7E000000000000
(946688578.609991) can0 18FF01EA#0000720700007207
(946688578.609991) can0 18FF02EA#00008B0700008B07
(946688578.609991) can0 19B30007#00005E20AD580000
(946688578.609991) can0 19B30100#D8D8D8D8D8D8D8D8
(946688578.619991) can0 18FF1085#0000010300010000
(946688578.619991) can0 400#44462A7529700000
(946688578.619991) can0 401#F87E000000000000
(946688578.629991) can0 18FF01EA#00007F0700007F07
(946688578.629991) can0 18FF02EA#FFFF6F07FFFF6F07
(946688578.649991) can0 18FF01EA#0000560700005607
(946688578.649991) can0 18FF02EA#01006B0701006B07
(946688578.649991) can0 18FF1085#0000010300010000
(946688578.649991) can0 400#44462A732A720000
(946688578.649991) can0 401#F87E000000000000
(946688578.669991) can0 18FF01EA#0000580700005807
(946688578.669991) can0 18FF02EA#00005F0700005F07
(946688578.679991) can0 18FF1085#0000010300010000
(946688578.679991) can0 400#44442A7429730000
(946688578.679991) can0 401#F87F000000000000
(946688578.689991) can0 18FF01EA#00004C0700004C07
(946688578.689991) can0 18FF02EA#01005D0701005D07
(946688578.709991) can0 18FF01EA#FFFF3507FFFF3507
(946688578.709991) can0 18FF02EA#FFFF2F07FFFF2F07
(946688578.709991) can0 18FF1085#0000010300010000
(946688578.709991) can0 400#4245297128780000
(946688578.709991) can0 401#F97E000000000000
(946688578.719991) can0 19B30007#00005E20AD580000
(946688578.719991) can0 19B30100#D8D8D8D8D8D8D8D8
(946688578.729991) can0 18FF01EA#0100440701004407
(946688578.729991) can0 18FF02EA#0100310701003107
(946688578.739991) can0 18FF1085#0000010300010000
(946688578.739991) can0 400#414329742A740000
(946688578.739991) can0 401#F87E000000000000
(946688578.749991) can0 18FF01EA#0100260701002607
(946688578.749991) can0 18FF02EA#0000370700003707
(946688578.769991) can0 18FF01EA#FFFF2C07FFFF2C07
(946688578.769991) can0 18FF02EA#0000250700002507
(946688578.769991) can0 18FF1085#0000010300010000
(946688578.769991) can0 400#4240287428700000
(946688578.769991) can0 401#FB7E000000000000
(946688578.789991) can0 18FF01EA#0000160700001607
(946688578.789991) can0 18FF02EA#00000A0700000A07
(946688578.799991) can0 18FF1085#0000010300010000
(946688578.799991) can0 400#42412A7229780000
(946688578.799991) can0 401#F87E000000000000
(946688578.809991) can0 18FF01EA#00000C0700000C07
(946688578.809991) can0 18FF02EA#FFFF1207FFFF1207
(946688578.829991) can0 18FF01EA#0000EF060000EF06
(946688578.829991) can0 18FF02EA#0100F0060100F006
(946688578.829991) can0 18FF1085#0000010300010000
(946688578.829991) can0 400#423F29732A770000
(946688578.829991) can0 401#FB7F000000000000
(946688578.829991) can0 19B30007#00005E20AD580000
(946688578.829991) can0 19B30100#D8D8D8D8D8D8D8D8
(946688578.849991) can0 18FF01EA#FFFFF106FFFFF106
(946688578.849991) can0 18FF02EA#0000050700000507
(946688578.859991) can0 18FF1085#0000010300010000
(946688578.859991) can0 400#3F4029772A770000
(946688578.859991) can0 401#F97E000000000000
(946688578.869991) can0 18FF01EA#0100EC060100EC06
(946688578.869991) can0 18FF02EA#0000EC060000EC06
(946688578.889991) can0 18FF01EA#0100DB060100DB06
(946688578.889991) can0 18FF02EA#0000D0060000D006
(946688578.889991) can0 18FF1085#0000010300010000
(946688578.889991) can0 400#403F297129700000
(946688578.889991) can0 401#FB7F000000000000
(946688578.909991) can0 18FF01EA#0000CC060000CC06
(946688578.909991) can0 18FF02EA#0100CF060100CF06
(946688578.919991) can0 18FF1085#0000010300010000
(946688578.919991) can0 400#3D41287529720000
(946688578.919991) can0 401#FA7E000000000000
(946688578.929991) can0 18FF01EA#0000C3060000C306
(946688578.929991) can0 18FF02EA#0000BA060000BA06
(946688578.939991) can0 19B30007#00005E20AD580000
(946688578.939991) can0 19B30100#D8D8D8D8D8D8D8D8
(946688578.949991) can0 18FF01EA#0000C2060000C206
(946688578.949991) can0 18FF02EA#FFFFC006FFFFC006
(946688578.949991) can0 18FF1085#0000010300010000
(946688578.949991) can0 400#3E3F296E29720000
(946688578.949991) can0 401#FA7F000000000000
(946688578.969990) can0 18FF01EA#0100B4060100B406
(946688578.969990) can0 18FF02EA#0000A6060000A606
(946688578.979990) can0 18FF1085#0000010300010000
(946688578.979990) can0 400#3E3F2A7029710000
(946688578.979990) can0 401#FA7E000000000000
(946688578.989990) can0 18FF01EA#00009E0600009E06
(946688578.989990) can0 18FF02EA#0000A7060000A706
(946688579.009990) can0 18FF01EA#00009B0600009B06
(946688579.009990) can0 18FF02EA#0000940600009406
(946688579.009990) can0 18FF1085#0000010300010000
(946688579.009990) can0 400#3D3F29702A710000
(946688579.009990) can0 401#F97F000000000000
(946688579.029990) can0 18FF01EA#FFFF9C06FFFF9C06
(946688579.029990) can0 18FF02EA#00008A0600008A06
(946688579.039990) can0 18FF1085#0000010300010000
(946688579.039990) can0 400#3E3E2A6E28710000
(946688579.039990) can0 401#FA7F000000000000
(946688579.049990) can0 18FF01EA#FFFF8F06FFFF8F06
(946688579.049990) can0 18FF02EA#0100970601009706
(946688579.049990) can0 19B30007#00005E20AD580000
(946688579.049990) can0 19B30100#D8D8D8D8D8D8D8D8
(946688579.069990) can0 18FF01EA#FFFF8306FFFF8306
(946688579.069990) can0 18FF02EA#00008C0600008C06
(946688579.069990) can0 18FF1085#0000010300010000
(946688579.069990) can0 400#3C3E2A742A740000
(946688579.069990) can0 401#F97F000000000000
(946688579.089990) can0 18FF01EA#0100780601007806
(946688579.089990) can0 18FF02EA#FFFF7606FFFF7606
(946688579.099990) can0 18FF1085#0000010300010000
(946688579.099990) can0 400#3D3E297228770000
(946688579.099990) can0 401#F97F000000000000
(946688579.109990) can0 18FF01EA#0000870600008706
(946688579.109990) can0 18FF02EA#01006D0601006D06
(946688579.129990) can0 18FF01EA#00006B0600006B06
(946688579.129990) can0 18FF02EA#0000620600006206
(946688579.129990) can0 18FF1085#0000010300010000
(946688579.129990) can0 400#3C3C2976296D0000
(946688579.129990) can0 401#FB7F000000000000
(946688579.149990) can0 18FF01EA#0000710600007106
(946688579.149990) can0 18FF02EA#00005C0600005C06
(946688579.159990) can0 18FF1085#0000010300010000
(946688579.159990) can0 400#3B3A296F296E0000
(946688579.159990) can0 401#F97E000000000000
(946688579.159990) can0 19B30007#00005E20AD580000
(946688579.159990) can0 19B30100#D8D8D8D8D8D8D8D8
(946688579.169990) can0 18FF01EA#00005C0600005C06
(946688579.169990) can0 18FF02EA#0000470600004706
(946688579.189990) can0 18FF01EA#FFFF5F06FFFF5F06
(946688579.189990) can0 18FF02EA#0000590600005906
(946688579.189990) can0 18FF1085#0000010300010000
(946688579.189990) can0 400#393929762A750000
(946688579.189990) can0 401#FA7F000000000000
(946688579.209990) can0 18FF01EA#00004D0600004D06
(946688579.209990) can0 18FF02EA#FFFF5006FFFF5006
(946688579.219990) can0 18FF1085#0000010300010000
(946688579.219990) can0 400#3C3B296F29730000
(946688579.219990) can0 401#F87E000000000000
(946688579.229990) can0 18FF01EA#0000330600003306
(946688579.229990) can0 18FF02EA#00002D0600002D06
(946688579.249990) can0 18FF01EA#0000460600004606
(946688579.249990) can0 18FF02EA#00003B0600003B06
(946688579.249990) can0 18FF1085#0000010300010000
(946688579.249990) can0 400#39382A732A720000
(946688579.249990) can0 401#F87E000000000000
(946688579.269990) can0 18FF01EA#0000310600003106
(946688579.269990) can0 18FF02EA#FFFF3106FFFF3106
(946688579.269990) can0 19B30007#00005E20AD580000
(946688579.269990) can0 19B30100#D8D8D8D8D8D8D8D8
(946688579.279990) can0 18FF1085#0000010300010000
(946688579.279990) can0 400#3B3B2A6D296D0000
(946688579.279990) can0 401#F87F000000000000
(946688579.289990) can0 18FF01EA#00003A0600003A06
(946688579.289990) can0 18FF02EA#00003A0600003A06
(946688579.309990) can0 18FF01EA#0000200600002006
(946688579.309990) can0 18FF02EA#0000130600001306
(946688579.309990) can0 18FF1085#0000010300010000
(946688579.309990) can0 400#3837286E29750000
(946688579.309990) can0 401#FA7F000000000000
(946688579.329990) can0 18FF01EA#0100290601002906
(946688579.329990) can0 18FF02EA#0100150601001506
(946688579.339990) can0 18FF1085#0000010300010000
(946688579.339990) can0 400#3738296F28720000
(946688579.339990) can0 401#F87E000000000000
(946688579.349990) can0 18FF01EA#FFFF0B06FFFF0B06
(946688579.349990) can0 18FF02EA#0100100601001006
(946688579.369990) can0 18FF01EA#0100060601000606
(946688579.369990) can0 18FF02EA#FFFF1A06FFFF1A06
(946688579.369990) can0 18FF1085#0000010300010000
(946688579.369990) can0 400#3738296C28720000
(946688579.369990) can0 401#F97F000000000000
(946688579.379990) can0 19B30007#00005E20AD580000
(946688579.379990) can0 19B30100#D8D8D8D8D8D8D8D8
(946688579.389990) can0 18FF01EA#0000FB050000FB05
(946688579.389990) can0 18FF02EA#0000090600000906
(946688579.399990) can0 18FF1085#0000010300010000
(946688579.399990) can0 400#39362A6F29710000
(946688579.399990) can0 401#FB7E000000000000
(946688579.409990) can0 18FF01EA#FFFF0306FFFF0306
(946688579.409990) can0 18FF02EA#FFFF0006FFFF0006
(946688579.429990) can0 18FF01EA#FFFFFE05FFFFFE05
(946688579.429990) can0 18FF02EA#0000E9050000E905
(946688579.429990) can0 18FF1085#0000010300010000
(946688579.429990) can0 400#353729702A6D0000
(946688579.429990) can0 401#F97E000000000000
(946688579.449990) can0 18FF01EA#FFFFF905FFFFF905
(946688579.449990) can0 18FF02EA#0000E3050000E305
(946688579.459990) can0 18FF1085#0000010300010000
(946688579.459990) can0 400#3636296D2A730000
(946688579.459990) can0 401#FB7E000000000000
(946688579.469990) can0 18FF01EA#0000DD050000DD05
(946688579.469990) can0 18FF02EA#0100E8050100E805
(946688579.489990) can0 18FF01EA#0000E9050000E905
(946688579.489990) can0 18FF02EA#FFFFD405FFFFD405
(946688579.489990) can0 18FF1085#0000010300010000
(946688579.489990) can0 400#3634286C296C0000
(946688579.489990) can0 401#F97F000000000000
(946688579.489990) can0 19B30007#00005E20AD580000
(946688579.489990) can0 19B30100#D8D8D8D8D8D8D8D8
(946688579.509990) can0 18FF01EA#0000E3050000E305
(946688579.509990) can0 18FF02EA#0000D7050000D705
(946688579.519990) can0 18FF1085#0000010300010000
(946688579.519990) can0 400#34342A7329750000
(946688579.519990) can0 401#FA7E000000000000
(946688579.529990) can0 18FF01EA#FFFFC405FFFFC405
(946688579.529990) can0 18FF02EA#0000D1050000D105
(946688579.549990) can0 18FF01EA#0100B1050100B105
(946688579.549990) can0 18FF02EA#0000D4050000D405
(946688579.549990) can0 18FF1085#0000010300010000
(946688579.549990) can0 400#3737297228740000
(946688579.549990) can0 401#FA7E000000000000
(946688579.569990) can0 18FF01EA#0100BD050100BD05
(946688579.569990) can0 18FF02EA#0000C7050000C705
(946688579.579990) can0 18FF1085#0000010300010000
(946688579.579990) can0 400#35332A74286E0000
(946688579.579990) can0 401#FA7E000000000000
(946688579.589990) can0 18FF01EA#0100A5050100A505
(946688579.589990) can0 18FF02EA#0000B1050000B105
(946688579.599990) can0 19B30007#00005E20AD580000
(946688579.599990) can0 19B30100#D8D8D8D8D8D8D8D8
(946688579.609990) can0 18FF01EA#FFFFB305FFFFB305
(946688579.609990) can0 18FF02EA#FFFFBE05FFFFBE05
(946688579.609990) can0 18FF1085#0000010300010000
(946688579.609990) can0 400#3633296E29720000
(946688579.609990) can0 401#FB7E000000000000
(946688579.629990) can0 18FF01EA#FFFFAF05FFFFAF05
(946688579.629990) can0 18FF02EA#FFFFA805FFFFA805
(946688579.639990) can0 18FF1085#0000010300010000
(946688579.639990) can0 400#36352A6B2A700000
(946688579.639990) can0 401#FA7E000000000000
(946688579.649990) can0 18FF01EA#0000970500009705
(946688579.649990) can0 18FF02EA#FFFF9705FFFF9705
(946688579.669990) can0 18FF01EA#0000A9050000A905
(946688579.669990) can0 18FF02EA#00009C0500009C05
(946688579.669990) can0 18FF1085#0000010300010000
(946688579.669990) can0 400#32322A712A740000
(946688579.669990) can0 401#F87E000000000000
(946688579.689990) can0 18FF01EA#0100A0050100A005
(946688579.689990) can0 18FF02EA#FFFFA205FFFFA205
(946688579.699990) can0 18FF1085#0000010300010000
(946688579.699990) can0 400#32332A6E296F0000
(946688579.699990) can0 401#F97F000000000000
(946688579.709990) can0 18FF01EA#0000940500009405
(946688579.709990) can0 18FF02EA#00007D0500007D05
(946688579.709990) can0 19B30007#00005E20AD580000
(946688579.709990) can0 19B30100#D8D8D8D8D8D8D8D8
(946688579.729990) can0 18FF01EA#FFFF7805FFFF7805
(946688579.729990) can0 18FF02EA#00007F0500007F05
(946688579.729990) can0 18FF1085#0000010300010000
(946688579.729990) can0 400#34312871296C0000
(946688579.729990) can0 401#F97E000000000000
(946688579.749990) can0 18FF01EA#0000730500007305
(946688579.749990) can0 18FF02EA#00006C0500006C05
(946688579.759990) can0 18FF1085#0000010300010000
(946688579.759990) can0 400#3133296E29730000
(946688579.759990) can0 401#F97E000000000000
(946688579.769990) can0 18FF01EA#0100600501006005
(946688579.769990) can0 18FF02EA#01007C0501007C05
(946688579.789990) can0 18FF01EA#0000690500006905
(946688579.789990) can0 18FF02EA#00007A0500007A05
(946688579.789990) can0 18FF1085#0000010300010000
(946688579.789990) can0 400#32342972286E0000
(946688579.789990) can0 401#FB7E000000000000
(946688579.809990) can0 18FF01EA#0000770500007705
(946688579.809990) can0 18FF02EA#01007A0501007A05
(946688579.819990) can0 18FF1085#0000010300010000
(946688579.819990) can0 400#31322971296D0000
(946688579.819990) can0 401#FB7E000000000000
(946688579.819990) can0 19B30007#00005E20AD580000
(946688579.819990) can0 19B30100#D8D8D8D8D8D8D8D8
(946688579.829990) can0 18FF01EA#0100680501006805
(946688579.829990) can0 18FF02EA#0000660500006605
(946688579.849990) can0 18FF01EA#0000630500006305
(946688579.849990) can0 18FF02EA#00004F0500004F05
(946688579.849990) can0 18FF1085#0000010300010000
(946688579.849990) can0 400#3031296C29720000
(946688579.849990) can0 401#F87F000000000000
(946688579.869990) can0 18FF01EA#FFFF4605FFFF4605
(946688579.869990) can0 18FF02EA#0000530500005305
(946688579.879990) can0 18FF1085#0000010300010000
(946688579.879990) can0 400#2F3229712A700000
(946688579.879990) can0 401#FA7E000000000000
(946688579.889990) can0 18FF01EA#00005E0500005E05
(946688579.889990) can0 18FF02EA#01003F0501003F05
(946688579.909990) can0 18FF01EA#0000460500004605
(946688579.909990) can0 18FF02EA#0000530500005305
(946688579.909990) can0 18FF1085#0000010300010000
(946688579.909990) can0 400#2F30296E2A6F0000
(946688579.909990) can0 401#FB7E000000000000
(946688579.929990) can0 18FF01EA#0000460500004605
(946688579.929990) can0 18FF02EA#FFFF2F05FFFF2F05
(946688579.929990) can0 19B30007#00005E20AD580000
(946688579.929990) can0 19B30100#D8D8D8D8D8D8D8D8
(946688579.939990) can0 18FF1085#0000010300010000
(946688579.939990) can0 400#2F312970296C0000
(946688579.939990) can0 401#FA7F000000000000
(946688579.949990) can0 18FF01EA#0000270500002705
(946688579.949990) can0 18FF02EA#0000440500004405
(946688579.969990) can0 18FF01EA#FFFF4405FFFF4405
(946688579.969990) can0 18FF02EA#00002A0500002A05
(946688579.969990) can0 18FF1085#0000010300010000
(946688579.969990) can0 400#31312A6D296B0000
(946688579.969990) can0 401#F97F000000000000
(946688579.989990) can0 18FF01EA#0000220500002205
(946688579.989990) can0 18FF02EA#FFFF2605FFFF2605
(946688579.999990) can0 18FF1085#0000010300010000
(946688579.999990) can0 400#302E2970296E0000
(946688579.999990) can0 401#FB7F000000000000
(946688580.009990) can0 18FF01EA#0000230500002305
(946688580.009990) can0 18FF02EA#0000320500003205
(946688580.029989) can0 18FF01EA#0100290501002905
(946688580.029989) can0 18FF02EA#FFFF2B05FFFF2B05
(946688580.029989) can0 18FF1085#0000010300010000
(946688580.029989) can0 400#30302A6E286B0000
(946688580.029989) can0 401#F87E000000000000
(946688580.039989) can0 19B30007#00005E20AD580000
(946688580.039989) can0 19B30100#D8D8D8D8D8D8D8D8
(946688580.049989) can0 18FF01EA#0000170500001705
(946688580.049989) can0 18FF02EA#FFFF2305FFFF2305
(946688580.059989) can0 18FF1085#0000010300010000
(946688580.059989) can0 400#2E30296D2A700000
(946688580.059989) can0 401#F97F000000000000
(946688580.069989) can0 18FF01EA#0100190501001905
(946688580.069989) can0 18FF02EA#0000030500000305
(946688580.089989) can0 18FF01EA#0000000500000005
(946688580.089989) can0 18FF02EA#0100FF040100FF04
(946688580.089989) can0 18FF1085#0000010300010000
(946688580.089989) can0 400#2F31296A296B0000
(946688580.089989) can0 401#F87F000000000000
(946688580.109989) can0 18FF01EA#0100070501000705
(946688580.109989) can0 18FF02EA#0000FD040000FD04
(946688580.119989) can0 18FF1085#0000010300010000
(946688580.119989) can0 400#2E2E297028700000
(946688580.119989) can0 401#FB7E000000000000
(946688580.129989) can0 18FF01EA#0000010500000105
(946688580.129989) can0 18FF02EA#0000FB040000FB04
(946688580.149989) can0 18FF01EA#0100110501001105
(946688580.149989) can0 18FF02EA#FFFF0A05FFFF0A05
(946688580.149989) can0 18FF1085#0000010300010000
(946688580.149989) can0 400#2C2F296E296E0000
(946688580.149989) can0 401#F87F000000000000
(946688580.149989) can0 19B30007#00005E20AD580000
(946688580.149989) can0 19B30100#D8D8D8D8D8D8D8D8
(946688580.169989) can0 18FF01EA#0000EE040000EE04
(946688580.169989) can0 18FF02EA#0100FB040100FB04
(946688580.179989) can0 18FF1085#0000010300010000
(946688580.179989) can0 400#2C2E29722A6B0000
(946688580.179989) can0 401#FB7E000000000000
(946688580.189989) can0 18FF01EA#0100FF040100FF04
(946688580.189989) can0 18FF02EA#0100F9040100F904
(946688580.209989) can0 18FF01EA#0000EA040000EA04
(946688580.209989) can0 18FF02EA#0000E3040000E304
(946688580.209989) can0 18FF1085#0000010300010000
(946688580.209989) can0 400#2C2F296929690000
(946688580.209989) can0 401#F97F000000000000
(946688580.229989) can0 18FF01EA#0100F1040100F104
(946688580.229989) can0 18FF02EA#0100D7040100D704
(946688580.239989) can0 18FF1085#0000010300010000
(946688580.239989) can0 400#2E2D2A7129730000
(946688580.239989) can0 401#F97F000000000000
(946688580.249989) can0 18FF01EA#0000F5040000F504
(946688580.249989) can0 18FF02EA#FFFFEA04FFFFEA04
(946688580.259989) can0 19B30007#00005E20AD580000
(946688580.259989) can0 19B30100#D8D8D8D8D8D8D8D8
(946688580.269989) can0 18FF01EA#0100CD040100CD04
(946688580.269989) can0 18FF02EA#0000CA040000CA04
(946688580.269989) can0 18FF1085#0000010300010000
(946688580.269989) can0 400#2E2E29692A6E0000
(946688580.269989) can0 401#FB7F000000000000
(946688580.289989) can0 18FF01EA#0100E6040100E604
(946688580.289989) can0 18FF02EA#0000E4040000E404
(946688580.299989) can0 18FF1085#0000010300010000
(946688580.299989) can0 400#2C2B29722A700000
(946688580.299989) can0 401#F87E000000000000
(946688580.309989) can0 18FF01EA#0000E1040000E104
(946688580.309989) can0 18FF02EA#FFFFBE04FFFFBE04
(946688580.329989) can0 18FF01EA#0000D1040000D104
(946688580.329989) can0 18FF02EA#0100D1040100D104
(946688580.329989) can0 18FF1085#0000010300010000
(946688580.329989) can0 400#2D2E2A6D2A690000
(946688580.329989) can0 401#F97F000000000000
(946688580.349989) can0 18FF01EA#0000D0040000D004
(946688580.349989) can0 18FF02EA#0100C3040100C304
(946688580.359989) can0 18FF1085#0000010300010000
(946688580.359989) can0 400#2E2B2A69296A0000
(946688580.359989) can0 401#F87E000000000000
(946688580.369989) can0 18FF01EA#0000C2040000C204
(946688580.369989) can0 18FF02EA#0100C2040100C204
(946688580.369989) can0 19B30007#00005E20AD580000
(946688580.369989) can0 19B30100#D8D8D8D8D8D8D8D8
(946688580.389989) can0 18FF01EA#0000C9040000C904
(946688580.389989) can0 18FF02EA#0100B5040100B504
(946688580.389989) can0 18FF1085#0000010300010000
(946688580.389989) can0 400#2A2D29712A6A0000
(946688580.389989) can0 401#F87F000000000000
(946688580.409989) can0 18FF01EA#0000A9040000A904
(946688580.409989) can0 18FF02EA#0000C1040000C104
(946688580.419989) can0 18FF1085#0000010300010000
(946688580.419989) can0 400#2D2D29722A6A0000
(946688580.419989) can0 401#FB7E000000000000
(946688580.429989) can0 18FF01EA#0000AF040000AF04
(946688580.429989) can0 18FF02EA#0000C6040000C604
(946688580.449989) can0 18FF01EA#FFFFB304FFFFB304
(946688580.449989) can0 18FF02EA#0000990400009904
(946688580.449989) can0 18FF1085#0000010300010000
(946688580.449989) can0 400#2C29296B296C0000
(946688580.449989) can0 401#F87E000000000000
(946688580.469989) can0 18FF01EA#00009B0400009B04
(946688580.469989) can0 18FF02EA#0100A6040100A604
(946688580.479989) can0 18FF1085#0000010300010000
(946688580.479989) can0 400#2A2B2A6A29690000
(946688580.479989) can0 401#FB7F000000000000
(946688580.479989) can0 19B30007#00005E20AD580000
(946688580.479989) can0 19B30100#D8D8D8D8D8D8D8D8
(946688580.489989) can0 18FF01EA#00009C0400009C04
(946688580.489989) can0 18FF02EA#0000B2040000B204
(946688580.509989) can0 18FF01EA#01008F0401008F04
(946688580.509989) can0 18FF02EA#01009A0401009A04
(946688580.509989) can0 18FF1085#0000010300010000
(946688580.509989) can0 400#2B2B296E286E0000
(946688580.509989) can0 401#FA7E000000000000
(946688580.529989) can0 18FF01EA#0000980400009804
(946688580.529989) can0 18FF02EA#00008C0400008C04
(946688580.539989) can0 18FF1085#0000010300010000
(946688580.539989) can0 400#282A297229700000
(946688580.539989) can0 401#F87F000000000000
(946688580.549989) can0 18FF01EA#0100930401009304
(946688580.549989) can0 18FF02EA#FFFF9904FFFF9904
(946688580.569989) can0 18FF01EA#FFFF8A04FFFF8A04
(946688580.569989) can0 18FF02EA#0100870401008704
(946688580.569989) can0 18FF1085#0000010300010000
(946688580.569989) can0 400#282B2A7029710000
(946688580.569989) can0 401#FA7F000000000000
(946688580.589989) can0 18FF01EA#01007A0401007A04
(946688580.589989) can0 18FF02EA#0100950401009504
(946688580.589989) can0 19B30007#00005E20AD580000
(946688580.589989) can0 19B30100#D8D8D8D8D8D8D8D8
(946688580.599989) can0 18FF1085#0000010300010000
(946688580.599989) can0 400#292A296F2A6E0000
(946688580.599989) can0 401#FB7E000000000000
(946688580.609989) can0 18FF01EA#01007D0401007D04
(946688580.609989) can0 18FF02EA#0000870400008704
(946688580.629989) can0 18FF01EA#0000930400009304
(946688580.629989) can0 18FF02EA#00007F0400007F04
(946688580.629989) can0 18FF1085#0000010300010000
(946688580.629989) can0 400#2B2A2A6D2A6C0000
(946688580.629989) can0 401#F97E000000000000
(946688580.649989) can0 18FF01EA#00006D0400006D04
(946688580.649989) can0 18FF02EA#0100800401008004
(946688580.659989) can0 18FF1085#0000010300010000
(946688580.659989) can0 400#292A29682A6C0000
(946688580.659989) can0 401#FB7F000000000000
(946688580.669989) can0 18FF01EA#0100810401008104
(946688580.669989) can0 18FF02EA#0100840401008404
(946688580.689989) can0 18FF01EA#00006F0400006F04
(946688580.689989) can0 18FF02EA#FFFF7804FFFF7804
(946688580.689989) can0 18FF1085#0000010300010000
(946688580.689989) can0 400#2827296D2A6D0000
(946688580.689989) can0 401#F87E000000000000
(946688580.699989) can0 19B30007#00005E20AD580000
(946688580.699989) can0 19B30100#D8D8D8D8D8D8D8D8
(946688580.709989) can0 18FF01EA#00006F0400006F04
(946688580.709989) can0 18FF02EA#00005C0400005C04
(946688580.719989) can0 18FF1085#0000010300010000
(946688580.719989) can0 400#282A296B2A720000
(946688580.719989) can0 401#F97E000000000000
(946688580.729989) can0 18FF01EA#01007C0401007C04
(946688580.729989) can0 18FF02EA#0100650401006504
(946688580.749989) can0 18FF01EA#00005E0400005E04
(946688580.749989) can0 18FF02EA#FFFF7504FFFF7504
(946688580.749989) can0 18FF1085#0000010300010000
(946688580.749989) can0 400#2729296B296D0000
(946688580.749989) can0 401#F87E000000000000
(946688580.769989) can0 18FF01EA#00005D0400005D04
(946688580.769989) can0 18FF02EA#0100580401005804
(946688580.779989) can0 18FF1085#0000010300010000
(946688580.779989) can0 400#292928712A680000
(946688580.779989) can0 401#FB7F000000000000
(946688580.789989) can0 18FF01EA#0100530401005304
(946688580.789989) can0 18FF02EA#0000540400005404
(946688580.809989) can0 18FF01EA#00005D0400005D04
(946688580.809989) can0 18FF02EA#FFFF5D04FFFF5D04
(946688580.809989) can0 18FF1085#0000010300010000
(946688580.809989) can0 400#2729296D2A6A0000
(946688580.809989) can0 401#FB7F000000000000
(946688580.809989) can0 19B30007#00005E20AD580000
(946688580.809989) can0 19B30100#D8D8D8D8D8D8D8D8
(946688580.829989) can0 18FF01EA#0000610400006104
(946688580.829989) can0 18FF02EA#FFFF4B04FFFF4B04
(946688580.839989) can0 18FF1085#0000010300010000
(946688580.839989) can0 400#28282A6B296A0000
(946688580.839989) can0 401#F97F000000000000
(946688580.849989) can0 18FF01EA#0000530400005304
(946688580.849989) can0 18FF02EA#0100450401004504
(946688580.869989) can0 18FF01EA#0000470400004704
(946688580.869989) can0 18FF02EA#0000500400005004
(946688580.869989) can0 18FF1085#0000010300010000
(946688580.869989) can0 400#2827296C2A6A0000
(946688580.869989) can0 401#F87F000000000000
(946688580.889989) can0 18FF01EA#0000370400003704
(946688580.889989) can0 18FF02EA#0000480400004804
(946688580.899989) can0 18FF1085#0000010300010000
(946688580.899989) can0 400#29262A68296D0000
(946688580.899989) can0 401#FB7E000000000000
(946688580.909989) can0 18FF01EA#FFFF4304FFFF4304
(946688580.909989) can0 18FF02EA#0100390401003904
(946688580.919989) can0 19B30007#00005E20AD580000
(946688580.919989) can0 19B30100#D8D8D8D8D8D8D8D8
(946688580.929989) can0 18FF01EA#0000450400004504
(946688580.929989) can0 18FF02EA#0100470401004704
(946688580.929989) can0 18FF1085#0000010300010000
(946688580.929989) can0 400#2828296B28680000
(946688580.929989) can0 401#F97E000000000000
(946688580.949989) can0 18FF01EA#FFFF4004FFFF4004
(946688580.949989) can0 18FF02EA#0000280400002804
(946688580.959989) can0 18FF1085#0000010300010000
(946688580.959989) can0 400#26252A6B296E0000
(946688580.959989) can0 401#F97F000000000000
(946688580.969989) can0 18FF01EA#0000250400002504
(946688580.969989) can0 18FF02EA#0000430400004304
(946688580.989989) can0 18FF01EA#FFFF2204FFFF2204
(946688580.989989) can0 18FF02EA#00002D0400002D04
(946688580.989989) can0 18FF1085#0000010300010000
(946688580.989989) can0 400#26272A6B2A6D0000
(946688580.989989) can0 401#FB7F000000000000
(946688581.009989) can0 18FF01EA#01002F0401002F04
(946688581.009989) can0 18FF02EA#0000260400002604
(946688581.019989) can0 18FF1085#0000010300010000
(946688581.019989) can0 400#262629702A710000
(946688581.019989) can0 401#E67E000000000000
(946688581.029989) can0 18FF01EA#0000230400002304
(946688581.029989) can0 18FF02EA#FFFF3104FFFF3104
(946688581.029989) can0 19B30007#00005E20AD5E0000
(946688581.029989) can0 19B30100#D8D8D8D8D8D8D8D8
(946688581.049989) can0 18FF01EA#01001E0401001E04
(946688581.049989) can0 18FF02EA#0000370400003704
(946688581.049989) can0 18FF1085#0000010300010000
(946688581.049989) can0 400#25252A6C296C0000
(946688581.049989) can0 401#B37F000000000000
(946688581.069988) can0 18FF01EA#0000110400001104
(946688581.069988) can0 18FF02EA#FFFF2104FFFF2104
(946688581.079988) can0 18FF1085#0000010300010000
(946688581.079988) can0 400#25242A712A6B0000
(946688581.079988) can0 401#8C7E000000000000
(946688581.089988) can0 18FF01EA#00002D0400002D04
(946688581.089988) can0 18FF02EA#0000180400001804
(946688581.109988) can0 18FF01EA#0000060400000604
(946688581.109988) can0 18FF02EA#00002A0400002A04
(946688581.109988) can0 18FF1085#0000010300010000
(946688581.109988) can0 400#2528296C2A6C0000
(946688581.109988) can0 401#6C7E000000000000
(946688581.129988) can0 18FF01EA#00000B0400000B04
(946688581.129988) can0 18FF02EA#FFFF2404FFFF2404
(946688581.139988) can0 18FF1085#0000010300010000
(946688581.139988) can0 400#2724296F29690000
(946688581.139988) can0 401#557E000000000000
(946688581.139988) can0 19B30007#00005E20AC720000
(946688581.139988) can0 19B30100#D8D8D8D8D8D8D8D8
(946688581.149988) can0 18FF01EA#FFFFFC03FFFFFC03
(946688581.149988) can0 18FF02EA#FFFF1904FFFF1904
(946688581.169988) can0 18FF01EA#0000100400001004
(946688581.169988) can0 18FF02EA#FFFFFA03FFFFFA03
(946688581.169988) can0 18FF1085#0000010300010000
(946688581.169988) can0 400#26262A6D296C0000
(946688581.169988) can0 401#417E000000000000
(946688581.189988) can0 18FF01EA#0000100400001004
(946688581.189988) can0 18FF02EA#0000130400001304
(946688581.199988) can0 18FF1085#0000010300010000
(946688581.199988) can0 400#2626296B296F0000
(946688581.199988) can0 401#317F000000000000
(946688581.209988) can0 18FF01EA#0100F9030100F903
(946688581.209988) can0 18FF02EA#0000090400000904
(946688581.229988) can0 18FF01EA#0100020401000204
(946688581.229988) can0 18FF02EA#0000110400001104
(946688581.229988) can0 18FF1085#0000010300010000
(946688581.229988) can0 400#2326296F29690000
(946688581.229988) can0 401#267F000000000000
(946688581.249988) can0 18FF01EA#0000FC030000FC03
(946688581.249988) can0 18FF02EA#0000F7030000F703
(946688581.249988) can0 19B30007#00005E20AC7A0000
(946688581.249988) can0 19B30100#D7D7D7D7D7D7D7D7
(946688581.259988) can0 18FF1085#0000010300010000
(946688581.259988) can0 400#24242A6829670000
(946688581.259988) can0 401#207F000000000000
(946688581.269988) can0 18FF01EA#0100030401000304
(946688581.269988) can0 18FF02EA#0000FA030000FA03
(946688581.289988) can0 18FF01EA#0100F8030100F803
(946688581.289988) can0 18FF02EA#0100F6030100F603
(946688581.289988) can0 18FF1085#0000000300010000
(946688581.289988) can0 400#25262A692A6A0000
(946688581.289988) can0 401#167F000000000000
(946688581.309988) can0 18FF01EA#0000010400000104
(946688581.309988) can0 18FF02EA#0000E0030000E003
(946688581.319988) can0 18FF1085#0000000300010000
(946688581.319988) can0 400#2523296A296E0000
(946688581.319988) can0 401#147E000000000000
(946688581.329988) can0 18FF01EA#0000E0030000E003
(946688581.329988) can0 18FF02EA#FFFFEB03FFFFEB03
(946688581.349988) can0 18FF01EA#0000D9030000D903
(946688581.349988) can0 18FF02EA#FFFFE303FFFFE303
(946688581.349988) can0 18FF1085#0000000300010000
(946688581.349988) can0 400#23252967296E0000
(946688581.349988) can0 401#0D7F000000000000
(946688581.359988) can0 19B30007#00005E20AC7D0000
(946688581.359988) can0 19B30100#D7D7D7D7D7D7D7D7
(946688581.369988) can0 18FF01EA#0100F8030100F803
(946688581.369988) can0 18FF02EA#FFFFE803FFFFE803
(946688581.379988) can0 18FF1085#0000000300010000
(946688581.379988) can0 400#262229672A700000
(946688581.379988) can0 401#0C7E000000000000
(946688581.389988) can0 18FF01EA#0000DE030000DE03
(946688581.389988) can0 18FF02EA#FFFFDC03FFFFDC03
(946688581.409988) can0 18FF01EA#0100E8030100E803
(946688581.409988) can0 18FF02EA#FFFFEF03FFFFEF03
(946688581.409988) can0 18FF1085#0000000300010000
(946688581.409988) can0 400#24222A6A2A670000
(946688581.409988) can0 401#0A7E000000000000
(946688581.429988) can0 18FF01EA#FFFFE403FFFFE403
(946688581.429988) can0 18FF02EA#FFFFEB03FFFFEB03
(946688581.439988) can0 18FF1085#0000000300010000
(946688581.439988) can0 400#2324296D296A0000
(946688581.439988) can0 401#057F000000000000
(946688581.449988) can0 18FF01EA#0100C5030100C503
(946688581.449988) can0 18FF02EA#0100E5030100E503
(946688581.469988) can0 18FF01EA#FFFFD503FFFFD503
(946688581.469988) can0 18FF02EA#0000CF030000CF03
(946688581.469988) can0 18FF1085#0000000300010000
(946688581.469988) can0 400#23222A6A2A6E0000
(946688581.469988) can0 401#067E000000000000
(946688581.469988) can0 19B30007#00005E20AC7F0000
(946688581.469988) can0 19B30100#D7D7D7D7D7D7D7D7
(946688581.489988) can0 18FF01EA#FFFFCB03FFFFCB03
(946688581.489988) can0 18FF02EA#0000C3030000C303
(946688581.499988) can0 18FF1085#0000000300010000
(946688581.499988) can0 400#212229682A6B0000
(946688581.499988) can0 401#037E000000000000
(946688581.509988) can0 18FF01EA#0000C9030000C903
(946688581.509988) can0 18FF02EA#0000C8030000C803
(946688581.529988) can0 18FF01EA#FFFFB603FFFFB603
(946688581.529988) can0 18FF02EA#FFFFBF03FFFFBF03
(946688581.529988) can0 18FF1085#0000000300010000
(946688581.529988) can0 400#24212967296C0000
(946688581.529988) can0 401#047E000000000000
(946688581.549988) can0 18FF01EA#0000CF030000CF03
(946688581.549988) can0 18FF02EA#0000CC030000CC03
(946688581.559988) can0 18FF1085#0000000300010000
(946688581.559988) can0 400#2421296B2A6E0000
(946688581.559988) can0 401#037E000000000000
(946688581.569988) can0 18FF01EA#0100BE030100BE03
(946688581.569988) can0 18FF02EA#0000CE030000CE03
(946688581.579988) can0 19B30007#00005E20AC7F0000
(946688581.579988) can0 19B30100#D7D7D7D7D7D7D7D7
(946688581.589988) can0 18FF01EA#0100AD030100AD03
(946688581.589988) can0 18FF02EA#FFFFCB03FFFFCB03
(946688581.589988) can0 18FF1085#0000000300010000
(946688581.589988) can0 400#2424296E2A6A0000
(946688581.589988) can0 401#037E000000000000
(946688581.609988) can0 18FF01EA#0100C7030100C703
(946688581.609988) can0 18FF02EA#0000AF030000AF03
(946688581.619988) can0 18FF1085#0000000300010000
(946688581.619988) can0 400#2321296B29700000
(946688581.619988) can0 401#027E000000000000
(946688581.629988) can0 18FF01EA#0100C2030100C203
(946688581.629988) can0 18FF02EA#0000C8030000C803
(946688581.649988) can0 18FF01EA#0100B4030100B403
(946688581.649988) can0 18FF02EA#FFFFC303FFFFC303
(946688581.649988) can0 18FF1085#0000000300010000
(946688581.649988) can0 400#23232A6A2A670000
(946688581.649988) can0 401#007E000000000000
(946688581.669988) can0 18FF01EA#FFFFB903FFFFB903
(946688581.669988) can0 18FF02EA#0000A3030000A303
(946688581.679988) can0 18FF1085#0000000300010000
(946688581.679988) can0 400#22202A672A6B0000
(946688581.679988) can0 401#017E000000000000
(946688581.689988) can0 18FF01EA#FFFFBE03FFFFBE03
(946688581.689988) can0 18FF02EA#0000BF030000BF03
(946688581.689988) can0 19B30007#00005E20AC7F0000
(946688581.689988) can0 19B30100#D7D7D7D7D7D7D7D7
(946688581.709988) can0 18FF01EA#0000AE030000AE03
(946688581.709988) can0 18FF02EA#0100B6030100B603
(946688581.709988) can0 18FF1085#0000000300010000
(946688581.709988) can0 400#2321296E296F0000
(946688581.709988) can0 401#027E000000000000
(946688581.729988) can0 18FF01EA#FFFF9F03FFFF9F03
(946688581.729988) can0 18FF02EA#FFFFBC03FFFFBC03
(946688581.739988) can0 18FF1085#0000000300010000
(946688581.739988) can0 400#21222A6E2A700000
(946688581.739988) can0 401#007E000000000000
(946688581.749988) can0 18FF01EA#FFFF9C03FFFF9C03
(946688581.749988) can0 18FF02EA#FFFF9303FFFF9303
(946688581.769988) can0 18FF01EA#0000930300009303
(946688581.769988) can0 18FF02EA#FFFF9203FFFF9203
(946688581.769988) can0 18FF1085#0000000300010000
(946688581.769988) can0 400#232129672A6B0000
(946688581.769988) can0 401#017F000000000000
(946688581.789988) can0 18FF01EA#FFFFAF03FFFFAF03
(946688581.789988) can0 18FF02EA#FFFF8B03FFFF8B03
(946688581.799988) can0 18FF1085#0000000300010000
(946688581.799988) can0 400#2120296E296C0000
(946688581.799988) can0 401#007E000000000000
(946688581.799988) can0 19B30007#00005E20AC7F0000
(946688581.799988) can0 19B30100#D7D7D7D7D7D7D7D7
(946688581.809988) can0 18FF01EA#FFFFA003FFFFA003
(946688581.809988) can0 18FF02EA#0100AC030100AC03
(946688581.829988) can0 18FF01EA#0000900300009003
(946688581.829988) can0 18FF02EA#00009B0300009B03
(946688581.829988) can0 18FF1085#0000000300010000
(946688581.829988) can0 400#2022296E2A6E0000
(946688581.829988) can0 401#007E000000000000
(946688581.849988) can0 18FF01EA#FFFF9603FFFF9603
(946688581.849988) can0 18FF02EA#00008E0300008E03
(946688581.859988) can0 18FF1085#0000000300010000
(946688581.859988) can0 400#211F296E296C0000
(946688581.859988) can0 401#017E000000000000
(946688581.869988) can0 18FF01EA#0100860301008603
(946688581.869988) can0 18FF02EA#FFFF8403FFFF8403
(946688581.889988) can0 18FF01EA#FFFF9F03FFFF9F03
(946688581.889988) can0 18FF02EA#FFFFA203FFFFA203
(946688581.889988) can0 18FF1085#0000000300010000
(946688581.889988) can0 400#2320286F2A6A0000
(946688581.889988) can0 401#007E000000000000
(946688581.909988) can0 18FF01EA#FFFF7E03FFFF7E03
(946688581.909988) can0 18FF02EA#0000890300008903
(946688581.909988) can0 19B30007#00005E20AC7F0000
(946688581.909988) can0 19B30100#D7D7D7D7D7D7D7D7
(946688581.919988) can0 18FF1085#0000000300010000
(946688581.919988) can0 400#2021286A2A680000
(946688581.919988) can0 401#027F000000000000
(946688581.929988) can0 18FF01EA#FFFF7603FFFF7603
(946688581.929988) can0 18FF02EA#0000800300008003
(946688581.949988) can0 18FF01EA#01008E0301008E03
(946688581.949988) can0 18FF02EA#FFFF8103FFFF8103
(946688581.949988) can0 18FF1085#0000000300010000
(946688581.949988) can0 400#1F20296729680000
(946688581.949988) can0 401#007F000000000000
(946688581.969988) can0 18FF01EA#00008D0300008D03
(946688581.969988) can0 18FF02EA#01007B0301007B03
(946688581.979988) can0 18FF1085#0000000300010000
(946688581.979988) can0 400#2120296C2A690000
(946688581.979988) can0 401#007F000000000000
(946688581.989988) can0 18FF01EA#01006D0301006D03
(946688581.989988) can0 18FF02EA#01007E0301007E03
(946688582.009988) can0 18FF01EA#0000780300007803
(946688582.009988) can0 18FF02EA#00008C0300008C03
(946688582.009988) can0 18FF1085#0000000300010000
(946688582.009988) can0 400#22212A6A29690000
(946688582.009988) can0 401#007E000000000000
(946688582.019988) can0 19B30007#00005E20AC7F0000
(946688582.019988) can0 19B30100#D7D7D7D7D7D7D7D7
(946688582.029988) can0 18FF01EA#00006D0300006D03
(946688582.029988) can0 18FF02EA#0000880300008803
(946688582.039988) can0 18FF1085#0000000300010000
(946688582.039988) can0 400#2221296A2A6D0000
(946688582.039988) can0 401#017E000000000000
(946688582.049988) can0 18FF01EA#FFFF8203FFFF8203
(946688582.049988) can0 18FF02EA#0100700301007003
(946688582.069988) can0 18FF01EA#FFFF8303FFFF8303
(946688582.069988) can0 18FF02EA#FFFF8503FFFF8503
(946688582.069988) can0 18FF1085#0000000300010000
(946688582.069988) can0 400#21212968296D0000
(946688582.069988) can0 401#017E000000000000
(946688582.089988) can0 18FF01EA#0100780301007803
(946688582.089988) can0 18FF02EA#FFFF6203FFFF6203
(946688582.099988) can0 18FF1085#0000000300010000
(946688582.099988) can0 400#211E2A6A286F0000
(946688582.099988) can0 401#017F000000000000
(946688582.109987) can0 18FF01EA#00005C0300005C03
(946688582.109987) can0 18FF02EA#00007E0300007E03
(946688582.129987) can0 18FF01EA#FFFF5E03FFFF5E03
(946688582.129987) can0 18FF02EA#0100600301006003
(946688582.129987) can0 18FF1085#0000000300010000
(946688582.129987) can0 400#1E212A6829660000
(946688582.129987) can0 401#007F000000000000
(946688582.129987) can0 19B30007#00005E20AC7F0000
(946688582.129987) can0 19B30100#D7D7D7D7D7D7D7D7
(946688582.149987) can0 18FF01EA#FFFF5D03FFFF5D03
(946688582.149987) can0 18FF02EA#0100550301005503
(946688582.159987) can0 18FF1085#0000000300010000
(946688582.159987) can0 400#1F1F2A6C29660000
(946688582.159987) can0 401#007E000000000000
(946688582.169987) can0 18FF01EA#0100730301007303
(946688582.169987) can0 18FF02EA#FFFF6203FFFF6203
(946688582.189987) can0 18FF01EA#01005A0301005A03
(946688582.189987) can0 18FF02EA#00005E0300005E03
(946688582.189987) can0 18FF1085#0000000300010000
(946688582.189987) can0 400#1E202A6A2A6C0000
(946688582.189987) can0 401#007E000000000000
(946688582.209987) can0 18FF01EA#FFFF6E03FFFF6E03
(946688582.209987) can0 18FF02EA#FFFF6403FFFF6403
(946688582.219987) can0 18FF1085#0000000300010000
(946688582.219987) can0 400#1D1E296E2A6C0000
(946688582.219987) can0 401#007E000000000000
(946688582.229987) can0 18FF01EA#01006F0301006F03
(946688582.229987) can0 18FF02EA#00006D0300006D03
(946688582.239987) can0 19B30007#00005E20AC7F0000
(946688582.239987) can0 19B30100#D7D7D7D7D7D7D7D7
(946688582.249987) can0 18FF01EA#FFFF6103FFFF6103
(946688582.249987) can0 18FF02EA#0100480301004803
(946688582.249987) can0 18FF1085#0000000300010000
(946688582.249987) can0 400#20202A6D2A6A0000
(946688582.249987) can0 401#007E000000000000
(946688582.269987) can0 18FF01EA#0000440300004403
(946688582.269987) can0 18FF02EA#FFFF6703FFFF6703
(946688582.279987) can0 18FF1085#0000000300010000
(946688582.279987) can0 400#20202A692A690000
(946688582.279987) can0 401#007F000000000000
(946688582.289987) can0 18FF01EA#0000600300006003
(946688582.289987) can0 18FF02EA#0100470301004703
(946688582.309987) can0 18FF01EA#0000590300005903
(946688582.309987) can0 18FF02EA#01004C0301004C03
(946688582.309987) can0 18FF1085#0000000300010000
(946688582.309987) can0 400#1D1E296928680000
(946688582.309987) can0 401#007F000000000000
(946688582.329987) can0 18FF01EA#0100590301005903
(946688582.329987) can0 18FF02EA#FFFF6203FFFF6203
(946688582.339987) can0 18FF1085#0000000300010000
(946688582.339987) can0 400#201E2A662A6C0000
(946688582.339987) can0 401#007F000000000000
(946688582.349987) can0 18FF01EA#0100530301005303
(946688582.349987) can0 18FF02EA#0000520300005203
(946688582.349987) can0 19B30007#00005E20AC7F0000
(946688582.349987) can0 19B30100#D7D7D7D7D7D7D7D7
(946688582.369987) can0 18FF01EA#0000470300004703
(946688582.369987) can0 18FF02EA#00005D0300005D03
(946688582.369987) can0 18FF1085#0000000300010000
(946688582.369987) can0 400#201C29662A6A0000
(946688582.369987) can0 401#007E000000000000
(946688582.389987) can0 18FF01EA#0000520300005203
(946688582.389987) can0 18FF02EA#FFFF4B03FFFF4B03
(946688582.399987) can0 18FF1085#0000000300010000
(946688582.399987) can0 400#201E296829680000
(946688582.399987) can0 401#017E000000000000
(946688582.409987) can0 18FF01EA#FFFF4903FFFF4903
(946688582.409987) can0 18FF02EA#0000440300004403
(946688582.429987) can0 18FF01EA#FFFF4A03FFFF4A03
(946688582.429987) can0 18FF02EA#FFFF4803FFFF4803
(946688582.429987) can0 18FF1085#0000000300010000
(946688582.429987) can0 400#1C1C29672A680000
(946688582.429987) can0 401#007E000000000000
(946688582.449987) can0 18FF01EA#FFFF3B03FFFF3B03
(946688582.449987) can0 18FF02EA#01004E0301004E03
(946688582.459987) can0 18FF1085#0000000300010000
(946688582.459987) can0 400#1C1D296A296B0000
(946688582.459987) can0 401#017F000000000000
(946688582.459987) can0 19B30007#00005E20AC7F0000
(946688582.459987) can0 19B30100#D7D7D7D7D7D7D7D7
(946688582.469987) can0 18FF01EA#01003B0301003B03
(946688582.469987) can0 18FF02EA#0000480300004803
(946688582.489987) can0 18FF01EA#0000430300004303
(946688582.489987) can0 18FF02EA#0000320300003203
(946688582.489987) can0 18FF1085#0000000300010000
(946688582.489987) can0 400#1D1D296C2A6C0000
(946688582.489987) can0 401#007F000000000000
(946688582.509987) can0 18FF01EA#0100330301003303
(946688582.509987) can0 18FF02EA#0100290301002903
(946688582.519987) can0 18FF1085#0000000300010000
(946688582.519987) can0 400#1B1D29682A6A0000
(946688582.519987) can0 401#007F000000000000
(946688582.529987) can0 18FF01EA#FFFF2103FFFF2103
(946688582.529987) can0 18FF02EA#0000410300004103
(946688582.549987) can0 18FF01EA#01002A0301002A03
(946688582.549987) can0 18FF02EA#FFFF3403FFFF3403
(946688582.549987) can0 18FF1085#0000000300010000
(946688582.549987) can0 400#1F1D2967296C0000
(946688582.549987) can0 401#007F000000000000
(946688582.569987) can0 18FF01EA#00001E0300001E03
(946688582.569987) can0 18FF02EA#FFFF3E03FFFF3E03
(946688582.569987) can0 19B30007#00005E20AC7F0000
(946688582.569987) can0 19B30100#D7D7D7D7D7D7D7D7
(946688582.579987) can0 18FF1085#0000000300010000
(946688582.579987) can0 400#1E1F296F29660000
(946688582.579987) can0 401#007F000000000000
(946688582.589987) can0 18FF01EA#01001C0301001C03
(946688582.589987) can0 18FF02EA#FFFF4003FFFF4003
(946688582.609987) can0 18FF01EA#01001E0301001E03
(946688582.609987) can0 18FF02EA#00003A0300003A03
(946688582.609987) can0 18FF1085#0000000300010000
(946688582.609987) can0 400#1B1F29682A6A0000
(946688582.609987) can0 401#017F000000000000
(946688582.629987) can0 18FF01EA#FFFF3903FFFF3903
(946688582.629987) can0 18FF02EA#0000210300002103
(946688582.639987) can0 18FF1085#0000000300010000
(946688582.639987) can0 400#1E1B29682A6D0000
(946688582.639987) can0 401#007F000000000000
(946688582.649987) can0 18FF01EA#00001E0300001E03
(946688582.649987) can0 18FF02EA#0100310301003103
(946688582.669987) can0 18FF01EA#0100140301001403
(946688582.669987) can0 18FF02EA#0100310301003103
(946688582.669987) can0 18FF1085#0000000300010000
(946688582.669987) can0 400#1C1E2A6729680000
(946688582.669987) can0 401#017F000000000000
(946688582.679987) can0 19B30007#00005E20AC7F0000
(946688582.679987) can0 19B30100#D7D7D7D7D7D7D7D7
(946688582.689987) can0 18FF01EA#0000120300001203
(946688582.689987) can0 18FF02EA#0000230300002303
(946688582.699987) can0 18FF1085#0000000300010000
(946688582.699987) can0 400#1E1C2A6D28680000
(946688582.699987) can0 401#017F000000000000
(946688582.709987) can0 18FF01EA#0000170300001703
(946688582.709987) can0 18FF02EA#00001C0300001C03
(946688582.729987) can0 18FF01EA#FFFF1303FFFF1303
(946688582.729987) can0 18FF02EA#00000D0300000D03
(946688582.729987) can0 18FF1085#0000000300010000
(946688582.729987) can0 400#1B1D29682A670000
(946688582.729987) can0 401#007E000000000000
(946688582.749987) can0 18FF01EA#0000080300000803
(946688582.749987) can0 18FF02EA#FFFF0C03FFFF0C03
(946688582.759987) can0 18FF1085#0000000300010000
(946688582.759987) can0 400#1C1E296F2A6A0000
(946688582.759987) can0 401#017E000000000000
(946688582.769987) can0 18FF01EA#0000070300000703
(946688582.769987) can0 18FF02EA#00001A0300001A03
(946688582.789987) can0 18FF01EA#FFFF1203FFFF1203
(946688582.789987) can0 18FF02EA#FFFF1003FFFF1003
(946688582.789987) can0 18FF1085#0000000300010000
(946688582.789987) can0 400#1B1B2A672A6C0000
(946688582.789987) can0 401#017F000000000000
(946688582.789987) can0 19B30007#00005E20AC7F0000
(946688582.789987) can0 19B30100#D7D7D7D7D7D7D7D7
(946688582.809987) can0 18FF01EA#0000260300002603
(946688582.809987) can0 18FF02EA#0100070301000703
(946688582.819987) can0 18FF1085#0000000300010000
(946688582.819987) can0 400#1E1B2A6A296D0000
(946688582.819987) can0 401#007F000000000000
(946688582.829987) can0 18FF01EA#0000060300000603
(946688582.829987) can0 18FF02EA#00000C0300000C03
(946688582.849987) can0 18FF01EA#00001A0300001A03
(946688582.849987) can0 18FF02EA#00001F0300001F03
(946688582.849987) can0 18FF1085#0000000300010000
(946688582.849987) can0 400#1B1D2A6C2A650000
(946688582.849987) can0 401#007F000000000000
(946688582.869987) can0 18FF01EA#0100040301000403
(946688582.869987) can0 18FF02EA#00000C0300000C03
(946688582.879987) can0 18FF1085#0000000300010000
(946688582.879987) can0 400#1E1B296E2A6A0000
(946688582.879987) can0 401#007E000000000000
(946688582.889987) can0 18FF01EA#00001A0300001A03
(946688582.889987) can0 18FF02EA#FFFF0903FFFF0903
(946688582.899987) can0 19B30007#00005E20AC7F0000
(946688582.899987) can0 19B30100#D7D7D7D7D7D7D7D7
(946688582.909987) can0 18FF01EA#0100000301000003
(946688582.909987) can0 18FF02EA#0000FE020000FE02
(946688582.909987) can0 18FF1085#0000000300010000
(946688582.909987) can0 400#1B1B2965296A0000
(946688582.909987) can0 401#007F000000000000
(946688582.929987) can0 18FF01EA#FFFFF602FFFFF602
(946688582.929987) can0 18FF02EA#0000F2020000F202
(946688582.939987) can0 18FF1085#0000000300010000
(946688582.939987) can0 400#1B1A2A67296D0000
(946688582.939987) can0 401#007E000000000000
(946688582.949987) can0 18FF01EA#FFFF0D03FFFF0D03
(946688582.949987) can0 18FF02EA#FFFFF502FFFFF502
(946688582.969987) can0 18FF01EA#0000F8020000F802
(946688582.969987) can0 18FF02EA#0000040300000403
(946688582.969987) can0 18FF1085#0000000300010000
(946688582.969987) can0 400#1A1D29652A670000
(946688582.969987) can0 401#017F000000000000
(946688582.989987) can0 18FF01EA#0000FD020000FD02
(946688582.989987) can0 18FF02EA#0100ED020100ED02
(946688582.999987) can0 18FF1085#0000000300010000
(946688582.999987) can0 400#1C1D2A66296C0000
(946688582.999987) can0 401#007E000000000000
(946688583.009987) can0 18FF01EA#0000070300000703
(946688583.009987) can0 18FF02EA#0000080300000803
(946688583.009987) can0 19B30007#00005E20AC7F0000
(946688583.009987) can0 19B30100#D7D7D7D7D7D7D7D7
(946688583.029987) can0 18FF01EA#0100E5020100E502
(946688583.029987) can0 18FF02EA#0000070300000703
(946688583.029987) can0 18FF1085#0000000300010000
(946688583.029987) can0 400#1B1C2A682A6E0000
(946688583.029987) can0 401#007F000000000000
(946688583.049987) can0 18FF01EA#0000050300000503
(946688583.049987) can0 18FF02EA#0000020300000203
(946688583.059987) can0 18FF1085#0000000300010000
(946688583.059987) can0 400#1D1A2A6B2A650000
(946688583.059987) can0 401#007E000000000000
(946688583.069987) can0 18FF01EA#FFFFEA02FFFFEA02
(946688583.069987) can0 18FF02EA#0000EE020000EE02
(946688583.089987) can0 18FF01EA#0100FD020100FD02
(946688583.089987) can0 18FF02EA#FFFFE202FFFFE202
(946688583.089987) can0 18FF1085#0000000300010000
(946688583.089987) can0 400#1C1A296C2A680000
(946688583.089987) can0 401#007E000000000000
(946688583.109987) can0 18FF01EA#0100E6020100E602
(946688583.109987) can0 18FF02EA#0000F9020000F902
(946688583.119987) can0 18FF1085#0000000300010000
(946688583.119987) can0 400#1B1C2A692A690000
(946688583.119987) can0 401#007F000000000000
(946688583.119987) can0 19B30007#00005E20AC7F0000
(946688583.119987) can0 19B30100#D7D7D7D7D7D7D7D7
(946688583.129987) can0 18FF01EA#0100E2020100E202
(946688583.129987) can0 18FF02EA#FFFFF902FFFFF902
(946688583.149987) can0 18FF01EA#0000F9020000F902
(946688583.149987) can0 18FF02EA#FFFFD802FFFFD802
(946688583.149987) can0 18FF1085#0000000300010000
(946688583.149987) can0 400#1B1A2A692A6E0000
(946688583.149987) can0 401#007E000000000000
(946688583.169986) can0 18FF01EA#FFFFE902FFFFE902
(946688583.169986) can0 18FF02EA#0000DD020000DD02
(946688583.179986) can0 18FF1085#0000000300010000
(946688583.179986) can0 400#1B1A2A692A680000
(946688583.179986) can0 401#017E000000000000
(946688583.189986) can0 18FF01EA#0000EC020000EC02
(946688583.189986) can0 18FF02EA#FFFFF802FFFFF802
(946688583.209986) can0 18FF01EA#0000E2020000E202
(946688583.209986) can0 18FF02EA#0000EB020000EB02
(946688583.209986) can0 18FF1085#0000000300010000
(946688583.209986) can0 400#1B192966296E0000
(946688583.209986) can0 401#017E000000000000
(946688583.229986) can0 18FF01EA#FFFFEC02FFFFEC02
(946688583.229986) can0 18FF02EA#0000DF020000DF02
(946688583.229986) can0 19B30007#00005E20AC7F0000
(946688583.229986) can0 19B30100#D7D7D7D7D7D7D7D7
(946688583.239986) can0 18FF1085#0000000300010000
(946688583.239986) can0 400#191C296D296D0000
(946688583.239986) can0 401#007E000000000000
(946688583.249986) can0 18FF01EA#0100DC020100DC02
(946688583.249986) can0 18FF02EA#0000E7020000E702
(946688583.269986) can0 18FF01EA#0000CD020000CD02
(946688583.269986) can0 18FF02EA#FFFFE102FFFFE102
(946688583.269986) can0 18FF1085#0000000300010000
(946688583.269986) can0 400#1C1A296529650000
(946688583.269986) can0 401#007F000000000000
(946688583.289986) can0 18FF01EA#FFFFCA02FFFFCA02
(946688583.289986) can0 18FF02EA#FFFFD102FFFFD102
(946688583.299986) can0 18FF1085#0000000300010000
(946688583.299986) can0 400#1C1B296D29690000
(946688583.299986) can0 401#007F000000000000
(946688583.309986) can0 18FF01EA#0000EB020000EB02
(946688583.309986) can0 18FF02EA#0000E1020000E102
(946688583.329986) can0 18FF01EA#0100D2020100D202
(946688583.329986) can0 18FF02EA#0100E2020100E202
(946688583.329986) can0 18FF1085#0000000300010000
(946688583.329986) can0 400#1B1C296B2A650000
(946688583.329986) can0 401#007F000000000000
(946688583.339986) can0 19B30007#00005E20AC7F0000
(946688583.339986) can0 19B30100#D7D7D7D7D7D7D7D7
(946688583.349986) can0 18FF01EA#FFFFD302FFFFD302
(946688583.349986) can0 18FF02EA#0000E9020000E902
(946688583.359986) can0 18FF1085#0000000300010000
(946688583.359986) can0 400#181929692A6D0000
(946688583.359986) can0 401#017E000000000000
(946688583.369986) can0 18FF01EA#FFFFC602FFFFC602
(946688583.369986) can0 18FF02EA#0000C9020000C902
(946688583.389986) can0 18FF01EA#0100DD020100DD02
(946688583.389986) can0 18FF02EA#FFFFDE02FFFFDE02
(946688583.389986) can0 18FF1085#0000000300010000
(946688583.389986) can0 400#1B1C296A29690000
(946688583.389986) can0 401#017E000000000000
(946688583.409986) can0 18FF01EA#FFFFCC02FFFFCC02
(946688583.409986) can0 18FF02EA#0000D7020000D702
(946688583.419986) can0 18FF1085#0000000300010000
(946688583.419986) can0 400#181A2A6529680000
(946688583.419986) can0 401#007F000000000000
(946688583.429986) can0 18FF01EA#FFFFDF02FFFFDF02
(946688583.429986) can0 18FF02EA#0100BE020100BE02
(946688583.449986) can0 18FF01EA#FFFFD102FFFFD102
(946688583.449986) can0 18FF02EA#0000DA020000DA02
(946688583.449986) can0 18FF1085#0000000300010000
(946688583.449986) can0 400#18182A662A650000
(946688583.449986) can0 401#007E000000000000
(946688583.449986) can0 19B30007#00005E20AC7F0000
(946688583.449986) can0 19B30100#D7D7D7D7D7D7D7D7
(946688583.469986) can0 18FF01EA#FFFFBE02FFFFBE02
(946688583.469986) can0 18FF02EA#FFFFD502FFFFD502
(946688583.479986) can0 18FF1085#0000000300010000
(946688583.479986) can0 400#18192A6529680000
(946688583.479986) can0 401#007F000000000000
(946688583.489986) can0 18FF01EA#FFFFD202FFFFD202
(946688583.489986) can0 18FF02EA#0000B9020000B902
(946688583.509986) can0 18FF01EA#0000B9020000B902
(946688583.509986) can0 18FF02EA#FFFFDA02FFFFDA02
(946688583.509986) can0 18FF1085#0000000300010000
(946688583.509986) can0 400#181B29692B6D0000
(946688583.509986) can0 401#017F000000000000
(946688583.529986) can0 18FF01EA#0000CD020000CD02
(946688583.529986) can0 18FF02EA#0000CC020000CC02
(946688583.539986) can0 18FF1085#0000000300010000
(946688583.539986) can0 400#1B18296629680000
(946688583.539986) can0 401#007E000000000000
(946688583.549986) can0 18FF01EA#0000B6020000B602
(946688583.549986) can0 18FF02EA#FFFFB202FFFFB202
(946688583.559986) can0 19B30007#00005E20AC7F0000
(946688583.559986) can0 19B30100#D7D7D7D7D7D7D7D7
(946688583.569986) can0 18FF01EA#FFFFCF02FFFFCF02
(946688583.569986) can0 18FF02EA#0000C9020000C902
(946688583.569986) can0 18FF1085#0000000300010000
(946688583.569986) can0 400#18192A6B2A670000
(946688583.569986) can0 401#007F000000000000
(946688583.589986) can0 18FF01EA#0100C9020100C902
(946688583.589986) can0 18FF02EA#0000BC020000BC02
(946688583.599986) can0 18FF1085#0000000300010000
(946688583.599986) can0 400#1B182A642A6B0000
(946688583.599986) can0 401#007F000000000000
(946688583.609986) can0 18FF01EA#FFFFC402FFFFC402
(946688583.609986) can0 18FF02EA#FFFFCA02FFFFCA02
(946688583.629986) can0 18FF01EA#0000C9020000C902
(946688583.629986) can0 18FF02EA#0100B6020100B602
(946688583.629986) can0 18FF1085#0000000300010000
(946688583.629986) can0 400#17192A6A296A0000
(946688583.629986) can0 401#007E000000000000
(946688583.649986) can0 18FF01EA#FFFFB502FFFFB502
(946688583.649986) can0 18FF02EA#0000CB020000CB02
(946688583.659986) can0 18FF1085#0000000300010000
(946688583.659986) can0 400#1B18296B2A6D0000
(946688583.659986) can0 401#017F000000000000
(946688583.669986) can0 18FF01EA#0000AB020000AB02
(946688583.669986) can0 18FF02EA#0100A4020100A402
(946688583.669986) can0 19B30007#00005E20AC7F0000
(946688583.669986) can0 19B30100#D7D7D7D7D7D7D7D7
(946688583.689986) can0 18FF01EA#0000AE020000AE02
(946688583.689986) can0 18FF02EA#0000AB020000AB02
(946688583.689986) can0 18FF1085#0000000300010000
(946688583.689986) can0 400#1A19296729650000
(946688583.689986) can0 401#017F000000000000
(946688583.709986) can0 18FF01EA#FFFFC302FFFFC302
(946688583.709986) can0 18FF02EA#0000AF020000AF02
(946688583.719986) can0 18FF1085#0000000300010000
(946688583.719986) can0 400#191729672A690000
(946688583.719986) can0 401#007E000000000000
(946688583.729986) can0 18FF01EA#FFFFC102FFFFC102
(946688583.729986) can0 18FF02EA#0000B9020000B902
(946688583.749986) can0 18FF01EA#0100B4020100B402
(946688583.749986) can0 18FF02EA#0100A5020100A502
(946688583.749986) can0 18FF1085#0000000300010000
(946688583.749986) can0 400#171729652A690000
(946688583.749986) can0 401#007E000000000000
(946688583.769986) can0 18FF01EA#FFFF9A02FFFF9A02
(946688583.769986) can0 18FF02EA#0000A8020000A802
(946688583.779986) can0 18FF1085#0000000300010000
(946688583.779986) can0 400#1A1A296C2A6D0000
(946688583.779986) can0 401#007E000000000000
(946688583.779986) can0 19B30007#00005E20AC7F0000
(946688583.779986) can0 19B30100#D7D7D7D7D7D7D7D7
(946688583.789986) can0 18FF01EA#0000A4020000A402
(946688583.789986) can0 18FF02EA#0100AE020100AE02
(946688583.809986) can0 18FF01EA#0100AE020100AE02
(946688583.809986) can0 18FF02EA#0000A9020000A902
(946688583.809986) can0 18FF1085#0000000300010000
(946688583.809986) can0 400#18182A6D296A0000
(946688583.809986) can0 401#017F000000000000
(946688583.829986) can0 18FF01EA#0100A6020100A602
(946688583.829986) can0 18FF02EA#0100AD020100AD02
(946688583.839986) can0 18FF1085#0000000300010000
(946688583.839986) can0 400#191929672A650000
(946688583.839986) can0 401#017F000000000000
(946688583.849986) can0 18FF01EA#0100A7020100A702
(946688583.849986) can0 18FF02EA#0100B3020100B302
(946688583.869986) can0 18FF01EA#FFFF9902FFFF9902
(946688583.869986) can0 18FF02EA#0000A7020000A702
(946688583.869986) can0 18FF1085#0000000300010000
(946688583.869986) can0 400#19182A6A29680000
(946688583.869986) can0 401#007E000000000000
(946688583.889986) can0 18FF01EA#00009C0200009C02
(946688583.889986) can0 18FF02EA#0100B3020100B302
(946688583.889986) can0 19B30007#00005E20AC7F0000
(946688583.889986) can0 19B30100#D7D7D7D7D7D7D7D7
(946688583.899986) can0 18FF1085#0000000300010000
(946688583.899986) can0 400#1619296B2A670000
(946688583.899986) can0 401#007F000000000000
(946688583.909986) can0 18FF01EA#FFFF8D02FFFF8D02
(946688583.909986) can0 18FF02EA#0100B1020100B102
(946688583.929986) can0 18FF01EA#0000930200009302
(946688583.929986) can0 18FF02EA#FFFFA902FFFFA902
(946688583.929986) can0 18FF1085#0000000300010000
(946688583.929986) can0 400#18182A692A6D0000
(946688583.929986) can0 401#017E000000000000
(946688583.949986) can0 18FF01EA#FFFF8902FFFF8902
(946688583.949986) can0 18FF02EA#00009B0200009B02
(946688583.959986) can0 18FF1085#0000000300010000
(946688583.959986) can0 400#19172A6829680000
(946688583.959986) can0 401#017F000000000000
(946688583.969986) can0 18FF01EA#00009D0200009D02
(946688583.969986) can0 18FF02EA#0000990200009902
(946688583.989986) can0 18FF01EA#0000980200009802
(946688583.989986) can0 18FF02EA#0000870200008702
(946688583.989986) can0 18FF1085#0000000300010000
(946688583.989986) can0 400#161729682A680000
(946688583.989986) can0 401#017F000000000000
(946688583.999986) can0 19B30007#00005E20AC7F0000
(946688583.999986) can0 19B30100#D7D7D7D7D7D7D7D7
(946688584.009986) can0 18FF01EA#0000A4020000A402
(946688584.009986) can0 18FF02EA#FFFFA102FFFFA102
