(0946688569.651860) can0 18FF1080#00000000
(0946688569.671854) can0 18FF1080#00000000
(0946688569.691884) can0 18FF1080#00000000
(0946688569.706189) can0 18FF00EA#10F9000005007D40
(0946688569.711465) can0 18FF01EA#00007D007D007DFF
(0946688569.711896) can0 18FF1080#00000000
(0946688569.713412) can0 18FF00F7#E0F9000005007D3F
(0946688569.716298) can0 18FF02EA#00007D007D007DFF
(0946688569.718635) can0 18FF01F7#00007D007D007DFF
(0946688569.723717) can0 18FF02F7#00007D007D007DFF
(0946688569.731859) can0 18FF1080#00000000
(0946688569.751853) can0 18FF1080#00000000
(0946688569.771860) can0 18FF1080#00000000
(0946688569.791857) can0 18FF1080#00000000
(0946688569.806507) can0 18FF00EA#10F9000005007D40
(0946688569.811281) can0 18FF01EA#00007D007D007DFF
(0946688569.811854) can0 18FF1080#00000000
(0946688569.813469) can0 18FF00F7#E0F9000005007D3F
(0946688569.816491) can0 18FF02EA#00007D007D007DFF
(0946688569.818472) can0 18FF01F7#00007D007D007DFF
(0946688569.823432) can0 18FF02F7#00007D007D007DFF
(0946688569.831856) can0 18FF1080#00000000
(0946688569.851902) can0 18FF1080#00000000
(0946688569.871875) can0 18FF1080#00000000
(0946688569.891865) can0 18FF1080#00000000
(0946688569.906295) can0 18FF00EA#10F9000005007D40
(0946688569.911407) can0 18FF01EA#00007D007D007DFF
(0946688569.911945) can0 18FF1080#00000000
(0946688569.913315) can0 18FF00F7#E0F9000005007D3F
(0946688569.916652) can0 18FF02EA#00007D007D007DFF
(0946688569.918632) can0 18FF01F7#00007D007D007DFF
(0946688569.923723) can0 18FF02F7#00007D007D007DFF
(0946688569.931853) can0 18FF1080#00000000
(0946688569.951854) can0 18FF1080#00000000
(0946688569.971852) can0 18FF1080#00000000
(0946688569.991854) can0 18FF1080#00000000
(0946688570.006181) can0 18FF00EA#10F9000005007D40
(0946688570.011474) can0 18FF01EA#00007D007D007DFF
(0946688570.011903) can0 18FF1080#00000000
(0946688570.013604) can0 18FF00F7#E0F9000005007D3F
(0946688570.016332) can0 18FF02EA#00007D007D007DFF
(0946688570.018332) can0 18FF01F7#00007D007D007DFF
(0946688570.023491) can0 18FF02F7#00007D007D007DFF
(0946688570.031869) can0 18FF1080#00000000
(0946688570.051857) can0 18FF1080#00000000
(0946688570.071864) can0 18FF1080#00000000
(0946688570.091854) can0 18FF1080#00000000
(0946688570.106451) can0 18FF00EA#10F9000005007D40
(0946688570.111169) can0 18FF01EA#00007D007D007DFF
(0946688570.111851) can0 18FF1080#00000000
(0946688570.113413) can0 18FF00F7#E0F9000005007D3F
(0946688570.116339) can0 18FF02EA#00007D007D007DFF
(0946688570.118581) can0 18FF01F7#00007D007D007DFF
(0946688570.123721) can0 18FF02F7#00007D007D007DFF
(0946688570.131857) can0 18FF1080#00000000
(0946688570.151859) can0 18FF1080#00000000
(0946688570.171852) can0 18FF1080#00000000
(0946688570.191852) can0 18FF1080#00000000
(0946688570.206444) can0 18FF00EA#10F9000005007D40
(0946688570.211186) can0 18FF01EA#00007D007D007DFF
(0946688570.211853) can0 18FF1080#00000000
(0946688570.213603) can0 18FF00F7#E0F9000005007D3F
(0946688570.216531) can0 18FF02EA#00007D007D007DFF
(0946688570.218310) can0 18FF01F7#00007D007D007DFF
(0946688570.223610) can0 18FF02F7#00007D007D007DFF
(0946688570.231850) can0 18FF1080#00000000
(0946688570.251850) can0 18FF1080#00000000
(0946688570.271850) can0 18FF1080#00000000
(0946688570.291859) can0 18FF1080#00000000
(0946688570.306174) can0 18FF00EA#10F9000005007D40
(0946688570.311468) can0 18FF01EA#00007D007D007DFF
(0946688570.311893) can0 18FF1080#00000000
(0946688570.313596) can0 18FF00F7#E0F9000005007D3F
(0946688570.316635) can0 18FF02EA#00007D007D007DFF
(0946688570.318621) can0 18FF01F7#00007D007D007DFF
(0946688570.323471) can0 18FF02F7#00007D007D007DFF
(0946688570.331851) can0 18FF1080#00000000
(0946688570.351857) can0 18FF1080#00000000
(0946688570.371847) can0 18FF1080#00000000
(0946688570.391855) can0 18FF1080#00000000
(0946688570.406327) can0 18FF00EA#10F9000005007D40
(0946688570.411380) can0 18FF01EA#00007D007D007DFF
(0946688570.411901) can0 18FF1080#00000000
(0946688570.413494) can0 18FF00F7#E0F9000005007D3F
(0946688570.416526) can0 18FF02EA#00007D007D007DFF
(0946688570.418480) can0 18FF01F7#00007D007D007DFF
(0946688570.423353) can0 18FF02F7#00007D007D007DFF
(0946688570.431852) can0 18FF1080#00000000
(0946688570.451849) can0 18FF1080#00000000
(0946688570.471851) can0 18FF1080#00000000
(0946688570.491846) can0 18FF1080#00000000
(0946688570.506465) can0 18FF00EA#10F9000005007D40
(0946688570.511416) can0 18FF01EA#00007D007D007DFF
(0946688570.511947) can0 18FF1080#00000000
(0946688570.513656) can0 18FF00F7#E0F9000005007D3F
(0946688570.516611) can0 18FF02EA#00007D007D007DFF
(0946688570.518521) can0 18FF01F7#00007D007D007DFF
(0946688570.523501) can0 18FF02F7#00007D007D007DFF
(0946688570.531851) can0 18FF1080#00000000
(0946688570.551850) can0 18FF1080#00000000
(0946688570.571850) can0 18FF1080#00000000
(0946688570.591850) can0 18FF1080#00000000
(0946688570.606259) can0 18FF00EA#10F9000005007D40
(0946688570.611375) can0 18FF01EA#00007D007D007DFF
(0946688570.611908) can0 18FF1080#00000000
(0946688570.613611) can0 18FF00F7#E0F9000005007D3F
(0946688570.616522) can0 18FF02EA#00007D007D007DFF
(0946688570.618285) can0 18FF01F7#00007D007D007DFF
(0946688570.623494) can0 18FF02F7#00007D007D007DFF
(0946688570.631849) can0 18FF1080#00000000
(0946688570.651847) can0 18FF1080#00000000
(0946688570.671843) can0 18FF1080#00000000
(0946688570.691851) can0 18FF1080#00000000
(0946688570.706358) can0 18FF00EA#10F9000005007D40
(0946688570.711151) can0 18FF01EA#00007D007D007DFF
(0946688570.711841) can0 18FF1080#00000000
(0946688570.713515) can0 18FF00F7#E0F9000005007D3F
(0946688570.716267) can0 18FF02EA#00007D007D007DFF
(0946688570.718529) can0 18FF01F7#00007D007D007DFF
(0946688570.723640) can0 18FF02F7#00007D007D007DFF
(0946688570.731843) can0 18FF1080#00000000
(0946688570.751846) can0 18FF1080#00000000
(0946688570.771853) can0 18FF1080#00000000
(0946688570.791848) can0 18FF1080#00000000
(0946688570.806157) can0 18FF00EA#10F9000005007D40
(0946688570.811411) can0 18FF01EA#00007D007D007DFF
(0946688570.811944) can0 18FF1080#00000000
(0946688570.813388) can0 18FF00F7#E0F9000005007D3F
(0946688570.816608) can0 18FF02EA#00007D007D007DFF
(0946688570.818548) can0 18FF01F7#00007D007D007DFF
(0946688570.823704) can0 18FF02F7#00007D007D007DFF
(0946688570.831847) can0 18FF1080#00000000
(0946688570.851847) can0 18FF1080#00000000
(0946688570.871847) can0 18FF1080#00000000
(0946688570.891846) can0 18FF1080#00000000
(0946688570.906258) can0 18FF00EA#10F9000005007D40
(0946688570.911366) can0 18FF01EA#00007D007D007DFF
(0946688570.911900) can0 18FF1080#00000000
(0946688570.913451) can0 18FF00F7#E0F9000005007D3F
(0946688570.916259) can0 18FF02EA#00007D007D007DFF
(0946688570.918445) can0 18FF01F7#00007D007D007DFF
(0946688570.923694) can0 18FF02F7#00007D007D007DFF
(0946688570.931845) can0 18FF1080#00000000
(0946688570.951849) can0 18FF1080#00000000
(0946688570.971941) can0 18FF1080#00000000
(0946688570.991859) can0 18FF1080#00000000
(0946688571.006255) can0 18FF00EA#10F9000005007D40
(0946688571.011481) can0 18FF01EA#00007D007D007DFF
(0946688571.011921) can0 18FF1080#00000000
(0946688571.013384) can0 18FF00F7#E0F9000005007D3F
(0946688571.016201) can0 18FF02EA#00007D007D007DFF
(0946688571.018573) can0 18FF01F7#00007D007D007DFF
(0946688571.023328) can0 18FF02F7#00007D007D007DFF
(0946688571.031843) can0 18FF1080#00000000
(0946688571.051846) can0 18FF1080#00000000
(0946688571.071878) can0 18FF1080#00000000
(0946688571.091841) can0 18FF1080#00000000
(0946688571.106297) can0 18FF00EA#10F9000005007D40
(0946688571.111392) can0 18FF01EA#00007D007D007DFF
(0946688571.111895) can0 18FF1080#00000000
(0946688571.113424) can0 18FF00F7#E0F9000005007D3F
(0946688571.116483) can0 18FF02EA#00007D007D007DFF
(0946688571.118553) can0 18FF01F7#00007D007D007DFF
(0946688571.123387) can0 18FF02F7#00007D007D007DFF
(0946688571.131850) can0 18FF1080#00000000
(0946688571.151857) can0 18FF1080#00000000
(0946688571.171879) can0 18FF1080#00000000
(0946688571.191862) can0 18FF1080#00000000
(0946688571.206247) can0 18FF00EA#10F9000005007D40
(0946688571.211297) can0 18FF01EA#00007D007D007DFF
(0946688571.211845) can0 18FF1080#00000000
(0946688571.213443) can0 18FF00F7#E0F9000005007D3F
(0946688571.216576) can0 18FF02EA#00007D007D007DFF
(0946688571.218429) can0 18FF01F7#00007D007D007DFF
(0946688571.223389) can0 18FF02F7#00007D007D007DFF
(0946688571.231843) can0 18FF1080#00000000
(0946688571.251883) can0 18FF1080#00000000
(0946688571.271851) can0 18FF1080#00000000
(0946688571.291847) can0 18FF1080#00000000
(0946688571.306362) can0 18FF00EA#10F9000005007D40
(0946688571.311136) can0 18FF01EA#00007D007D007DFF
(0946688571.311843) can0 18FF1080#00000000
(0946688571.313269) can0 18FF00F7#E0F9000005007D3F
(0946688571.316548) can0 18FF02EA#00007D007D007DFF
(0946688571.318620) can0 18FF01F7#00007D007D007DFF
(0946688571.323315) can0 18FF02F7#00007D007D007DFF
(0946688571.331844) can0 18FF1080#00000000
(0946688571.351846) can0 18FF1080#00000000
(0946688571.371842) can0 18FF1080#00000000
(0946688571.391844) can0 18FF1080#00000000
(0946688571.406273) can0 18FF00EA#10F9000005007D40
(0946688571.411373) can0 18FF01EA#00007D007D007DFF
(0946688571.411900) can0 18FF1080#00000000
(0946688571.413262) can0 18FF00F7#E0F9000005007D3F
(0946688571.416474) can0 18FF02EA#00007D007D007DFF
(0946688571.418587) can0 18FF01F7#00007D007D007DFF
(0946688571.423335) can0 18FF02F7#00007D007D007DFF
(0946688571.431846) can0 18FF1080#00000000
(0946688571.451875) can0 18FF1080#00000000
(0946688571.471841) can0 18FF1080#00000000
(0946688571.491871) can0 18FF1080#00000000
(0946688571.506542) can0 18FF00EA#10F9000005007D40
(0946688571.511234) can0 18FF01EA#00007D007D007DFF
(0946688571.511838) can0 18FF1080#00000000
(0946688571.513653) can0 18FF00F7#E0F9000005007D3F
(0946688571.516145) can0 18FF02EA#00007D007D007DFF
(0946688571.518455) can0 18FF01F7#00007D007D007DFF
(0946688571.523655) can0 18FF02F7#00007D007D007DFF
(0946688571.531849) can0 18FF1080#00000000
(0946688571.551847) can0 18FF1080#00000000
(0946688571.571854) can0 18FF1080#00000000
(0946688571.591843) can0 18FF1080#00000000
(0946688571.606145) can0 18FF00EA#10F9000005007D40
(0946688571.611128) can0 18FF01EA#00007D007D007DFF
(0946688571.611838) can0 18FF1080#00000000
(0946688571.613483) can0 18FF00F7#E0F9000005007D3F
(0946688571.616344) can0 18FF02EA#00007D007D007DFF
(0946688571.618380) can0 18FF01F7#00007D007D007DFF
(0946688571.623512) can0 18FF02F7#00007D007D007DFF
(0946688571.631840) can0 18FF1080#00000000
(0946688571.651845) can0 18FF1080#00000000
(0946688571.671841) can0 18FF1080#00000000
(0946688571.691888) can0 18FF1080#00000000
(0946688571.706449) can0 18FF00EA#10F9000005007D40
(0946688571.711390) can0 18FF01EA#00007D007D007DFF
(0946688571.711930) can0 18FF1080#00000000
(0946688571.713361) can0 18FF00F7#E0F9000005007D3F
(0946688571.716241) can0 18FF02EA#00007D007D007DFF
(0946688571.718274) can0 18FF01F7#00007D007D007DFF
(0946688571.723418) can0 18FF02F7#00007D007D007DFF
(0946688571.731865) can0 18FF1080#00000000
(0946688571.751845) can0 18FF1080#00000000
(0946688571.771838) can0 18FF1080#00000000
(0946688571.791836) can0 18FF1080#00000000
(0946688571.806446) can0 18FF00EA#10F9000005007D40
(0946688571.811116) can0 18FF01EA#00007D007D007DFF
(0946688571.811830) can0 18FF1080#00000000
(0946688571.813429) can0 18FF00F7#E0F9000005007D3F
(0946688571.816397) can0 18FF02EA#00007D007D007DFF
(0946688571.818499) can0 18FF01F7#00007D007D007DFF
(0946688571.823690) can0 18FF02F7#00007D007D007DFF
(0946688571.831846) can0 18FF1080#00000000
(0946688571.851846) can0 18FF1080#00000000
(0946688571.871837) can0 18FF1080#00000000
(0946688571.891836) can0 18FF1080#00000000
(0946688571.906378) can0 18FF00EA#10F9000005007D40
(0946688571.911223) can0 18FF01EA#00007D007D007DFF
(0946688571.911835) can0 18FF1080#00000000
(0946688571.913355) can0 18FF00F7#E0F9000005007D3F
(0946688571.916567) can0 18FF02EA#00007D007D007DFF
(0946688571.918541) can0 18FF01F7#00007D007D007DFF
(0946688571.923645) can0 18FF02F7#00007D007D007DFF
(0946688571.931852) can0 18FF1080#00000000
(0946688571.951835) can0 18FF1080#00000000
(0946688571.971836) can0 18FF1080#00000000
(0946688571.991834) can0 18FF1080#00000000
(0946688572.006396) can0 18FF00EA#10F9000005007D40
(0946688572.011114) can0 18FF01EA#00007D007D007DFF
(0946688572.011834) can0 18FF1080#00000000
(0946688572.013242) can0 18FF00F7#E0F9000005007D3F
(0946688572.016455) can0 18FF02EA#00007D007D007DFF
(0946688572.018568) can0 18FF01F7#00007D007D007DFF
(0946688572.023671) can0 18FF02F7#00007D007D007DFF
(0946688572.031832) can0 18FF1080#00000000
(0946688572.051832) can0 18FF1080#00000000
(0946688572.071836) can0 18FF1080#00000000
(0946688572.091836) can0 18FF1080#00000000
(0946688572.106352) can0 18FF00EA#10F9000005007D40
(0946688572.111105) can0 18FF01EA#00007D007D007DFF
(0946688572.111834) can0 18FF1080#00000000
(0946688572.113440) can0 18FF00F7#E0F9000005007D3F
(0946688572.116227) can0 18FF02EA#00007D007D007DFF
(0946688572.118256) can0 18FF01F7#00007D007D007DFF
(0946688572.123413) can0 18FF02F7#00007D007D007DFF
(0946688572.131833) can0 18FF1080#00000000
(0946688572.151834) can0 18FF1080#00000000
(0946688572.171853) can0 18FF1080#00000000
(0946688572.191845) can0 18FF1080#00000000
(0946688572.206289) can0 18FF00EA#10F9000005007D40
(0946688572.211266) can0 18FF01EA#00007D007D007DFF
(0946688572.211830) can0 18FF1080#00000000
(0946688572.213343) can0 18FF00F7#E0F9000005007D3F
(0946688572.216283) can0 18FF02EA#00007D007D007DFF
(0946688572.218511) can0 18FF01F7#00007D007D007DFF
(0946688572.223661) can0 18FF02F7#00007D007D007DFF
(0946688572.231857) can0 18FF1080#00000000
(0946688572.251840) can0 18FF1080#00000000
(0946688572.271834) can0 18FF1080#00000000
(0946688572.291834) can0 18FF1080#00000000
(0946688572.306240) can0 18FF00EA#10F9000005007D40
(0946688572.311340) can0 18FF01EA#00007D007D007DFF
(0946688572.311872) can0 18FF1080#00000000
(0946688572.313387) can0 18FF00F7#E0F9000005007D3F
(0946688572.316509) can0 18FF02EA#00007D007D007DFF
(0946688572.318499) can0 18FF01F7#00007D007D007DFF
(0946688572.323287) can0 18FF02F7#00007D007D007DFF
(0946688572.331834) can0 18FF1080#00000000
(0946688572.351835) can0 18FF1080#00000000
(0946688572.371833) can0 18FF1080#00000000
(0946688572.391831) can0 18FF1080#00000000
(0946688572.406109) can0 18FF00EA#10F9000005007D40
(0946688572.411393) can0 18FF01EA#00007D007D007DFF
(0946688572.411921) can0 18FF1080#00000000
(0946688572.413344) can0 18FF00F7#E0F9000005007D3F
(0946688572.416526) can0 18FF02EA#00007D007D007DFF
(0946688572.418500) can0 18FF01F7#00007D007D007DFF
(0946688572.423289) can0 18FF02F7#00007D007D007DFF
(0946688572.431842) can0 18FF1080#00000000
(0946688572.451833) can0 18FF1080#00000000
(0946688572.471841) can0 18FF1080#00000000
(0946688572.491830) can0 18FF1080#00000000
(0946688572.506335) can0 18FF00EA#10F9000005007D40
(0946688572.511362) can0 18FF01EA#00007D007D007DFF
(0946688572.511903) can0 18FF1080#00000000
(0946688572.513461) can0 18FF00F7#E0F9000005007D3F
(0946688572.516501) can0 18FF02EA#00007D007D007DFF
(0946688572.518334) can0 18FF01F7#00007D007D007DFF
(0946688572.523491) can0 18FF02F7#00007D007D007DFF
(0946688572.531828) can0 18FF1080#00000000
(0946688572.551832) can0 18FF1080#00000000
(0946688572.571830) can0 18FF1080#00000000
(0946688572.591831) can0 18FF1080#00000000
(0946688572.606400) can0 18FF00EA#10F9000005007D40
(0946688572.611223) can0 18FF01EA#00007D007D007DFF
(0946688572.611832) can0 18FF1080#00000000
(0946688572.613222) can0 18FF00F7#E0F9000005007D3F
(0946688572.616425) can0 18FF02EA#00007D007D007DFF
(0946688572.618434) can0 18FF01F7#00007D007D007DFF
(0946688572.623612) can0 18FF02F7#00007D007D007DFF
(0946688572.631842) can0 18FF1080#00000000
(0946688572.651828) can0 18FF1080#00000000
(0946688572.671832) can0 18FF1080#00000000
(0946688572.691830) can0 18FF1080#00000000
(0946688572.706402) can0 18FF00EA#10F9000005007D40
(0946688572.711089) can0 18FF01EA#00007D007D007DFF
(0946688572.711827) can0 18FF1080#00000000
(0946688572.713330) can0 18FF00F7#E0F9000005007D3F
(0946688572.716215) can0 18FF02EA#00007D007D007DFF
(0946688572.718396) can0 18FF01F7#00007D007D007DFF
(0946688572.723606) can0 18FF02F7#00007D007D007DFF
(0946688572.731846) can0 18FF1080#00000000
(0946688572.751849) can0 18FF1080#00000000
(0946688572.771827) can0 18FF1080#00000000
(0946688572.791827) can0 18FF1080#00000000
(0946688572.806252) can0 18FF00EA#10F9000005007D40
(0946688572.811318) can0 18FF01EA#00007D007D007DFF
(0946688572.811856) can0 18FF1080#00000000
(0946688572.813328) can0 18FF00F7#E0F9000005007D3F
(0946688572.816400) can0 18FF02EA#00007D007D007DFF
(0946688572.818237) can0 18FF01F7#00007D007D007DFF
(0946688572.823427) can0 18FF02F7#00007D007D007DFF
(0946688572.831825) can0 18FF1080#00000000
(0946688572.851875) can0 18FF1080#00000000
(0946688572.871841) can0 18FF1080#00000000
(0946688572.891830) can0 18FF1080#00000000
(0946688572.906405) can0 18FF00EA#10F9000005007D40
(0946688572.911376) can0 18FF01EA#00007D007D007DFF
(0946688572.911908) can0 18FF1080#00000000
(0946688572.913327) can0 18FF00F7#E0F9000005007D3F
(0946688572.916199) can0 18FF02EA#00007D007D007DFF
(0946688572.918461) can0 18FF01F7#00007D007D007DFF
(0946688572.923344) can0 18FF02F7#00007D007D007DFF
(0946688572.931837) can0 18FF1080#00000000
(0946688572.951830) can0 18FF1080#00000000
(0946688572.971829) can0 18FF1080#00000000
(0946688572.991824) can0 18FF1080#00000000
(0946688573.006311) can0 18FF00EA#10F9000005007D40
(0946688573.011197) can0 18FF01EA#00007D007D007DFF
(0946688573.011825) can0 18FF1080#00000000
(0946688573.013208) can0 18FF00F7#E0F9000005007D3F
(0946688573.016107) can0 18FF02EA#00007D007D007DFF
(0946688573.018215) can0 18FF01F7#00007D007D007DFF
(0946688573.023468) can0 18FF02F7#00007D007D007DFF
(0946688573.031833) can0 18FF1080#00000000
(0946688573.051826) can0 18FF1080#00000000
(0946688573.071826) can0 18FF1080#00000000
(0946688573.091827) can0 18FF1080#00000000
(0946688573.106288) can0 18FF00EA#10F9000005007D40
(0946688573.111255) can0 18FF01EA#00007D007D007DFF
(0946688573.111824) can0 18FF1080#00000000
(0946688573.113315) can0 18FF00F7#E0F9000005007D3F
(0946688573.116104) can0 18FF02EA#00007D007D007DFF
(0946688573.118366) can0 18FF01F7#00007D007D007DFF
(0946688573.123600) can0 18FF02F7#00007D007D007DFF
(0946688573.131826) can0 18FF1080#00000000
(0946688573.151828) can0 18FF1080#00000000
(0946688573.171824) can0 18FF1080#00000000
(0946688573.191830) can0 18FF1080#00000000
(0946688573.206307) can0 18FF00EA#10F9000005007D40
(0946688573.211309) can0 18FF01EA#00007D007D007DFF
(0946688573.211846) can0 18FF1080#00000000
(0946688573.213202) can0 18FF00F7#E0F9000005007D3F
(0946688573.216385) can0 18FF02EA#00007D007D007DFF
(0946688573.218469) can0 18FF01F7#00007D007D007DFF
(0946688573.223369) can0 18FF02F7#00007D007D007DFF
(0946688573.231828) can0 18FF1080#00000000
(0946688573.251829) can0 18FF1080#00000000
(0946688573.271847) can0 18FF1080#00000000
(0946688573.291874) can0 18FF1080#00000000
(0946688573.306301) can0 18FF00EA#10F9000005007D40
(0946688573.311130) can0 18FF01EA#00007D007D007DFF
(0946688573.311822) can0 18FF1080#00000000
(0946688573.313394) can0 18FF00F7#E0F9000005007D3F
(0946688573.316476) can0 18FF02EA#00007D007D007DFF
(0946688573.318368) can0 18FF01F7#00007D007D007DFF
(0946688573.323661) can0 18FF02F7#00007D007D007DFF
(0946688573.331821) can0 18FF1080#00000000
(0946688573.351825) can0 18FF1080#00000000
(0946688573.371825) can0 18FF1080#00000000
(0946688573.391823) can0 18FF1080#00000000
(0946688573.406404) can0 18FF00EA#10F9000005007D40
(0946688573.411245) can0 18FF01EA#00007D007D007DFF
(0946688573.411829) can0 18FF1080#00000000
(0946688573.413575) can0 18FF00F7#E0F9000005007D3F
(0946688573.416090) can0 18FF02EA#00007D007D007DFF
(0946688573.418233) can0 18FF01F7#00007D007D007DFF
(0946688573.423411) can0 18FF02F7#00007D007D007DFF
(0946688573.431828) can0 18FF1080#00000000
(0946688573.451833) can0 18FF1080#00000000
(0946688573.471822) can0 18FF1080#00000000
(0946688573.491864) can0 18FF1080#00000000
(0946688573.506260) can0 18FF00EA#10F9000005007D40
(0946688573.511382) can0 18FF01EA#00007D007D007DFF
(0946688573.511888) can0 18FF1080#00000000
(0946688573.513425) can0 18FF00F7#E0F9000005007D3F
(0946688573.516097) can0 18FF02EA#00007D007D007DFF
(0946688573.518248) can0 18FF01F7#00007D007D007DFF
(0946688573.523669) can0 18FF02F7#00007D007D007DFF
(0946688573.531821) can0 18FF1080#00000000
(0946688573.551824) can0 18FF1080#00000000
(0946688573.571822) can0 18FF1080#00000000
(0946688573.591816) can0 18FF1080#00000000
(0946688573.606241) can0 18FF00EA#10F9000005007D40
(0946688573.611224) can0 18FF01EA#00007D007D007DFF
(0946688573.611820) can0 18FF1080#00000000
(0946688573.613187) can0 18FF00F7#E0F9000005007D3F
(0946688573.616419) can0 18FF02EA#00007D007D007DFF
(0946688573.618453) can0 18FF01F7#00007D007D007DFF
(0946688573.623510) can0 18FF02F7#00007D007D007DFF
(0946688573.631826) can0 18FF1080#00000000
(0946688573.651834) can0 18FF1080#00000000
(0946688573.671820) can0 18FF1080#00000000
(0946688573.691821) can0 18FF1080#00000000
(0946688573.706386) can0 18FF00EA#10F9000005007D40
(0946688573.711161) can0 18FF01EA#00007D007D007DFF
(0946688573.711818) can0 18FF1080#00000000
(0946688573.713534) can0 18FF00F7#E0F9000005007D3F
(0946688573.716285) can0 18FF02EA#00007D007D007DFF
(0946688573.718392) can0 18FF01F7#00007D007D007DFF
(0946688573.723702) can0 18FF02F7#00007D007D007DFF
(0946688573.731818) can0 18FF1080#00000000
(0946688573.751818) can0 18FF1080#00000000
(0946688573.771818) can0 18FF1080#00000000
(0946688573.791822) can0 18FF1080#00000000
(0946688573.806188) can0 18FF00EA#10F9000005007D40
(0946688573.811290) can0 18FF01EA#00007D007D007DFF
(0946688573.811827) can0 18FF1080#00000000
(0946688573.813533) can0 18FF00F7#E0F9000005007D3F
(0946688573.816429) can0 18FF02EA#00007D007D007DFF
(0946688573.818315) can0 18FF01F7#00007D007D007DFF
(0946688573.823238) can0 18FF02F7#00007D007D007DFF
(0946688573.831816) can0 18FF1080#00000000
(0946688573.851816) can0 18FF1080#00000000
(0946688573.871821) can0 18FF1080#00000000
(0946688573.891820) can0 18FF1080#00000000
(0946688573.906285) can0 18FF00EA#10F9000005007D40
(0946688573.911161) can0 18FF01EA#00007D007D007DFF
(0946688573.911823) can0 18FF1080#00000000
(0946688573.913350) can0 18FF00F7#E0F9000005007D3F
(0946688573.916326) can0 18FF02EA#00007D007D007DFF
(0946688573.918358) can0 18FF01F7#00007D007D007DFF
(0946688573.923602) can0 18FF02F7#00007D007D007DFF
(0946688573.931817) can0 18FF1080#00000000
(0946688573.951825) can0 18FF1080#00000000
(0946688573.971819) can0 18FF1080#00000000
(0946688573.991818) can0 18FF1080#00000000
(0946688574.006157) can0 18FF00EA#10F9000005007D40
(0946688574.011271) can0 18FF01EA#00007D007D007DFF
(0946688574.011813) can0 18FF1080#00000000
(0946688574.013193) can0 18FF00F7#E0F9000005007D3F
(0946688574.016435) can0 18FF02EA#00007D007D007DFF
(0946688574.018443) can0 18FF01F7#00007D007D007DFF
(0946688574.023226) can0 18FF02F7#00007D007D007DFF
(0946688574.031816) can0 18FF1080#00000000
(0946688574.051828) can0 18FF1080#00000000
(0946688574.071831) can0 18FF1080#00000000
(0946688574.091825) can0 18FF1080#00000000
(0946688574.106158) can0 18FF00EA#10F9000005007D40
(0946688574.111208) can0 18FF01EA#00007D007D007DFF
(0946688574.111809) can0 18FF1080#00000000
(0946688574.113508) can0 18FF00F7#E0F9000005007D3F
(0946688574.116435) can0 18FF02EA#00007D007D007DFF
(0946688574.118189) can0 18FF01F7#00007D007D007DFF
(0946688574.123344) can0 18FF02F7#00007D007D007DFF
(0946688574.131848) can0 18FF1080#00000000
(0946688574.151837) can0 18FF1080#00000000
(0946688574.171840) can0 18FF1080#00000000
(0946688574.191849) can0 18FF1080#00000000
(0946688574.206378) can0 18FF00EA#10F9000005007D40
(0946688574.211305) can0 18FF01EA#00007D007D007DFF
(0946688574.211843) can0 18FF1080#00000000
(0946688574.213420) can0 18FF00F7#E0F9000005007D3F
(0946688574.216062) can0 18FF02EA#00007D007D007DFF
(0946688574.218173) can0 18FF01F7#00007D007D007DFF
(0946688574.223383) can0 18FF02F7#00007D007D007DFF
(0946688574.231815) can0 18FF1080#00000000
(0946688574.251843) can0 18FF1080#00000000
(0946688574.271836) can0 18FF1080#00000000
(0946688574.291833) can0 18FF1080#00000000
(0946688574.306156) can0 18FF00EA#10F9000005007D40
(0946688574.311260) can0 18FF01EA#00007D007D007DFF
(0946688574.311815) can0 18FF1080#00000000
(0946688574.313469) can0 18FF00F7#E0F9000005007D3F
(0946688574.316332) can0 18FF02EA#00007D007D007DFF
(0946688574.318168) can0 18FF01F7#00007D007D007DFF
(0946688574.323419) can0 18FF02F7#00007D007D007DFF
(0946688574.331814) can0 18FF1080#00000000
(0946688574.351814) can0 18FF1080#00000000
(0946688574.371819) can0 18FF1080#00000000
(0946688574.391824) can0 18FF1080#00000000
(0946688574.406059) can0 18FF00EA#10F9000005007D40
(0946688574.411338) can0 18FF01EA#00007D007D007DFF
(0946688574.411863) can0 18FF1080#00000000
(0946688574.413175) can0 18FF00F7#E0F9000005007D3F
(0946688574.416165) can0 18FF02EA#00007D007D007DFF
(0946688574.418444) can0 18FF01F7#00007D007D007DFF
(0946688574.423665) can0 18FF02F7#00007D007D007DFF
(0946688574.432081) can0 18FF1080#00000000
(0946688574.451814) can0 18FF1080#00000000
(0946688574.471814) can0 18FF1080#00000000
(0946688574.491811) can0 18FF1080#00000000
(0946688574.506066) can0 18FF00EA#10F9000005007D40
(0946688574.511192) can0 18FF01EA#00007D007D007DFF
(0946688574.511803) can0 18FF1080#00000000
(0946688574.513491) can0 18FF00F7#E0F9000005007D3F
(0946688574.516117) can0 18FF02EA#00007D007D007DFF
(0946688574.518236) can0 18FF01F7#00007D007D007DFF
(0946688574.523559) can0 18FF02F7#00007D007D007DFF
(0946688574.531803) can0 18FF1080#00000000
(0946688574.551812) can0 18FF1080#00000000
(0946688574.571829) can0 18FF1080#00000000
(0946688574.591813) can0 18FF1080#00000000
(0946688574.606306) can0 18FF00EA#10F9000005007D40
(0946688574.611053) can0 18FF01EA#00007D007D007DFF
(0946688574.611812) can0 18FF1080#00000000
(0946688574.613329) can0 18FF00F7#E0F9000005007D3F
(0946688574.616154) can0 18FF02EA#00007D007D007DFF
(0946688574.618348) can0 18FF01F7#00007D007D007DFF
(0946688574.623608) can0 18FF02F7#00007D007D007DFF
(0946688574.631837) can0 18FF1080#00000000
(0946688574.651877) can0 18FF1080#00000000
(0946688574.671824) can0 18FF1080#00000000
(0946688574.691816) can0 18FF1080#00000000
(0946688574.706136) can0 18FF00EA#10F9000005007D40
(0946688574.711138) can0 18FF01EA#00007D007D007DFF
(0946688574.711853) can0 18FF1080#00000000
(0946688574.713455) can0 18FF00F7#E0F9000005007D3F
(0946688574.716048) can0 18FF02EA#00007D007D007DFF
(0946688574.718159) can0 18FF01F7#00007D007D007DFF
(0946688574.723377) can0 18FF02F7#00007D007D007DFF
(0946688574.731814) can0 18FF1080#00000000
(0946688574.751818) can0 18FF1080#00000000
(0946688574.771813) can0 18FF1080#00000000
(0946688574.791811) can0 18FF1080#00000000
(0946688574.806414) can0 18FF00EA#10F9000005007D40
(0946688574.811025) can0 18FF01EA#00007D007D007DFF
(0946688574.811850) can0 18FF1080#00000000
(0946688574.813257) can0 18FF00F7#E0F9000005007D3F
(0946688574.816260) can0 18FF02EA#00007D007D007DFF
(0946688574.818390) can0 18FF01F7#00007D007D007DFF
(0946688574.823661) can0 18FF02F7#00007D007D007DFF
(0946688574.831807) can0 18FF1080#00000000
(0946688574.851838) can0 18FF1080#00000000
(0946688574.871862) can0 18FF1080#00000000
(0946688574.891814) can0 18FF1080#00000000
(0946688574.906234) can0 18FF00EA#10F9000005007D40
(0946688574.911028) can0 18FF01EA#00007D007D007DFF
(0946688574.911810) can0 18FF1080#00000000
(0946688574.913298) can0 18FF00F7#E0F9000005007D3F
(0946688574.916354) can0 18FF02EA#00007D007D007DFF
(0946688574.918383) can0 18FF01F7#00007D007D007DFF
(0946688574.923203) can0 18FF02F7#00007D007D007DFF
(0946688574.931819) can0 18FF1080#00000000
(0946688574.951816) can0 18FF1080#00000000
(0946688574.971808) can0 18FF1080#00000000
(0946688574.991810) can0 18FF1080#00000000
(0946688575.006365) can0 18FF00EA#10F9000005007D40
(0946688575.011277) can0 18FF01EA#00007D007D007DFF
(0946688575.011818) can0 18FF1080#00000000
(0946688575.013153) can0 18FF00F7#E0F9000005007D3F
(0946688575.016462) can0 18FF02EA#00007D007D007DFF
(0946688575.018427) can0 18FF01F7#00007D007D007DFF
(0946688575.023239) can0 18FF02F7#00007D007D007DFF
(0946688575.031810) can0 18FF1080#00000000
(0946688575.051811) can0 18FF1080#00000000
(0946688575.071816) can0 18FF1080#00000000
(0946688575.091805) can0 18FF1080#00000000
(0946688575.106287) can0 18FF00EA#10F9000005007D40
(0946688575.111121) can0 18FF01EA#00007D007D007DFF
(0946688575.111804) can0 18FF1080#00000000
(0946688575.113298) can0 18FF00F7#E0F9000005007D3F
(0946688575.116043) can0 18FF02EA#00007D007D007DFF
(0946688575.118283) can0 18FF01F7#00007D007D007DFF
(0946688575.123571) can0 18FF02F7#00007D007D007DFF
(0946688575.131803) can0 18FF1080#00000000
(0946688575.151816) can0 18FF1080#00000000
(0946688575.171813) can0 18FF1080#00000000
(0946688575.191821) can0 18FF1080#00000000
(0946688575.206174) can0 18FF00EA#10F9000005007D40
(0946688575.211194) can0 18FF01EA#00007D007D007DFF
(0946688575.211804) can0 18FF1080#00000000
(0946688575.213338) can0 18FF00F7#E0F9000005007D3F
(0946688575.216348) can0 18FF02EA#00007D007D007DFF
(0946688575.218251) can0 18FF01F7#00007D007D007DFF
(0946688575.223408) can0 18FF02F7#00007D007D007DFF
(0946688575.231805) can0 18FF1080#00000000
(0946688575.251809) can0 18FF1080#00000000
(0946688575.271846) can0 18FF1080#00000000
(0946688575.291810) can0 18FF1080#00000000
(0946688575.306360) can0 18FF00EA#10F9000005007D40
(0946688575.311067) can0 18FF01EA#00007D007D007DFF
(0946688575.311805) can0 18FF1080#00000000
(0946688575.313337) can0 18FF00F7#E0F9000005007D3F
(0946688575.316458) can0 18FF02EA#00007D007D007DFF
(0946688575.318373) can0 18FF01F7#00007D007D007DFF
(0946688575.323470) can0 18FF02F7#00007D007D007DFF
(0946688575.331810) can0 18FF1080#00000000
(0946688575.351809) can0 18FF1080#00000000
(0946688575.371810) can0 18FF1080#00000000
(0946688575.391808) can0 18FF1080#00000000
(0946688575.406022) can0 18FF00EA#10F9000005007D40
(0946688575.411275) can0 18FF01EA#00007D007D007DFF
(0946688575.411811) can0 18FF1080#00000000
(0946688575.413338) can0 18FF00F7#E0F9000005007D3F
(0946688575.416381) can0 18FF02EA#00007D007D007DFF
(0946688575.418310) can0 18FF01F7#00007D007D007DFF
(0946688575.423513) can0 18FF02F7#00007D007D007DFF
(0946688575.431805) can0 18FF1080#00000000
(0946688575.451808) can0 18FF1080#00000000
(0946688575.471813) can0 18FF1080#00000000
(0946688575.491811) can0 18FF1080#00000000
(0946688575.506045) can0 18FF00EA#10F9000005007D40
(0946688575.511233) can0 18FF01EA#00007D007D007DFF
(0946688575.511800) can0 18FF1080#00000000
(0946688575.513145) can0 18FF00F7#E0F9000005007D3F
(0946688575.516287) can0 18FF02EA#00007D007D007DFF
(0946688575.518363) can0 18FF01F7#00007D007D007DFF
(0946688575.523462) can0 18FF02F7#00007D007D007DFF
(0946688575.531803) can0 18FF1080#00000000
(0946688575.551807) can0 18FF1080#00000000
(0946688575.571814) can0 18FF1080#00000000
(0946688575.591800) can0 18FF1080#00000000
(0946688575.606378) can0 18FF00EA#10F9000005007D40
(0946688575.611109) can0 18FF01EA#00007D007D007DFF
(0946688575.611800) can0 18FF1080#00000000
(0946688575.613424) can0 18FF00F7#E0F9000005007D3F
(0946688575.616020) can0 18FF02EA#00007D007D007DFF
(0946688575.618132) can0 18FF01F7#00007D007D007DFF
(0946688575.623336) can0 18FF02F7#00007D007D007DFF
(0946688575.631800) can0 18FF1080#00000000
(0946688575.651800) can0 18FF1080#00000000
(0946688575.671804) can0 18FF1080#00000000
(0946688575.691802) can0 18FF1080#00000000
(0946688575.706109) can0 18FF00EA#10F9000005007D40
(0946688575.711211) can0 18FF01EA#00007D007D007DFF
(0946688575.711797) can0 18FF1080#00000000
(0946688575.713354) can0 18FF00F7#E0F9000005007D3F
(0946688575.716391) can0 18FF02EA#00007D007D007DFF
(0946688575.718272) can0 18FF01F7#00007D007D007DFF
(0946688575.723174) can0 18FF02F7#00007D007D007DFF
(0946688575.731801) can0 18FF1080#00000000
(0946688575.751803) can0 18FF1080#00000000
(0946688575.771800) can0 18FF1080#00000000
(0946688575.791805) can0 18FF1080#00000000
(0946688575.806200) can0 18FF00EA#10F9000005007D40
(0946688575.811170) can0 18FF01EA#00007D007D007DFF
(0946688575.811797) can0 18FF1080#00000000
(0946688575.813352) can0 18FF00F7#E0F9000005007D3F
(0946688575.816172) can0 18FF02EA#00007D007D007DFF
(0946688575.818224) can0 18FF01F7#00007D007D007DFF
(0946688575.823414) can0 18FF02F7#00007D007D007DFF
(0946688575.831799) can0 18FF1080#00000000
(0946688575.851800) can0 18FF1080#00000000
(0946688575.871902) can0 18FF1080#00000000
(0946688575.891829) can0 18FF1080#00000000
(0946688575.906011) can0 18FF00EA#10F9000005007D40
(0946688575.911111) can0 18FF01EA#00007D007D007DFF
(0946688575.911799) can0 18FF1080#00000000
(0946688575.913232) can0 18FF00F7#E0F9000005007D3F
(0946688575.916298) can0 18FF02EA#00007D007D007DFF
(0946688575.918345) can0 18FF01F7#00007D007D007DFF
(0946688575.923560) can0 18FF02F7#00007D007D007DFF
(0946688575.931823) can0 18FF1080#00000000
(0946688575.951800) can0 18FF1080#00000000
(0946688575.971806) can0 18FF1080#00000000
(0946688575.991798) can0 18FF1080#00000000
(0946688576.006152) can0 18FF00EA#10F9000005007D40
(0946688576.011092) can0 18FF01EA#00007D007D007DFF
(0946688576.011834) can0 18FF1080#00000000
(0946688576.013223) can0 18FF00F7#E0F9000005007D3F
(0946688576.016114) can0 18FF02EA#00007D007D007DFF
(0946688576.018349) can0 18FF01F7#00007D007D007DFF
(0946688576.023531) can0 18FF02F7#00007D007D007DFF
(0946688576.031796) can0 18FF1080#00000000
(0946688576.051823) can0 18FF1080#00000000
(0946688576.071798) can0 18FF1080#00000000
(0946688576.091803) can0 18FF1080#00000000
(0946688576.106092) can0 18FF00EA#10F9000005007D40
(0946688576.111090) can0 18FF01EA#00007D007D007DFF
(0946688576.111795) can0 18FF1080#00000000
(0946688576.113409) can0 18FF00F7#E0F9000005007D3F
(0946688576.116009) can0 18FF02EA#00007D007D007DFF
(0946688576.118129) can0 18FF01F7#00007D007D007DFF
(0946688576.123314) can0 18FF02F7#00007D007D007DFF
(0946688576.131795) can0 18FF1080#00000000
(0946688576.151795) can0 18FF1080#00000000
(0946688576.171800) can0 18FF1080#00000000
(0946688576.191808) can0 18FF1080#00000000
(0946688576.206332) can0 18FF00EA#10F9000005007D40
(0946688576.211151) can0 18FF01EA#00007D007D007DFF
(0946688576.211800) can0 18FF1080#00000000
(0946688576.213213) can0 18FF00F7#E0F9000005007D3F
(0946688576.216007) can0 18FF02EA#00007D007D007DFF
(0946688576.218289) can0 18FF01F7#00007D007D007DFF
(0946688576.223530) can0 18FF02F7#00007D007D007DFF
(0946688576.231830) can0 18FF1080#00000000
(0946688576.251797) can0 18FF1080#00000000
(0946688576.271800) can0 18FF1080#00000000
(0946688576.291803) can0 18FF1080#00000000
(0946688576.306324) can0 18FF00EA#10F9000005007D40
(0946688576.310979) can0 18FF01EA#00007D007D007DFF
(0946688576.311801) can0 18FF1080#00000000
(0946688576.313408) can0 18FF00F7#E0F9000005007D3F
(0946688576.316330) can0 18FF02EA#00007D007D007DFF
(0946688576.318104) can0 18FF01F7#00007D007D007DFF
(0946688576.323381) can0 18FF02F7#00007D007D007DFF
(0946688576.331794) can0 18FF1080#00000000
(0946688576.351828) can0 18FF1080#00000000
(0946688576.371849) can0 18FF1080#00000000
(0946688576.391799) can0 18FF1080#00000000
(0946688576.406230) can0 18FF00EA#10F9000005007D40
(0946688576.410976) can0 18FF01EA#00007D007D007DFF
(0946688576.411791) can0 18FF1080#00000000
(0946688576.413299) can0 18FF00F7#E0F9000005007D3F
(0946688576.416098) can0 18FF02EA#00007D007D007DFF
(0946688576.418110) can0 18FF01F7#00007D007D007DFF
(0946688576.423438) can0 18FF02F7#00007D007D007DFF
(0946688576.431797) can0 18FF1080#00000000
(0946688576.451802) can0 18FF1080#00000000
(0946688576.471795) can0 18FF1080#00000000
(0946688576.491794) can0 18FF1080#00000000
(0946688576.506125) can0 18FF00EA#10F9000005007D40
(0946688576.511140) can0 18FF01EA#00007D007D007DFF
(0946688576.511791) can0 18FF1080#00000000
(0946688576.513230) can0 18FF00F7#E0F9000005007D3F
(0946688576.515995) can0 18FF02EA#00007D007D007DFF
(0946688576.518098) can0 18FF01F7#00007D007D007DFF
(0946688576.523355) can0 18FF02F7#00007D007D007DFF
(0946688576.531802) can0 18FF1080#00000000
(0946688576.551795) can0 18FF1080#00000000
(0946688576.571792) can0 18FF1080#00000000
(0946688576.591802) can0 18FF1080#00000000
(0946688576.606086) can0 18FF00EA#10F9000005007D40
(0946688576.611181) can0 18FF01EA#00007D007D007DFF
(0946688576.611791) can0 18FF1080#00000000
(0946688576.613245) can0 18FF00F7#E0F9000005007D3F
(0946688576.616387) can0 18FF02EA#00007D007D007DFF
(0946688576.618352) can0 18FF01F7#00007D007D007DFF
(0946688576.623545) can0 18FF02F7#00007D007D007DFF
(0946688576.631790) can0 18FF1080#00000000
(0946688576.651793) can0 18FF1080#00000000
(0946688576.671795) can0 18FF1080#00000000
(0946688576.691801) can0 18FF1080#00000000
(0946688576.705983) can0 18FF00EA#10F9000005007D40
(0946688576.711235) can0 18FF01EA#00007D007D007DFF
(0946688576.711791) can0 18FF1080#00000000
(0946688576.713284) can0 18FF00F7#E0F9000005007D3F
(0946688576.716372) can0 18FF02EA#00007D007D007DFF
(0946688576.718302) can0 18FF01F7#00007D007D007DFF
(0946688576.723138) can0 18FF02F7#00007D007D007DFF
(0946688576.731793) can0 18FF1080#00000000
(0946688576.751794) can0 18FF1080#00000000
(0946688576.771794) can0 18FF1080#00000000
(0946688576.791794) can0 18FF1080#00000000
(0946688576.806142) can0 18FF00EA#10F9000005007D40
(0946688576.811295) can0 18FF01EA#00007D007D007DFF
(0946688576.811807) can0 18FF1080#00000000
(0946688576.813386) can0 18FF00F7#E0F9000005007D3F
(0946688576.816371) can0 18FF02EA#00007D007D007DFF
(0946688576.818086) can0 18FF01F7#00007D007D007DFF
(0946688576.823350) can0 18FF02F7#00007D007D007DFF
(0946688576.831788) can0 18FF1080#00000000
(0946688576.851788) can0 18FF1080#00000000
(0946688576.871799) can0 18FF1080#00000000
(0946688576.891798) can0 18FF1080#00000000
(0946688576.906200) can0 18FF00EA#10F9000005007D40
(0946688576.911064) can0 18FF01EA#00007D007D007DFF
(0946688576.911792) can0 18FF1080#00000000
(0946688576.913240) can0 18FF00F7#E0F9000005007D3F
(0946688576.916181) can0 18FF02EA#00007D007D007DFF
(0946688576.918248) can0 18FF01F7#00007D007D007DFF
(0946688576.923490) can0 18FF02F7#00007D007D007DFF
(0946688576.931797) can0 18FF1080#00000000
(0946688576.951803) can0 18FF1080#00000000
(0946688576.971795) can0 18FF1080#00000000
(0946688576.991791) can0 18FF1080#00000000
(0946688577.005975) can0 18FF00EA#10F9000005007D40
(0946688577.011247) can0 18FF01EA#00007D007D007DFF
(0946688577.011789) can0 18FF1080#00000000
(0946688577.013331) can0 18FF00F7#E0F9000005007D3F
(0946688577.016351) can0 18FF02EA#00007D007D007DFF
(0946688577.018128) can0 18FF01F7#00007D007D007DFF
(0946688577.023129) can0 18FF02F7#00007D007D007DFF
(0946688577.031797) can0 18FF1080#00000000
(0946688577.051795) can0 18FF1080#00000000
(0946688577.071789) can0 18FF1080#00000000
(0946688577.091787) can0 18FF1080#00000000
(0946688577.106172) can0 18FF00EA#10F9000005007D40
(0946688577.110953) can0 18FF01EA#00007D007D007DFF
(0946688577.111785) can0 18FF1080#00000000
(0946688577.113374) can0 18FF00F7#E0F9000005007D3F
(0946688577.116247) can0 18FF02EA#00007D007D007DFF
(0946688577.118288) can0 18FF01F7#00007D007D007DFF
(0946688577.123154) can0 18FF02F7#00007D007D007DFF
(0946688577.131785) can0 18FF1080#00000000
(0946688577.151793) can0 18FF1080#00000000
(0946688577.171789) can0 18FF1080#00000000
(0946688577.191789) can0 18FF1080#00000000
(0946688577.206062) can0 18FF00EA#10F9000005007D40
(0946688577.211221) can0 18FF01EA#00007D007D007DFF
(0946688577.211790) can0 18FF1080#00000000
(0946688577.213075) can0 18FF00F7#E0F9000005007D3F
(0946688577.216346) can0 18FF02EA#00007D007D007DFF
(0946688577.218336) can0 18FF01F7#00007D007D007DFF
(0946688577.223501) can0 18FF02F7#00007D007D007DFF
(0946688577.231787) can0 18FF1080#00000000
(0946688577.251792) can0 18FF1080#00000000
(0946688577.271788) can0 18FF1080#00000000
(0946688577.291792) can0 18FF1080#00000000
(0946688577.306335) can0 18FF00EA#10F9000005007D40
(0946688577.311138) can0 18FF01EA#00007D007D007DFF
(0946688577.311785) can0 18FF1080#00000000
(0946688577.313220) can0 18FF00F7#E0F9000005007D3F
(0946688577.315964) can0 18FF02EA#00007D007D007DFF
(0946688577.318230) can0 18FF01F7#00007D007D007DFF
(0946688577.323449) can0 18FF02F7#00007D007D007DFF
(0946688577.331787) can0 18FF1080#00000000
(0946688577.351788) can0 18FF1080#00000000
(0946688577.371817) can0 18FF1080#00000000
(0946688577.391804) can0 18FF1080#00000000
(0946688577.406197) can0 18FF00EA#10F9000005007D40
(0946688577.411176) can0 18FF01EA#00007D007D007DFF
(0946688577.411781) can0 18FF1080#00000000
(0946688577.413382) can0 18FF00F7#E0F9000005007D3F
(0946688577.416235) can0 18FF02EA#00007D007D007DFF
(0946688577.418067) can0 18FF01F7#00007D007D007DFF
(0946688577.423276) can0 18FF02F7#00007D007D007DFF
(0946688577.431783) can0 18FF1080#00000000
(0946688577.451786) can0 18FF1080#00000000
(0946688577.471785) can0 18FF1080#00000000
(0946688577.491800) can0 18FF1080#00000000
(0946688577.505975) can0 18FF00EA#10F9000005007D40
(0946688577.511155) can0 18FF01EA#00007D007D007DFF
(0946688577.511793) can0 18FF1080#00000000
(0946688577.513440) can0 18FF00F7#E0F9000005007D3F
(0946688577.516332) can0 18FF02EA#00007D007D007DFF
(0946688577.518296) can0 18FF01F7#00007D007D007DFF
(0946688577.523493) can0 18FF02F7#00007D007D007DFF
(0946688577.531783) can0 18FF1080#00000000
(0946688577.551784) can0 18FF1080#00000000
(0946688577.571789) can0 18FF1080#00000000
(0946688577.591788) can0 18FF1080#00000000
(0946688577.606325) can0 18FF00EA#10F9000005007D40
(0946688577.610936) can0 18FF01EA#00007D007D007DFF
(0946688577.611783) can0 18FF1080#00000000
(0946688577.613254) can0 18FF00F7#E0F9000005007D3F
(0946688577.616284) can0 18FF02EA#00007D007D007DFF
(0946688577.618057) can0 18FF01F7#00007D007D007DFF
(0946688577.623357) can0 18FF02F7#00007D007D007DFF
(0946688577.631808) can0 18FF1080#00000000
(0946688577.651781) can0 18FF1080#00000000
(0946688577.671779) can0 18FF1080#00000000
(0946688577.691780) can0 18FF1080#00000000
(0946688577.706232) can0 18FF00EA#10F9000005007D40
(0946688577.710933) can0 18FF01EA#00007D007D007DFF
(0946688577.711783) can0 18FF1080#00000000
(0946688577.713377) can0 18FF00F7#E0F9000005007D3F
(0946688577.716226) can0 18FF02EA#00007D007D007DFF
(0946688577.718055) can0 18FF01F7#00007D007D007DFF
(0946688577.723260) can0 18FF02F7#00007D007D007DFF
(0946688577.731797) can0 18FF1080#00000000
(0946688577.751787) can0 18FF1080#00000000
(0946688577.771814) can0 18FF1080#00000000
(0946688577.791822) can0 18FF1080#00000000
(0946688577.805975) can0 18FF00EA#10F9000005007D40
(0946688577.811282) can0 18FF01EA#00007D007D007DFF
(0946688577.811830) can0 18FF1080#00000000
(0946688577.813065) can0 18FF00F7#E0F9000005007D3F
(0946688577.815976) can0 18FF02EA#00007D007D007DFF
(0946688577.818305) can0 18FF01F7#00007D007D007DFF
(0946688577.823626) can0 18FF02F7#00007D007D007DFF
(0946688577.831770) can0 18FF1080#00000000
(0946688577.851786) can0 18FF1080#00000000
(0946688577.871785) can0 18FF1080#00000000
(0946688577.891781) can0 18FF1080#00000000
(0946688577.906295) can0 18FF00EA#10F9000005007D40
(0946688577.910938) can0 18FF01EA#00007D007D007DFF
(0946688577.911776) can0 18FF1080#00000000
(0946688577.913272) can0 18FF00F7#E0F9000005007D3F
(0946688577.916137) can0 18FF02EA#00007D007D007DFF
(0946688577.918160) can0 18FF01F7#00007D007D007DFF
(0946688577.923352) can0 18FF02F7#00007D007D007DFF
(0946688577.931781) can0 18FF1080#00000000
(0946688577.951786) can0 18FF1080#00000000
(0946688577.971778) can0 18FF1080#00000000
(0946688577.991784) can0 18FF1080#00000000
(0946688578.006281) can0 18FF00EA#10F9000005007D40
(0946688578.010928) can0 18FF01EA#00007D007D007DFF
(0946688578.011772) can0 18FF1080#00000000
(0946688578.013147) can0 18FF00F7#E0F9000005007D3F
(0946688578.016216) can0 18FF02EA#00007D007D007DFF
(0946688578.018230) can0 18FF01F7#00007D007D007DFF
(0946688578.023475) can0 18FF02F7#00007D007D007DFF
(0946688578.031779) can0 18FF1080#00000000
(0946688578.051782) can0 18FF1080#00000000
(0946688578.071779) can0 18FF1080#00000000
(0946688578.091778) can0 18FF1080#00000000
(0946688578.106102) can0 18FF00EA#10F9000005007D40
(0946688578.111083) can0 18FF01EA#00007D007D007DFF
(0946688578.111764) can0 18FF1080#00000000
(0946688578.113184) can0 18FF00F7#E0F9000005007D3F
(0946688578.116276) can0 18FF02EA#00007D007D007DFF
(0946688578.118172) can0 18FF01F7#00007D007D007DFF
(0946688578.123236) can0 18FF02F7#00007D007D007DFF
(0946688578.131765) can0 18FF1080#00000000
(0946688578.151774) can0 18FF1080#00000000
(0946688578.171782) can0 18FF1080#00000000
(0946688578.191775) can0 18FF1080#00000000
(0946688578.206089) can0 18FF00EA#10F9000005007D40
(0946688578.211091) can0 18FF01EA#00007D007D007DFF
(0946688578.211782) can0 18FF1080#00000000
(0946688578.213034) can0 18FF00F7#E0F9000005007D3F
(0946688578.216090) can0 18FF02EA#00007D007D007DFF
(0946688578.218275) can0 18FF01F7#00007D007D007DFF
(0946688578.223085) can0 18FF02F7#00007D007D007DFF
(0946688578.231769) can0 18FF1080#00000000
(0946688578.251775) can0 18FF1080#00000000
(0946688578.271775) can0 18FF1080#00000000
(0946688578.291790) can0 18FF1080#00000000
(0946688578.306186) can0 18FF00EA#10F9000005007D40
(0946688578.310913) can0 18FF01EA#00007D007D007DFF
(0946688578.311771) can0 18FF1080#00000000
(0946688578.313301) can0 18FF00F7#E0F9000005007D3F
(0946688578.316025) can0 18FF02EA#00007D007D007DFF
(0946688578.318026) can0 18FF01F7#00007D007D007DFF
(0946688578.323200) can0 18FF02F7#00007D007D007DFF
(0946688578.331768) can0 18FF1080#00000000
(0946688578.351774) can0 18FF1080#00000000
(0946688578.371771) can0 18FF1080#00000000
(0946688578.391772) can0 18FF1080#00000000
(0946688578.406295) can0 18FF00EA#10F9000005007D40
(0946688578.410903) can0 18FF01EA#00007D007D007DFF
(0946688578.411763) can0 18FF1080#00000000
(0946688578.413034) can0 18FF00F7#E0F9000005007D3F
(0946688578.416083) can0 18FF02EA#00007D007D007DFF
(0946688578.418126) can0 18FF01F7#00007D007D007DFF
(0946688578.423284) can0 18FF02F7#00007D007D007DFF
(0946688578.431768) can0 18FF1080#00000000
(0946688578.451773) can0 18FF1080#00000000
(0946688578.471782) can0 18FF1080#00000000
(0946688578.491779) can0 18FF1080#00000000
(0946688578.506050) can0 18FF00EA#10F9000005007D40
(0946688578.511078) can0 18FF01EA#00007D007D007DFF
(0946688578.511767) can0 18FF1080#00000000
(0946688578.513458) can0 18FF00F7#E0F9000005007D3F
(0946688578.516088) can0 18FF02EA#00007D007D007DFF
(0946688578.518137) can0 18FF01F7#00007D007D007DFF
(0946688578.523082) can0 18FF02F7#00007D007D007DFF
(0946688578.531776) can0 18FF1080#00000000
(0946688578.551780) can0 18FF1080#00000000
(0946688578.571776) can0 18FF1080#00000000
(0946688578.591775) can0 18FF1080#00000000
(0946688578.606197) can0 18FF00EA#10F9000005007D40
(0946688578.611018) can0 18FF01EA#00007D007D007DFF
(0946688578.611767) can0 18FF1080#00000000
(0946688578.613296) can0 18FF00F7#E0F9000005007D3F
(0946688578.615927) can0 18FF02EA#00007D007D007DFF
(0946688578.618137) can0 18FF01F7#00007D007D007DFF
(0946688578.623422) can0 18FF02F7#00007D007D007DFF
(0946688578.631773) can0 18FF1080#00000000
(0946688578.651773) can0 18FF1080#00000000
(0946688578.671777) can0 18FF1080#00000000
(0946688578.691778) can0 18FF1080#00000000
(0946688578.706252) can0 18FF00EA#10F9000005007D40
(0946688578.711145) can0 18FF01EA#00007D007D007DFF
(0946688578.711765) can0 18FF1080#00000000
(0946688578.713229) can0 18FF00F7#E0F9000005007D3F
(0946688578.716188) can0 18FF02EA#00007D007D007DFF
(0946688578.718018) can0 18FF01F7#00007D007D007DFF
(0946688578.723379) can0 18FF02F7#00007D007D007DFF
(0946688578.731770) can0 18FF1080#00000000
(0946688578.751778) can0 18FF1080#00000000
(0946688578.771787) can0 18FF1080#00000000
(0946688578.791776) can0 18FF1080#00000000
(0946688578.806109) can0 18FF00EA#10F9000005007D40
(0946688578.811059) can0 18FF01EA#00007D007D007DFF
(0946688578.811769) can0 18FF1080#00000000
(0946688578.813205) can0 18FF00F7#E0F9000005007D3F
(0946688578.816074) can0 18FF02EA#00007D007D007DFF
(0946688578.818097) can0 18FF01F7#00007D007D007DFF
(0946688578.823073) can0 18FF02F7#00007D007D007DFF
(0946688578.831786) can0 18FF1080#00000000
(0946688578.851772) can0 18FF1080#00000000
(0946688578.871777) can0 18FF1080#00000000
(0946688578.891783) can0 18FF1080#00000000
(0946688578.906151) can0 18FF00EA#10F9000005007D40
(0946688578.910958) can0 18FF01EA#00007D007D007DFF
(0946688578.911760) can0 18FF1080#00000000
(0946688578.913160) can0 18FF00F7#E0F9000005007D3F
(0946688578.916280) can0 18FF02EA#00007D007D007DFF
(0946688578.918150) can0 18FF01F7#00007D007D007DFF
(0946688578.923141) can0 18FF02F7#00007D007D007DFF
(0946688578.931766) can0 18FF1080#00000000
(0946688578.951769) can0 18FF1080#00000000
(0946688578.971770) can0 18FF1080#00000000
(0946688578.991775) can0 18FF1080#00000000
(0946688579.006146) can0 18FF00EA#10F9000005007D40
(0946688579.011001) can0 18FF01EA#00007D007D007DFF
(0946688579.011763) can0 18FF1080#00000000
(0946688579.013385) can0 18FF00F7#E0F9000005007D3F
(0946688579.016126) can0 18FF02EA#00007D007D007DFF
(0946688579.018014) can0 18FF01F7#00007D007D007DFF
(0946688579.023325) can0 18FF02F7#00007D007D007DFF
(0946688579.031768) can0 18FF1080#00000000
(0946688579.051772) can0 18FF1080#00000000
(0946688579.071858) can0 18FF1080#00000000
(0946688579.091784) can0 18FF1080#00000000
(0946688579.106239) can0 18FF00EA#10F9000005007D40
(0946688579.110888) can0 18FF01EA#00007D007D007DFF
(0946688579.111759) can0 18FF1080#00000000
(0946688579.113111) can0 18FF00F7#E0F9000005007D3F
(0946688579.116014) can0 18FF02EA#00007D007D007DFF
(0946688579.118099) can0 18FF01F7#00007D007D007DFF
(0946688579.123427) can0 18FF02F7#00007D007D007DFF
(0946688579.131759) can0 18FF1080#00000000
(0946688579.151768) can0 18FF1080#00000000
(0946688579.171762) can0 18FF1080#00000000
(0946688579.191767) can0 18FF1080#00000000
(0946688579.206230) can0 18FF00EA#10F9000005007D40
(0946688579.211177) can0 18FF01EA#00007D007D007DFF
(0946688579.211755) can0 18FF1080#00000000
(0946688579.213310) can0 18FF00F7#E0F9000005007D3F
(0946688579.215998) can0 18FF02EA#00007D007D007DFF
(0946688579.218002) can0 18FF01F7#00007D007D007DFF
(0946688579.223367) can0 18FF02F7#00007D007D007DFF
(0946688579.231760) can0 18FF1080#00000000
(0946688579.251772) can0 18FF1080#00000000
(0946688579.271772) can0 18FF1080#00000000
(0946688579.291771) can0 18FF1080#00000000
(0946688579.305903) can0 18FF00EA#10F9000005007D40
(0946688579.311126) can0 18FF01EA#00007D007D007DFF
(0946688579.311763) can0 18FF1080#00000000
(0946688579.313323) can0 18FF00F7#E0F9000005007D3F
(0946688579.316003) can0 18FF02EA#00007D007D007DFF
(0946688579.318089) can0 18FF01F7#00007D007D007DFF
(0946688579.323459) can0 18FF02F7#00007D007D007DFF
(0946688579.331769) can0 18FF1080#00000000
(0946688579.351767) can0 18FF1080#00000000
(0946688579.371840) can0 18FF1080#00000000
(0946688579.391778) can0 18FF1080#00000000
(0946688579.406250) can0 18FF00EA#10F9000005007D40
(0946688579.410890) can0 18FF01EA#00007D007D007DFF
(0946688579.411776) can0 18FF1080#00000000
(0946688579.413018) can0 18FF00F7#E0F9000005007D3F
(0946688579.416011) can0 18FF02EA#00007D007D007DFF
(0946688579.418246) can0 18FF01F7#00007D007D007DFF
(0946688579.423468) can0 18FF02F7#00007D007D007DFF
(0946688579.431767) can0 18FF1080#00000000
(0946688579.451771) can0 18FF1080#00000000
(0946688579.471774) can0 18FF1080#00000000
(0946688579.491808) can0 18FF1080#00000000
(0946688579.506072) can0 18FF00EA#10F9000005007D40
(0946688579.511177) can0 18FF01EA#00007D007D007DFF
(0946688579.511775) can0 18FF1080#00000000
(0946688579.513392) can0 18FF00F7#E0F9000005007D3F
(0946688579.516258) can0 18FF02EA#00007D007D007DFF
(0946688579.517998) can0 18FF01F7#00007D007D007DFF
(0946688579.523272) can0 18FF02F7#00007D007D007DFF
(0946688579.531784) can0 18FF1080#00000000
(0946688579.551774) can0 18FF1080#00000000
(0946688579.571770) can0 18FF1080#00000000
(0946688579.591769) can0 18FF1080#00000000
(0946688579.606171) can0 18FF00EA#10F9000005007D40
(0946688579.611060) can0 18FF01EA#00007D007D007DFF
(0946688579.611764) can0 18FF1080#00000000
(0946688579.613154) can0 18FF00F7#E0F9000005007D3F
(0946688579.616271) can0 18FF02EA#00007D007D007DFF
(0946688579.618138) can0 18FF01F7#00007D007D007DFF
(0946688579.623360) can0 18FF02F7#00007D007D007DFF
(0946688579.631776) can0 18FF1080#00000000
(0946688579.651766) can0 18FF1080#00000000
(0946688579.671763) can0 18FF1080#00000000
(0946688579.691774) can0 18FF1080#00000000
(0946688579.706046) can0 18FF00EA#10F9000005007D40
(0946688579.710983) can0 18FF01EA#00007D007D007DFF
(0946688579.711769) can0 18FF1080#00000000
(0946688579.713367) can0 18FF00F7#E0F9000005007D3F
(0946688579.716215) can0 18FF02EA#00007D007D007DFF
(0946688579.717990) can0 18FF01F7#00007D007D007DFF
(0946688579.723336) can0 18FF02F7#00007D007D007DFF
(0946688579.731762) can0 18FF1080#00000000
(0946688579.751796) can0 18FF1080#00000000
(0946688579.771767) can0 18FF1080#00000000
(0946688579.791764) can0 18FF1080#00000000
(0946688579.806047) can0 18FF00EA#10F9000005007D40
(0946688579.811068) can0 18FF01EA#00007D007D007DFF
(0946688579.811764) can0 18FF1080#00000000
(0946688579.813352) can0 18FF00F7#E0F9000005007D3F
(0946688579.815898) can0 18FF02EA#00007D007D007DFF
(0946688579.818113) can0 18FF01F7#00007D007D007DFF
(0946688579.823214) can0 18FF02F7#00007D007D007DFF
(0946688579.831769) can0 18FF1080#00000000
(0946688579.851821) can0 18FF1080#00000000
(0946688579.871777) can0 18FF1080#00000000
(0946688579.891777) can0 18FF1080#00000000
(0946688579.905988) can0 18FF00EA#10F9000005007D40
(0946688579.910872) can0 18FF01EA#00007D007D007DFF
(0946688579.911760) can0 18FF1080#00000000
(0946688579.913356) can0 18FF00F7#E0F9000005007D3F
(0946688579.916096) can0 18FF02EA#00007D007D007DFF
(0946688579.918092) can0 18FF01F7#00007D007D007DFF
(0946688579.923101) can0 18FF02F7#00007D007D007DFF
(0946688579.931764) can0 18FF1080#00000000
(0946688579.951762) can0 18FF1080#00000000
(0946688579.971763) can0 18FF1080#00000000
(0946688579.991766) can0 18FF1080#00000000
(0946688580.006003) can0 18FF00EA#10F9000005007D40
(0946688580.011147) can0 18FF01EA#00007D007D007DFF
(0946688580.011764) can0 18FF1080#00000000
(0946688580.012980) can0 18FF00F7#E0F9000005007D3F
(0946688580.015892) can0 18FF02EA#00007D007D007DFF
(0946688580.018236) can0 18FF01F7#00007D007D007DFF
(0946688580.023445) can0 18FF02F7#00007D007D007DFF
(0946688580.031771) can0 18FF1080#00000000
(0946688580.051761) can0 18FF1080#00000000
(0946688580.071769) can0 18FF1080#00000000
(0946688580.091765) can0 18FF1080#00000000
(0946688580.106188) can0 18FF00EA#10F9000005007D40
(0946688580.111144) can0 18FF01EA#00007D007D007DFF
(0946688580.111761) can0 18FF1080#00000000
(0946688580.113348) can0 18FF00F7#E0F9000005007D3F
(0946688580.116158) can0 18FF02EA#00007D007D007DFF
(0946688580.118086) can0 18FF01F7#00007D007D007DFF
(0946688580.123238) can0 18FF02F7#00007D007D007DFF
(0946688580.131760) can0 18FF1080#00000000
(0946688580.151759) can0 18FF1080#00000000
(0946688580.171760) can0 18FF1080#00000000
(0946688580.191757) can0 18FF1080#00000000
(0946688580.205870) can0 18FF00EA#10F9000005007D40
(0946688580.211185) can0 18FF01EA#00007D007D007DFF
(0946688580.211757) can0 18FF1080#00000000
(0946688580.213383) can0 18FF00F7#E0F9000005007D3F
(0946688580.216228) can0 18FF02EA#00007D007D007DFF
(0946688580.217976) can0 18FF01F7#00007D007D007DFF
(0946688580.223144) can0 18FF02F7#00007D007D007DFF
(0946688580.231832) can0 18FF1080#00000000
(0946688580.251756) can0 18FF1080#00000000
(0946688580.271767) can0 18FF1080#00000000
(0946688580.291760) can0 18FF1080#00000000
(0946688580.306073) can0 18FF00EA#10F9000005007D40
(0946688580.310999) can0 18FF01EA#00007D007D007DFF
(0946688580.311760) can0 18FF1080#00000000
(0946688580.313341) can0 18FF00F7#E0F9000005007D3F
(0946688580.316034) can0 18FF02EA#00007D007D007DFF
(0946688580.318216) can0 18FF01F7#00007D007D007DFF
(0946688580.323023) can0 18FF02F7#00007D007D007DFF
(0946688580.331758) can0 18FF1080#00000000
(0946688580.351756) can0 18FF1080#00000000
(0946688580.371759) can0 18FF1080#00000000
(0946688580.391772) can0 18FF1080#00000000
(0946688580.406222) can0 18FF00EA#10F9000005007D40
(0946688580.410986) can0 18FF01EA#00007D007D007DFF
(0946688580.411803) can0 18FF1080#00000000
(0946688580.412963) can0 18FF00F7#E0F9000005007D3F
(0946688580.415882) can0 18FF02EA#00007D007D007DFF
(0946688580.418109) can0 18FF01F7#00007D007D007DFF
(0946688580.423331) can0 18FF02F7#00007D007D007DFF
(0946688580.431757) can0 18FF1080#00000000
(0946688580.451784) can0 18FF1080#00000000
(0946688580.471773) can0 18FF1080#00000000
(0946688580.491755) can0 18FF1080#00000000
(0946688580.506244) can0 18FF00EA#10F9000005007D40
(0946688580.511050) can0 18FF01EA#00007D007D007DFF
(0946688580.511768) can0 18FF1080#00000000
(0946688580.513142) can0 18FF00F7#E0F9000005007D3F
(0946688580.516029) can0 18FF02EA#00007D007D007DFF
(0946688580.518205) can0 18FF01F7#00007D007D007DFF
(0946688580.523372) can0 18FF02F7#00007D007D007DFF
(0946688580.531768) can0 18FF1080#00000000
(0946688580.551772) can0 18FF1080#00000000
(0946688580.571757) can0 18FF1080#00000000
(0946688580.591757) can0 18FF1080#00000000
(0946688580.605862) can0 18FF00EA#10F9000005007D40
(0946688580.611167) can0 18FF01EA#00007D007D007DFF
(0946688580.611752) can0 18FF1080#00000000
(0946688580.613348) can0 18FF00F7#E0F9000005007D3F
(0946688580.615868) can0 18FF02EA#00007D007D007DFF
(0946688580.618075) can0 18FF01F7#00007D007D007DFF
(0946688580.623126) can0 18FF02F7#00007D007D007DFF
(0946688580.631773) can0 18FF1080#00000000
(0946688580.651809) can0 18FF1080#00000000
(0946688580.671760) can0 18FF1080#00000000
(0946688580.691755) can0 18FF1080#00000000
(0946688580.705961) can0 18FF00EA#10F9000005007D40
(0946688580.711121) can0 18FF01EA#00007D007D007DFF
(0946688580.711752) can0 18FF1080#00000000
(0946688580.713233) can0 18FF00F7#E0F9000005007D3F
(0946688580.716122) can0 18FF02EA#00007D007D007DFF
(0946688580.718101) can0 18FF01F7#00007D007D007DFF
(0946688580.723340) can0 18FF02F7#00007D007D007DFF
(0946688580.731753) can0 18FF1080#00000000
(0946688580.751758) can0 18FF1080#00000000
(0946688580.771753) can0 18FF1080#00000000
(0946688580.791757) can0 18FF1080#00000000
(0946688580.806193) can0 18FF00EA#10F9000005007D40
(0946688580.810941) can0 18FF01EA#00007D007D007DFF
(0946688580.811739) can0 18FF1080#00000000
(0946688580.813333) can0 18FF00F7#E0F9000005007D3F
(0946688580.815860) can0 18FF02EA#00007D007D007DFF
(0946688580.817950) can0 18FF01F7#00007D007D007DFF
(0946688580.823265) can0 18FF02F7#00007D007D007DFF
(0946688580.831753) can0 18FF1080#00000000
(0946688580.851760) can0 18FF1080#00000000
(0946688580.871760) can0 18FF1080#00000000
(0946688580.891761) can0 18FF1080#00000000
(0946688580.906117) can0 18FF00EA#10F9000005007D40
(0946688580.910888) can0 18FF01EA#00007D007D007DFF
(0946688580.911775) can0 18FF1080#00000000
(0946688580.913308) can0 18FF00F7#E0F9000005007D3F
(0946688580.916113) can0 18FF02EA#00007D007D007DFF
(0946688580.917949) can0 18FF01F7#00007D007D007DFF
(0946688580.923157) can0 18FF02F7#00007D007D007DFF
(0946688580.931752) can0 18FF1080#00000000
(0946688580.951751) can0 18FF1080#00000000
(0946688580.971751) can0 18FF1080#00000000
(0946688580.991753) can0 18FF1080#00000000
(0946688581.005951) can0 18FF00EA#10F9000005007D40
(0946688581.011111) can0 18FF01EA#00007D007D007DFF
(0946688581.011750) can0 18FF1080#00000000
(0946688581.013238) can0 18FF00F7#E0F9000005007D3F
(0946688581.016113) can0 18FF02EA#00007D007D007DFF
(0946688581.018099) can0 18FF01F7#00007D007D007DFF
(0946688581.023262) can0 18FF02F7#00007D007D007DFF
(0946688581.031754) can0 18FF1080#00000000
(0946688581.051754) can0 18FF1080#00000000
(0946688581.071764) can0 18FF1080#00000000
(0946688581.091752) can0 18FF1080#00000000
(0946688581.105945) can0 18FF00EA#10F9000005007D40
(0946688581.111164) can0 18FF01EA#00007D007D007DFF
(0946688581.111751) can0 18FF1080#00000000
(0946688581.113165) can0 18FF00F7#E0F9000005007D3F
(0946688581.116201) can0 18FF02EA#00007D007D007DFF
(0946688581.117948) can0 18FF01F7#00007D007D007DFF
(0946688581.123251) can0 18FF02F7#00007D007D007DFF
(0946688581.131749) can0 18FF1080#00000000
(0946688581.151759) can0 18FF1080#00000000
(0946688581.171782) can0 18FF1080#00000000
(0946688581.191749) can0 18FF1080#00000000
(0946688581.205842) can0 18FF00EA#10F9000005007D40
(0946688581.210939) can0 18FF01EA#00007D007D007DFF
(0946688581.211783) can0 18FF1080#00000000
(0946688581.213093) can0 18FF00F7#E0F9000005007D3F
(0946688581.215860) can0 18FF02EA#00007D007D007DFF
(0946688581.218049) can0 18FF01F7#00007D007D007DFF
(0946688581.223309) can0 18FF02F7#00007D007D007DFF
(0946688581.231747) can0 18FF1080#00000000
(0946688581.251748) can0 18FF1080#00000000
(0946688581.271749) can0 18FF1080#00000000
(0946688581.291762) can0 18FF1080#00000000
(0946688581.305839) can0 18FF00EA#10F9000005007D40
(0946688581.311085) can0 18FF01EA#00007D007D007DFF
(0946688581.311749) can0 18FF1080#00000000
(0946688581.313232) can0 18FF00F7#E0F9000005007D3F
(0946688581.316031) can0 18FF02EA#00007D007D007DFF
(0946688581.318078) can0 18FF01F7#00007D007D007DFF
(0946688581.323329) can0 18FF02F7#00007D007D007DFF
(0946688581.331807) can0 18FF1080#00000000
(0946688581.351799) can0 18FF1080#00000000
(0946688581.371801) can0 18FF1080#00000000
(0946688581.391777) can0 18FF1080#00000000
(0946688581.405849) can0 18FF00EA#10F9000005007D40
(0946688581.411125) can0 18FF01EA#00007D007D007DFF
(0946688581.411750) can0 18FF1080#00000000
(0946688581.413298) can0 18FF00F7#E0F9000005007D3F
(0946688581.416233) can0 18FF02EA#00007D007D007DFF
(0946688581.417937) can0 18FF01F7#00007D007D007DFF
(0946688581.423204) can0 18FF02F7#00007D007D007DFF
(0946688581.431749) can0 18FF1080#00000000
(0946688581.451756) can0 18FF1080#00000000
(0946688581.471819) can0 18FF1080#00000000
(0946688581.491778) can0 18FF1080#00000000
(0946688581.506154) can0 18FF00EA#10F9000005007D40
(0946688581.510824) can0 18FF01EA#00007D007D007DFF
(0946688581.511750) can0 18FF1080#00000000
(0946688581.513398) can0 18FF00F7#E0F9000005007D3F
(0946688581.516135) can0 18FF02EA#00007D007D007DFF
(0946688581.518115) can0 18FF01F7#00007D007D007DFF
(0946688581.523051) can0 18FF02F7#00007D007D007DFF
(0946688581.531745) can0 18FF1080#00000000
(0946688581.551749) can0 18FF1080#00000000
(0946688581.571761) can0 18FF1080#00000000
(0946688581.591749) can0 18FF1080#00000000
(0946688581.605829) can0 18FF00EA#10F9000005007D40
(0946688581.611120) can0 18FF01EA#00007D007D007DFF
(0946688581.611746) can0 18FF1080#00000000
(0946688581.613200) can0 18FF00F7#E0F9000005007D3F
(0946688581.615851) can0 18FF02EA#00007D007D007DFF
(0946688581.618041) can0 18FF01F7#00007D007D007DFF
(0946688581.623280) can0 18FF02F7#00007D007D007DFF
(0946688581.631746) can0 18FF1080#00000000
(0946688581.651755) can0 18FF1080#00000000
(0946688581.671753) can0 18FF1080#00000000
(0946688581.691749) can0 18FF1080#00000000
(0946688581.705977) can0 18FF00EA#10F9000005007D40
(0946688581.711062) can0 18FF01EA#00007D007D007DFF
(0946688581.711745) can0 18FF1080#00000000
(0946688581.713307) can0 18FF00F7#E0F9000005007D3F
(0946688581.716225) can0 18FF02EA#00007D007D007DFF
(0946688581.718041) can0 18FF01F7#00007D007D007DFF
(0946688581.723239) can0 18FF02F7#00007D007D007DFF
(0946688581.731744) can0 18FF1080#00000000
(0946688581.751748) can0 18FF1080#00000000
(0946688581.771743) can0 18FF1080#00000000
(0946688581.791747) can0 18FF1080#00000000
(0946688581.806069) can0 18FF00EA#10F9000005007D40
(0946688581.810833) can0 18FF01EA#00007D007D007DFF
(0946688581.811752) can0 18FF1080#00000000
(0946688581.812925) can0 18FF00F7#E0F9000005007D3F
(0946688581.816031) can0 18FF02EA#00007D007D007DFF
(0946688581.818159) can0 18FF01F7#00007D007D007DFF
(0946688581.823327) can0 18FF02F7#00007D007D007DFF
(0946688581.831746) can0 18FF1080#00000000
(0946688581.851751) can0 18FF1080#00000000
(0946688581.871744) can0 18FF1080#00000000
(0946688581.891743) can0 18FF1080#00000000
(0946688581.905821) can0 18FF00EA#10F9000005007D40
(0946688581.911108) can0 18FF01EA#00007D007D007DFF
(0946688581.911742) can0 18FF1080#00000000
(0946688581.913298) can0 18FF00F7#E0F9000005007D3F
(0946688581.915828) can0 18FF02EA#00007D007D007DFF
(0946688581.917920) can0 18FF01F7#00007D007D007DFF
(0946688581.923119) can0 18FF02F7#00007D007D007DFF
(0946688581.931743) can0 18FF1080#00000000
(0946688581.951781) can0 18FF1080#00000000
(0946688581.971743) can0 18FF1080#00000000
(0946688581.991744) can0 18FF1080#00000000
(0946688582.006047) can0 18FF00EA#10F9000005007D40
(0946688582.010930) can0 18FF01EA#00007D007D007DFF
(0946688582.011740) can0 18FF1080#00000000
(0946688582.013276) can0 18FF00F7#E0F9000005007D3F
(0946688582.016026) can0 18FF02EA#00007D007D007DFF
(0946688582.018165) can0 18FF01F7#00007D007D007DFF
(0946688582.023333) can0 18FF02F7#00007D007D007DFF
(0946688582.031741) can0 18FF1080#00000000
(0946688582.051837) can0 18FF1080#00000000
(0946688582.071742) can0 18FF1080#00000000
(0946688582.091750) can0 18FF1080#00000000
(0946688582.106146) can0 18FF00EA#10F9000005007D40
(0946688582.111119) can0 18FF01EA#00007D007D007DFF
(0946688582.111776) can0 18FF1080#00000000
(0946688582.113206) can0 18FF00F7#E0F9000005007D3F
(0946688582.115922) can0 18FF02EA#00007D007D007DFF
(0946688582.118019) can0 18FF01F7#00007D007D007DFF
(0946688582.123216) can0 18FF02F7#00007D007D007DFF
(0946688582.131747) can0 18FF1080#00000000
(0946688582.151742) can0 18FF1080#00000000
(0946688582.171741) can0 18FF1080#00000000
(0946688582.191749) can0 18FF1080#00000000
(0946688582.205909) can0 18FF00EA#10F9000005007D40
(0946688582.210961) can0 18FF01EA#00007D007D007DFF
(0946688582.211738) can0 18FF1080#00000000
(0946688582.213184) can0 18FF00F7#E0F9000005007D3F
(0946688582.216183) can0 18FF02EA#00007D007D007DFF
(0946688582.218015) can0 18FF01F7#00007D007D007DFF
(0946688582.223216) can0 18FF02F7#00007D007D007DFF
(0946688582.231739) can0 18FF1080#00000000
(0946688582.251740) can0 18FF1080#00000000
(0946688582.271739) can0 18FF1080#00000000
(0946688582.291737) can0 18FF1080#00000000
(0946688582.306140) can0 18FF00EA#10F9000005007D40
(0946688582.310903) can0 18FF01EA#00007D007D007DFF
(0946688582.311748) can0 18FF1080#00000000
(0946688582.312924) can0 18FF00F7#E0F9000005007D3F
(0946688582.315818) can0 18FF02EA#00007D007D007DFF
(0946688582.318202) can0 18FF01F7#00007D007D007DFF
(0946688582.323329) can0 18FF02F7#00007D007D007DFF
(0946688582.331740) can0 18FF1080#00000000
(0946688582.351777) can0 18FF1080#00000000
(0946688582.371739) can0 18FF1080#00000000
(0946688582.391740) can0 18FF1080#00000000
(0946688582.405992) can0 18FF00EA#10F9000005007D40
(0946688582.410968) can0 18FF01EA#00007D007D007DFF
(0946688582.411738) can0 18FF1080#00000000
(0946688582.413027) can0 18FF00F7#E0F9000005007D3F
(0946688582.416216) can0 18FF02EA#00007D007D007DFF
(0946688582.418138) can0 18FF01F7#00007D007D007DFF
(0946688582.422961) can0 18FF02F7#00007D007D007DFF
(0946688582.431740) can0 18FF1080#00000000
(0946688582.451738) can0 18FF1080#00000000
(0946688582.471738) can0 18FF1080#00000000
(0946688582.491737) can0 18FF1080#00000000
(0946688582.506164) can0 18FF00EA#10F9000005007D40
(0946688582.510786) can0 18FF01EA#00007D007D007DFF
(0946688582.511736) can0 18FF1080#00000000
(0946688582.513019) can0 18FF00F7#E0F9000005007D3F
(0946688582.516089) can0 18FF02EA#00007D007D007DFF
(0946688582.518008) can0 18FF01F7#00007D007D007DFF
(0946688582.523133) can0 18FF02F7#00007D007D007DFF
(0946688582.531789) can0 18FF1080#00000000
(0946688582.551752) can0 18FF1080#00000000
(0946688582.571748) can0 18FF1080#00000000
(0946688582.591762) can0 18FF1080#00000000
(0946688582.605803) can0 18FF00EA#10F9000005007D40
(0946688582.611028) can0 18FF01EA#00007D007D007DFF
(0946688582.611738) can0 18FF1080#00000000
(0946688582.613046) can0 18FF00F7#E0F9000005007D3F
(0946688582.616227) can0 18FF02EA#00007D007D007DFF
(0946688582.618003) can0 18FF01F7#00007D007D007DFF
(0946688582.623155) can0 18FF02F7#00007D007D007DFF
(0946688582.631738) can0 18FF1080#00000000
(0946688582.651735) can0 18FF1080#00000000
(0946688582.671736) can0 18FF1080#00000000
(0946688582.691742) can0 18FF1080#00000000
(0946688582.706025) can0 18FF00EA#10F9000005007D40
(0946688582.711070) can0 18FF01EA#00007D007D007DFF
(0946688582.711734) can0 18FF1080#00000000
(0946688582.713050) can0 18FF00F7#E0F9000005007D3F
(0946688582.716201) can0 18FF02EA#00007D007D007DFF
(0946688582.718088) can0 18FF01F7#00007D007D007DFF
(0946688582.723248) can0 18FF02F7#00007D007D007DFF
(0946688582.731735) can0 18FF1080#00000000
(0946688582.751734) can0 18FF1080#00000000
(0946688582.771741) can0 18FF1080#00000000
(0946688582.791816) can0 18FF1080#00000000
(0946688582.805941) can0 18FF00EA#10F9000005007D40
(0946688582.810918) can0 18FF01EA#00007D007D007DFF
(0946688582.811733) can0 18FF1080#00000000
(0946688582.813026) can0 18FF00F7#E0F9000005007D3F
(0946688582.815792) can0 18FF02EA#00007D007D007DFF
(0946688582.818074) can0 18FF01F7#00007D007D007DFF
(0946688582.823194) can0 18FF02F7#00007D007D007DFF
(0946688582.831737) can0 18FF1080#00000000
(0946688582.851737) can0 18FF1080#00000000
(0946688582.871735) can0 18FF1080#00000000
(0946688582.891737) can0 18FF1080#00000000
(0946688582.906126) can0 18FF00EA#10F9000005007D40
(0946688582.910931) can0 18FF01EA#00007D007D007DFF
(0946688582.911736) can0 18FF1080#00000000
(0946688582.913246) can0 18FF00F7#E0F9000005007D3F
(0946688582.915951) can0 18FF02EA#00007D007D007DFF
(0946688582.918193) can0 18FF01F7#00007D007D007DFF
(0946688582.923047) can0 18FF02F7#00007D007D007DFF
(0946688582.931736) can0 18FF1080#00000000
(0946688582.951760) can0 18FF1080#00000000
(0946688582.971733) can0 18FF1080#00000000
(0946688582.991733) can0 18FF1080#00000000
(0946688583.005986) can0 18FF00EA#10F9000005007D40
(0946688583.010772) can0 18FF01EA#00007D007D007DFF
(0946688583.011731) can0 18FF1080#00000000
(0946688583.013272) can0 18FF00F7#E0F9000005007D3F
(0946688583.015976) can0 18FF02EA#00007D007D007DFF
(0946688583.018130) can0 18FF01F7#00007D007D007DFF
(0946688583.023283) can0 18FF02F7#00007D007D007DFF
(0946688583.031738) can0 18FF1080#00000000
(0946688583.051732) can0 18FF1080#00000000
(0946688583.071731) can0 18FF1080#00000000
(0946688583.091733) can0 18FF1080#00000000
(0946688583.105782) can0 18FF00EA#10F9000005007D40
(0946688583.111016) can0 18FF01EA#00007D007D007DFF
(0946688583.111732) can0 18FF1080#00000000
(0946688583.112880) can0 18FF00F7#E0F9000005007D3F
(0946688583.116210) can0 18FF02EA#00007D007D007DFF
(0946688583.118189) can0 18FF01F7#00007D007D007DFF
(0946688583.122932) can0 18FF02F7#00007D007D007DFF
(0946688583.131746) can0 18FF1080#00000000
(0946688583.151868) can0 18FF1080#00000000
(0946688583.171787) can0 18FF1080#00000000
(0946688583.191763) can0 18FF1080#00000000
(0946688583.206068) can0 18FF00EA#10F9000005007D40
(0946688583.210772) can0 18FF01EA#00007D007D007DFF
(0946688583.211733) can0 18FF1080#00000000
(0946688583.212985) can0 18FF00F7#E0F9000005007D3F
(0946688583.215945) can0 18FF02EA#00007D007D007DFF
(0946688583.218137) can0 18FF01F7#00007D007D007DFF
(0946688583.223287) can0 18FF02F7#00007D007D007DFF
(0946688583.231730) can0 18FF1080#00000000
(0946688583.251731) can0 18FF1080#00000000
(0946688583.271747) can0 18FF1080#00000000
(0946688583.291734) can0 18FF1080#00000000
(0946688583.305878) can0 18FF00EA#10F9000005007D40
(0946688583.310915) can0 18FF01EA#00007D007D007DFF
(0946688583.311733) can0 18FF1080#00000000
(0946688583.312975) can0 18FF00F7#E0F9000005007D3F
(0946688583.315946) can0 18FF02EA#00007D007D007DFF
(0946688583.318138) can0 18FF01F7#00007D007D007DFF
(0946688583.323281) can0 18FF02F7#00007D007D007DFF
(0946688583.331728) can0 18FF1080#00000000
(0946688583.351732) can0 18FF1080#00000000
(0946688583.371730) can0 18FF1080#00000000
(0946688583.391732) can0 18FF1080#00000000
(0946688583.406035) can0 18FF00EA#10F9000005007D40
(0946688583.410871) can0 18FF01EA#00007D007D007DFF
(0946688583.411730) can0 18FF1080#00000000
(0946688583.412994) can0 18FF00F7#E0F9000005007D3F
(0946688583.415787) can0 18FF02EA#00007D007D007DFF
(0946688583.418130) can0 18FF01F7#00007D007D007DFF
(0946688583.423267) can0 18FF02F7#00007D007D007DFF
(0946688583.431754) can0 18FF1080#00000000
(0946688583.451744) can0 18FF1080#00000000
(0946688583.471744) can0 18FF1080#00000000
(0946688583.491737) can0 18FF1080#00000000
(0946688583.506164) can0 18FF00EA#10F9000005007D40
(0946688583.510765) can0 18FF01EA#00007D007D007DFF
(0946688583.511726) can0 18FF1080#00000000
(0946688583.513312) can0 18FF00F7#E0F9000005007D3F
(0946688583.515881) can0 18FF02EA#00007D007D007DFF
(0946688583.518128) can0 18FF01F7#00007D007D007DFF
(0946688583.523280) can0 18FF02F7#00007D007D007DFF
(0946688583.531739) can0 18FF1080#00000000
(0946688583.551734) can0 18FF1080#00000000
(0946688583.571735) can0 18FF1080#00000000
(0946688583.591742) can0 18FF1080#00000000
(0946688583.605940) can0 18FF00EA#10F9000005007D40
(0946688583.610955) can0 18FF01EA#00007D007D007DFF
(0946688583.611729) can0 18FF1080#00000000
(0946688583.612980) can0 18FF00F7#E0F9000005007D3F
(0946688583.616094) can0 18FF02EA#00007D007D007DFF
(0946688583.618124) can0 18FF01F7#00007D007D007DFF
(0946688583.622976) can0 18FF02F7#00007D007D007DFF
(0946688583.631736) can0 18FF1080#00000000
(0946688583.651735) can0 18FF1080#00000000
(0946688583.671732) can0 18FF1080#00000000
(0946688583.691731) can0 18FF1080#00000000
(0946688583.706110) can0 18FF00EA#10F9000005007D40
(0946688583.710767) can0 18FF01EA#00007D007D007DFF
(0946688583.711727) can0 18FF1080#00000000
(0946688583.712980) can0 18FF00F7#E0F9000005007D3F
(0946688583.715936) can0 18FF02EA#00007D007D007DFF
(0946688583.718146) can0 18FF01F7#00007D007D007DFF
(0946688583.722912) can0 18FF02F7#00007D007D007DFF
(0946688583.731736) can0 18FF1080#00000000
(0946688583.751732) can0 18FF1080#00000000
(0946688583.771732) can0 18FF1080#00000000
(0946688583.791729) can0 18FF1080#00000000
(0946688583.805770) can0 18FF00EA#10F9000005007D40
(0946688583.810998) can0 18FF01EA#00007D007D007DFF
(0946688583.811724) can0 18FF1080#00000000
(0946688583.813009) can0 18FF00F7#E0F9000005007D3F
(0946688583.816193) can0 18FF02EA#00007D007D007DFF
(0946688583.818067) can0 18FF01F7#00007D007D007DFF
(0946688583.823015) can0 18FF02F7#00007D007D007DFF
(0946688583.831730) can0 18FF1080#00000000
(0946688583.851728) can0 18FF1080#00000000
(0946688583.871728) can0 18FF1080#00000000
(0946688583.891727) can0 18FF1080#00000000
(0946688583.906109) can0 18FF00EA#10F9000005007D40
(0946688583.910947) can0 18FF01EA#00007D007D007DFF
(0946688583.911722) can0 18FF1080#00000000
(0946688583.913173) can0 18FF00F7#E0F9000005007D3F
(0946688583.915868) can0 18FF02EA#00007D007D007DFF
(0946688583.917854) can0 18FF01F7#00007D007D007DFF
(0946688583.923117) can0 18FF02F7#00007D007D007DFF
(0946688583.931725) can0 18FF1080#00000000
(0946688583.951719) can0 18FF1080#00000000
(0946688583.971728) can0 18FF1080#00000000
(0946688583.991735) can0 18FF1080#00000000
(0946688584.006131) can0 18FF00EA#10F9000005007D40
(0946688584.010985) can0 18FF01EA#00007D007D007DFF
(0946688584.011740) can0 18FF1080#00000000
(0946688584.012863) can0 18FF00F7#E0F9000005007D3F
(0946688584.016185) can0 18FF02EA#00007D007D007DFF
(0946688584.018054) can0 18FF01F7#00007D007D007DFF
(0946688584.023212) can0 18FF02F7#00007D007D007DFF
(0946688584.031767) can0 18FF1080#00000000
(0946688584.051734) can0 18FF1080#00000000
(0946688584.071724) can0 18FF1080#00000000
(0946688584.091720) can0 18FF1080#00000000
(0946688584.106098) can0 18FF00EA#10F9000005007D40
(0946688584.111029) can0 18FF01EA#00007D007D007DFF
(0946688584.111737) can0 18FF1080#00000000
(0946688584.113181) can0 18FF00F7#E0F9000005007D3F
(0946688584.116189) can0 18FF02EA#00007D007D007DFF
(0946688584.117854) can0 18FF01F7#00007D007D007DFF
(0946688584.123156) can0 18FF02F7#00007D007D007DFF
(0946688584.131724) can0 18FF1080#00000000
(0946688584.151725) can0 18FF1080#00000000
(0946688584.171723) can0 18FF1080#00000000
(0946688584.191738) can0 18FF1080#00000000
(0946688584.205912) can0 18FF00EA#10F9000005007D40
(0946688584.210740) can0 18FF01EA#00007D007D007DFF
(0946688584.211720) can0 18FF1080#00000000
(0946688584.213201) can0 18FF00F7#E0F9000005007D3F
(0946688584.216037) can0 18FF02EA#00007D007D007DFF
(0946688584.218175) can0 18FF01F7#00007D007D007DFF
(0946688584.223247) can0 18FF02F7#00007D007D007DFF
(0946688584.231722) can0 18FF1080#00000000
(0946688584.251729) can0 18FF1080#00000000
(0946688584.271726) can0 18FF1080#00000000
(0946688584.291722) can0 18FF1080#00000000
(0946688584.305801) can0 18FF00EA#10F9000005007D40
(0946688584.311001) can0 18FF01EA#00007D007D007DFF
(0946688584.311721) can0 18FF1080#00000000
(0946688584.313068) can0 18FF00F7#E0F9000005007D3F
(0946688584.315759) can0 18FF02EA#00007D007D007DFF
(0946688584.317844) can0 18FF01F7#00007D007D007DFF
(0946688584.323004) can0 18FF02F7#00007D007D007DFF
(0946688584.331719) can0 18FF1080#00000000
(0946688584.351718) can0 18FF1080#00000000
(0946688584.371724) can0 18FF1080#00000000
(0946688584.391721) can0 18FF1080#00000000
(0946688584.405870) can0 18FF00EA#10F9000005007D40
(0946688584.410945) can0 18FF01EA#00007D007D007DFF
(0946688584.411720) can0 18FF1080#00000000
(0946688584.413170) can0 18FF00F7#E0F9000005007D3F
(0946688584.416073) can0 18FF02EA#00007D007D007DFF
(0946688584.417961) can0 18FF01F7#00007D007D007DFF
(0946688584.422978) can0 18FF02F7#00007D007D007DFF
(0946688584.431720) can0 18FF1080#00000000
(0946688584.451719) can0 18FF1080#00000000
(0946688584.471720) can0 18FF1080#00000000
(0946688584.491719) can0 18FF1080#00000000
(0946688584.506100) can0 18FF00EA#10F9000005007D40
(0946688584.510727) can0 18FF01EA#00007D007D007DFF
(0946688584.511717) can0 18FF1080#00000000
(0946688584.513131) can0 18FF00F7#E0F9000005007D3F
(0946688584.516020) can0 18FF02EA#00007D007D007DFF
(0946688584.518013) can0 18FF01F7#00007D007D007DFF
(0946688584.523277) can0 18FF02F7#00007D007D007DFF
(0946688584.531719) can0 18FF1080#00000000
(0946688584.551717) can0 18FF1080#00000000
(0946688584.571720) can0 18FF1080#00000000
(0946688584.591717) can0 18FF1080#00000000
(0946688584.606114) can0 18FF00EA#10F9000005007D40
(0946688584.610725) can0 18FF01EA#00007D007D007DFF
(0946688584.611728) can0 18FF1080#00000000
(0946688584.612832) can0 18FF00F7#E0F9000005007D3F
(0946688584.615944) can0 18FF02EA#00007D007D007DFF
(0946688584.618140) can0 18FF01F7#00007D007D007DFF
(0946688584.622993) can0 18FF02F7#00007D007D007DFF
(0946688584.631717) can0 18FF1080#00000000
(0946688584.651718) can0 18FF1080#00000000
(0946688584.671718) can0 18FF1080#00000000
(0946688584.691718) can0 18FF1080#00000000
(0946688584.705994) can0 18FF00EA#10F9000005007D40
(0946688584.710831) can0 18FF01EA#00007D007D007DFF
(0946688584.711716) can0 18FF1080#00000000
(0946688584.713122) can0 18FF00F7#E0F9000005007D3F
(0946688584.715751) can0 18FF02EA#00007D007D007DFF
(0946688584.718194) can0 18FF01F7#00007D007D007DFF
(0946688584.723250) can0 18FF02F7#00007D007D007DFF
(0946688584.731724) can0 18FF1080#00000000
(0946688584.751755) can0 18FF1080#00000000
(0946688584.771717) can0 18FF1080#00000000
(0946688584.791723) can0 18FF1080#00000000
(0946688584.805734) can0 18FF00EA#10F9000005007D40
(0946688584.810745) can0 18FF01EA#00007D007D007DFF
(0946688584.811714) can0 18FF1080#00000000
(0946688584.812826) can0 18FF00F7#E0F9000005007D3F
(0946688584.815848) can0 18FF02EA#00007D007D007DFF
(0946688584.818135) can0 18FF01F7#00007D007D007DFF
(0946688584.822988) can0 18FF02F7#00007D007D007DFF
(0946688584.831718) can0 18FF1080#00000000
(0946688584.851715) can0 18FF1080#00000000
(0946688584.871717) can0 18FF1080#00000000
(0946688584.891725) can0 18FF1080#00000000
(0946688584.905845) can0 18FF00EA#10F9000005007D40
(0946688584.910916) can0 18FF01EA#00007D007D007DFF
(0946688584.911716) can0 18FF1080#00000000
(0946688584.913020) can0 18FF00F7#E0F9000005007D3F
(0946688584.916152) can0 18FF02EA#00007D007D007DFF
(0946688584.917827) can0 18FF01F7#00007D007D007DFF
(0946688584.923191) can0 18FF02F7#00007D007D007DFF
(0946688584.931743) can0 18FF1080#00000000
(0946688584.951728) can0 18FF1080#00000000
(0946688584.971725) can0 18FF1080#00000000
(0946688584.991715) can0 18FF1080#00000000
(0946688585.006073) can0 18FF00EA#10F9000005007D40
(0946688585.010712) can0 18FF01EA#00007D007D007DFF
(0946688585.011715) can0 18FF1080#00000000
(0946688585.012926) can0 18FF00F7#E0F9000005007D3F
(0946688585.015849) can0 18FF02EA#00007D007D007DFF
(0946688585.018098) can0 18FF01F7#00007D007D007DFF
(0946688585.023263) can0 18FF02F7#00007D007D007DFF
(0946688585.031718) can0 18FF1080#00000000
(0946688585.051715) can0 18FF1080#00000000
(0946688585.071721) can0 18FF1080#00000000
(0946688585.091714) can0 18FF1080#00000000
(0946688585.106053) can0 18FF00EA#10F9000005007D40
(0946688585.110897) can0 18FF01EA#00007D007D007DFF
(0946688585.111710) can0 18FF1080#00000000
(0946688585.112972) can0 18FF00F7#E0F9000005007D3F
(0946688585.115837) can0 18FF02EA#00007D007D007DFF
(0946688585.117922) can0 18FF01F7#00007D007D007DFF
(0946688585.123076) can0 18FF02F7#00007D007D007DFF
(0946688585.131724) can0 18FF1080#00000000
(0946688585.151714) can0 18FF1080#00000000
(0946688585.171714) can0 18FF1080#00000000
(0946688585.191722) can0 18FF1080#00000000
(0946688585.205990) can0 18FF00EA#10F9000005007D40
(0946688585.210706) can0 18FF01EA#00007D007D007DFF
(0946688585.211719) can0 18FF1080#00000000
(0946688585.213108) can0 18FF00F7#E0F9000005007D3F
(0946688585.215854) can0 18FF02EA#00007D007D007DFF
(0946688585.218046) can0 18FF01F7#00007D007D007DFF
(0946688585.223014) can0 18FF02F7#00007D007D007DFF
(0946688585.231723) can0 18FF1080#00000000
(0946688585.251719) can0 18FF1080#00000000
(0946688585.271711) can0 18FF1080#00000000
(0946688585.291712) can0 18FF1080#00000000
(0946688585.305840) can0 18FF00EA#10F9000005007D40
(0946688585.310708) can0 18FF01EA#00007D007D007DFF
(0946688585.311714) can0 18FF1080#00000000
(0946688585.312812) can0 18FF00F7#E0F9000005007D3F
(0946688585.316092) can0 18FF02EA#00007D007D007DFF
(0946688585.318137) can0 18FF01F7#00007D007D007DFF
(0946688585.322862) can0 18FF02F7#00007D007D007DFF
(0946688585.331716) can0 18FF1080#00000000
(0946688585.351709) can0 18FF1080#00000000
(0946688585.371709) can0 18FF1080#00000000
(0946688585.391714) can0 18FF1080#00000000
(0946688585.405817) can0 18FF00EA#10F9000005007D40
(0946688585.410703) can0 18FF01EA#00007D007D007DFF
(0946688585.411712) can0 18FF1080#00000000
(0946688585.413109) can0 18FF00F7#E0F9000005007D3F
(0946688585.415846) can0 18FF02EA#00007D007D007DFF
(0946688585.417805) can0 18FF01F7#00007D007D007DFF
(0946688585.423206) can0 18FF02F7#00007D007D007DFF
(0946688585.431713) can0 18FF1080#00000000
(0946688585.451749) can0 18FF1080#00000000
(0946688585.471710) can0 18FF1080#00000000
(0946688585.491710) can0 18FF1080#00000000
(0946688585.506108) can0 18FF00EA#10F9000005007D40
(0946688585.510820) can0 18FF01EA#00007D007D007DFF
(0946688585.511718) can0 18FF1080#00000000
(0946688585.512927) can0 18FF00F7#E0F9000005007D3F
(0946688585.515886) can0 18FF02EA#00007D007D007DFF
(0946688585.518126) can0 18FF01F7#00007D007D007DFF
(0946688585.523264) can0 18FF02F7#00007D007D007DFF
(0946688585.531709) can0 18FF1080#00000000
(0946688585.551753) can0 18FF1080#00000000
(0946688585.571707) can0 18FF1080#00000000
(0946688585.591707) can0 18FF1080#00000000
(0946688585.605861) can0 18FF00EA#10F9000005007D40
(0946688585.610880) can0 18FF01EA#00007D007D007DFF
(0946688585.611713) can0 18FF1080#00000000
(0946688585.612798) can0 18FF00F7#E0F9000005007D3F
(0946688585.615869) can0 18FF02EA#00007D007D007DFF
(0946688585.618083) can0 18FF01F7#00007D007D007DFF
(0946688585.623251) can0 18FF02F7#00007D007D007DFF
(0946688585.631709) can0 18FF1080#00000000
(0946688585.651703) can0 18FF1080#00000000
(0946688585.671727) can0 18FF1080#00000000
(0946688585.691714) can0 18FF1080#00000000
(0946688585.705709) can0 18FF00EA#10F9000005007D40
(0946688585.710983) can0 18FF01EA#00007D007D007DFF
(0946688585.711712) can0 18FF1080#00000000
(0946688585.713089) can0 18FF00F7#E0F9000005007D3F
(0946688585.715841) can0 18FF02EA#00007D007D007DFF
(0946688585.717921) can0 18FF01F7#00007D007D007DFF
(0946688585.723166) can0 18FF02F7#00007D007D007DFF
(0946688585.731706) can0 18FF1080#00000000
(0946688585.751709) can0 18FF1080#00000000
(0946688585.771709) can0 18FF1080#00000000
(0946688585.791707) can0 18FF1080#00000000
(0946688585.806022) can0 18FF00EA#10F9000005007D40
(0946688585.810804) can0 18FF01EA#00007D007D007DFF
(0946688585.811705) can0 18FF1080#00000000
(0946688585.812898) can0 18FF00F7#E0F9000005007D3F
(0946688585.815997) can0 18FF02EA#00007D007D007DFF
(0946688585.817806) can0 18FF01F7#00007D007D007DFF
(0946688585.822995) can0 18FF02F7#00007D007D007DFF
(0946688585.831704) can0 18FF1080#00000000
(0946688585.851705) can0 18FF1080#00000000
(0946688585.871706) can0 18FF1080#00000000
(0946688585.891710) can0 18FF1080#00000000
(0946688585.905803) can0 18FF00EA#10F9000005007D40
(0946688585.910917) can0 18FF01EA#00007D007D007DFF
(0946688585.911707) can0 18FF1080#00000000
(0946688585.912792) can0 18FF00F7#E0F9000005007D3F
(0946688585.916092) can0 18FF02EA#00007D007D007DFF
(0946688585.917983) can0 18FF01F7#00007D007D007DFF
(0946688585.922997) can0 18FF02F7#00007D007D007DFF
(0946688585.931732) can0 18FF1080#00000000
(0946688585.951718) can0 18FF1080#00000000
(0946688585.971706) can0 18FF1080#00000000
(0946688585.991710) can0 18FF1080#00000000
(0946688586.005695) can0 18FF00EA#10F9000005007D40
(0946688586.010967) can0 18FF01EA#00007D007D007DFF
(0946688586.011706) can0 18FF1080#00000000
(0946688586.013104) can0 18FF00F7#E0F9000005007D3F
(0946688586.015807) can0 18FF02EA#00007D007D007DFF
(0946688586.017950) can0 18FF01F7#00007D007D007DFF
(0946688586.023248) can0 18FF02F7#00007D007D007DFF
(0946688586.031711) can0 18FF1080#00000000
(0946688586.051706) can0 18FF1080#00000000
(0946688586.071705) can0 18FF1080#00000000
(0946688586.091712) can0 18FF1080#00000000
(0946688586.105964) can0 18FF00EA#10F9000005007D40
(0946688586.110680) can0 18FF01EA#00007D007D007DFF
(0946688586.111701) can0 18FF1080#00000000
(0946688586.112985) can0 18FF00F7#E0F9000005007D3F
(0946688586.115870) can0 18FF02EA#00007D007D007DFF
(0946688586.117795) can0 18FF01F7#00007D007D007DFF
(0946688586.122944) can0 18FF02F7#00007D007D007DFF
(0946688586.131716) can0 18FF1080#00000000
(0946688586.151705) can0 18FF1080#00000000
(0946688586.171705) can0 18FF1080#00000000
(0946688586.191766) can0 18FF1080#00000000
(0946688586.205990) can0 18FF00EA#10F9000005007D40
(0946688586.210678) can0 18FF01EA#00007D007D007DFF
(0946688586.211714) can0 18FF1080#00000000
(0946688586.212980) can0 18FF00F7#E0F9000005007D3F
(0946688586.215995) can0 18FF02EA#00007D007D007DFF
(0946688586.217890) can0 18FF01F7#00007D007D007DFF
(0946688586.223041) can0 18FF02F7#00007D007D007DFF
(0946688586.231710) can0 18FF1080#00000000
(0946688586.251704) can0 18FF1080#00000000
(0946688586.271711) can0 18FF1080#00000000
(0946688586.291703) can0 18FF1080#00000000
(0946688586.305691) can0 18FF00EA#10F9000005007D40
(0946688586.310959) can0 18FF01EA#00007D007D007DFF
(0946688586.311694) can0 18FF1080#00000000
(0946688586.312767) can0 18FF00F7#E0F9000005007D3F
(0946688586.316040) can0 18FF02EA#00007D007D007DFF
(0946688586.318072) can0 18FF01F7#00007D007D007DFF
(0946688586.322832) can0 18FF02F7#00007D007D007DFF
(0946688586.331697) can0 18FF1080#00000000
(0946688586.351702) can0 18FF1080#00000000
(0946688586.371704) can0 18FF1080#00000000
(0946688586.391708) can0 18FF1080#00000000
(0946688586.405838) can0 18FF00EA#10F9000005007D40
(0946688586.410861) can0 18FF01EA#00007D007D007DFF
(0946688586.411705) can0 18FF1080#00000000
(0946688586.412880) can0 18FF00F7#E0F9000005007D3F
(0946688586.416016) can0 18FF02EA#00007D007D007DFF
(0946688586.417980) can0 18FF01F7#00007D007D007DFF
(0946688586.423283) can0 18FF02F7#00007D007D007DFF
(0946688586.431704) can0 18FF1080#00000000
(0946688586.451717) can0 18FF1080#00000000
(0946688586.471707) can0 18FF1080#00000000
(0946688586.491707) can0 18FF1080#00000000
(0946688586.505979) can0 18FF00EA#10F9000005007D40
(0946688586.510944) can0 18FF01EA#00007D007D007DFF
(0946688586.511695) can0 18FF1080#00000000
(0946688586.512992) can0 18FF00F7#E0F9000005007D3F
(0946688586.516024) can0 18FF02EA#00007D007D007DFF
(0946688586.518018) can0 18FF01F7#00007D007D007DFF
(0946688586.523272) can0 18FF02F7#00007D007D007DFF
(0946688586.531699) can0 18FF1080#00000000
(0946688586.551702) can0 18FF1080#00000000
(0946688586.571697) can0 18FF1080#00000000
(0946688586.591732) can0 18FF1080#00000000
(0946688586.605784) can0 18FF00EA#10F9000005007D40
(0946688586.610899) can0 18FF01EA#00007D007D007DFF
(0946688586.611692) can0 18FF1080#00000000
(0946688586.612963) can0 18FF00F7#E0F9000005007D3F
(0946688586.615959) can0 18FF02EA#00007D007D007DFF
(0946688586.617925) can0 18FF01F7#00007D007D007DFF
(0946688586.623275) can0 18FF02F7#00007D007D007DFF
(0946688586.631714) can0 18FF1080#00000000
(0946688586.651718) can0 18FF1080#00000000
(0946688586.671719) can0 18FF1080#00000000
(0946688586.691710) can0 18FF1080#00000000
(0946688586.705893) can0 18FF00EA#10F9000005007D40
(0946688586.710664) can0 18FF01EA#00007D007D007DFF
(0946688586.711706) can0 18FF1080#00000000
(0946688586.712766) can0 18FF00F7#E0F9000005007D3F
(0946688586.715812) can0 18FF02EA#00007D007D007DFF
(0946688586.718031) can0 18FF01F7#00007D007D007DFF
(0946688586.723282) can0 18FF02F7#00007D007D007DFF
(0946688586.731731) can0 18FF1080#00000000
(0946688586.751716) can0 18FF1080#00000000
(0946688586.771703) can0 18FF1080#00000000
(0946688586.791756) can0 18FF1080#00000000
(0946688586.805678) can0 18FF00EA#10F9000005007D40
(0946688586.810951) can0 18FF01EA#00007D007D007DFF
(0946688586.811697) can0 18FF1080#00000000
(0946688586.812888) can0 18FF00F7#E0F9000005007D3F
(0946688586.816024) can0 18FF02EA#00007D007D007DFF
(0946688586.817960) can0 18FF01F7#00007D007D007DFF
(0946688586.823181) can0 18FF02F7#00007D007D007DFF
(0946688586.831693) can0 18FF1080#00000000
(0946688586.851694) can0 18FF1080#00000000
(0946688586.871693) can0 18FF1080#00000000
(0946688586.891722) can0 18FF1080#00000000
(0946688586.905769) can0 18FF00EA#10F9000005007D40
(0946688586.910891) can0 18FF01EA#00007D007D007DFF
(0946688586.911689) can0 18FF1080#00000000
(0946688586.912933) can0 18FF00F7#E0F9000005007D3F
(0946688586.915793) can0 18FF02EA#00007D007D007DFF
(0946688586.917933) can0 18FF01F7#00007D007D007DFF
(0946688586.923272) can0 18FF02F7#00007D007D007DFF
(0946688586.931692) can0 18FF1080#00000000
(0946688586.951692) can0 18FF1080#00000000
(0946688586.971697) can0 18FF1080#00000000
(0946688586.991695) can0 18FF1080#00000000
(0946688587.005775) can0 18FF00EA#10F9000005007D40
(0946688587.010885) can0 18FF01EA#00007D007D007DFF
(0946688587.011688) can0 18FF1080#00000000
(0946688587.012947) can0 18FF00F7#E0F9000005007D3F
(0946688587.015674) can0 18FF02EA#00007D007D007DFF
(0946688587.017885) can0 18FF01F7#00007D007D007DFF
(0946688587.023004) can0 18FF02F7#00007D007D007DFF
(0946688587.031698) can0 18FF1080#00000000
(0946688587.051691) can0 18FF1080#00000000
(0946688587.071691) can0 18FF1080#00000000
(0946688587.091692) can0 18FF1080#00000000
(0946688587.105764) can0 18FF00EA#10F9000005007D40
(0946688587.110882) can0 18FF01EA#00007D007D007DFF
(0946688587.111689) can0 18FF1080#00000000
(0946688587.112941) can0 18FF00F7#E0F9000005007D3F
(0946688587.115938) can0 18FF02EA#00007D007D007DFF
(0946688587.117745) can0 18FF01F7#00007D007D007DFF
(0946688587.122986) can0 18FF02F7#00007D007D007DFF
(0946688587.131687) can0 18FF1080#00000000
(0946688587.151688) can0 18FF1080#00000000
(0946688587.171724) can0 18FF1080#00000000
(0946688587.191693) can0 18FF1080#00000000
(0946688587.205760) can0 18FF00EA#10F9000005007D40
(0946688587.210814) can0 18FF01EA#00007D007D007DFF
(0946688587.211692) can0 18FF1080#00000000
(0946688587.213045) can0 18FF00F7#E0F9000005007D3F
(0946688587.216009) can0 18FF02EA#00007D007D007DFF
(0946688587.218005) can0 18FF01F7#00007D007D007DFF
(0946688587.222918) can0 18FF02F7#00007D007D007DFF
(0946688587.231770) can0 18FF1080#00000000
(0946688587.251692) can0 18FF1080#00000000
(0946688587.271691) can0 18FF1080#00000000
(0946688587.291690) can0 18FF1080#00000000
(0946688587.305876) can0 18FF00EA#10F9000005007D40
(0946688587.310642) can0 18FF01EA#00007D007D007DFF
(0946688587.311689) can0 18FF1080#00000000
(0946688587.313032) can0 18FF00F7#E0F9000005007D3F
(0946688587.315957) can0 18FF02EA#00007D007D007DFF
(0946688587.318008) can0 18FF01F7#00007D007D007DFF
(0946688587.323255) can0 18FF02F7#00007D007D007DFF
(0946688587.331689) can0 18FF1080#00000000
(0946688587.351686) can0 18FF1080#00000000
(0946688587.371713) can0 18FF1080#00000000
(0946688587.391687) can0 18FF1080#00000000
(0946688587.405752) can0 18FF00EA#10F9000005007D40
(0946688587.410871) can0 18FF01EA#00007D007D007DFF
(0946688587.411685) can0 18FF1080#00000000
(0946688587.412986) can0 18FF00F7#E0F9000005007D3F
(0946688587.415931) can0 18FF02EA#00007D007D007DFF
(0946688587.417786) can0 18FF01F7#00007D007D007DFF
(0946688587.422790) can0 18FF02F7#00007D007D007DFF
(0946688587.431690) can0 18FF1080#00000000
(0946688587.451691) can0 18FF1080#00000000
(0946688587.471689) can0 18FF1080#00000000
(0946688587.491690) can0 18FF1080#00000000
(0946688587.506044) can0 18FF00EA#10F9000005007D40
(0946688587.510741) can0 18FF01EA#00007D007D007DFF
(0946688587.511698) can0 18FF1080#00000000
(0946688587.513079) can0 18FF00F7#E0F9000005007D3F
(0946688587.515692) can0 18FF02EA#00007D007D007DFF
(0946688587.517746) can0 18FF01F7#00007D007D007DFF
(0946688587.522912) can0 18FF02F7#00007D007D007DFF
(0946688587.531703) can0 18FF1080#00000000
(0946688587.551717) can0 18FF1080#00000000
(0946688587.571692) can0 18FF1080#00000000
(0946688587.591717) can0 18FF1080#00000000
(0946688587.605634) can0 18FF00EA#10F9000005007D40
(0946688587.610637) can0 18FF01EA#00007D007D007DFF
(0946688587.611684) can0 18FF1080#00000000
(0946688587.612862) can0 18FF00F7#E0F9000005007D3F
(0946688587.615856) can0 18FF02EA#00007D007D007DFF
(0946688587.617837) can0 18FF01F7#00007D007D007DFF
(0946688587.623154) can0 18FF02F7#00007D007D007DFF
(0946688587.631684) can0 18FF1080#00000000
(0946688587.651685) can0 18FF1080#00000000
(0946688587.671683) can0 18FF1080#00000000
(0946688587.691695) can0 18FF1080#00000000
(0946688587.705962) can0 18FF00EA#10F9000005007D40
(0946688587.710911) can0 18FF01EA#00007D007D007DFF
(0946688587.711686) can0 18FF1080#00000000
(0946688587.712763) can0 18FF00F7#E0F9000005007D3F
(0946688587.715751) can0 18FF02EA#00007D007D007DFF
(0946688587.718009) can0 18FF01F7#00007D007D007DFF
(0946688587.722774) can0 18FF02F7#00007D007D007DFF
(0946688587.731685) can0 18FF1080#00000000
(0946688587.751690) can0 18FF1080#00000000
(0946688587.771686) can0 18FF1080#00000000
(0946688587.791732) can0 18FF1080#00000000
(0946688587.805953) can0 18FF00EA#10F9000005007D40
(0946688587.810637) can0 18FF01EA#00007D007D007DFF
(0946688587.811688) can0 18FF1080#00000000
(0946688587.813028) can0 18FF00F7#E0F9000005007D3F
(0946688587.815876) can0 18FF02EA#00007D007D007DFF
(0946688587.817834) can0 18FF01F7#00007D007D007DFF
(0946688587.823096) can0 18FF02F7#00007D007D007DFF
(0946688587.831686) can0 18FF1080#00000000
(0946688587.851697) can0 18FF1080#00000000
(0946688587.871738) can0 18FF1080#00000000
(0946688587.891687) can0 18FF1080#00000000
(0946688587.905872) can0 18FF00EA#10F9000005007D40
(0946688587.910759) can0 18FF01EA#00007D007D007DFF
(0946688587.911683) can0 18FF1080#00000000
(0946688587.912925) can0 18FF00F7#E0F9000005007D3F
(0946688587.915995) can0 18FF02EA#00007D007D007DFF
(0946688587.917720) can0 18FF01F7#00007D007D007DFF
(0946688587.923142) can0 18FF02F7#00007D007D007DFF
(0946688587.931677) can0 18FF1080#00000000
(0946688587.951686) can0 18FF1080#00000000
(0946688587.971684) can0 18FF1080#00000000
(0946688587.991687) can0 18FF1080#00000000
(0946688588.005906) can0 18FF00EA#10F9000005007D40
(0946688588.010620) can0 18FF01EA#00007D007D007DFF
(0946688588.011678) can0 18FF1080#00000000
(0946688588.012714) can0 18FF00F7#E0F9000005007D3F
(0946688588.015900) can0 18FF02EA#00007D007D007DFF
(0946688588.017991) can0 18FF01F7#00007D007D007DFF
(0946688588.022787) can0 18FF02F7#00007D007D007DFF
(0946688588.031685) can0 18FF1080#00000000
(0946688588.051687) can0 18FF1080#00000000
(0946688588.071708) can0 18FF1080#00000000
(0946688588.091683) can0 18FF1080#00000000
(0946688588.105831) can0 18FF00EA#10F9000005007D40
(0946688588.110617) can0 18FF01EA#00007D007D007DFF
(0946688588.111677) can0 18FF1080#00000000
(0946688588.112865) can0 18FF00F7#E0F9000005007D3F
(0946688588.115741) can0 18FF02EA#00007D007D007DFF
(0946688588.117835) can0 18FF01F7#00007D007D007DFF
(0946688588.123089) can0 18FF02F7#00007D007D007DFF
(0946688588.131712) can0 18FF1080#00000000
(0946688588.151701) can0 18FF1080#00000000
(0946688588.171719) can0 18FF1080#00000000
(0946688588.191697) can0 18FF1080#00000000
(0946688588.205818) can0 18FF00EA#10F9000005007D40
(0946688588.210778) can0 18FF01EA#00007D007D007DFF
(0946688588.211678) can0 18FF1080#00000000
(0946688588.212883) can0 18FF00F7#E0F9000005007D3F
(0946688588.215797) can0 18FF02EA#00007D007D007DFF
(0946688588.217864) can0 18FF01F7#00007D007D007DFF
(0946688588.223159) can0 18FF02F7#00007D007D007DFF
(0946688588.231752) can0 18FF1080#00000000
(0946688588.251680) can0 18FF1080#00000000
(0946688588.271711) can0 18FF1080#00000000
(0946688588.291687) can0 18FF1080#00000000
(0946688588.305729) can0 18FF00EA#10F9000005007D40
(0946688588.310857) can0 18FF01EA#00007D007D007DFF
(0946688588.311677) can0 18FF1080#00000000
(0946688588.312829) can0 18FF00F7#E0F9000005007D3F
(0946688588.315983) can0 18FF02EA#00007D007D007DFF
(0946688588.317898) can0 18FF01F7#00007D007D007DFF
(0946688588.322832) can0 18FF02F7#00007D007D007DFF
(0946688588.331678) can0 18FF1080#00000000
(0946688588.351680) can0 18FF1080#00000000
(0946688588.371679) can0 18FF1080#00000000
(0946688588.391678) can0 18FF1080#00000000
(0946688588.405642) can0 18FF00EA#10F9000005007D40
(0946688588.410920) can0 18FF01EA#00007D007D007DFF
(0946688588.411676) can0 18FF1080#00000000
(0946688588.412852) can0 18FF00F7#E0F9000005007D3F
(0946688588.415998) can0 18FF02EA#00007D007D007DFF
(0946688588.417891) can0 18FF01F7#00007D007D007DFF
(0946688588.423164) can0 18FF02F7#00007D007D007DFF
(0946688588.431675) can0 18FF1080#00000000
(0946688588.451685) can0 18FF1080#00000000
(0946688588.471683) can0 18FF1080#00000000
(0946688588.491681) can0 18FF1080#00000000
(0946688588.505870) can0 18FF00EA#10F9000005007D40
(0946688588.510893) can0 18FF01EA#00007D007D007DFF
(0946688588.511677) can0 18FF1080#00000000
(0946688588.513079) can0 18FF00F7#E0F9000005007D3F
(0946688588.515992) can0 18FF02EA#00007D007D007DFF
(0946688588.517820) can0 18FF01F7#00007D007D007DFF
(0946688588.523074) can0 18FF02F7#00007D007D007DFF
(0946688588.531676) can0 18FF1080#00000000
(0946688588.551678) can0 18FF1080#00000000
(0946688588.571679) can0 18FF1080#00000000
(0946688588.591680) can0 18FF1080#00000000
(0946688588.605850) can0 18FF00EA#10F9000005007D40
(0946688588.610708) can0 18FF01EA#00007D007D007DFF
(0946688588.611675) can0 18FF1080#00000000
(0946688588.612892) can0 18FF00F7#E0F9000005007D3F
(0946688588.615945) can0 18FF02EA#00007D007D007DFF
(0946688588.617800) can0 18FF01F7#00007D007D007DFF
(0946688588.622859) can0 18FF02F7#00007D007D007DFF
(0946688588.631676) can0 18FF1080#00000000
(0946688588.651673) can0 18FF1080#00000000
(0946688588.671678) can0 18FF1080#00000000
(0946688588.691676) can0 18FF1080#00000000
(0946688588.705991) can0 18FF00EA#10F9000005007D40
(0946688588.710603) can0 18FF01EA#00007D007D007DFF
(0946688588.711675) can0 18FF1080#00000000
(0946688588.712807) can0 18FF00F7#E0F9000005007D3F
(0946688588.715730) can0 18FF02EA#00007D007D007DFF
(0946688588.717937) can0 18FF01F7#00007D007D007DFF
(0946688588.723193) can0 18FF02F7#00007D007D007DFF
(0946688588.731675) can0 18FF1080#00000000
(0946688588.751705) can0 18FF1080#00000000
(0946688588.771680) can0 18FF1080#00000000
(0946688588.791680) can0 18FF1080#00000000
(0946688588.805769) can0 18FF00EA#10F9000005007D40
(0946688588.810832) can0 18FF01EA#00007D007D007DFF
(0946688588.811673) can0 18FF1080#00000000
(0946688588.812988) can0 18FF00F7#E0F9000005007D3F
(0946688588.815916) can0 18FF02EA#00007D007D007DFF
(0946688588.817694) can0 18FF01F7#00007D007D007DFF
(0946688588.822899) can0 18FF02F7#00007D007D007DFF
(0946688588.831672) can0 18FF1080#00000000
(0946688588.851675) can0 18FF1080#00000000
(0946688588.871673) can0 18FF1080#00000000
(0946688588.891670) can0 18FF1080#00000000
(0946688588.905933) can0 18FF00EA#10F9000005007D40
(0946688588.910862) can0 18FF01EA#00007D007D007DFF
(0946688588.911665) can0 18FF1080#00000000
(0946688588.912881) can0 18FF00F7#E0F9000005007D3F
(0946688588.915700) can0 18FF02EA#00007D007D007DFF
(0946688588.917865) can0 18FF01F7#00007D007D007DFF
(0946688588.923074) can0 18FF02F7#00007D007D007DFF
(0946688588.931662) can0 18FF1080#00000000
(0946688588.951662) can0 18FF1080#00000000
(0946688588.971693) can0 18FF1080#00000000
(0946688588.991711) can0 18FF1080#00000000
(0946688589.005877) can0 18FF00EA#10F9000005007D40
(0946688589.010700) can0 18FF01EA#00007D007D007DFF
(0946688589.011689) can0 18FF1080#00000000
(0946688589.012707) can0 18FF00F7#E0F9000005007D3F
(0946688589.015622) can0 18FF02EA#00007D007D007DFF
(0946688589.017936) can0 18FF01F7#00007D007D007DFF
(0946688589.023170) can0 18FF02F7#00007D007D007DFF
(0946688589.031690) can0 18FF1080#00000000
(0946688589.051682) can0 18FF1080#00000000
(0946688589.071676) can0 18FF1080#00000000
(0946688589.091681) can0 18FF1080#00000000
(0946688589.105864) can0 18FF00EA#10F9000005007D40
(0946688589.110747) can0 18FF01EA#00007D007D007DFF
(0946688589.111703) can0 18FF1080#00000000
(0946688589.112836) can0 18FF00F7#E0F9000005007D3F
(0946688589.115618) can0 18FF02EA#00007D007D007DFF
(0946688589.117823) can0 18FF01F7#00007D007D007DFF
(0946688589.123107) can0 18FF02F7#00007D007D007DFF
(0946688589.131673) can0 18FF1080#00000000
(0946688589.151715) can0 18FF1080#00000000
(0946688589.171725) can0 18FF1080#00000000
(0946688589.191692) can0 18FF1080#00000000
(0946688589.205835) can0 18FF00EA#10F9000005007D40
(0946688589.210801) can0 18FF01EA#00007D007D007DFF
(0946688589.211668) can0 18FF1080#00000000
(0946688589.212785) can0 18FF00F7#E0F9000005007D3F
(0946688589.215920) can0 18FF02EA#00007D007D007DFF
(0946688589.217874) can0 18FF01F7#00007D007D007DFF
(0946688589.222769) can0 18FF02F7#00007D007D007DFF
(0946688589.231681) can0 18FF1080#00000000
(0946688589.251723) can0 18FF1080#00000000
(0946688589.271693) can0 18FF1080#00000000
(0946688589.291720) can0 18FF1080#00000000
(0946688589.305836) can0 18FF00EA#10F9000005007D40
(0946688589.310648) can0 18FF01EA#00007D007D007DFF
(0946688589.311682) can0 18FF1080#00000000
(0946688589.312681) can0 18FF00F7#E0F9000005007D3F
(0946688589.316000) can0 18FF02EA#00007D007D007DFF
(0946688589.317947) can0 18FF01F7#00007D007D007DFF
(0946688589.322852) can0 18FF02F7#00007D007D007DFF
(0946688589.331693) can0 18FF1080#00000000
(0946688589.351685) can0 18FF1080#00000000
(0946688589.371701) can0 18FF1080#00000000
(0946688589.391695) can0 18FF1080#00000000
(0946688589.405977) can0 18FF00EA#10F9000005007D40
(0946688589.410744) can0 18FF01EA#00007D007D007DFF
(0946688589.411681) can0 18FF1080#00000000
(0946688589.412833) can0 18FF00F7#E0F9000005007D3F
(0946688589.415610) can0 18FF02EA#00007D007D007DFF
(0946688589.417870) can0 18FF01F7#00007D007D007DFF
(0946688589.423133) can0 18FF02F7#00007D007D007DFF
(0946688589.431691) can0 18FF1080#00000000
(0946688589.451687) can0 18FF1080#00000000
(0946688589.471701) can0 18FF1080#00000000
(0946688589.491760) can0 18FF1080#00000000
(0946688589.505775) can0 18FF00EA#10F9000005007D40
(0946688589.510849) can0 18FF01EA#00007D007D007DFF
(0946688589.511684) can0 18FF1080#00000000
(0946688589.512901) can0 18FF00F7#E0F9000005007D3F
(0946688589.515609) can0 18FF02EA#00007D007D007DFF
(0946688589.517679) can0 18FF01F7#00007D007D007DFF
(0946688589.523079) can0 18FF02F7#00007D007D007DFF
(0946688589.531706) can0 18FF1080#00000000
(0946688589.551726) can0 18FF1080#00000000
(0946688589.571690) can0 18FF1080#00000000
(0946688589.591689) can0 18FF1080#00000000
(0946688589.605793) can0 18FF00EA#10F9000005007D40
(0946688589.610737) can0 18FF01EA#00007D007D007DFF
(0946688589.611688) can0 18FF1080#00000000
(0946688589.612964) can0 18FF00F7#E0F9000005007D3F
(0946688589.616015) can0 18FF02EA#00007D007D007DFF
(0946688589.617670) can0 18FF01F7#00007D007D007DFF
(0946688589.622995) can0 18FF02F7#00007D007D007DFF
(0946688589.631686) can0 18FF1080#00000000
(0946688589.651699) can0 18FF1080#00000000
(0946688589.671673) can0 18FF1080#00000000
(0946688589.691689) can0 18FF1080#00000000
(0946688589.705938) can0 18FF00EA#10F9000005007D40
(0946688589.710680) can0 18FF01EA#00007D007D007DFF
(0946688589.711679) can0 18FF1080#00000000
(0946688589.712685) can0 18FF00F7#E0F9000005007D3F
(0946688589.715802) can0 18FF02EA#00007D007D007DFF
(0946688589.717912) can0 18FF01F7#00007D007D007DFF
(0946688589.723133) can0 18FF02F7#00007D007D007DFF
(0946688589.731682) can0 18FF1080#00000000
(0946688589.751708) can0 18FF1080#00000000
(0946688589.771695) can0 18FF1080#00000000
(0946688589.791688) can0 18FF1080#00000000
(0946688589.805684) can0 18FF00EA#10F9000005007D40
(0946688589.810783) can0 18FF01EA#00007D007D007DFF
(0946688589.811682) can0 18FF1080#00000000
(0946688589.812986) can0 18FF00F7#E0F9000005007D3F
(0946688589.815977) can0 18FF02EA#00007D007D007DFF
(0946688589.817907) can0 18FF01F7#00007D007D007DFF
(0946688589.822861) can0 18FF02F7#00007D007D007DFF
(0946688589.831681) can0 18FF1080#00000000
(0946688589.851685) can0 18FF1080#00000000
(0946688589.871682) can0 18FF1080#00000000
(0946688589.891689) can0 18FF1080#00000000
(0946688589.905861) can0 18FF00EA#10F9000005007D40
(0946688589.910678) can0 18FF01EA#00007D007D007DFF
(0946688589.911676) can0 18FF1080#00000000
(0946688589.912662) can0 18FF00F7#E0F9000005007D3F
(0946688589.915890) can0 18FF02EA#00007D007D007DFF
(0946688589.917908) can0 18FF01F7#00007D007D007DFF
(0946688589.922899) can0 18FF02F7#00007D007D007DFF
(0946688589.931682) can0 18FF1080#00000000
(0946688589.951672) can0 18FF1080#00000000
(0946688589.971726) can0 18FF1080#00000000
(0946688589.991689) can0 18FF1080#00000000
(0946688590.005678) can0 18FF00EA#10F9000005007D40
(0946688590.010789) can0 18FF01EA#00007D007D007DFF
(0946688590.011674) can0 18FF1080#00000000
(0946688590.012963) can0 18FF00F7#E0F9000005007D3F
(0946688590.015975) can0 18FF02EA#00007D007D007DFF
(0946688590.017658) can0 18FF01F7#00007D007D007DFF
(0946688590.022899) can0 18FF02F7#00007D007D007DFF
(0946688590.031708) can0 18FF1080#00000000
(0946688590.051687) can0 18FF1080#00000000
(0946688590.071704) can0 18FF1080#00000000
(0946688590.091691) can0 18FF1080#00000000
(0946688590.105675) can0 18FF00EA#10F9000005007D40
(0946688590.110725) can0 18FF01EA#00007D007D007DFF
(0946688590.111679) can0 18FF1080#00000000
(0946688590.112932) can0 18FF00F7#E0F9000005007D3F
(0946688590.116012) can0 18FF02EA#00007D007D007DFF
(0946688590.117657) can0 18FF01F7#00007D007D007DFF
(0946688590.122914) can0 18FF02F7#00007D007D007DFF
(0946688590.131694) can0 18FF1080#00000000
(0946688590.151678) can0 18FF1080#00000000
(0946688590.171682) can0 18FF1080#00000000
(0946688590.191683) can0 18FF1080#00000000
(0946688590.205966) can0 18FF00EA#10F9000005007D40
(0946688590.210801) can0 18FF01EA#00007D007D007DFF
(0946688590.211675) can0 18FF1080#00000000
(0946688590.212964) can0 18FF00F7#E0F9000005007D3F
(0946688590.215580) can0 18FF02EA#00007D007D007DFF
(0946688590.217898) can0 18FF01F7#00007D007D007DFF
(0946688590.222865) can0 18FF02F7#00007D007D007DFF
(0946688590.231687) can0 18FF1080#00000000
(0946688590.251667) can0 18FF1080#00000000
(0946688590.271717) can0 18FF1080#00000000
(0946688590.291686) can0 18FF1080#00000000
(0946688590.305671) can0 18FF00EA#10F9000005007D40
(0946688590.310769) can0 18FF01EA#00007D007D007DFF
(0946688590.311690) can0 18FF1080#00000000
(0946688590.312983) can0 18FF00F7#E0F9000005007D3F
(0946688590.315887) can0 18FF02EA#00007D007D007DFF
(0946688590.317651) can0 18FF01F7#00007D007D007DFF
(0946688590.322851) can0 18FF02F7#00007D007D007DFF
(0946688590.331680) can0 18FF1080#00000000
(0946688590.351681) can0 18FF1080#00000000
(0946688590.371681) can0 18FF1080#00000000
(0946688590.391694) can0 18FF1080#00000000
(0946688590.405567) can0 18FF00EA#10F9000005007D40
(0946688590.410840) can0 18FF01EA#00007D007D007DFF
(0946688590.411677) can0 18FF1080#00000000
(0946688590.412798) can0 18FF00F7#E0F9000005007D3F
(0946688590.415673) can0 18FF02EA#00007D007D007DFF
(0946688590.417748) can0 18FF01F7#00007D007D007DFF
(0946688590.422996) can0 18FF02F7#00007D007D007DFF
(0946688590.431676) can0 18FF1080#00000000
(0946688590.451705) can0 18FF1080#00000000
(0946688590.471681) can0 18FF1080#00000000
(0946688590.491678) can0 18FF1080#00000000
(0946688590.505585) can0 18FF00EA#10F9000005007D40
(0946688590.510718) can0 18FF01EA#00007D007D007DFF
(0946688590.511667) can0 18FF1080#00000000
(0946688590.512978) can0 18FF00F7#E0F9000005007D3F
(0946688590.515575) can0 18FF02EA#00007D007D007DFF
(0946688590.517645) can0 18FF01F7#00007D007D007DFF
(0946688590.523063) can0 18FF02F7#00007D007D007DFF
(0946688590.531664) can0 18FF1080#00000000
(0946688590.551677) can0 18FF1080#00000000
(0946688590.571676) can0 18FF1080#00000000
(0946688590.591681) can0 18FF1080#00000000
(0946688590.605865) can0 18FF00EA#10F9000005007D40
(0946688590.610553) can0 18FF01EA#00007D007D007DFF
(0946688590.611689) can0 18FF1080#00000000
(0946688590.612641) can0 18FF00F7#E0F9000005007D3F
(0946688590.615689) can0 18FF02EA#00007D007D007DFF
(0946688590.617893) can0 18FF01F7#00007D007D007DFF
(0946688590.622695) can0 18FF02F7#00007D007D007DFF
(0946688590.631669) can0 18FF1080#00000000
(0946688590.651666) can0 18FF1080#00000000
(0946688590.671667) can0 18FF1080#00000000
(0946688590.691657) can0 18FF1080#00000000
(0946688590.705646) can0 18FF00EA#10F9000005007D40
(0946688590.710663) can0 18FF01EA#00007D007D007DFF
(0946688590.711651) can0 18FF1080#00000000
(0946688590.712815) can0 18FF00F7#E0F9000005007D3F
(0946688590.715568) can0 18FF02EA#00007D007D007DFF
(0946688590.717782) can0 18FF01F7#00007D007D007DFF
(0946688590.723042) can0 18FF02F7#00007D007D007DFF
(0946688590.731654) can0 18FF1080#00000000
(0946688590.751658) can0 18FF1080#00000000
(0946688590.771658) can0 18FF1080#00000000
(0946688590.791663) can0 18FF1080#00000000
(0946688590.805897) can0 18FF00EA#10F9000005007D40
(0946688590.810548) can0 18FF01EA#00007D007D007DFF
(0946688590.811653) can0 18FF1080#00000000
(0946688590.812820) can0 18FF00F7#E0F9000005007D3F
(0946688590.815794) can0 18FF02EA#00007D007D007DFF
(0946688590.817783) can0 18FF01F7#00007D007D007DFF
(0946688590.823042) can0 18FF02F7#00007D007D007DFF
(0946688590.831653) can0 18FF1080#00000000
(0946688590.851655) can0 18FF1080#00000000
(0946688590.871656) can0 18FF1080#00000000
(0946688590.891653) can0 18FF1080#00000000
(0946688590.905746) can0 18FF00EA#10F9000005007D40
(0946688590.910537) can0 18FF01EA#00007D007D007DFF
(0946688590.911647) can0 18FF1080#00000000
(0946688590.912773) can0 18FF00F7#E0F9000005007D3F
(0946688590.915876) can0 18FF02EA#00007D007D007DFF
(0946688590.917625) can0 18FF01F7#00007D007D007DFF
(0946688590.923007) can0 18FF02F7#00007D007D007DFF
(0946688590.931650) can0 18FF1080#00000000
(0946688590.951654) can0 18FF1080#00000000
(0946688590.971669) can0 18FF1080#00000000
(0946688590.991655) can0 18FF1080#00000000
(0946688591.005892) can0 18FF00EA#10F9000005007D40
(0946688591.010809) can0 18FF01EA#00007D007D007DFF
(0946688591.011651) can0 18FF1080#00000000
(0946688591.012631) can0 18FF00F7#E0F9000005007D3F
(0946688591.015947) can0 18FF02EA#00007D007D007DFF
(0946688591.017863) can0 18FF01F7#00007D007D007DFF
(0946688591.023039) can0 18FF02F7#00007D007D007DFF
(0946688591.031652) can0 18FF1080#00000000
(0946688591.051656) can0 18FF1080#00000000
(0946688591.071654) can0 18FF1080#00000000
(0946688591.091657) can0 18FF1080#00000000
(0946688591.105810) can0 18FF00EA#10F9000005007D40
(0946688591.110637) can0 18FF01EA#00007D007D007DFF
(0946688591.111650) can0 18FF1080#00000000
(0946688591.112893) can0 18FF00F7#E0F9000005007D3F
(0946688591.115580) can0 18FF02EA#00007D007D007DFF
(0946688591.117616) can0 18FF01F7#00007D007D007DFF
(0946688591.122940) can0 18FF02F7#00007D007D007DFF
(0946688591.131649) can0 18FF1080#00000000
(0946688591.151664) can0 18FF1080#00000000
(0946688591.171656) can0 18FF1080#00000000
(0946688591.191655) can0 18FF1080#00000000
(0946688591.205695) can0 18FF00EA#10F9000005007D40
(0946688591.210714) can0 18FF01EA#00007D007D007DFF
(0946688591.211647) can0 18FF1080#00000000
(0946688591.212863) can0 18FF00F7#E0F9000005007D3F
(0946688591.215882) can0 18FF02EA#00007D007D007DFF
(0946688591.217722) can0 18FF01F7#00007D007D007DFF
(0946688591.222963) can0 18FF02F7#00007D007D007DFF
(0946688591.231645) can0 18FF1080#00000000
(0946688591.251656) can0 18FF1080#00000000
(0946688591.271658) can0 18FF1080#00000000
(0946688591.291659) can0 18FF1080#00000000
(0946688591.305862) can0 18FF00EA#10F9000005007D40
(0946688591.310582) can0 18FF01EA#00007D007D007DFF
(0946688591.311642) can0 18FF1080#00000000
(0946688591.312934) can0 18FF00F7#E0F9000005007D3F
(0946688591.315918) can0 18FF02EA#00007D007D007DFF
(0946688591.317846) can0 18FF01F7#00007D007D007DFF
(0946688591.322771) can0 18FF02F7#00007D007D007DFF
(0946688591.331654) can0 18FF1080#00000000
(0946688591.351655) can0 18FF1080#00000000
(0946688591.371653) can0 18FF1080#00000000
(0946688591.391657) can0 18FF1080#00000000
(0946688591.405558) can0 18FF00EA#10F9000005007D40
(0946688591.410849) can0 18FF01EA#00007D007D007DFF
(0946688591.411642) can0 18FF1080#00000000
(0946688591.412945) can0 18FF00F7#E0F9000005007D3F
(0946688591.415917) can0 18FF02EA#00007D007D007DFF
(0946688591.417599) can0 18FF01F7#00007D007D007DFF
(0946688591.422799) can0 18FF02F7#00007D007D007DFF
(0946688591.431648) can0 18FF1080#00000000
(0946688591.451650) can0 18FF1080#00000000
(0946688591.471656) can0 18FF1080#00000000
(0946688591.491656) can0 18FF1080#00000000
(0946688591.505551) can0 18FF00EA#10F9000005007D40
(0946688591.510761) can0 18FF01EA#00007D007D007DFF
(0946688591.511649) can0 18FF1080#00000000
(0946688591.512781) can0 18FF00F7#E0F9000005007D3F
(0946688591.515836) can0 18FF02EA#00007D007D007DFF
(0946688591.517843) can0 18FF01F7#00007D007D007DFF
(0946688591.523000) can0 18FF02F7#00007D007D007DFF
(0946688591.531654) can0 18FF1080#00000000
(0946688591.551658) can0 18FF1080#00000000
(0946688591.571651) can0 18FF1080#00000000
(0946688591.591651) can0 18FF1080#00000000
(0946688591.605857) can0 18FF00EA#10F9000005007D40
(0946688591.610623) can0 18FF01EA#00007D007D007DFF
(0946688591.611646) can0 18FF1080#00000000
(0946688591.612628) can0 18FF00F7#E0F9000005007D3F
(0946688591.615524) can0 18FF02EA#00007D007D007DFF
(0946688591.617842) can0 18FF01F7#00007D007D007DFF
(0946688591.622644) can0 18FF02F7#00007D007D007DFF
(0946688591.631645) can0 18FF1080#00000000
(0946688591.651646) can0 18FF1080#00000000
(0946688591.671703) can0 18FF1080#00000000
(0946688591.691648) can0 18FF1080#00000000
(0946688591.705644) can0 18FF00EA#10F9000005007D40
(0946688591.710780) can0 18FF01EA#00007D007D007DFF
(0946688591.711638) can0 18FF1080#00000000
(0946688591.712665) can0 18FF00F7#E0F9000005007D3F
(0946688591.715944) can0 18FF02EA#00007D007D007DFF
(0946688591.717829) can0 18FF01F7#00007D007D007DFF
(0946688591.722994) can0 18FF02F7#00007D007D007DFF
(0946688591.731667) can0 18FF1080#00000000
(0946688591.751645) can0 18FF1080#00000000
(0946688591.771657) can0 18FF1080#00000000
(0946688591.791668) can0 18FF1080#00000000
(0946688591.805669) can0 18FF00EA#10F9000005007D40
(0946688591.810660) can0 18FF01EA#00007D007D007DFF
(0946688591.811641) can0 18FF1080#00000000
(0946688591.812919) can0 18FF00F7#E0F9000005007D3F
(0946688591.815682) can0 18FF02EA#00007D007D007DFF
(0946688591.817590) can0 18FF01F7#00007D007D007DFF
(0946688591.822885) can0 18FF02F7#00007D007D007DFF
(0946688591.831672) can0 18FF1080#00000000
(0946688591.851650) can0 18FF1080#00000000
(0946688591.871647) can0 18FF1080#00000000
(0946688591.891650) can0 18FF1080#00000000
(0946688591.905513) can0 18FF00EA#10F9000005007D40
(0946688591.910604) can0 18FF01EA#00007D007D007DFF
(0946688591.911637) can0 18FF1080#00000000
(0946688591.912717) can0 18FF00F7#E0F9000005007D3F
(0946688591.915803) can0 18FF02EA#00007D007D007DFF
(0946688591.917590) can0 18FF01F7#00007D007D007DFF
(0946688591.922788) can0 18FF02F7#00007D007D007DFF
(0946688591.931643) can0 18FF1080#00000000
(0946688591.951638) can0 18FF1080#00000000
(0946688591.971636) can0 18FF1080#00000000
(0946688591.991648) can0 18FF1080#00000000
(0946688592.005658) can0 18FF00EA#10F9000005007D40
(0946688592.010599) can0 18FF01EA#00007D007D007DFF
(0946688592.011635) can0 18FF1080#00000000
(0946688592.012591) can0 18FF00F7#E0F9000005007D3F
(0946688592.015639) can0 18FF02EA#00007D007D007DFF
(0946688592.017820) can0 18FF01F7#00007D007D007DFF
(0946688592.022632) can0 18FF02F7#00007D007D007DFF
(0946688592.031645) can0 18FF1080#00000000
(0946688592.051651) can0 18FF1080#00000000
(0946688592.071691) can0 18FF1080#00000000
(0946688592.091649) can0 18FF1080#00000000
(0946688592.105633) can0 18FF00EA#10F9000005007D40
(0946688592.110602) can0 18FF01EA#00007D007D007DFF
(0946688592.111660) can0 18FF1080#00000000
(0946688592.112730) can0 18FF00F7#E0F9000005007D3F
(0946688592.115526) can0 18FF02EA#00007D007D007DFF
(0946688592.117579) can0 18FF01F7#00007D007D007DFF
(0946688592.122937) can0 18FF02F7#00007D007D007DFF
(0946688592.131651) can0 18FF1080#00000000
(0946688592.151646) can0 18FF1080#00000000
(0946688592.171656) can0 18FF1080#00000000
(0946688592.191652) can0 18FF1080#00000000
(0946688592.205829) can0 18FF00EA#10F9000005007D40
(0946688592.210744) can0 18FF01EA#00007D007D007DFF
(0946688592.211642) can0 18FF1080#00000000
(0946688592.212735) can0 18FF00F7#E0F9000005007D3F
(0946688592.215520) can0 18FF02EA#00007D007D007DFF
(0946688592.217824) can0 18FF01F7#00007D007D007DFF
(0946688592.222761) can0 18FF02F7#00007D007D007DFF
(0946688592.231648) can0 18FF1080#00000000
(0946688592.251653) can0 18FF1080#00000000
(0946688592.271654) can0 18FF1080#00000000
(0946688592.291644) can0 18FF1080#00000000
(0946688592.305800) can0 18FF00EA#10F9000005007D40
(0946688592.310488) can0 18FF01EA#00007D007D007DFF
(0946688592.311646) can0 18FF1080#00000000
(0946688592.312958) can0 18FF00F7#E0F9000005007D3F
(0946688592.315825) can0 18FF02EA#00007D007D007DFF
(0946688592.317760) can0 18FF01F7#00007D007D007DFF
(0946688592.322699) can0 18FF02F7#00007D007D007DFF
(0946688592.331643) can0 18FF1080#00000000
(0946688592.351647) can0 18FF1080#00000000
(0946688592.371646) can0 18FF1080#00000000
(0946688592.391648) can0 18FF1080#00000000
(0946688592.405738) can0 18FF00EA#10F9000005007D40
(0946688592.410488) can0 18FF01EA#00007D007D007DFF
(0946688592.411642) can0 18FF1080#00000000
(0946688592.412683) can0 18FF00F7#E0F9000005007D3F
(0946688592.415620) can0 18FF02EA#00007D007D007DFF
(0946688592.417764) can0 18FF01F7#00007D007D007DFF
(0946688592.422627) can0 18FF02F7#00007D007D007DFF
(0946688592.431641) can0 18FF1080#00000000
(0946688592.451645) can0 18FF1080#00000000
(0946688592.471644) can0 18FF1080#00000000
(0946688592.491644) can0 18FF1080#00000000
(0946688592.505628) can0 18FF00EA#10F9000005007D40
(0946688592.510701) can0 18FF01EA#00007D007D007DFF
(0946688592.511670) can0 18FF1080#00000000
(0946688592.512690) can0 18FF00F7#E0F9000005007D3F
(0946688592.515504) can0 18FF02EA#00007D007D007DFF
(0946688592.517716) can0 18FF01F7#00007D007D007DFF
(0946688592.522728) can0 18FF02F7#00007D007D007DFF
(0946688592.531730) can0 18FF1080#00000000
(0946688592.551643) can0 18FF1080#00000000
(0946688592.571645) can0 18FF1080#00000000
(0946688592.591656) can0 18FF1080#00000000
(0946688592.605605) can0 18FF00EA#10F9000005007D40
(0946688592.610759) can0 18FF01EA#00007D007D007DFF
(0946688592.611643) can0 18FF1080#00000000
(0946688592.612608) can0 18FF00F7#E0F9000005007D3F
(0946688592.615905) can0 18FF02EA#00007D007D007DFF
(0946688592.617824) can0 18FF01F7#00007D007D007DFF
(0946688592.622980) can0 18FF02F7#00007D007D007DFF
(0946688592.631639) can0 18FF1080#00000000
(0946688592.651641) can0 18FF1080#00000000
(0946688592.671648) can0 18FF1080#00000000
(0946688592.691695) can0 18FF1080#00000000
(0946688592.705502) can0 18FF00EA#10F9000005007D40
(0946688592.710797) can0 18FF01EA#00007D007D007DFF
(0946688592.711642) can0 18FF1080#00000000
(0946688592.712868) can0 18FF00F7#E0F9000005007D3F
(0946688592.715929) can0 18FF02EA#00007D007D007DFF
(0946688592.717567) can0 18FF01F7#00007D007D007DFF
(0946688592.722733) can0 18FF02F7#00007D007D007DFF
(0946688592.731640) can0 18FF1080#00000000
(0946688592.751691) can0 18FF1080#00000000
(0946688592.771638) can0 18FF1080#00000000
(0946688592.791658) can0 18FF1080#00000000
(0946688592.805647) can0 18FF00EA#10F9000005007D40
(0946688592.810798) can0 18FF01EA#00007D007D007DFF
(0946688592.811636) can0 18FF1080#00000000
(0946688592.812619) can0 18FF00F7#E0F9000005007D3F
(0946688592.815873) can0 18FF02EA#00007D007D007DFF
(0946688592.817806) can0 18FF01F7#00007D007D007DFF
(0946688592.822979) can0 18FF02F7#00007D007D007DFF
(0946688592.831639) can0 18FF1080#00000000
(0946688592.851644) can0 18FF1080#00000000
(0946688592.871642) can0 18FF1080#00000000
(0946688592.891644) can0 18FF1080#00000000
(0946688592.905688) can0 18FF00EA#10F9000005007D40
(0946688592.910586) can0 18FF01EA#00007D007D007DFF
(0946688592.911642) can0 18FF1080#00000000
(0946688592.912854) can0 18FF00F7#E0F9000005007D3F
(0946688592.915701) can0 18FF02EA#00007D007D007DFF
(0946688592.917708) can0 18FF01F7#00007D007D007DFF
(0946688592.922918) can0 18FF02F7#00007D007D007DFF
(0946688592.931638) can0 18FF1080#00000000
(0946688592.951649) can0 18FF1080#00000000
(0946688592.971668) can0 18FF1080#00000000
(0946688592.991662) can0 18FF1080#00000000
(0946688593.005491) can0 18FF00EA#10F9000005007D40
(0946688593.010794) can0 18FF01EA#00007D007D007DFF
(0946688593.011642) can0 18FF1080#00000000
(0946688593.012815) can0 18FF00F7#E0F9000005007D3F
(0946688593.015869) can0 18FF02EA#00007D007D007DFF
(0946688593.017714) can0 18FF01F7#00007D007D007DFF
(0946688593.022961) can0 18FF02F7#00007D007D007DFF
(0946688593.031644) can0 18FF1080#00000000
(0946688593.051659) can0 18FF1080#00000000
(0946688593.071657) can0 18FF1080#00000000
(0946688593.091655) can0 18FF1080#00000000
(0946688593.105707) can0 18FF00EA#10F9000005007D40
(0946688593.110473) can0 18FF01EA#00007D007D007DFF
(0946688593.111636) can0 18FF1080#00000000
(0946688593.112847) can0 18FF00F7#E0F9000005007D3F
(0946688593.115775) can0 18FF02EA#00007D007D007DFF
(0946688593.117671) can0 18FF01F7#00007D007D007DFF
(0946688593.122857) can0 18FF02F7#00007D007D007DFF
(0946688593.131641) can0 18FF1080#00000000
(0946688593.151646) can0 18FF1080#00000000
(0946688593.171664) can0 18FF1080#00000000
(0946688593.191646) can0 18FF1080#00000000
(0946688593.205583) can0 18FF00EA#10F9000005007D40
(0946688593.210787) can0 18FF01EA#00007D007D007DFF
(0946688593.211642) can0 18FF1080#00000000
(0946688593.212683) can0 18FF00F7#E0F9000005007D3F
(0946688593.215920) can0 18FF02EA#00007D007D007DFF
(0946688593.217817) can0 18FF01F7#00007D007D007DFF
(0946688593.222960) can0 18FF02F7#00007D007D007DFF
(0946688593.231636) can0 18FF1080#00000000
(0946688593.251636) can0 18FF1080#00000000
(0946688593.271812) can0 18FF1080#00000000
(0946688593.291634) can0 18FF1080#00000000
(0946688593.305787) can0 18FF00EA#10F9000005007D40
(0946688593.310689) can0 18FF01EA#00007D007D007DFF
(0946688593.311644) can0 18FF1080#00000000
(0946688593.312671) can0 18FF00F7#E0F9000005007D3F
(0946688593.315490) can0 18FF02EA#00007D007D007DFF
(0946688593.317740) can0 18FF01F7#00007D007D007DFF
(0946688593.322866) can0 18FF02F7#00007D007D007DFF
(0946688593.331648) can0 18FF1080#00000000
(0946688593.351648) can0 18FF1080#00000000
(0946688593.371669) can0 18FF1080#00000000
(0946688593.391651) can0 18FF1080#00000000
(0946688593.405675) can0 18FF00EA#10F9000005007D40
(0946688593.410699) can0 18FF01EA#00007D007D007DFF
(0946688593.411634) can0 18FF1080#00000000
(0946688593.412586) can0 18FF00F7#E0F9000005007D3F
(0946688593.415811) can0 18FF02EA#00007D007D007DFF
(0946688593.417809) can0 18FF01F7#00007D007D007DFF
(0946688593.422600) can0 18FF02F7#00007D007D007DFF
(0946688593.431644) can0 18FF1080#00000000
(0946688593.451645) can0 18FF1080#00000000
(0946688593.471643) can0 18FF1080#00000000
(0946688593.491645) can0 18FF1080#00000000
(0946688593.505498) can0 18FF00EA#10F9000005007D40
(0946688593.510732) can0 18FF01EA#00007D007D007DFF
(0946688593.511640) can0 18FF1080#00000000
(0946688593.512715) can0 18FF00F7#E0F9000005007D3F
(0946688593.515822) can0 18FF02EA#00007D007D007DFF
(0946688593.517787) can0 18FF01F7#00007D007D007DFF
(0946688593.522963) can0 18FF02F7#00007D007D007DFF
(0946688593.531644) can0 18FF1080#00000000
(0946688593.551637) can0 18FF1080#00000000
(0946688593.571642) can0 18FF1080#00000000
(0946688593.591646) can0 18FF1080#00000000
(0946688593.605768) can0 18FF00EA#10F9000005007D40
(0946688593.610454) can0 18FF01EA#00007D007D007DFF
(0946688593.611658) can0 18FF1080#00000000
(0946688593.612947) can0 18FF00F7#E0F9000005007D3F
(0946688593.615779) can0 18FF02EA#00007D007D007DFF
(0946688593.617545) can0 18FF01F7#00007D007D007DFF
(0946688593.622846) can0 18FF02F7#00007D007D007DFF
(0946688593.631663) can0 18FF1080#00000000
(0946688593.651694) can0 18FF1080#00000000
(0946688593.671642) can0 18FF1080#00000000
(0946688593.691643) can0 18FF1080#00000000
(0946688593.705716) can0 18FF00EA#10F9000005007D40
(0946688593.710451) can0 18FF01EA#00007D007D007DFF
(0946688593.711638) can0 18FF1080#00000000
(0946688593.712831) can0 18FF00F7#E0F9000005007D3F
(0946688593.715764) can0 18FF02EA#00007D007D007DFF
(0946688593.717642) can0 18FF01F7#00007D007D007DFF
(0946688593.722697) can0 18FF02F7#00007D007D007DFF
(0946688593.731632) can0 18FF1080#00000000
(0946688593.751640) can0 18FF1080#00000000
(0946688593.771640) can0 18FF1080#00000000
(0946688593.791639) can0 18FF1080#00000000
(0946688593.805466) can0 18FF00EA#10F9000005007D40
(0946688593.810802) can0 18FF01EA#00007D007D007DFF
(0946688593.811636) can0 18FF1080#00000000
(0946688593.812681) can0 18FF00F7#E0F9000005007D3F
(0946688593.815506) can0 18FF02EA#00007D007D007DFF
(0946688593.817746) can0 18FF01F7#00007D007D007DFF
(0946688593.822938) can0 18FF02F7#00007D007D007DFF
(0946688593.831641) can0 18FF1080#00000000
(0946688593.851640) can0 18FF1080#00000000
(0946688593.871640) can0 18FF1080#00000000
(0946688593.891642) can0 18FF1080#00000000
(0946688593.905762) can0 18FF00EA#10F9000005007D40
(0946688593.910453) can0 18FF01EA#00007D007D007DFF
(0946688593.911640) can0 18FF1080#00000000
(0946688593.912971) can0 18FF00F7#E0F9000005007D3F
(0946688593.915667) can0 18FF02EA#00007D007D007DFF
(0946688593.917761) can0 18FF01F7#00007D007D007DFF
(0946688593.922581) can0 18FF02F7#00007D007D007DFF
(0946688593.931637) can0 18FF1080#00000000
(0946688593.951641) can0 18FF1080#00000000
(0946688593.971640) can0 18FF1080#00000000
(0946688593.991638) can0 18FF1080#00000000
(0946688594.005752) can0 18FF00EA#10F9000005007D40
(0946688594.010446) can0 18FF01EA#00007D007D007DFF
(0946688594.011634) can0 18FF1080#00000000
(0946688594.012925) can0 18FF00F7#E0F9000005007D3F
(0946688594.015752) can0 18FF02EA#00007D007D007DFF
(0946688594.017531) can0 18FF01F7#00007D007D007DFF
(0946688594.022738) can0 18FF02F7#00007D007D007DFF
(0946688594.031713) can0 18FF1080#00000000
(0946688594.051628) can0 18FF1080#00000000
(0946688594.071637) can0 18FF1080#00000000
(0946688594.091641) can0 18FF1080#00000000
(0946688594.105611) can0 18FF00EA#10F9000005007D40
(0946688594.110633) can0 18FF01EA#00007D007D007DFF
(0946688594.111633) can0 18FF1080#00000000
(0946688594.112819) can0 18FF00F7#E0F9000005007D3F
(0946688594.115816) can0 18FF02EA#00007D007D007DFF
(0946688594.117636) can0 18FF01F7#00007D007D007DFF
(0946688594.122791) can0 18FF02F7#00007D007D007DFF
(0946688594.131640) can0 18FF1080#00000000
(0946688594.151655) can0 18FF1080#00000000
(0946688594.171637) can0 18FF1080#00000000
(0946688594.191638) can0 18FF1080#00000000
(0946688594.205604) can0 18FF00EA#10F9000005007D40
(0946688594.210628) can0 18FF01EA#00007D007D007DFF
(0946688594.211636) can0 18FF1080#00000000
(0946688594.212668) can0 18FF00F7#E0F9000005007D3F
(0946688594.215622) can0 18FF02EA#00007D007D007DFF
(0946688594.217630) can0 18FF01F7#00007D007D007DFF
(0946688594.222885) can0 18FF02F7#00007D007D007DFF
(0946688594.231676) can0 18FF1080#00000000
(0946688594.251635) can0 18FF1080#00000000
(0946688594.271634) can0 18FF1080#00000000
(0946688594.291632) can0 18FF1080#00000000
(0946688594.305651) can0 18FF00EA#10F9000005007D40
(0946688594.310435) can0 18FF01EA#00007D007D007DFF
(0946688594.311631) can0 18FF1080#00000000
(0946688594.312803) can0 18FF00F7#E0F9000005007D3F
(0946688594.315563) can0 18FF02EA#00007D007D007DFF
(0946688594.317519) can0 18FF01F7#00007D007D007DFF
(0946688594.322684) can0 18FF02F7#00007D007D007DFF
(0946688594.331633) can0 18FF1080#00000000
(0946688594.351636) can0 18FF1080#00000000
(0946688594.371637) can0 18FF1080#00000000
(0946688594.391636) can0 18FF1080#00000000
(0946688594.405742) can0 18FF00EA#10F9000005007D40
(0946688594.410434) can0 18FF01EA#00007D007D007DFF
(0946688594.411628) can0 18FF1080#00000000
(0946688594.412637) can0 18FF00F7#E0F9000005007D3F
(0946688594.415612) can0 18FF02EA#00007D007D007DFF
(0946688594.417748) can0 18FF01F7#00007D007D007DFF
(0946688594.422628) can0 18FF02F7#00007D007D007DFF
(0946688594.431635) can0 18FF1080#00000000
(0946688594.451668) can0 18FF1080#00000000
(0946688594.471631) can0 18FF1080#00000000
(0946688594.491627) can0 18FF1080#00000000
(0946688594.505570) can0 18FF00EA#10F9000005007D40
(0946688594.510596) can0 18FF01EA#00007D007D007DFF
(0946688594.511645) can0 18FF1080#00000000
(0946688594.512856) can0 18FF00F7#E0F9000005007D3F
(0946688594.515610) can0 18FF02EA#00007D007D007DFF
(0946688594.517517) can0 18FF01F7#00007D007D007DFF
(0946688594.522677) can0 18FF02F7#00007D007D007DFF
(0946688594.531630) can0 18FF1080#00000000
(0946688594.551689) can0 18FF1080#00000000
(0946688594.571626) can0 18FF1080#00000000
(0946688594.591634) can0 18FF1080#00000000
(0946688594.605640) can0 18FF00EA#10F9000005007D40
(0946688594.610537) can0 18FF01EA#00007D007D007DFF
(0946688594.611632) can0 18FF1080#00000000
(0946688594.612905) can0 18FF00F7#E0F9000005007D3F
(0946688594.615459) can0 18FF02EA#00007D007D007DFF
(0946688594.617520) can0 18FF01F7#00007D007D007DFF
(0946688594.622784) can0 18FF02F7#00007D007D007DFF
(0946688594.631624) can0 18FF1080#00000000
(0946688594.651633) can0 18FF1080#00000000
(0946688594.671635) can0 18FF1080#00000000
(0946688594.691635) can0 18FF1080#00000000
(0946688594.705734) can0 18FF00EA#10F9000005007D40
(0946688594.710658) can0 18FF01EA#00007D007D007DFF
(0946688594.711624) can0 18FF1080#00000000
(0946688594.712735) can0 18FF00F7#E0F9000005007D3F
(0946688594.715728) can0 18FF02EA#00007D007D007DFF
(0946688594.717658) can0 18FF01F7#00007D007D007DFF
(0946688594.722711) can0 18FF02F7#00007D007D007DFF
(0946688594.731623) can0 18FF1080#00000000
(0946688594.751622) can0 18FF1080#00000000
(0946688594.771624) can0 18FF1080#00000000
(0946688594.791619) can0 18FF1080#00000000
(0946688594.805590) can0 18FF00EA#10F9000005007D40
(0946688594.810586) can0 18FF01EA#00007D007D007DFF
(0946688594.811624) can0 18FF1080#00000000
(0946688594.812652) can0 18FF00F7#E0F9000005007D3F
(0946688594.815594) can0 18FF02EA#00007D007D007DFF
(0946688594.817673) can0 18FF01F7#00007D007D007DFF
(0946688594.822851) can0 18FF02F7#00007D007D007DFF
(0946688594.831616) can0 18FF1080#00000000
(0946688594.851631) can0 18FF1080#00000000
(0946688594.871620) can0 18FF1080#00000000
(0946688594.891621) can0 18FF1080#00000000
(0946688594.905645) can0 18FF00EA#10F9000005007D40
(0946688594.910479) can0 18FF01EA#00007D007D007DFF
(0946688594.911620) can0 18FF1080#00000000
(0946688594.912822) can0 18FF00F7#E0F9000005007D3F
(0946688594.915823) can0 18FF02EA#00007D007D007DFF
(0946688594.917611) can0 18FF01F7#00007D007D007DFF
(0946688594.922619) can0 18FF02F7#00007D007D007DFF
(0946688594.931620) can0 18FF1080#00000000
(0946688594.951622) can0 18FF1080#00000000
(0946688594.971626) can0 18FF1080#00000000
(0946688594.991620) can0 18FF1080#00000000
(0946688595.005624) can0 18FF00EA#10F9000005007D40
(0946688595.010529) can0 18FF01EA#00007D007D007DFF
(0946688595.011620) can0 18FF1080#00000000
(0946688595.012639) can0 18FF00F7#E0F9000005007D3F
(0946688595.015688) can0 18FF02EA#00007D007D007DFF
(0946688595.017603) can0 18FF01F7#00007D007D007DFF
(0946688595.022855) can0 18FF02F7#00007D007D007DFF
(0946688595.031618) can0 18FF1080#00000000
(0946688595.051620) can0 18FF1080#00000000
(0946688595.071619) can0 18FF1080#00000000
(0946688595.091619) can0 18FF1080#00000000
(0946688595.105720) can0 18FF00EA#10F9000005007D40
(0946688595.110417) can0 18FF01EA#00007D007D007DFF
(0946688595.111657) can0 18FF1080#00000000
(0946688595.112616) can0 18FF00F7#E0F9000005007D3F
(0946688595.115530) can0 18FF02EA#00007D007D007DFF
(0946688595.117703) can0 18FF01F7#00007D007D007DFF
(0946688595.122895) can0 18FF02F7#00007D007D007DFF
(0946688595.131617) can0 18FF1080#00000000
(0946688595.151619) can0 18FF1080#00000000
(0946688595.171618) can0 18FF1080#00000000
(0946688595.191617) can0 18FF1080#00000000
(0946688595.205729) can0 18FF00EA#10F9000005007D40
(0946688595.210706) can0 18FF01EA#00007D007D007DFF
(0946688595.211614) can0 18FF1080#00000000
(0946688595.212686) can0 18FF00F7#E0F9000005007D3F
(0946688595.215550) can0 18FF02EA#00007D007D007DFF
(0946688595.217483) can0 18FF01F7#00007D007D007DFF
(0946688595.222749) can0 18FF02F7#00007D007D007DFF
(0946688595.231616) can0 18FF1080#00000000
(0946688595.251617) can0 18FF1080#00000000
(0946688595.271618) can0 18FF1080#00000000
(0946688595.291622) can0 18FF1080#00000000
(0946688595.305420) can0 18FF00EA#10F9000005007D40
(0946688595.310595) can0 18FF01EA#00007D007D007DFF
(0946688595.311615) can0 18FF1080#00000000
(0946688595.312600) can0 18FF00F7#E0F9000005007D3F
(0946688595.315521) can0 18FF02EA#00007D007D007DFF
(0946688595.317752) can0 18FF01F7#00007D007D007DFF
(0946688595.322896) can0 18FF02F7#00007D007D007DFF
(0946688595.331614) can0 18FF1080#00000000
(0946688595.351615) can0 18FF1080#00000000
(0946688595.371620) can0 18FF1080#00000000
(0946688595.391617) can0 18FF1080#00000000
(0946688595.405731) can0 18FF00EA#10F9000005007D40
(0946688595.410401) can0 18FF01EA#00007D007D007DFF
(0946688595.411617) can0 18FF1080#00000000
(0946688595.412652) can0 18FF00F7#E0F9000005007D3F
(0946688595.415523) can0 18FF02EA#00007D007D007DFF
(0946688595.417631) can0 18FF01F7#00007D007D007DFF
(0946688595.422892) can0 18FF02F7#00007D007D007DFF
(0946688595.431615) can0 18FF1080#00000000
(0946688595.451615) can0 18FF1080#00000000
(0946688595.471616) can0 18FF1080#00000000
(0946688595.491617) can0 18FF1080#00000000
(0946688595.505580) can0 18FF00EA#10F9000005007D40
(0946688595.510639) can0 18FF01EA#00007D007D007DFF
(0946688595.511613) can0 18FF1080#00000000
(0946688595.512492) can0 18FF00F7#E0F9000005007D3F
(0946688595.515828) can0 18FF02EA#00007D007D007DFF
(0946688595.517769) can0 18FF01F7#00007D007D007DFF
(0946688595.522812) can0 18FF02F7#00007D007D007DFF
(0946688595.531613) can0 18FF1080#00000000
(0946688595.551645) can0 18FF1080#00000000
(0946688595.571614) can0 18FF1080#00000000
(0946688595.591614) can0 18FF1080#00000000
(0946688595.605686) can0 18FF00EA#10F9000005007D40
(0946688595.610488) can0 18FF01EA#00007D007D007DFF
(0946688595.611611) can0 18FF1080#00000000
(0946688595.612651) can0 18FF00F7#E0F9000005007D3F
(0946688595.615822) can0 18FF02EA#00007D007D007DFF
(0946688595.617470) can0 18FF01F7#00007D007D007DFF
(0946688595.622782) can0 18FF02F7#00007D007D007DFF
(0946688595.631622) can0 18FF1080#00000000
(0946688595.651615) can0 18FF1080#00000000
(0946688595.671619) can0 18FF1080#00000000
(0946688595.691615) can0 18FF1080#00000000
(0946688595.705556) can0 18FF00EA#10F9000005007D40
(0946688595.710497) can0 18FF01EA#00007D007D007DFF
(0946688595.711610) can0 18FF1080#00000000
(0946688595.712477) can0 18FF00F7#E0F9000005007D3F
(0946688595.715783) can0 18FF02EA#00007D007D007DFF
(0946688595.717787) can0 18FF01F7#00007D007D007DFF
(0946688595.722521) can0 18FF02F7#00007D007D007DFF
(0946688595.731611) can0 18FF1080#00000000
(0946688595.751609) can0 18FF1080#00000000
(0946688595.771612) can0 18FF1080#00000000
(0946688595.791610) can0 18FF1080#00000000
(0946688595.805552) can0 18FF00EA#10F9000005007D40
(0946688595.810532) can0 18FF01EA#00007D007D007DFF
(0946688595.811608) can0 18FF1080#00000000
(0946688595.812476) can0 18FF00F7#E0F9000005007D3F
(0946688595.815411) can0 18FF02EA#00007D007D007DFF
(0946688595.817790) can0 18FF01F7#00007D007D007DFF
(0946688595.822899) can0 18FF02F7#00007D007D007DFF
(0946688595.831608) can0 18FF1080#00000000
(0946688595.851608) can0 18FF1080#00000000
(0946688595.871609) can0 18FF1080#00000000
(0946688595.891615) can0 18FF1080#00000000
(0946688595.905493) can0 18FF00EA#10F9000005007D40
(0946688595.910382) can0 18FF01EA#00007D007D007DFF
(0946688595.911609) can0 18FF1080#00000000
(0946688595.912730) can0 18FF00F7#E0F9000005007D3F
(0946688595.915598) can0 18FF02EA#00007D007D007DFF
(0946688595.917569) can0 18FF01F7#00007D007D007DFF
(0946688595.922674) can0 18FF02F7#00007D007D007DFF
(0946688595.931609) can0 18FF1080#00000000
(0946688595.951614) can0 18FF1080#00000000
(0946688595.971606) can0 18FF1080#00000000
(0946688595.991610) can0 18FF1080#00000000
(0946688596.005487) can0 18FF00EA#10F9000005007D40
(0946688596.010573) can0 18FF01EA#00007D007D007DFF
(0946688596.011609) can0 18FF1080#00000000
(0946688596.012701) can0 18FF00F7#E0F9000005007D3F
(0946688596.015449) can0 18FF02EA#00007D007D007DFF
(0946688596.017469) can0 18FF01F7#00007D007D007DFF
(0946688596.022707) can0 18FF02F7#00007D007D007DFF
(0946688596.031606) can0 18FF1080#00000000
(0946688596.051610) can0 18FF1080#00000000
(0946688596.071614) can0 18FF1080#00000000
(0946688596.091623) can0 18FF1080#00000000
(0946688596.105739) can0 18FF00EA#10F9000005007D40
(0946688596.110569) can0 18FF01EA#00007D007D007DFF
(0946688596.111604) can0 18FF1080#00000000
(0946688596.112485) can0 18FF00F7#E0F9000005007D3F
(0946688596.115713) can0 18FF02EA#00007D007D007DFF
(0946688596.117773) can0 18FF01F7#00007D007D007DFF
(0946688596.122887) can0 18FF02F7#00007D007D007DFF
(0946688596.131603) can0 18FF1080#00000000
(0946688596.151609) can0 18FF1080#00000000
(0946688596.171635) can0 18FF1080#00000000
(0946688596.191617) can0 18FF1080#00000000
(0946688596.205383) can0 18FF00EA#10F9000005007D40
(0946688596.210613) can0 18FF01EA#00007D007D007DFF
(0946688596.211605) can0 18FF1080#00000000
(0946688596.212695) can0 18FF00F7#E0F9000005007D3F
(0946688596.215817) can0 18FF02EA#00007D007D007DFF
(0946688596.217557) can0 18FF01F7#00007D007D007DFF
(0946688596.222655) can0 18FF02F7#00007D007D007DFF
(0946688596.231607) can0 18FF1080#00000000
(0946688596.251606) can0 18FF1080#00000000
(0946688596.271606) can0 18FF1080#00000000
(0946688596.291610) can0 18FF1080#00000000
(0946688596.305668) can0 18FF00EA#10F9000005007D40
(0946688596.310474) can0 18FF01EA#00007D007D007DFF
(0946688596.311604) can0 18FF1080#00000000
(0946688596.312605) can0 18FF00F7#E0F9000005007D3F
(0946688596.315567) can0 18FF02EA#00007D007D007DFF
(0946688596.317657) can0 18FF01F7#00007D007D007DFF
(0946688596.322558) can0 18FF02F7#00007D007D007DFF
(0946688596.331629) can0 18FF1080#00000000
(0946688596.351600) can0 18FF1080#00000000
(0946688596.371633) can0 18FF1080#00000000
(0946688596.391604) can0 18FF1080#00000000
(0946688596.405726) can0 18FF00EA#10F9000005007D40
(0946688596.410475) can0 18FF01EA#00007D007D007DFF
(0946688596.411603) can0 18FF1080#00000000
(0946688596.412620) can0 18FF00F7#E0F9000005007D3F
(0946688596.415463) can0 18FF02EA#00007D007D007DFF
(0946688596.417709) can0 18FF01F7#00007D007D007DFF
(0946688596.422862) can0 18FF02F7#00007D007D007DFF
(0946688596.431604) can0 18FF1080#00000000
(0946688596.451604) can0 18FF1080#00000000
(0946688596.471603) can0 18FF1080#00000000
(0946688596.491603) can0 18FF1080#00000000
(0946688596.505805) can0 18FF00EA#10F9000005007D40
(0946688596.510545) can0 18FF01EA#00007D007D007DFF
(0946688596.511630) can0 18FF1080#00000000
(0946688596.512678) can0 18FF00F7#E0F9000005007D3F
(0946688596.515537) can0 18FF02EA#00007D007D007DFF
(0946688596.517738) can0 18FF01F7#00007D007D007DFF
(0946688596.522864) can0 18FF02F7#00007D007D007DFF
(0946688596.531604) can0 18FF1080#00000000
(0946688596.551601) can0 18FF1080#00000000
(0946688596.571623) can0 18FF1080#00000000
(0946688596.591602) can0 18FF1080#00000000
(0946688596.605371) can0 18FF00EA#10F9000005007D40
(0946688596.610598) can0 18FF01EA#00007D007D007DFF
(0946688596.611596) can0 18FF1080#00000000
(0946688596.612688) can0 18FF00F7#E0F9000005007D3F
(0946688596.615434) can0 18FF02EA#00007D007D007DFF
(0946688596.617546) can0 18FF01F7#00007D007D007DFF
(0946688596.622808) can0 18FF02F7#00007D007D007DFF
(0946688596.631600) can0 18FF1080#00000000
(0946688596.651601) can0 18FF1080#00000000
(0946688596.671604) can0 18FF1080#00000000
(0946688596.691605) can0 18FF1080#00000000
(0946688596.705472) can0 18FF00EA#10F9000005007D40
(0946688596.710566) can0 18FF01EA#00007D007D007DFF
(0946688596.711626) can0 18FF1080#00000000
(0946688596.712716) can0 18FF00F7#E0F9000005007D3F
(0946688596.715721) can0 18FF02EA#00007D007D007DFF
(0946688596.717584) can0 18FF01F7#00007D007D007DFF
(0946688596.722483) can0 18FF02F7#00007D007D007DFF
(0946688596.731601) can0 18FF1080#00000000
(0946688596.751601) can0 18FF1080#00000000
(0946688596.771601) can0 18FF1080#00000000
(0946688596.791597) can0 18FF1080#00000000
(0946688596.805716) can0 18FF00EA#10F9000005007D40
(0946688596.810459) can0 18FF01EA#00007D007D007DFF
(0946688596.811609) can0 18FF1080#00000000
(0946688596.812430) can0 18FF00F7#E0F9000005007D3F
(0946688596.815388) can0 18FF02EA#00007D007D007DFF
(0946688596.817727) can0 18FF01F7#00007D007D007DFF
(0946688596.822844) can0 18FF02F7#00007D007D007DFF
(0946688596.831607) can0 18FF1080#00000000
(0946688596.851598) can0 18FF1080#00000000
(0946688596.871596) can0 18FF1080#00000000
(0946688596.891627) can0 18FF1080#00000000
(0946688596.905575) can0 18FF00EA#10F9000005007D40
(0946688596.910349) can0 18FF01EA#00007D007D007DFF
(0946688596.911615) can0 18FF1080#00000000
(0946688596.912611) can0 18FF00F7#E0F9000005007D3F
(0946688596.915739) can0 18FF02EA#00007D007D007DFF
(0946688596.917542) can0 18FF01F7#00007D007D007DFF
(0946688596.922637) can0 18FF02F7#00007D007D007DFF
(0946688596.931621) can0 18FF1080#00000000
(0946688596.951600) can0 18FF1080#00000000
(0946688596.971599) can0 18FF1080#00000000
(0946688596.991601) can0 18FF1080#00000000
(0946688597.005457) can0 18FF00EA#10F9000005007D40
(0946688597.010561) can0 18FF01EA#00007D007D007DFF
(0946688597.011600) can0 18FF1080#00000000
(0946688597.012588) can0 18FF00F7#E0F9000005007D3F
(0946688597.015699) can0 18FF02EA#00007D007D007DFF
(0946688597.017533) can0 18FF01F7#00007D007D007DFF
(0946688597.022679) can0 18FF02F7#00007D007D007DFF
(0946688597.031597) can0 18FF1080#00000000
(0946688597.051598) can0 18FF1080#00000000
(0946688597.071607) can0 18FF1080#00000000
(0946688597.091597) can0 18FF1080#00000000
(0946688597.105453) can0 18FF00EA#10F9000005007D40
(0946688597.110583) can0 18FF01EA#00007D007D007DFF
(0946688597.111596) can0 18FF1080#00000000
(0946688597.112430) can0 18FF00F7#E0F9000005007D3F
(0946688597.115781) can0 18FF02EA#00007D007D007DFF
(0946688597.117738) can0 18FF01F7#00007D007D007DFF
(0946688597.122844) can0 18FF02F7#00007D007D007DFF
(0946688597.131594) can0 18FF1080#00000000
(0946688597.151601) can0 18FF1080#00000000
(0946688597.171598) can0 18FF1080#00000000
(0946688597.191616) can0 18FF1080#00000000
(0946688597.205352) can0 18FF00EA#10F9000005007D40
(0946688597.210444) can0 18FF01EA#00007D007D007DFF
(0946688597.211605) can0 18FF1080#00000000
(0946688597.212605) can0 18FF00F7#E0F9000005007D3F
(0946688597.215367) can0 18FF02EA#00007D007D007DFF
(0946688597.217424) can0 18FF01F7#00007D007D007DFF
(0946688597.222790) can0 18FF02F7#00007D007D007DFF
(0946688597.231597) can0 18FF1080#00000000
(0946688597.251595) can0 18FF1080#00000000
(0946688597.271595) can0 18FF1080#00000000
(0946688597.291594) can0 18FF1080#00000000
(0946688597.305375) can0 18FF00EA#10F9000005007D40
(0946688597.310554) can0 18FF01EA#00007D007D007DFF
(0946688597.311612) can0 18FF1080#00000000
(0946688597.312413) can0 18FF00F7#E0F9000005007D3F
(0946688597.315523) can0 18FF02EA#00007D007D007DFF
(0946688597.317748) can0 18FF01F7#00007D007D007DFF
(0946688597.322465) can0 18FF02F7#00007D007D007DFF
(0946688597.331593) can0 18FF1080#00000000
(0946688597.351595) can0 18FF1080#00000000
(0946688597.371593) can0 18FF1080#00000000
(0946688597.391596) can0 18FF1080#00000000
(0946688597.405350) can0 18FF00EA#10F9000005007D40
(0946688597.410575) can0 18FF01EA#00007D007D007DFF
(0946688597.411624) can0 18FF1080#00000000
(0946688597.412548) can0 18FF00F7#E0F9000005007D3F
(0946688597.415697) can0 18FF02EA#00007D007D007DFF
(0946688597.417560) can0 18FF01F7#00007D007D007DFF
(0946688597.422455) can0 18FF02F7#00007D007D007DFF
(0946688597.431595) can0 18FF1080#00000000
(0946688597.451618) can0 18FF1080#00000000
(0946688597.471596) can0 18FF1080#00000000
(0946688597.491595) can0 18FF1080#00000000
(0946688597.505677) can0 18FF00EA#10F9000005007D40
(0946688597.510331) can0 18FF01EA#00007D007D007DFF
(0946688597.511637) can0 18FF1080#00000000
(0946688597.512664) can0 18FF00F7#E0F9000005007D3F
(0946688597.515684) can0 18FF02EA#00007D007D007DFF
(0946688597.517530) can0 18FF01F7#00007D007D007DFF
(0946688597.522714) can0 18FF02F7#00007D007D007DFF
(0946688597.531592) can0 18FF1080#00000000
(0946688597.551590) can0 18FF1080#00000000
(0946688597.571590) can0 18FF1080#00000000
(0946688597.591590) can0 18FF1080#00000000
(0946688597.605343) can0 18FF00EA#10F9000005007D40
(0946688597.610571) can0 18FF01EA#00007D007D007DFF
(0946688597.611590) can0 18FF1080#00000000
(0946688597.612717) can0 18FF00F7#E0F9000005007D3F
(0946688597.615352) can0 18FF02EA#00007D007D007DFF
(0946688597.617675) can0 18FF01F7#00007D007D007DFF
(0946688597.622623) can0 18FF02F7#00007D007D007DFF
(0946688597.631617) can0 18FF1080#00000000
(0946688597.651594) can0 18FF1080#00000000
(0946688597.671592) can0 18FF1080#00000000
(0946688597.691595) can0 18FF1080#00000000
(0946688597.705495) can0 18FF00EA#10F9000005007D40
(0946688597.710543) can0 18FF01EA#00007D007D007DFF
(0946688597.711590) can0 18FF1080#00000000
(0946688597.712596) can0 18FF00F7#E0F9000005007D3F
(0946688597.715690) can0 18FF02EA#00007D007D007DFF
(0946688597.717402) can0 18FF01F7#00007D007D007DFF
(0946688597.722755) can0 18FF02F7#00007D007D007DFF
(0946688597.731588) can0 18FF1080#00000000
(0946688597.751616) can0 18FF1080#00000000
(0946688597.771592) can0 18FF1080#00000000
(0946688597.791596) can0 18FF1080#00000000
(0946688597.805593) can0 18FF00EA#10F9000005007D40
(0946688597.810320) can0 18FF01EA#00007D007D007DFF
(0946688597.811600) can0 18FF1080#00000000
(0946688597.812726) can0 18FF00F7#E0F9000005007D3F
(0946688597.815541) can0 18FF02EA#00007D007D007DFF
(0946688597.817414) can0 18FF01F7#00007D007D007DFF
(0946688597.822638) can0 18FF02F7#00007D007D007DFF
(0946688597.831589) can0 18FF1080#00000000
(0946688597.851589) can0 18FF1080#00000000
(0946688597.871589) can0 18FF1080#00000000
(0946688597.891590) can0 18FF1080#00000000
(0946688597.905351) can0 18FF00EA#10F9000005007D40
(0946688597.910599) can0 18FF01EA#00007D007D007DFF
(0946688597.911588) can0 18FF1080#00000000
(0946688597.912582) can0 18FF00F7#E0F9000005007D3F
(0946688597.915338) can0 18FF02EA#00007D007D007DFF
(0946688597.917595) can0 18FF01F7#00007D007D007DFF
(0946688597.922618) can0 18FF02F7#00007D007D007DFF
(0946688597.931595) can0 18FF1080#00000000
(0946688597.951601) can0 18FF1080#00000000
(0946688597.971592) can0 18FF1080#00000000
(0946688597.991590) can0 18FF1080#00000000
(0946688598.005559) can0 18FF00EA#10F9000005007D40
(0946688598.010424) can0 18FF01EA#00007D007D007DFF
(0946688598.011590) can0 18FF1080#00000000
(0946688598.012719) can0 18FF00F7#E0F9000005007D3F
(0946688598.015543) can0 18FF02EA#00007D007D007DFF
(0946688598.017501) can0 18FF01F7#00007D007D007DFF
(0946688598.022505) can0 18FF02F7#00007D007D007DFF
(0946688598.031586) can0 18FF1080#00000000
(0946688598.051600) can0 18FF1080#00000000
(0946688598.071587) can0 18FF1080#00000000
(0946688598.091591) can0 18FF1080#00000000
(0946688598.105659) can0 18FF00EA#10F9000005007D40
(0946688598.110602) can0 18FF01EA#00007D007D007DFF
(0946688598.111588) can0 18FF1080#00000000
(0946688598.112402) can0 18FF00F7#E0F9000005007D3F
(0946688598.115431) can0 18FF02EA#00007D007D007DFF
(0946688598.117699) can0 18FF01F7#00007D007D007DFF
(0946688598.122594) can0 18FF02F7#00007D007D007DFF
(0946688598.131590) can0 18FF1080#00000000
(0946688598.151620) can0 18FF1080#00000000
(0946688598.171587) can0 18FF1080#00000000
(0946688598.191598) can0 18FF1080#00000000
(0946688598.205438) can0 18FF00EA#10F9000005007D40
(0946688598.210471) can0 18FF01EA#00007D007D007DFF
(0946688598.211588) can0 18FF1080#00000000
(0946688598.212494) can0 18FF00F7#E0F9000005007D3F
(0946688598.215671) can0 18FF02EA#00007D007D007DFF
(0946688598.217595) can0 18FF01F7#00007D007D007DFF
(0946688598.222452) can0 18FF02F7#00007D007D007DFF
(0946688598.231607) can0 18FF1080#00000000
(0946688598.251589) can0 18FF1080#00000000
(0946688598.271590) can0 18FF1080#00000000
(0946688598.291592) can0 18FF1080#00000000
(0946688598.305682) can0 18FF00EA#10F9000005007D40
(0946688598.310432) can0 18FF01EA#00007D007D007DFF
(0946688598.311600) can0 18FF1080#00000000
(0946688598.312653) can0 18FF00F7#E0F9000005007D3F
(0946688598.315339) can0 18FF02EA#00007D007D007DFF
(0946688598.317435) can0 18FF01F7#00007D007D007DFF
(0946688598.322886) can0 18FF02F7#00007D007D007DFF
(0946688598.331585) can0 18FF1080#00000000
(0946688598.351587) can0 18FF1080#00000000
(0946688598.371586) can0 18FF1080#00000000
(0946688598.391586) can0 18FF1080#00000000
(0946688598.405472) can0 18FF00EA#10F9000005007D40
(0946688598.410467) can0 18FF01EA#00007D007D007DFF
(0946688598.411582) can0 18FF1080#00000000
(0946688598.412586) can0 18FF00F7#E0F9000005007D3F
(0946688598.415666) can0 18FF02EA#00007D007D007DFF
(0946688598.417569) can0 18FF01F7#00007D007D007DFF
(0946688598.422795) can0 18FF02F7#00007D007D007DFF
(0946688598.431592) can0 18FF1080#00000000
(0946688598.451598) can0 18FF1080#00000000
(0946688598.471596) can0 18FF1080#00000000
(0946688598.491588) can0 18FF1080#00000000
(0946688598.505658) can0 18FF00EA#10F9000005007D40
(0946688598.510304) can0 18FF01EA#00007D007D007DFF
(0946688598.511614) can0 18FF1080#00000000
(0946688598.512781) can0 18FF00F7#E0F9000005007D3F
(0946688598.515540) can0 18FF02EA#00007D007D007DFF
(0946688598.517560) can0 18FF01F7#00007D007D007DFF
(0946688598.522584) can0 18FF02F7#00007D007D007DFF
(0946688598.531592) can0 18FF1080#00000000
(0946688598.551593) can0 18FF1080#00000000
(0946688598.571594) can0 18FF1080#00000000
(0946688598.591607) can0 18FF1080#00000000
(0946688598.605316) can0 18FF00EA#10F9000005007D40
(0946688598.610620) can0 18FF01EA#00007D007D007DFF
(0946688598.611604) can0 18FF1080#00000000
(0946688598.612688) can0 18FF00F7#E0F9000005007D3F
(0946688598.615670) can0 18FF02EA#00007D007D007DFF
(0946688598.617487) can0 18FF01F7#00007D007D007DFF
(0946688598.622503) can0 18FF02F7#00007D007D007DFF
(0946688598.631584) can0 18FF1080#00000000
(0946688598.651589) can0 18FF1080#00000000
(0946688598.671592) can0 18FF1080#00000000
(0946688598.691588) can0 18FF1080#00000000
(0946688598.705511) can0 18FF00EA#10F9000005007D40
(0946688598.710600) can0 18FF01EA#00007D007D007DFF
(0946688598.711597) can0 18FF1080#00000000
(0946688598.712542) can0 18FF00F7#E0F9000005007D3F
(0946688598.715665) can0 18FF02EA#00007D007D007DFF
(0946688598.717574) can0 18FF01F7#00007D007D007DFF
(0946688598.722832) can0 18FF02F7#00007D007D007DFF
(0946688598.731591) can0 18FF1080#00000000
(0946688598.751593) can0 18FF1080#00000000
(0946688598.771590) can0 18FF1080#00000000
(0946688598.791603) can0 18FF1080#00000000
(0946688598.805464) can0 18FF00EA#10F9000005007D40
(0946688598.810525) can0 18FF01EA#00007D007D007DFF
(0946688598.811587) can0 18FF1080#00000000
(0946688598.812370) can0 18FF00F7#E0F9000005007D3F
(0946688598.815330) can0 18FF02EA#00007D007D007DFF
(0946688598.817665) can0 18FF01F7#00007D007D007DFF
(0946688598.822856) can0 18FF02F7#00007D007D007DFF
(0946688598.831583) can0 18FF1080#00000000
(0946688598.851588) can0 18FF1080#00000000
(0946688598.871584) can0 18FF1080#00000000
(0946688598.891599) can0 18FF1080#00000000
(0946688598.905608) can0 18FF00EA#10F9000005007D40
(0946688598.910521) can0 18FF01EA#00007D007D007DFF
(0946688598.911599) can0 18FF1080#00000000
(0946688598.912601) can0 18FF00F7#E0F9000005007D3F
(0946688598.915461) can0 18FF02EA#00007D007D007DFF
(0946688598.917361) can0 18FF01F7#00007D007D007DFF
(0946688598.922526) can0 18FF02F7#00007D007D007DFF
(0946688598.931588) can0 18FF1080#00000000
(0946688598.951582) can0 18FF1080#00000000
(0946688598.971582) can0 18FF1080#00000000
(0946688598.991596) can0 18FF1080#00000000
(0946688599.005503) can0 18FF00EA#10F9000005007D40
(0946688599.010296) can0 18FF01EA#00007D007D007DFF
(0946688599.011579) can0 18FF1080#00000000
(0946688599.012377) can0 18FF00F7#E0F9000005007D3F
(0946688599.015466) can0 18FF02EA#00007D007D007DFF
(0946688599.017650) can0 18FF01F7#00007D007D007DFF
(0946688599.022412) can0 18FF02F7#00007D007D007DFF
(0946688599.031579) can0 18FF1080#00000000
(0946688599.051580) can0 18FF1080#00000000
(0946688599.071587) can0 18FF1080#00000000
(0946688599.091587) can0 18FF1080#00000000
(0946688599.105337) can0 18FF00EA#10F9000005007D40
(0946688599.110586) can0 18FF01EA#00007D007D007DFF
(0946688599.111612) can0 18FF1080#00000000
(0946688599.112559) can0 18FF00F7#E0F9000005007D3F
(0946688599.115653) can0 18FF02EA#00007D007D007DFF
(0946688599.117512) can0 18FF01F7#00007D007D007DFF
(0946688599.122439) can0 18FF02F7#00007D007D007DFF
(0946688599.131593) can0 18FF1080#00000000
(0946688599.151588) can0 18FF1080#00000000
(0946688599.171583) can0 18FF1080#00000000
(0946688599.191591) can0 18FF1080#00000000
(0946688599.205548) can0 18FF00EA#10F9000005007D40
(0946688599.210283) can0 18FF01EA#00007D007D007DFF
(0946688599.211582) can0 18FF1080#00000000
(0946688599.212385) can0 18FF00F7#E0F9000005007D3F
(0946688599.215465) can0 18FF02EA#00007D007D007DFF
(0946688599.217660) can0 18FF01F7#00007D007D007DFF
(0946688599.222408) can0 18FF02F7#00007D007D007DFF
(0946688599.231589) can0 18FF1080#00000000
(0946688599.251571) can0 18FF1080#00000000
(0946688599.271576) can0 18FF1080#00000000
(0946688599.291584) can0 18FF1080#00000000
(0946688599.305400) can0 18FF00EA#10F9000005007D40
(0946688599.310505) can0 18FF01EA#00007D007D007DFF
(0946688599.311578) can0 18FF1080#00000000
(0946688599.312657) can0 18FF00F7#E0F9000005007D3F
(0946688599.315471) can0 18FF02EA#00007D007D007DFF
(0946688599.317608) can0 18FF01F7#00007D007D007DFF
(0946688599.322425) can0 18FF02F7#00007D007D007DFF
(0946688599.331588) can0 18FF1080#00000000
(0946688599.351580) can0 18FF1080#00000000
(0946688599.371585) can0 18FF1080#00000000
(0946688599.391578) can0 18FF1080#00000000
(0946688599.405528) can0 18FF00EA#10F9000005007D40
(0946688599.410389) can0 18FF01EA#00007D007D007DFF
(0946688599.411581) can0 18FF1080#00000000
(0946688599.412564) can0 18FF00F7#E0F9000005007D3F
(0946688599.415301) can0 18FF02EA#00007D007D007DFF
(0946688599.417457) can0 18FF01F7#00007D007D007DFF
(0946688599.422609) can0 18FF02F7#00007D007D007DFF
(0946688599.431583) can0 18FF1080#00000000
(0946688599.451589) can0 18FF1080#00000000
(0946688599.471584) can0 18FF1080#00000000
(0946688599.491615) can0 18FF1080#00000000
(0946688599.505655) can0 18FF00EA#10F9000005007D40
(0946688599.510277) can0 18FF01EA#00007D007D007DFF
(0946688599.511600) can0 18FF1080#00000000
(0946688599.512530) can0 18FF00F7#E0F9000005007D3F
(0946688599.515393) can0 18FF02EA#00007D007D007DFF
(0946688599.517633) can0 18FF01F7#00007D007D007DFF
(0946688599.522848) can0 18FF02F7#00007D007D007DFF
(0946688599.531576) can0 18FF1080#00000000
(0946688599.551576) can0 18FF1080#00000000
(0946688599.571579) can0 18FF1080#00000000
(0946688599.591578) can0 18FF1080#00000000
(0946688599.605435) can0 18FF00EA#10F9000005007D40
(0946688599.610583) can0 18FF01EA#00007D007D007DFF
(0946688599.611574) can0 18FF1080#00000000
(0946688599.612650) can0 18FF00F7#E0F9000005007D3F
(0946688599.615541) can0 18FF02EA#00007D007D007DFF
(0946688599.617570) can0 18FF01F7#00007D007D007DFF
(0946688599.622456) can0 18FF02F7#00007D007D007DFF
(0946688599.631574) can0 18FF1080#00000000
(0946688599.651579) can0 18FF1080#00000000
(0946688599.671574) can0 18FF1080#00000000
(0946688599.691627) can0 18FF1080#00000000
(0946688599.705535) can0 18FF00EA#10F9000005007D40
(0946688599.710265) can0 18FF01EA#00007D007D007DFF
(0946688599.711576) can0 18FF1080#00000000
(0946688599.712648) can0 18FF00F7#E0F9000005007D3F
(0946688599.715445) can0 18FF02EA#00007D007D007DFF
(0946688599.717334) can0 18FF01F7#00007D007D007DFF
(0946688599.722756) can0 18FF02F7#00007D007D007DFF
(0946688599.731576) can0 18FF1080#00000000
(0946688599.751586) can0 18FF1080#00000000
(0946688599.771577) can0 18FF1080#00000000
(0946688599.791586) can0 18FF1080#00000000
(0946688599.805278) can0 18FF00EA#10F9000005007D40
(0946688599.810564) can0 18FF01EA#00007D007D007DFF
(0946688599.811573) can0 18FF1080#00000000
(0946688599.812380) can0 18FF00F7#E0F9000005007D3F
(0946688599.815627) can0 18FF02EA#00007D007D007DFF
(0946688599.817612) can0 18FF01F7#00007D007D007DFF
(0946688599.822382) can0 18FF02F7#00007D007D007DFF
(0946688599.831604) can0 18FF1080#00000000
(0946688599.851572) can0 18FF1080#00000000
(0946688599.871573) can0 18FF1080#00000000
(0946688599.891578) can0 18FF1080#00000000
(0946688599.905573) can0 18FF00EA#10F9000005007D40
(0946688599.910533) can0 18FF01EA#00007D007D007DFF
(0946688599.911571) can0 18FF1080#00000000
(0946688599.912640) can0 18FF00F7#E0F9000005007D3F
(0946688599.915385) can0 18FF02EA#00007D007D007DFF
(0946688599.917481) can0 18FF01F7#00007D007D007DFF
(0946688599.922392) can0 18FF02F7#00007D007D007DFF
(0946688599.931567) can0 18FF1080#00000000
(0946688599.951575) can0 18FF1080#00000000
(0946688599.971572) can0 18FF1080#00000000
(0946688599.991576) can0 18FF1080#00000000
(0946688600.005571) can0 18FF00EA#10F9000005007D40
(0946688600.010560) can0 18FF01EA#00007D007D007DFF
(0946688600.011574) can0 18FF1080#00000000
(0946688600.012349) can0 18FF00F7#E0F9000005007D3F
(0946688600.015628) can0 18FF02EA#00007D007D007DFF
(0946688600.017610) can0 18FF01F7#00007D007D007DFF
(0946688600.022372) can0 18FF02F7#00007D007D007DFF
(0946688600.031570) can0 18FF1080#00000000
(0946688600.051574) can0 18FF1080#00000000
(0946688600.071574) can0 18FF1080#00000000
(0946688600.091573) can0 18FF1080#00000000
(0946688600.105472) can0 18FF00EA#10F9000005007D40
(0946688600.110554) can0 18FF01EA#00007D007D007DFF
(0946688600.111595) can0 18FF1080#00000000
(0946688600.112445) can0 18FF00F7#E0F9000005007D3F
(0946688600.115622) can0 18FF02EA#00007D007D007DFF
(0946688600.117433) can0 18FF01F7#00007D007D007DFF
(0946688600.122563) can0 18FF02F7#00007D007D007DFF
(0946688600.131569) can0 18FF1080#00000000
(0946688600.151570) can0 18FF1080#00000000
(0946688600.171571) can0 18FF1080#00000000
(0946688600.191572) can0 18FF1080#00000000
(0946688600.205422) can0 18FF00EA#10F9000005007D40
(0946688600.210250) can0 18FF01EA#00007D007D007DFF
(0946688600.211569) can0 18FF1080#00000000
(0946688600.212435) can0 18FF00F7#E0F9000005007D3F
(0946688600.215472) can0 18FF02EA#00007D007D007DFF
(0946688600.217548) can0 18FF01F7#00007D007D007DFF
(0946688600.222405) can0 18FF02F7#00007D007D007DFF
(0946688600.231572) can0 18FF1080#00000000
(0946688600.251577) can0 18FF1080#00000000
(0946688600.271568) can0 18FF1080#00000000
(0946688600.291574) can0 18FF1080#00000000
(0946688600.305268) can0 18FF00EA#10F9000005007D40
(0946688600.310557) can0 18FF01EA#00007D007D007DFF
(0946688600.311571) can0 18FF1080#00000000
(0946688600.312615) can0 18FF00F7#E0F9000005007D3F
(0946688600.315277) can0 18FF02EA#00007D007D007DFF
(0946688600.317590) can0 18FF01F7#00007D007D007DFF
(0946688600.322488) can0 18FF02F7#00007D007D007DFF
(0946688600.331576) can0 18FF1080#00000000
(0946688600.351567) can0 18FF1080#00000000
(0946688600.371567) can0 18FF1080#00000000
(0946688600.391567) can0 18FF1080#00000000
(0946688600.405361) can0 18FF00EA#10F9000005007D40
(0946688600.410525) can0 18FF01EA#00007D007D007DFF
(0946688600.411568) can0 18FF1080#00000000
(0946688600.412619) can0 18FF00F7#E0F9000005007D3F
(0946688600.415514) can0 18FF02EA#00007D007D007DFF
(0946688600.417307) can0 18FF01F7#00007D007D007DFF
(0946688600.422518) can0 18FF02F7#00007D007D007DFF
(0946688600.431623) can0 18FF1080#00000000
(0946688600.451569) can0 18FF1080#00000000
(0946688600.471575) can0 18FF1080#00000000
(0946688600.491569) can0 18FF1080#00000000
(0946688600.505585) can0 18FF00EA#10F9000005007D40
(0946688600.510238) can0 18FF01EA#00007D007D007DFF
(0946688600.511561) can0 18FF1080#00000000
(0946688600.512337) can0 18FF00F7#E0F9000005007D3F
(0946688600.515453) can0 18FF02EA#00007D007D007DFF
(0946688600.517548) can0 18FF01F7#00007D007D007DFF
(0946688600.522744) can0 18FF02F7#00007D007D007DFF
(0946688600.531576) can0 18FF1080#00000000
(0946688600.551566) can0 18FF1080#00000000
(0946688600.571566) can0 18FF1080#00000000
(0946688600.591565) can0 18FF1080#00000000
(0946688600.605564) can0 18FF00EA#10F9000005007D40
(0946688600.610234) can0 18FF01EA#00007D007D007DFF
(0946688600.611558) can0 18FF1080#00000000
(0946688600.612609) can0 18FF00F7#E0F9000005007D3F
(0946688600.615454) can0 18FF02EA#00007D007D007DFF
(0946688600.617305) can0 18FF01F7#00007D007D007DFF
(0946688600.622549) can0 18FF02F7#00007D007D007DFF
(0946688600.631565) can0 18FF1080#00000000
(0946688600.651564) can0 18FF1080#00000000
(0946688600.671576) can0 18FF1080#00000000
(0946688600.691563) can0 18FF1080#00000000
(0946688600.705448) can0 18FF00EA#10F9000005007D40
(0946688600.710353) can0 18FF01EA#00007D007D007DFF
(0946688600.711569) can0 18FF1080#00000000
(0946688600.712464) can0 18FF00F7#E0F9000005007D3F
(0946688600.715259) can0 18FF02EA#00007D007D007DFF
(0946688600.717481) can0 18FF01F7#00007D007D007DFF
(0946688600.722356) can0 18FF02F7#00007D007D007DFF
(0946688600.731558) can0 18FF1080#00000000
(0946688600.751564) can0 18FF1080#00000000
(0946688600.771581) can0 18FF1080#00000000
(0946688600.791567) can0 18FF1080#00000000
(0946688600.805248) can0 18FF00EA#10F9000005007D40
(0946688600.810232) can0 18FF01EA#00007D007D007DFF
(0946688600.811575) can0 18FF1080#00000000
(0946688600.812300) can0 18FF00F7#E0F9000005007D3F
(0946688600.815348) can0 18FF02EA#00007D007D007DFF
(0946688600.817538) can0 18FF01F7#00007D007D007DFF
(0946688600.822771) can0 18FF02F7#00007D007D007DFF
(0946688600.831559) can0 18FF1080#00000000
(0946688600.851561) can0 18FF1080#00000000
(0946688600.871565) can0 18FF1080#00000000
(0946688600.891569) can0 18FF1080#00000000
(0946688600.905348) can0 18FF00EA#10F9000005007D40
(0946688600.910524) can0 18FF01EA#00007D007D007DFF
(0946688600.911561) can0 18FF1080#00000000
(0946688600.912462) can0 18FF00F7#E0F9000005007D3F
(0946688600.915615) can0 18FF02EA#00007D007D007DFF
(0946688600.917487) can0 18FF01F7#00007D007D007DFF
(0946688600.922786) can0 18FF02F7#00007D007D007DFF
(0946688600.931570) can0 18FF1080#00000000
(0946688600.951563) can0 18FF1080#00000000
(0946688600.971563) can0 18FF1080#00000000
(0946688600.991573) can0 18FF1080#00000000
(0946688601.005548) can0 18FF00EA#10F9000005007D40
(0946688601.010252) can0 18FF01EA#00007D007D007DFF
(0946688601.011565) can0 18FF1080#00000000
(0946688601.012295) can0 18FF00F7#E0F9000005007D3F
(0946688601.015344) can0 18FF02EA#00007D007D007DFF
(0946688601.017531) can0 18FF01F7#00007D007D007DFF
(0946688601.022338) can0 18FF02F7#00007D007D007DFF
(0946688601.031586) can0 18FF1080#00000000
(0946688601.051561) can0 18FF1080#00000000
(0946688601.071563) can0 18FF1080#00000000
(0946688601.091562) can0 18FF1080#00000000
(0946688601.105532) can0 18FF00EA#10F9000005007D40
(0946688601.110365) can0 18FF01EA#00007D007D007DFF
(0946688601.111557) can0 18FF1080#00000000
(0946688601.112399) can0 18FF00F7#E0F9000005007D3F
(0946688601.115340) can0 18FF02EA#00007D007D007DFF
(0946688601.117525) can0 18FF01F7#00007D007D007DFF
(0946688601.122782) can0 18FF02F7#00007D007D007DFF
(0946688601.131553) can0 18FF1080#00000000
(0946688601.151568) can0 18FF1080#00000000
(0946688601.171561) can0 18FF1080#00000000
(0946688601.191559) can0 18FF1080#00000000
(0946688601.205485) can0 18FF00EA#10F9000005007D40
(0946688601.210209) can0 18FF01EA#00007D007D007DFF
(0946688601.211551) can0 18FF1080#00000000
(0946688601.212404) can0 18FF00F7#E0F9000005007D3F
(0946688601.215338) can0 18FF02EA#00007D007D007DFF
(0946688601.217471) can0 18FF01F7#00007D007D007DFF
(0946688601.222785) can0 18FF02F7#00007D007D007DFF
(0946688601.231559) can0 18FF1080#00000000
(0946688601.251558) can0 18FF1080#00000000
(0946688601.271564) can0 18FF1080#00000000
(0946688601.291556) can0 18FF1080#00000000
(0946688601.305325) can0 18FF00EA#10F9000005007D40
(0946688601.310236) can0 18FF01EA#00007D007D007DFF
(0946688601.311554) can0 18FF1080#00000000
(0946688601.312442) can0 18FF00F7#E0F9000005007D3F
(0946688601.315562) can0 18FF02EA#00007D007D007DFF
(0946688601.317382) can0 18FF01F7#00007D007D007DFF
(0946688601.322666) can0 18FF02F7#00007D007D007DFF
(0946688601.331552) can0 18FF1080#00000000
(0946688601.351557) can0 18FF1080#00000000
(0946688601.371558) can0 18FF1080#00000000
(0946688601.391576) can0 18FF1080#00000000
(0946688601.405330) can0 18FF00EA#10F9000005007D40
(0946688601.410214) can0 18FF01EA#00007D007D007DFF
(0946688601.411551) can0 18FF1080#00000000
(0946688601.412301) can0 18FF00F7#E0F9000005007D3F
(0946688601.415331) can0 18FF02EA#00007D007D007DFF
(0946688601.417518) can0 18FF01F7#00007D007D007DFF
(0946688601.422770) can0 18FF02F7#00007D007D007DFF
(0946688601.431558) can0 18FF1080#00000000
(0946688601.451568) can0 18FF1080#00000000
(0946688601.471561) can0 18FF1080#00000000
(0946688601.491570) can0 18FF1080#00000000
(0946688601.505611) can0 18FF00EA#10F9000005007D40
(0946688601.510324) can0 18FF01EA#00007D007D007DFF
(0946688601.511571) can0 18FF1080#00000000
(0946688601.512588) can0 18FF00F7#E0F9000005007D3F
(0946688601.515390) can0 18FF02EA#00007D007D007DFF
(0946688601.517270) can0 18FF01F7#00007D007D007DFF
(0946688601.522522) can0 18FF02F7#00007D007D007DFF
(0946688601.531555) can0 18FF1080#00000000
(0946688601.551557) can0 18FF1080#00000000
(0946688601.571562) can0 18FF1080#00000000
(0946688601.591561) can0 18FF1080#00000000
(0946688601.605383) can0 18FF00EA#10F9000005007D40
(0946688601.610373) can0 18FF01EA#00007D007D007DFF
(0946688601.610797) can0 18FF1080#00000000
(0946688601.612447) can0 18FF00F7#E0F9000005007D3F
(0946688601.615377) can0 18FF02EA#00007D007D007DFF
(0946688601.617459) can0 18FF01F7#00007D007D007DFF
(0946688601.622757) can0 18FF02F7#00007D007D007DFF
(0946688601.630556) can0 18FF1080#00000000
(0946688601.650554) can0 18FF1080#00000000
(0946688601.670556) can0 18FF1080#00000000
(0946688601.691552) can0 18FF1080#00000000
(0946688601.705215) can0 18FF00EA#10F9000005007D40
(0946688601.710439) can0 18FF01EA#00007D007D007DFF
(0946688601.710894) can0 18FF1080#00000000
(0946688601.712262) can0 18FF00F7#E0F9000005007D3F
(0946688601.715321) can0 18FF02EA#00007D007D007DFF
(0946688601.717504) can0 18FF01F7#00007D007D007DFF
(0946688601.722712) can0 18FF02F7#00007D007D007DFF
(0946688601.730552) can0 18FF1080#00000000
(0946688601.750555) can0 18FF1080#00000000
(0946688601.770552) can0 18FF1080#00000000
(0946688601.790553) can0 18FF1080#00000000
(0946688601.805539) can0 18FF00EA#10F9000005007D40
(0946688601.810304) can0 18FF01EA#00007D007D007DFF
(0946688601.810739) can0 18FF1080#00000000
(0946688601.812557) can0 18FF00F7#E0F9000005007D3F
(0946688601.815513) can0 18FF02EA#00007D007D007DFF
(0946688601.817259) can0 18FF01F7#00007D007D007DFF
(0946688601.822593) can0 18FF02F7#00007D007D007DFF
(0946688601.830569) can0 18FF1080#00000000
(0946688601.850564) can0 18FF1080#00000000
(0946688601.871573) can0 18FF1080#00000000
(0946688601.890563) can0 18FF1080#00000000
(0946688601.905325) can0 18FF00EA#10F9000005007D40
(0946688601.910415) can0 18FF01EA#00007D007D007DFF
(0946688601.910833) can0 18FF1080#00000000
(0946688601.912415) can0 18FF00F7#E0F9000005007D3F
(0946688601.915616) can0 18FF02EA#00007D007D007DFF
(0946688601.917379) can0 18FF01F7#00007D007D007DFF
(0946688601.922376) can0 18FF02F7#00007D007D007DFF
(0946688601.930563) can0 18FF1080#00000000
(0946688601.950552) can0 18FF1080#00000000
(0946688601.970574) can0 18FF1080#00000000
(0946688601.990553) can0 18FF1080#00000000
(0946688602.005210) can0 18FF00EA#10F9000005007D40
(0946688602.010442) can0 18FF01EA#00007D007D007DFF
(0946688602.010864) can0 18FF1080#00000000
(0946688602.012367) can0 18FF00F7#E0F9000005007D3F
(0946688602.015357) can0 18FF02EA#00007D007D007DFF
(0946688602.017485) can0 18FF01F7#00007D007D007DFF
(0946688602.022312) can0 18FF02F7#00007D007D007DFF
(0946688602.030550) can0 18FF1080#00000000
(0946688602.050557) can0 18FF1080#00000000
(0946688602.070560) can0 18FF1080#00000000
(0946688602.090563) can0 18FF1080#00000000
(0946688602.105493) can0 18FF00EA#10F9000005007D40
(0946688602.110192) can0 18FF01EA#00007D007D007DFF
(0946688602.110641) can0 18FF1080#00000000
(0946688602.112547) can0 18FF00F7#E0F9000005007D3F
(0946688602.115410) can0 18FF02EA#00007D007D007DFF
(0946688602.117252) can0 18FF01F7#00007D007D007DFF
(0946688602.122461) can0 18FF02F7#00007D007D007DFF
(0946688602.130550) can0 18FF1080#00000000
(0946688602.150558) can0 18FF1080#00000000
(0946688602.170557) can0 18FF1080#00000000
(0946688602.190555) can0 18FF1080#00000000
(0946688602.205528) can0 18FF00EA#10F9000005007D40
(0946688602.210194) can0 18FF01EA#00007D007D007DFF
(0946688602.210631) can0 18FF1080#00000000
(0946688602.212355) can0 18FF00F7#E0F9000005007D3F
(0946688602.215535) can0 18FF02EA#00007D007D007DFF
(0946688602.217434) can0 18FF01F7#00007D007D007DFF
(0946688602.222685) can0 18FF02F7#00007D007D007DFF
(0946688602.230545) can0 18FF1080#00000000
(0946688602.251548) can0 18FF1080#00000000
(0946688602.270552) can0 18FF1080#00000000
(0946688602.290558) can0 18FF1080#00000000
(0946688602.305195) can0 18FF00EA#10F9000005007D40
(0946688602.310424) can0 18FF01EA#00007D007D007DFF
(0946688602.310850) can0 18FF1080#00000000
(0946688602.312253) can0 18FF00F7#E0F9000005007D3F
(0946688602.315601) can0 18FF02EA#00007D007D007DFF
(0946688602.317484) can0 18FF01F7#00007D007D007DFF
(0946688602.322298) can0 18FF02F7#00007D007D007DFF
(0946688602.330559) can0 18FF1080#00000000
(0946688602.350576) can0 18FF1080#00000000
(0946688602.370559) can0 18FF1080#00000000
(0946688602.390556) can0 18FF1080#00000000
(0946688602.405355) can0 18FF00EA#10F9000005007D40
(0946688602.410332) can0 18FF01EA#00007D007D007DFF
(0946688602.410780) can0 18FF1080#00000000
(0946688602.412246) can0 18FF00F7#E0F9000005007D3F
(0946688602.415545) can0 18FF02EA#00007D007D007DFF
(0946688602.417488) can0 18FF01F7#00007D007D007DFF
(0946688602.422292) can0 18FF02F7#00007D007D007DFF
(0946688602.430547) can0 18FF1080#00000000
(0946688602.450547) can0 18FF1080#00000000
(0946688602.470542) can0 18FF1080#00000000
(0946688602.490545) can0 18FF1080#00000000
(0946688602.505532) can0 18FF00EA#10F9000005007D40
(0946688602.510413) can0 18FF01EA#00007D007D007DFF
(0946688602.510856) can0 18FF1080#00000000
(0946688602.512519) can0 18FF00F7#E0F9000005007D3F
(0946688602.515596) can0 18FF02EA#00007D007D007DFF
(0946688602.517421) can0 18FF01F7#00007D007D007DFF
(0946688602.522683) can0 18FF02F7#00007D007D007DFF
(0946688602.530544) can0 18FF1080#00000000
(0946688602.550570) can0 18FF1080#00000000
(0946688602.570557) can0 18FF1080#00000000
(0946688602.590565) can0 18FF1080#00000000
(0946688602.605299) can0 18FF00EA#10F9000005007D40
(0946688602.610366) can0 18FF01EA#00007D007D007DFF
(0946688602.610813) can0 18FF1080#00000000
(0946688602.612245) can0 18FF00F7#E0F9000005007D3F
(0946688602.615497) can0 18FF02EA#00007D007D007DFF
(0946688602.617486) can0 18FF01F7#00007D007D007DFF
(0946688602.622300) can0 18FF02F7#00007D007D007DFF
(0946688602.630540) can0 18FF1080#00000000
(0946688602.650550) can0 18FF1080#00000000
(0946688602.670563) can0 18FF1080#00000000
(0946688602.690545) can0 18FF1080#00000000
(0946688602.705386) can0 18FF00EA#10F9000005007D40
(0946688602.710179) can0 18FF01EA#00007D007D007DFF
(0946688602.710601) can0 18FF1080#00000000
(0946688602.712545) can0 18FF00F7#E0F9000005007D3F
(0946688602.715289) can0 18FF02EA#00007D007D007DFF
(0946688602.717420) can0 18FF01F7#00007D007D007DFF
(0946688602.722281) can0 18FF02F7#00007D007D007DFF
(0946688602.730542) can0 18FF1080#00000000
(0946688602.750540) can0 18FF1080#00000000
(0946688602.770540) can0 18FF1080#00000000
(0946688602.790545) can0 18FF1080#00000000
(0946688602.805179) can0 18FF00EA#10F9000005007D40
(0946688602.810419) can0 18FF01EA#00007D007D007DFF
(0946688602.810848) can0 18FF1080#00000000
(0946688602.812239) can0 18FF00F7#E0F9000005007D3F
(0946688602.815589) can0 18FF02EA#00007D007D007DFF
(0946688602.817481) can0 18FF01F7#00007D007D007DFF
(0946688602.822686) can0 18FF02F7#00007D007D007DFF
(0946688602.830539) can0 18FF1080#00000000
(0946688602.850546) can0 18FF1080#00000000
(0946688602.870551) can0 18FF1080#00000000
(0946688602.890548) can0 18FF1080#00000000
(0946688602.905289) can0 18FF00EA#10F9000005007D40
(0946688602.910365) can0 18FF01EA#00007D007D007DFF
(0946688602.910791) can0 18FF1080#00000000
(0946688602.912381) can0 18FF00F7#E0F9000005007D3F
(0946688602.915285) can0 18FF02EA#00007D007D007DFF
(0946688602.917334) can0 18FF01F7#00007D007D007DFF
(0946688602.922619) can0 18FF02F7#00007D007D007DFF
(0946688602.930548) can0 18FF1080#00000000
(0946688602.950553) can0 18FF1080#00000000
(0946688602.970551) can0 18FF1080#00000000
(0946688602.990561) can0 18FF1080#00000000
(0946688603.005277) can0 18FF00EA#10F9000005007D40
(0946688603.010356) can0 18FF01EA#00007D007D007DFF
(0946688603.010789) can0 18FF1080#00000000
(0946688603.012382) can0 18FF00F7#E0F9000005007D3F
(0946688603.015189) can0 18FF02EA#00007D007D007DFF
(0946688603.017326) can0 18FF01F7#00007D007D007DFF
(0946688603.022482) can0 18FF02F7#00007D007D007DFF
(0946688603.030541) can0 18FF1080#00000000
(0946688603.050546) can0 18FF1080#00000000
(0946688603.070547) can0 18FF1080#00000000
(0946688603.090547) can0 18FF1080#00000000
(0946688603.105275) can0 18FF00EA#10F9000005007D40
(0946688603.110358) can0 18FF01EA#00007D007D007DFF
(0946688603.111543) can0 18FF1080#00000000
(0946688603.112392) can0 18FF00F7#E0F9000005007D3F
(0946688603.115483) can0 18FF02EA#00007D007D007DFF
(0946688603.117372) can0 18FF01F7#00007D007D007DFF
(0946688603.122617) can0 18FF02F7#00007D007D007DFF
(0946688603.130537) can0 18FF1080#00000000
(0946688603.150547) can0 18FF1080#00000000
(0946688603.170560) can0 18FF1080#00000000
(0946688603.190545) can0 18FF1080#00000000
(0946688603.205267) can0 18FF00EA#10F9000005007D40
(0946688603.210315) can0 18FF01EA#00007D007D007DFF
(0946688603.210784) can0 18FF1080#00000000
(0946688603.212450) can0 18FF00F7#E0F9000005007D3F
(0946688603.215578) can0 18FF02EA#00007D007D007DFF
(0946688603.217317) can0 18FF01F7#00007D007D007DFF
(0946688603.222502) can0 18FF02F7#00007D007D007DFF
(0946688603.230541) can0 18FF1080#00000000
(0946688603.250544) can0 18FF1080#00000000
(0946688603.270547) can0 18FF1080#00000000
(0946688603.290542) can0 18FF1080#00000000
(0946688603.305449) can0 18FF00EA#10F9000005007D40
(0946688603.310168) can0 18FF01EA#00007D007D007DFF
(0946688603.310586) can0 18FF1080#00000000
(0946688603.312460) can0 18FF00F7#E0F9000005007D3F
(0946688603.315519) can0 18FF02EA#00007D007D007DFF
(0946688603.317328) can0 18FF01F7#00007D007D007DFF
(0946688603.322466) can0 18FF02F7#00007D007D007DFF
(0946688603.330553) can0 18FF1080#00000000
(0946688603.350543) can0 18FF1080#00000000
(0946688603.370548) can0 18FF1080#00000000
(0946688603.390547) can0 18FF1080#00000000
(0946688603.405271) can0 18FF00EA#10F9000005007D40
(0946688603.410355) can0 18FF01EA#00007D007D007DFF
(0946688603.410784) can0 18FF1080#00000000
(0946688603.412369) can0 18FF00F7#E0F9000005007D3F
(0946688603.415476) can0 18FF02EA#00007D007D007DFF
(0946688603.417216) can0 18FF01F7#00007D007D007DFF
(0946688603.422514) can0 18FF02F7#00007D007D007DFF
(0946688603.430560) can0 18FF1080#00000000
(0946688603.450543) can0 18FF1080#00000000
(0946688603.470544) can0 18FF1080#00000000
(0946688603.490549) can0 18FF1080#00000000
(0946688603.505626) can0 18FF00EA#10F9000005007D40
(0946688603.510259) can0 18FF01EA#00007D007D007DFF
(0946688603.510682) can0 18FF1080#00000000
(0946688603.512486) can0 18FF00F7#E0F9000005007D3F
(0946688603.515176) can0 18FF02EA#00007D007D007DFF
(0946688603.517314) can0 18FF01F7#00007D007D007DFF
(0946688603.522579) can0 18FF02F7#00007D007D007DFF
(0946688603.530552) can0 18FF1080#00000000
(0946688603.550543) can0 18FF1080#00000000
(0946688603.570550) can0 18FF1080#00000000
(0946688603.590546) can0 18FF1080#00000000
(0946688603.605152) can0 18FF00EA#10F9000005007D40
(0946688603.610155) can0 18FF01EA#00007D007D007DFF
(0946688603.610578) can0 18FF1080#00000000
(0946688603.612517) can0 18FF00F7#E0F9000005007D3F
(0946688603.615374) can0 18FF02EA#00007D007D007DFF
(0946688603.617255) can0 18FF01F7#00007D007D007DFF
(0946688603.622385) can0 18FF02F7#00007D007D007DFF
(0946688603.630544) can0 18FF1080#00000000
(0946688603.650551) can0 18FF1080#00000000
(0946688603.670541) can0 18FF1080#00000000
(0946688603.690554) can0 18FF1080#00000000
(0946688603.705538) can0 18FF00EA#10F9000005007D40
(0946688603.710386) can0 18FF01EA#00007D007D007DFF
(0946688603.710811) can0 18FF1080#00000000
(0946688603.712558) can0 18FF00F7#E0F9000005007D3F
(0946688603.715260) can0 18FF02EA#00007D007D007DFF
(0946688603.717344) can0 18FF01F7#00007D007D007DFF
(0946688603.722341) can0 18FF02F7#00007D007D007DFF
(0946688603.730545) can0 18FF1080#00000000
(0946688603.750549) can0 18FF1080#00000000
(0946688603.770548) can0 18FF1080#00000000
(0946688603.790555) can0 18FF1080#00000000
(0946688603.805545) can0 18FF00EA#10F9000005007D40
(0946688603.810145) can0 18FF01EA#00007D007D007DFF
(0946688603.810597) can0 18FF1080#00000000
(0946688603.812555) can0 18FF00F7#E0F9000005007D3F
(0946688603.815415) can0 18FF02EA#00007D007D007DFF
(0946688603.817198) can0 18FF01F7#00007D007D007DFF
(0946688603.822500) can0 18FF02F7#00007D007D007DFF
(0946688603.830544) can0 18FF1080#00000000
(0946688603.850565) can0 18FF1080#00000000
(0946688603.870540) can0 18FF1080#00000000
(0946688603.890538) can0 18FF1080#00000000
(0946688603.905425) can0 18FF00EA#10F9000005007D40
(0946688603.910246) can0 18FF01EA#00007D007D007DFF
(0946688603.910672) can0 18FF1080#00000000
(0946688603.912186) can0 18FF00F7#E0F9000005007D3F
(0946688603.915554) can0 18FF02EA#00007D007D007DFF
(0946688603.917194) can0 18FF01F7#00007D007D007DFF
(0946688603.922601) can0 18FF02F7#00007D007D007DFF
(0946688603.930533) can0 18FF1080#00000000
(0946688603.950540) can0 18FF1080#00000000
(0946688603.971535) can0 18FF1080#00000000
(0946688603.990536) can0 18FF1080#00000000
(0946688604.005479) can0 18FF00EA#10F9000005007D40
(0946688604.010157) can0 18FF01EA#00007D007D007DFF
(0946688604.010569) can0 18FF1080#00000000
(0946688604.012606) can0 18FF00F7#E0F9000005007D3F
(0946688604.015476) can0 18FF02EA#00007D007D007DFF
(0946688604.017197) can0 18FF01F7#00007D007D007DFF
(0946688604.022467) can0 18FF02F7#00007D007D007DFF
(0946688604.030536) can0 18FF1080#00000000
(0946688604.050541) can0 18FF1080#00000000
(0946688604.070585) can0 18FF1080#00000000
(0946688604.090570) can0 18FF1080#00000000
(0946688604.105355) can0 18FF00EA#10F9000005007D40
(0946688604.110135) can0 18FF01EA#00007D007D007DFF
(0946688604.110572) can0 18FF1080#00000000
(0946688604.112609) can0 18FF00F7#E0F9000005007D3F
(0946688604.115256) can0 18FF02EA#00007D007D007DFF
(0946688604.117334) can0 18FF01F7#00007D007D007DFF
(0946688604.122375) can0 18FF02F7#00007D007D007DFF
(0946688604.130548) can0 18FF1080#00000000
(0946688604.150564) can0 18FF1080#00000000
(0946688604.170565) can0 18FF1080#00000000
(0946688604.190545) can0 18FF1080#00000000
(0946688604.205371) can0 18FF00EA#10F9000005007D41
(0946688604.210313) can0 18FF01EA#00007D007D007DFF
(0946688604.210734) can0 18FF1080#00000000
(0946688604.212373) can0 18FF00F7#E0F9000005007D3F
(0946688604.215331) can0 18FF02EA#00007D007D007DFF
(0946688604.217212) can0 18FF01F7#00007D007D007DFF
(0946688604.222413) can0 18FF02F7#00007D007D007DFF
(0946688604.230584) can0 18FF1080#00000000
(0946688604.250540) can0 18FF1080#00000000
(0946688604.270549) can0 18FF1080#00000000
(0946688604.290541) can0 18FF1080#00000000
(0946688604.305296) can0 18FF00EA#10F9000005007D41
(0946688604.310334) can0 18FF01EA#00007D007D007DFF
(0946688604.310757) can0 18FF1080#00000000
(0946688604.312328) can0 18FF00F7#E0F9000005007D3F
(0946688604.315600) can0 18FF02EA#00007D007D007DFF
(0946688604.317360) can0 18FF01F7#00007D007D007DFF
(0946688604.322654) can0 18FF02F7#00007D007D007DFF
(0946688604.330551) can0 18FF1080#00000000
(0946688604.350545) can0 18FF1080#00000000
(0946688604.370556) can0 18FF1080#00000000
(0946688604.390538) can0 18FF1080#00000000
(0946688604.405143) can0 18FF00EA#10F9000005007D40
(0946688604.410366) can0 18FF01EA#00007D007D007DFF
(0946688604.411534) can0 18FF1080#00000000
(0946688604.412401) can0 18FF00F7#E0F9000005007D3F
(0946688604.415558) can0 18FF02EA#00007D007D007DFF
(0946688604.417255) can0 18FF01F7#00007D007D007DFF
(0946688604.422629) can0 18FF02F7#00007D007D007DFF
(0946688604.430552) can0 18FF1080#00000000
(0946688604.450544) can0 18FF1080#00000000
(0946688604.470571) can0 18FF1080#00000000
(0946688604.490555) can0 18FF1080#00000000
(0946688604.505396) can0 18FF00EA#10F9000005007D41
(0946688604.510353) can0 18FF01EA#00007D007D007DFF
(0946688604.510829) can0 18FF1080#00000000
(0946688604.512617) can0 18FF00F7#E0F9000005007D3F
(0946688604.515558) can0 18FF02EA#00007D007D007DFF
(0946688604.517332) can0 18FF01F7#00007D007D007DFF
(0946688604.522429) can0 18FF02F7#00007D007D007DFF
(0946688604.530546) can0 18FF1080#00000000
(0946688604.550570) can0 18FF1080#00000000
(0946688604.570566) can0 18FF1080#00000000
(0946688604.590576) can0 18FF1080#00000000
(0946688604.605442) can0 18FF00EA#10F9000005007D41
(0946688604.610253) can0 18FF01EA#00007D007D007DFF
(0946688604.610687) can0 18FF1080#00000000
(0946688604.612213) can0 18FF00F7#E0F9000005007D3F
(0946688604.615409) can0 18FF02EA#00007D007D007DFF
(0946688604.617441) can0 18FF01F7#00007D007D007DFF
(0946688604.622255) can0 18FF02F7#00007D007D007DFF
(0946688604.630549) can0 18FF1080#00000000
(0946688604.650540) can0 18FF1080#00000000
(0946688604.670564) can0 18FF1080#00000000
(0946688604.690567) can0 18FF1080#00000000
(0946688604.705533) can0 18FF00EA#10F9000005007D41
(0946688604.710143) can0 18FF01EA#00007D007D007DFF
(0946688604.710617) can0 18FF1080#00000000
(0946688604.712618) can0 18FF00F7#E0F9000005007D3F
(0946688604.715265) can0 18FF02EA#00007D007D007DFF
(0946688604.717330) can0 18FF01F7#00007D007D007DFF
(0946688604.722337) can0 18FF02F7#00007D007D007DFF
(0946688604.730533) can0 18FF1080#00000000
(0946688604.750579) can0 18FF1080#00000000
(0946688604.770554) can0 18FF1080#00000000
(0946688604.790667) can0 18FF1080#00000000
(0946688604.805335) can0 18FF00EA#10F9000005007D41
(0946688604.810328) can0 18FF01EA#00007D007D007DFF
(0946688604.810762) can0 18FF1080#00000000
(0946688604.812462) can0 18FF00F7#E0F9000005007D3F
(0946688604.815484) can0 18FF02EA#00007D007D007DFF
(0946688604.817315) can0 18FF01F7#00007D007D007DFF
(0946688604.822568) can0 18FF02F7#00007D007D007DFF
(0946688604.830617) can0 18FF1080#00000000
(0946688604.850537) can0 18FF1080#00000000
(0946688604.870534) can0 18FF1080#00000000
(0946688604.890558) can0 18FF1080#00000000
(0946688604.905546) can0 18FF00EA#10F9000005007D41
(0946688604.910346) can0 18FF01EA#00007D007D007DFF
(0946688604.910837) can0 18FF1080#00000000
(0946688604.912394) can0 18FF00F7#E0F9000005007D3F
(0946688604.915234) can0 18FF02EA#00007D007D007DFF
(0946688604.917253) can0 18FF01F7#00007D007D007DFF
(0946688604.922237) can0 18FF02F7#00007D007D007DFF
(0946688604.930532) can0 18FF1080#00000000
(0946688604.950555) can0 18FF1080#00000000
(0946688604.970538) can0 18FF1080#00000000
(0946688604.990562) can0 18FF1080#00000000
(0946688605.005407) can0 18FF00EA#10F9000005007D41
(0946688605.010231) can0 18FF01EA#00007D007D007DFF
(0946688605.010658) can0 18FF1080#00000000
(0946688605.012583) can0 18FF00F7#E0F9000005007D40
(0946688605.015173) can0 18FF02EA#00007D007D007DFF
(0946688605.017228) can0 18FF01F7#00007D007D007DFF
(0946688605.022367) can0 18FF02F7#00007D007D007DFF
(0946688605.030533) can0 18FF1080#00000000
(0946688605.050554) can0 18FF1080#00000000
(0946688605.070536) can0 18FF1080#00000000
(0946688605.090545) can0 18FF1080#00000000
(0946688605.105403) can0 18FF00EA#10F9000005007D41
(0946688605.110289) can0 18FF01EA#00007D007D007DFF
(0946688605.110717) can0 18FF1080#00000000
(0946688605.112331) can0 18FF00F7#E0F9000005007D40
(0946688605.115194) can0 18FF02EA#00007D007D007DFF
(0946688605.117364) can0 18FF01F7#00007D007D007DFF
(0946688605.122240) can0 18FF02F7#00007D007D007DFF
(0946688605.130565) can0 18FF1080#00000000
(0946688605.150560) can0 18FF1080#00000000
(0946688605.170536) can0 18FF1080#00000000
(0946688605.190535) can0 18FF1080#00000000
(0946688605.205431) can0 18FF00EA#10F9000005007D41
(0946688605.210327) can0 18FF01EA#00007D007D007DFF
(0946688605.210728) can0 18FF1080#00000000
(0946688605.212314) can0 18FF00F7#E0F9000005007D40
(0946688605.215399) can0 18FF02EA#00007D007D007DFF
(0946688605.217337) can0 18FF01F7#00007D007D007DFF
(0946688605.222577) can0 18FF02F7#00007D007D007DFF
(0946688605.230540) can0 18FF1080#00000000
(0946688605.250596) can0 18FF1080#00000000
(0946688605.270567) can0 18FF1080#00000000
(0946688605.290536) can0 18FF1080#00000000
(0946688605.305415) can0 18FF00EA#10F9000005007D41
(0946688605.310168) can0 18FF01EA#00007D007D007DFF
(0946688605.310609) can0 18FF1080#00000000
(0946688605.312575) can0 18FF00F7#E0F9000005007D3F
(0946688605.315496) can0 18FF02EA#00007D007D007DFF
(0946688605.317322) can0 18FF01F7#00007D007D007DFF
(0946688605.322580) can0 18FF02F7#00007D007D007DFF
(0946688605.330524) can0 18FF1080#00000000
(0946688605.350553) can0 18FF1080#00000000
(0946688605.370541) can0 18FF1080#00000000
(0946688605.390566) can0 18FF1080#00000000
(0946688605.405433) can0 18FF00EA#10F9000005007D41
(0946688605.410293) can0 18FF01EA#00007D007D007DFF
(0946688605.410690) can0 18FF1080#00000000
(0946688605.412317) can0 18FF00F7#E0F9000005007D40
(0946688605.415115) can0 18FF02EA#00007D007D007DFF
(0946688605.417365) can0 18FF01F7#00007D007D007DFF
(0946688605.422246) can0 18FF02F7#00007D007D007DFF
(0946688605.430534) can0 18FF1080#00000000
(0946688605.450548) can0 18FF1080#00000000
(0946688605.470553) can0 18FF1080#00000000
(0946688605.490552) can0 18FF1080#00000000
(0946688605.505342) can0 18FF00EA#10F9000005007D41
(0946688605.510375) can0 18FF01EA#00007D007D007DFF
(0946688605.510854) can0 18FF1080#00000000
(0946688605.512291) can0 18FF00F7#E0F9000005007D40
(0946688605.515116) can0 18FF02EA#00007D007D007DFF
(0946688605.517258) can0 18FF01F7#00007D007D007DFF
(0946688605.522460) can0 18FF02F7#00007D007D007DFF
(0946688605.530536) can0 18FF1080#00000000
(0946688605.550531) can0 18FF1080#00000000
(0946688605.570553) can0 18FF1080#00000000
(0946688605.590529) can0 18FF1080#00000000
(0946688605.605331) can0 18FF00EA#10F9000005007D41
(0946688605.610252) can0 18FF01EA#00007D007D007DFF
(0946688605.610690) can0 18FF1080#00000000
(0946688605.612567) can0 18FF00F7#E0F9000005007D40
(0946688605.615463) can0 18FF02EA#00007D007D007DFF
(0946688605.617128) can0 18FF01F7#00007D007D007DFF
(0946688605.622455) can0 18FF02F7#00007D007D007DFF
(0946688605.630533) can0 18FF1080#00000000
(0946688605.650537) can0 18FF1080#00000000
(0946688605.670542) can0 18FF1080#00000000
(0946688605.691559) can0 18FF1080#00000000
(0946688605.705431) can0 18FF00EA#10F9000005007D41
(0946688605.710216) can0 18FF01EA#00007D007D007DFF
(0946688605.710629) can0 18FF1080#00000000
(0946688605.712484) can0 18FF00F7#E0F9000005007D40
(0946688605.715337) can0 18FF02EA#00007D007D007DFF
(0946688605.717160) can0 18FF01F7#00007D007D007DFF
(0946688605.722468) can0 18FF02F7#00007D007D007DFF
(0946688605.730535) can0 18FF1080#00000000
(0946688605.750524) can0 18FF1080#00000000
(0946688605.770535) can0 18FF1080#00000000
(0946688605.790526) can0 18FF1080#00000000
(0946688605.805220) can0 18FF00EA#10F9000005007D41
(0946688605.810351) can0 18FF01EA#00007D007D007DFF
(0946688605.810863) can0 18FF1080#00000000
(0946688605.812194) can0 18FF00F7#E0F9000005007D40
(0946688605.815504) can0 18FF02EA#00007D007D007DFF
(0946688605.817332) can0 18FF01F7#00007D007D007DFF
(0946688605.822501) can0 18FF02F7#00007D007D007DFF
(0946688605.830537) can0 18FF1080#00000000
(0946688605.850522) can0 18FF1080#00000000
(0946688605.870546) can0 18FF1080#00000000
(0946688605.890540) can0 18FF1080#00000000
(0946688605.905306) can0 18FF00EA#10F9000005007D41
(0946688605.910210) can0 18FF01EA#00007D007D007DFF
(0946688605.910616) can0 18FF1080#00000000
(0946688605.912465) can0 18FF00F7#E0F9000005007D40
(0946688605.915372) can0 18FF02EA#00007D007D007DFF
(0946688605.917163) can0 18FF01F7#00007D007D007DFF
(0946688605.922333) can0 18FF02F7#00007D007D007DFF
(0946688605.930542) can0 18FF1080#00000000
(0946688605.950538) can0 18FF1080#00000000
(0946688605.970549) can0 18FF1080#00000000
(0946688605.990543) can0 18FF1080#00000000
(0946688606.005211) can0 18FF00EA#10F9000005007D41
(0946688606.010330) can0 18FF01EA#00007D007D007DFF
(0946688606.010788) can0 18FF1080#00000000
(0946688606.012132) can0 18FF00F7#E0F9000005007D3F
(0946688606.015466) can0 18FF02EA#00007D007D007DFF
(0946688606.017474) can0 18FF01F7#00007D007D007DFF
(0946688606.022549) can0 18FF02F7#00007D007D007DFF
(0946688606.030544) can0 18FF1080#00000000
(0946688606.050533) can0 18FF1080#00000000
(0946688606.070538) can0 18FF1080#00000000
(0946688606.090540) can0 18FF1080#00000000
(0946688606.105204) can0 18FF00EA#10F9000005007D41
(0946688606.110266) can0 18FF01EA#00007D007D007DFF
(0946688606.110664) can0 18FF1080#00000000
(0946688606.112360) can0 18FF00F7#E0F9000005007D40
(0946688606.115485) can0 18FF02EA#00007D007D007DFF
(0946688606.117246) can0 18FF01F7#00007D007D007DFF
(0946688606.122377) can0 18FF02F7#00007D007D007DFF
(0946688606.130557) can0 18FF1080#00000000
(0946688606.150537) can0 18FF1080#00000000
(0946688606.170526) can0 18FF1080#00000000
(0946688606.190548) can0 18FF1080#00000000
(0946688606.205378) can0 18FF00EA#10F9000005007D41
(0946688606.210376) can0 18FF01EA#00007D007D007DFF
(0946688606.210814) can0 18FF1080#00000000
(0946688606.212130) can0 18FF00F7#E0F9000005007D40
(0946688606.215099) can0 18FF02EA#00007D007D007DFF
(0946688606.217429) can0 18FF01F7#00007D007D007DFF
(0946688606.222206) can0 18FF02F7#00007D007D007DFF
(0946688606.230521) can0 18FF1080#00000000
(0946688606.250535) can0 18FF1080#00000000
(0946688606.270552) can0 18FF1080#00000000
(0946688606.290550) can0 18FF1080#00000000
(0946688606.305191) can0 18FF00EA#10F9000005007D41
(0946688606.310345) can0 18FF01EA#00007D007D007DFF
(0946688606.310776) can0 18FF1080#00000000
(0946688606.312229) can0 18FF00F7#E0F9000005007D40
(0946688606.315343) can0 18FF02EA#00007D007D007DFF
(0946688606.317362) can0 18FF01F7#00007D007D007DFF
(0946688606.322545) can0 18FF02F7#00007D007D007DFF
(0946688606.330513) can0 18FF1080#00000000
(0946688606.350551) can0 18FF1080#00000000
(0946688606.370526) can0 18FF1080#00000000
(0946688606.390536) can0 18FF1080#00000000
(0946688606.405135) can0 18FF00EA#10F9000005007D41
(0946688606.410376) can0 18FF01EA#00007D007D007DFF
(0946688606.410847) can0 18FF1080#00000000
(0946688606.412241) can0 18FF00F7#E0F9000005007D40
(0946688606.415205) can0 18FF02EA#00007D007D007DFF
(0946688606.417106) can0 18FF01F7#00007D007D007DFF
(0946688606.422335) can0 18FF02F7#00007D007D007DFF
(0946688606.430518) can0 18FF1080#00000000
(0946688606.450566) can0 18FF1080#00000000
(0946688606.470527) can0 18FF1080#00000000
(0946688606.490538) can0 18FF1080#00000000
(0946688606.505102) can0 18FF00EA#10F9000005007D41
(0946688606.510283) can0 18FF01EA#00007D007D007DFF
(0946688606.510739) can0 18FF1080#00000000
(0946688606.512535) can0 18FF00F7#E0F9000005007D40
(0946688606.515086) can0 18FF02EA#00007D007D007DFF
(0946688606.517305) can0 18FF01F7#00007D007D007DFF
(0946688606.522500) can0 18FF02F7#00007D007D007DFF
(0946688606.530515) can0 18FF1080#00000000
(0946688606.550530) can0 18FF1080#00000000
(0946688606.570516) can0 18FF1080#00000000
(0946688606.590540) can0 18FF1080#00000000
(0946688606.605356) can0 18FF00EA#10F9000005007D41
(0946688606.610057) can0 18FF01EA#00007D007D007DFF
(0946688606.610613) can0 18FF1080#00000000
(0946688606.612296) can0 18FF00F7#E0F9000005007D40
(0946688606.615176) can0 18FF02EA#00007D007D007DFF
(0946688606.617216) can0 18FF01F7#00007D007D007DFF
(0946688606.622352) can0 18FF02F7#00007D007D007DFF
(0946688606.630526) can0 18FF1080#00000000
(0946688606.650545) can0 18FF1080#00000000
(0946688606.670536) can0 18FF1080#00000000
(0946688606.690518) can0 18FF1080#00000000
(0946688606.705184) can0 18FF00EA#10F9000005007D41
(0946688606.710181) can0 18FF01EA#00007D007D007DFF
(0946688606.710620) can0 18FF1080#00000000
(0946688606.712216) can0 18FF00F7#E0F9000005007D40
(0946688606.715088) can0 18FF02EA#00007D007D007DFF
(0946688606.717406) can0 18FF01F7#00007D007D007DFF
(0946688606.722523) can0 18FF02F7#00007D007D007DFF
(0946688606.730526) can0 18FF1080#00000000
(0946688606.750536) can0 18FF1080#00000000
(0946688606.770545) can0 18FF1080#00000000
(0946688606.790538) can0 18FF1080#00000000
(0946688606.805379) can0 18FF00EA#10F9000005007D41
(0946688606.810097) can0 18FF01EA#00007D007D007DFF
(0946688606.810632) can0 18FF1080#00000000
(0946688606.812466) can0 18FF00F7#E0F9000005007D40
(0946688606.815345) can0 18FF02EA#00007D007D007DFF
(0946688606.817340) can0 18FF01F7#00007D007D007DFF
(0946688606.822191) can0 18FF02F7#00007D007D007DFF
(0946688606.830522) can0 18FF1080#00000000
(0946688606.850532) can0 18FF1080#00000000
(0946688606.870536) can0 18FF1080#00000000
(0946688606.890539) can0 18FF1080#00000000
(0946688606.905287) can0 18FF00EA#10F9000005007D41
(0946688606.910067) can0 18FF01EA#00007D007D007DFF
(0946688606.910618) can0 18FF1080#00000000
(0946688606.912314) can0 18FF00F7#E0F9000005007D40
(0946688606.915398) can0 18FF02EA#00007D007D007DFF
(0946688606.917100) can0 18FF01F7#00007D007D007DFF
(0946688606.922409) can0 18FF02F7#00007D007D007DFF
(0946688606.930527) can0 18FF1080#00000000
(0946688606.950518) can0 18FF1080#00000000
(0946688606.970541) can0 18FF1080#00000000
(0946688606.990542) can0 18FF1080#00000000
(0946688607.005419) can0 18FF00EA#10F9000005007D41
(0946688607.010359) can0 18FF01EA#00007D007D007DFF
(0946688607.010818) can0 18FF1080#00000000
(0946688607.012223) can0 18FF00F7#E0F9000005007D40
(0946688607.015454) can0 18FF02EA#00007D007D007DFF
(0946688607.017098) can0 18FF01F7#00007D007D007DFF
(0946688607.022332) can0 18FF02F7#00007D007D007DFF
(0946688607.030554) can0 18FF1080#00000000
(0946688607.050546) can0 18FF1080#00000000
(0946688607.070541) can0 18FF1080#00000000
(0946688607.090530) can0 18FF1080#00000000
(0946688607.105301) can0 18FF00EA#10F9000005007D41
(0946688607.110153) can0 18FF01EA#00007D007D007DFF
(0946688607.110579) can0 18FF1080#00000000
(0946688607.112197) can0 18FF00F7#E0F9000005007D40
(0946688607.115065) can0 18FF02EA#00007D007D007DFF
(0946688607.117422) can0 18FF01F7#00007D007D007DFF
(0946688607.122281) can0 18FF02F7#00007D007D007DFF
(0946688607.130534) can0 18FF1080#00000000
(0946688607.150551) can0 18FF1080#00000000
(0946688607.170540) can0 18FF1080#00000000
(0946688607.190532) can0 18FF1080#00000000
(0946688607.205214) can0 18FF00EA#10F9000005007D41
(0946688607.210283) can0 18FF01EA#00007D007D007DFF
(0946688607.210717) can0 18FF1080#00000000
(0946688607.212466) can0 18FF00F7#E0F9000005007D40
(0946688607.215362) can0 18FF02EA#00007D007D007DFF
(0946688607.217397) can0 18FF01F7#00007D007D007DFF
(0946688607.222491) can0 18FF02F7#00007D007D007DFF
(0946688607.230524) can0 18FF1080#00000000
(0946688607.250494) can0 18FF1080#00000000
(0946688607.270554) can0 18FF1080#00000000
(0946688607.290520) can0 18FF1080#00000000
(0946688607.305351) can0 18FF00EA#10F9000005007D41
(0946688607.310121) can0 18FF01EA#00007D007D007DFF
(0946688607.310553) can0 18FF1080#00000000
(0946688607.312378) can0 18FF00F7#E0F9000005007D40
(0946688607.315472) can0 18FF02EA#00007D007D007DFF
(0946688607.317109) can0 18FF01F7#00007D007D007DFF
(0946688607.322289) can0 18FF02F7#00007D007D007DFF
(0946688607.330525) can0 18FF1080#00000000
(0946688607.350494) can0 18FF1080#00000000
(0946688607.370526) can0 18FF1080#00000000
(0946688607.390530) can0 18FF1080#00000000
(0946688607.405085) can0 18FF00EA#10F9000005007D41
(0946688607.410370) can0 18FF01EA#00007D007D007DFF
(0946688607.410823) can0 18FF1080#00000000
(0946688607.412198) can0 18FF00F7#E0F9000005007D40
(0946688607.415440) can0 18FF02EA#00007D007D007DFF
(0946688607.417355) can0 18FF01F7#00007D007D007DFF
(0946688607.422401) can0 18FF02F7#00007D007D007DFF
(0946688607.430535) can0 18FF1080#00000000
(0946688607.450531) can0 18FF1080#00000000
(0946688607.470510) can0 18FF1080#00000000
(0946688607.490535) can0 18FF1080#00000000
(0946688607.505092) can0 18FF00EA#10F9000005007D41
(0946688607.510339) can0 18FF01EA#00007D007D007DFF
(0946688607.510737) can0 18FF1080#00000000
(0946688607.512461) can0 18FF00F7#E0F9000005007D40
(0946688607.515303) can0 18FF02EA#00007D007D007DFF
(0946688607.517086) can0 18FF01F7#00007D007D007DFF
(0946688607.522361) can0 18FF02F7#00007D007D007DFF
(0946688607.530538) can0 18FF1080#00000000
(0946688607.550524) can0 18FF1080#00000000
(0946688607.570539) can0 18FF1080#00000000
(0946688607.590531) can0 18FF1080#00000000
(0946688607.605367) can0 18FF00EA#10F9000005007D41
(0946688607.610134) can0 18FF01EA#00007D007D007DFF
(0946688607.610590) can0 18FF1080#00000000
(0946688607.612359) can0 18FF00F7#E0F9000005007D40
(0946688607.615034) can0 18FF02EA#00007D007D007DFF
(0946688607.617075) can0 18FF01F7#00007D007D007DFF
(0946688607.622297) can0 18FF02F7#00007D007D007DFF
(0946688607.630503) can0 18FF1080#00000000
(0946688607.650524) can0 18FF1080#00000000
(0946688607.670540) can0 18FF1080#00000000
(0946688607.690523) can0 18FF1080#00000000
(0946688607.705159) can0 18FF00EA#10F9000005007D41
(0946688607.710333) can0 18FF01EA#00007D007D007DFF
(0946688607.710737) can0 18FF1080#00000000
(0946688607.711357) can0 00000001#0D000000F5FF0000
(0946688607.711898) can0 00000002#D1030000310168FD
(0946688607.712502) can0 18FF00F7#E0F9000005007D40
(0946688607.715395) can0 18FF02EA#00007D007D007DFF
(0946688607.717366) can0 18FF01F7#00007D007D007DFF
(0946688607.721470) can0 00000001#0D000000F5FF0000
(0946688607.722004) can0 00000002#D1030000310168FD
(0946688607.722602) can0 18FF02F7#00007D007D007DFF
(0946688607.730501) can0 18FF1080#00000000
(0946688607.731454) can0 00000001#0D000000F5FF0000
(0946688607.732021) can0 00000002#D1030000310168FD
(0946688607.741578) can0 00000001#0D000000F5FF0000
(0946688607.742158) can0 00000002#D1030000310168FD
(0946688607.750531) can0 18FF1080#00000000
(0946688607.751708) can0 00000001#0D000000F5FF0000
(0946688607.752252) can0 00000002#D2030000310168FD
(0946688607.761783) can0 00000001#0D000000F5FF0000
(0946688607.762336) can0 00000002#D1030000310168FD
(0946688607.770517) can0 18FF1080#00000000
(0946688607.771875) can0 00000001#0D000000F5FF0000
(0946688607.772440) can0 00000002#D2030000310168FD
(0946688607.781961) can0 00000001#0D000000F5FF0000
(0946688607.782535) can0 00000002#D1030000310168FD
(0946688607.790500) can0 18FF1080#00000000
(0946688607.792078) can0 00000001#0D000000F5FF0000
(0946688607.792620) can0 00000002#D1030000310168FD
(0946688607.802144) can0 00000001#0D000000F5FF0000
(0946688607.802700) can0 00000002#D1030000310168FD
(0946688607.805221) can0 18FF00EA#10F9000005007D41
(0946688607.810171) can0 18FF01EA#00007D007D007DFF
(0946688607.810604) can0 18FF1080#00000000
(0946688607.812197) can0 00000001#0D000000F5FF0000
(0946688607.812747) can0 00000002#D2030000310168FD
(0946688607.813344) can0 18FF00F7#E0F9000005007D40
(0946688607.815209) can0 18FF02EA#00007D007D007DFF
(0946688607.817209) can0 18FF01F7#00007D007D007DFF
(0946688607.822331) can0 00000001#0D000000F5FF0000
(0946688607.822876) can0 00000002#D1030000310168FD
(0946688607.823510) can0 18FF02F7#00007D007D007DFF
(0946688607.830498) can0 18FF1080#00000000
(0946688607.832368) can0 00000001#0D000000F5FF0000
(0946688607.832968) can0 00000002#D1030000310168FD
(0946688607.842474) can0 00000001#0D000000F5FF0000
(0946688607.843043) can0 00000002#D1030000310168FD
(0946688607.850531) can0 18FF1080#00000000
(0946688607.853503) can0 00000001#0D000000F5FF0000
(0946688607.854075) can0 00000002#D1030000310168FD
(0946688607.863586) can0 00000001#0D000000F5FF0000
(0946688607.864156) can0 00000002#D1030000320168FD
(0946688607.870501) can0 18FF1080#00000000
(0946688607.873723) can0 00000001#0D000000F5FF0000
(0946688607.874289) can0 00000002#D1030000320168FD
(0946688607.883809) can0 00000001#0D000000F5FF0000
(0946688607.884356) can0 00000002#D1030000320168FD
(0946688607.890498) can0 18FF1080#00000000
(0946688607.893911) can0 00000001#0D000000F5FF0000
(0946688607.894473) can0 00000002#D1030000320168FD
(0946688607.904076) can0 00000001#0E000000F5FF0000
(0946688607.904628) can0 00000002#D2030000320168FD
(0946688607.905215) can0 18FF00EA#10F9000005007D41
(0946688607.910132) can0 18FF01EA#00007D007D007DFF
(0946688607.910620) can0 18FF1080#00000000
(0946688607.912347) can0 18FF00F7#E0F9000005007D40
(0946688607.914161) can0 00000001#0E000000F5FF0000
(0946688607.914726) can0 00000002#D2030000320168FD
(0946688607.915339) can0 18FF02EA#00007D007D007DFF
(0946688607.917202) can0 18FF01F7#00007D007D007DFF
(0946688607.922376) can0 18FF02F7#00007D007D007DFF
(0946688607.924252) can0 00000001#0E000000F5FF0000
(0946688607.924829) can0 00000002#D2030000320168FD
(0946688607.930541) can0 18FF1080#00000000
(0946688607.934341) can0 00000001#0E000000F5FF0000
(0946688607.934930) can0 00000002#D2030000320167FD
(0946688607.944445) can0 00000001#0E000000F5FF0000
(0946688607.945010) can0 00000002#D1030000320167FD
(0946688607.950529) can0 18FF1080#00000000
(0946688607.954569) can0 00000001#0E000000F5FF0000
(0946688607.955127) can0 00000002#D1030000320167FD
(0946688607.964637) can0 00000001#0E000000F5FF0000
(0946688607.965182) can0 00000002#D2030000320167FD
(0946688607.970520) can0 18FF1080#00000000
(0946688607.974743) can0 00000001#0D000000F5FF0000
(0946688607.975321) can0 00000002#D2030000320167FD
(0946688607.984803) can0 00000001#0D000000F5FF0000
(0946688607.985366) can0 00000002#D2030000320167FD
(0946688607.990497) can0 18FF1080#00000000
(0946688607.994916) can0 00000001#0D000000F5FF0000
(0946688607.995479) can0 00000002#D1030000320167FD
(0946688608.005004) can0 00000001#0D000000F5FF0000
(0946688608.005573) can0 00000002#D1030000320167FD
(0946688608.006177) can0 18FF00EA#10F9000005007D41
(0946688608.010125) can0 18FF01EA#00007D007D007DFF
(0946688608.010555) can0 18FF1080#00000000
(0946688608.012067) can0 18FF00F7#E0F9000005007D40
(0946688608.015126) can0 00000001#0D000000F5FF0000
(0946688608.015704) can0 00000002#D1030000320167FD
(0946688608.016275) can0 18FF02EA#00007D007D007DFF
(0946688608.017173) can0 18FF01F7#00007D007D007DFF
(0946688608.022326) can0 18FF02F7#00007D007D007DFF
(0946688608.025193) can0 00000001#0D000000F5FF0000
(0946688608.025761) can0 00000002#D1030000320167FD
(0946688608.030492) can0 18FF1080#00000000
(0946688608.035978) can0 00000001#0D000000F5FF0000
(0946688608.036576) can0 00000002#D1030000320167FD
(0946688608.046135) can0 00000001#0E000000F5FF0000
(0946688608.046704) can0 00000002#D1030000320167FD
(0946688608.050496) can0 18FF1080#00000000
(0946688608.056253) can0 00000001#0E000000F5FF0000
(0946688608.056790) can0 00000002#D1030000320167FD
(0946688608.066319) can0 00000001#0E000000F5FF0000
(0946688608.066898) can0 00000002#D1030000320167FD
(0946688608.070519) can0 18FF1080#00000000
(0946688608.076460) can0 00000001#0E000000F4FF0000
(0946688608.077034) can0 00000002#D2030000320167FD
(0946688608.086530) can0 00000001#0E000000F4FF0000
(0946688608.087103) can0 00000002#D2030000320167FD
(0946688608.090496) can0 18FF1080#00000000
(0946688608.096666) can0 00000001#0E000000F5FF0000
(0946688608.097253) can0 00000002#D2030000320167FD
(0946688608.105143) can0 18FF00EA#10F9000005007D41
(0946688608.106787) can0 00000001#0E000000F5FF0000
(0946688608.107336) can0 00000002#D2030000320167FD
(0946688608.110138) can0 18FF01EA#00007D007D007DFF
(0946688608.110554) can0 18FF1080#00000000
(0946688608.112179) can0 18FF00F7#E0F9000005007D40
(0946688608.115034) can0 18FF02EA#00007D007D007DFF
(0946688608.116919) can0 00000001#0E000000F5FF0000
(0946688608.117477) can0 00000002#D2030000320167FD
(0946688608.118083) can0 18FF01F7#00007D007D007DFF
(0946688608.122477) can0 18FF02F7#00007D007D007DFF
(0946688608.127021) can0 00000001#0E000000F5FF0000
(0946688608.127584) can0 00000002#D2030000320167FD
(0946688608.130508) can0 18FF1080#00000000
(0946688608.137096) can0 00000001#0D000000F5FF0000
(0946688608.137680) can0 00000002#D2030000320167FD
(0946688608.147195) can0 00000001#0D000000F5FF0000
(0946688608.147783) can0 00000002#D2030000320167FD
(0946688608.150491) can0 18FF1080#00000000
(0946688608.157316) can0 00000001#0E000000F5FF0000
(0946688608.157867) can0 00000002#D1030000320167FD
(0946688608.167366) can0 00000001#0E000000F5FF0000
(0946688608.167948) can0 00000002#D1030000330167FD
(0946688608.170488) can0 18FF1080#00000000
(0946688608.177472) can0 00000001#0E000000F5FF0000
(0946688608.178023) can0 00000002#D2030000330167FD
(0946688608.188491) can0 00000001#0E000000F5FF0000
(0946688608.189077) can0 00000002#D2030000330167FD
(0946688608.190491) can0 18FF1080#00000000
(0946688608.198615) can0 00000001#0E000000F5FF0000
(0946688608.199179) can0 00000002#D2030000330167FD
(0946688608.205361) can0 18FF00EA#10F9000005007D41
(0946688608.208665) can0 00000001#0F000000F5FF0000
(0946688608.209261) can0 00000002#D2030000330167FD
(0946688608.210229) can0 18FF01EA#00007D007D007DFF
(0946688608.210662) can0 18FF1080#00000000
(0946688608.212217) can0 18FF00F7#E0F9000005007D40
(0946688608.215053) can0 18FF02EA#00007D007D007DFF
(0946688608.217181) can0 18FF01F7#00007D007D007DFF
(0946688608.218766) can0 00000001#0F000000F5FF0000
(0946688608.219323) can0 00000002#D2030000330167FD
(0946688608.222289) can0 18FF02F7#00007D007D007DFF
(0946688608.228854) can0 00000001#0F000000F5FF0000
(0946688608.229440) can0 00000002#D2030000330167FD
(0946688608.230512) can0 18FF1080#00000000
(0946688608.238943) can0 00000001#0F000000F5FF0000
(0946688608.239502) can0 00000002#D2030000330167FD
(0946688608.249021) can0 00000001#0E000000F5FF0000
(0946688608.249616) can0 00000002#D2030000330166FD
(0946688608.250493) can0 18FF1080#00000000
(0946688608.259122) can0 00000001#0D000000F6FF0000
(0946688608.259691) can0 00000002#D1030000330166FD
(0946688608.269171) can0 00000001#0D000000F5FF0000
(0946688608.269773) can0 00000002#D1030000330166FD
(0946688608.270491) can0 18FF1080#00000000
(0946688608.279311) can0 00000001#0D000000F5FF0000
(0946688608.279878) can0 00000002#D1030000330166FD
(0946688608.289378) can0 00000001#0D000000F5FF0000
(0946688608.289953) can0 00000002#D1030000330166FD
(0946688608.290529) can0 18FF1080#00000000
(0946688608.299480) can0 00000001#0D000000F5FF0000
(0946688608.300046) can0 00000002#D1030000330166FD
(0946688608.305342) can0 18FF00EA#10F9000005007D41
(0946688608.309558) can0 00000001#0D000000F5FF0000
(0946688608.310133) can0 00000002#D1030000330166FD
(0946688608.310736) can0 18FF01EA#00007D007D007DFF
(0946688608.311166) can0 18FF1080#00000000
(0946688608.312054) can0 18FF00F7#E0F9000005007D40
(0946688608.315332) can0 18FF02EA#00007D007D007DFF
(0946688608.317351) can0 18FF01F7#00007D007D007DFF
(0946688608.319652) can0 00000001#0D000000F5FF0000
(0946688608.320240) can0 00000002#D1030000330166FD
(0946688608.322122) can0 18FF02F7#00007D007D007DFF
(0946688608.329749) can0 00000001#0E000000F6FF0000
(0946688608.330310) can0 00000002#D2030000330166FD
(0946688608.330773) can0 18FF1080#00000000
(0946688608.339815) can0 00000001#0E000000F6FF0000
(0946688608.340397) can0 00000002#D2030000330166FD
(0946688608.349924) can0 00000001#0D000000F6FF0000
(0946688608.350480) can0 00000002#D2030000330166FD
(0946688608.350922) can0 18FF1080#00000000
(0946688608.360039) can0 00000001#0D000000F6FF0000
(0946688608.360611) can0 00000002#D2030000330166FD
(0946688608.370128) can0 00000001#0E000000F6FF0000
(0946688608.370722) can0 00000002#D2030000330166FD
(0946688608.371141) can0 18FF1080#00000000
(0946688608.380845) can0 00000001#0D000000F6FF0000
(0946688608.381395) can0 00000002#D3030000330166FD
(0946688608.390491) can0 18FF1080#00000000
(0946688608.391063) can0 00000001#0D000000F5FF0000
(0946688608.391634) can0 00000002#D2030000330166FD
(0946688608.401016) can0 00000001#0D000000F5FF0000
(0946688608.401595) can0 00000002#D2030000330166FD
(0946688608.405275) can0 18FF00EA#10F9000005007D41
(0946688608.410012) can0 18FF01EA#00007D007D007DFF
(0946688608.410543) can0 18FF1080#00000000
(0946688608.411139) can0 00000001#0D000000F5FF0000
(0946688608.411710) can0 00000002#D2030000330166FD
(0946688608.412285) can0 18FF00F7#E0F9000005007D40
(0946688608.415126) can0 18FF02EA#00007D007D007DFF
(0946688608.417054) can0 18FF01F7#00007D007D007DFF
(0946688608.421210) can0 00000001#0D000000F5FF0000
(0946688608.421782) can0 00000002#D2030000330166FD
(0946688608.422426) can0 18FF02F7#00007D007D007DFF
(0946688608.430520) can0 18FF1080#00000000
(0946688608.431286) can0 00000001#0D000000F4FF0000
(0946688608.431876) can0 00000002#D1030000330166FD
(0946688608.441429) can0 00000001#0D000000F5FF0000
(0946688608.441984) can0 00000002#D1030000330166FD
(0946688608.450494) can0 18FF1080#00000000
(0946688608.451531) can0 00000001#0D000000F5FF0000
(0946688608.452107) can0 00000002#D0030000330166FD
(0946688608.461606) can0 00000001#0D000000F4FF0000
(0946688608.462187) can0 00000002#D1030000330166FD
(0946688608.470492) can0 18FF1080#00000000
(0946688608.471742) can0 00000001#0D000000F4FF0000
(0946688608.472297) can0 00000002#D1030000340166FD
(0946688608.481782) can0 00000001#0D000000F5FF0000
(0946688608.482330) can0 00000002#D1030000340166FD
(0946688608.490510) can0 18FF1080#00000000
(0946688608.491868) can0 00000001#0D000000F5FF0000
(0946688608.492458) can0 00000002#D1030000340166FD
(0946688608.501951) can0 00000001#0E000000F5FF0000
(0946688608.502532) can0 00000002#D1030000340166FD
(0946688608.505122) can0 18FF00EA#10F9000005007D41
(0946688608.510195) can0 18FF01EA#00007D007D007DFF
(0946688608.510657) can0 18FF1080#00000000
(0946688608.512122) can0 18FF00F7#E0F9000005007D40
(0946688608.512644) can0 00000001#0E000000F5FF0000
(0946688608.513220) can0 00000002#D2030000340166FD
(0946688608.515013) can0 18FF02EA#00007D007D007DFF
(0946688608.517340) can0 18FF01F7#00007D007D007DFF
(0946688608.522214) can0 00000001#0D000000F5FF0000
(0946688608.522775) can0 00000002#D2030000340166FD
(0946688608.523342) can0 18FF02F7#00007D007D007DFF
(0946688608.530490) can0 18FF1080#00000000
(0946688608.532300) can0 00000001#0D000000F5FF0000
(0946688608.532823) can0 00000002#D2030000340166FD
(0946688608.542371) can0 00000001#0D000000F5FF0000
(0946688608.542970) can0 00000002#D2030000340166FD
(0946688608.550489) can0 18FF1080#00000000
(0946688608.553372) can0 00000001#0D000000F5FF0000
(0946688608.553967) can0 00000002#D1030000340166FD
(0946688608.563449) can0 00000001#0D000000F5FF0000
(0946688608.564019) can0 00000002#D1030000340166FD
(0946688608.570521) can0 18FF1080#00000000
(0946688608.573561) can0 00000001#0D000000F5FF0000
(0946688608.574129) can0 00000002#D1030000340166FD
(0946688608.583692) can0 00000001#0D000000F5FF0000
(0946688608.584231) can0 00000002#D1030000340166FD
(0946688608.590481) can0 18FF1080#00000000
(0946688608.593759) can0 00000001#0D000000F5FF0000
(0946688608.594329) can0 00000002#D1030000340166FD
(0946688608.603885) can0 00000001#0E000000F5FF0000
(0946688608.604440) can0 00000002#D1030000340166FD
(0946688608.605150) can0 18FF00EA#10F9000005007D41
(0946688608.610281) can0 18FF01EA#00007D007D007DFF
(0946688608.610743) can0 18FF1080#00000000
(0946688608.612361) can0 18FF00F7#E0F9000005007D40
(0946688608.613972) can0 00000001#0E000000F5FF0000
(0946688608.614532) can0 00000002#D1030000340166FD
(0946688608.615356) can0 18FF02EA#00007D007D007DFF
(0946688608.617062) can0 18FF01F7#00007D007D007DFF
(0946688608.622271) can0 18FF02F7#00007D007D007DFF
(0946688608.624014) can0 00000001#0E000000F5FF0000
(0946688608.624613) can0 00000002#D1030000340165FD
(0946688608.630513) can0 18FF1080#00000000
(0946688608.634122) can0 00000001#0E000000F5FF0000
(0946688608.634704) can0 00000002#D1030000340165FD
(0946688608.644271) can0 00000001#0E000000F5FF0000
(0946688608.644803) can0 00000002#D2030000340165FD
(0946688608.650493) can0 18FF1080#00000000
(0946688608.654344) can0 00000001#0E000000F5FF0000
(0946688608.654928) can0 00000002#D2030000340165FD
(0946688608.664403) can0 00000001#0E000000F5FF0000
(0946688608.665003) can0 00000002#D2030000340165FD
(0946688608.670488) can0 18FF1080#00000000
(0946688608.674475) can0 00000001#0E000000F5FF0000
(0946688608.675047) can0 00000002#D2030000340165FD
(0946688608.684574) can0 00000001#0D000000F5FF0000
(0946688608.685159) can0 00000002#D1030000340165FD
(0946688608.690491) can0 18FF1080#00000000
(0946688608.694635) can0 00000001#0D000000F5FF0000
(0946688608.695204) can0 00000002#D1030000340165FD
(0946688608.704744) can0 00000001#0D000000F5FF0000
(0946688608.705322) can0 00000002#D1030000340165FD
(0946688608.705897) can0 18FF00EA#10F9000005007D41
(0946688608.710320) can0 18FF01EA#00007D007D007DFF
(0946688608.710751) can0 18FF1080#00000000
(0946688608.712190) can0 18FF00F7#E0F9000005007D40
(0946688608.714871) can0 00000001#0D000000F5FF0000
(0946688608.715444) can0 00000002#D1030000340165FD
(0946688608.716013) can0 18FF02EA#00007D007D007DFF
(0946688608.717315) can0 18FF01F7#00007D007D007DFF
(0946688608.722103) can0 18FF02F7#00007D007D007DFF
(0946688608.724928) can0 00000001#0E000000F5FF0000
(0946688608.725500) can0 00000002#D1030000340165FD
(0946688608.730522) can0 18FF1080#00000000
(0946688608.735731) can0 00000001#0D000000F5FF0000
(0946688608.736323) can0 00000002#D1030000340165FD
(0946688608.745862) can0 00000001#0D000000F5FF0000
(0946688608.746463) can0 00000002#D1030000350165FD
(0946688608.750492) can0 18FF1080#00000000
(0946688608.755972) can0 00000001#0E000000F5FF0000
(0946688608.756531) can0 00000002#D2030000350165FD
(0946688608.766014) can0 00000001#0E000000F5FF0000
(0946688608.766634) can0 00000002#D2030000350165FD
(0946688608.770492) can0 18FF1080#00000000
(0946688608.776101) can0 00000001#0E000000F5FF0000
(0946688608.776691) can0 00000002#D1030000350165FD
(0946688608.786270) can0 00000001#0E000000F5FF0000
(0946688608.786854) can0 00000002#D2030000350165FD
(0946688608.790490) can0 18FF1080#00000000
(0946688608.796377) can0 00000001#0D000000F5FF0000
(0946688608.796958) can0 00000002#D1030000350165FD
(0946688608.805168) can0 18FF00EA#10F9000005007D41
(0946688608.806469) can0 00000001#0E000000F5FF0000
(0946688608.807064) can0 00000002#D1030000350165FD
(0946688608.810317) can0 18FF01EA#00007D007D007DFF
(0946688608.810763) can0 18FF1080#00000000
(0946688608.812088) can0 18FF00F7#E0F9000005007D40
(0946688608.815377) can0 18FF02EA#00007D007D007DFF
(0946688608.816570) can0 00000001#0D000000F5FF0000
(0946688608.817139) can0 00000002#D1030000350165FD
(0946688608.817752) can0 18FF01F7#00007D007D007DFF
(0946688608.822483) can0 18FF02F7#00007D007D007DFF
(0946688608.826664) can0 00000001#0D000000F5FF0000
(0946688608.827209) can0 00000002#D1030000350165FD
(0946688608.830536) can0 18FF1080#00000000
(0946688608.836791) can0 00000001#0D000000F5FF0000
(0946688608.837324) can0 00000002#D1030000350165FD
(0946688608.846819) can0 00000001#0D000000F5FF0000
(0946688608.847413) can0 00000002#D1030000350165FD
(0946688608.850487) can0 18FF1080#00000000
(0946688608.856969) can0 00000001#0D000000F4FF0000
(0946688608.857513) can0 00000002#D1030000350165FD
(0946688608.867058) can0 00000001#0E000000F5FF0000
(0946688608.867594) can0 00000002#D1030000350165FD
(0946688608.870486) can0 18FF1080#00000000
(0946688608.877168) can0 00000001#0E000000F5FF0000
(0946688608.877732) can0 00000002#D1030000350164FD
(0946688608.887244) can0 00000001#0E000000F5FF0000
(0946688608.887790) can0 00000002#D2030000350164FD
(0946688608.890484) can0 18FF1080#00000000
(0946688608.897339) can0 00000001#0E000000F5FF0000
(0946688608.897903) can0 00000002#D1030000350164FD
(0946688608.905199) can0 18FF00EA#10F9000005007D41
(0946688608.907445) can0 00000001#0E000000F5FF0000
(0946688608.908007) can0 00000002#D2030000350164FD
(0946688608.910105) can0 18FF01EA#00007D007D007DFF
(0946688608.910536) can0 18FF1080#00000000
(0946688608.912184) can0 18FF00F7#E0F9000005007D40
(0946688608.915218) can0 18FF02EA#00007D007D007DFF
(0946688608.917331) can0 18FF01F7#00007D007D007DFF
(0946688608.917874) can0 00000001#0E000000F5FF0000
(0946688608.918446) can0 00000002#D1030000350164FD
(0946688608.922490) can0 18FF02F7#00007D007D007DFF
(0946688608.927627) can0 00000001#0D000000F5FF0000
(0946688608.928175) can0 00000002#D1030000350164FD
(0946688608.930486) can0 18FF1080#00000000
(0946688608.937729) can0 00000001#0D000000F5FF0000
(0946688608.938304) can0 00000002#D1030000350164FD
(0946688608.947821) can0 00000001#0D000000F5FF0000
(0946688608.948362) can0 00000002#D1030000350164FD
(0946688608.950512) can0 18FF1080#00000000
(0946688608.958375) can0 00000001#0D000000F5FF0000
(0946688608.958950) can0 00000002#D2030000350164FD
(0946688608.968481) can0 00000001#0D000000F5FF0000
(0946688608.969057) can0 00000002#D2030000350164FD
(0946688608.970489) can0 18FF1080#00000000
(0946688608.978612) can0 00000001#0D000000F5FF0000
(0946688608.979184) can0 00000002#D2030000350164FD
(0946688608.988718) can0 00000001#0D000000F5FF0000
(0946688608.989293) can0 00000002#D2030000350164FD
(0946688608.990518) can0 18FF1080#00000000
(0946688608.998813) can0 00000001#0D000000F5FF0000
(0946688608.999372) can0 00000002#D2030000350164FD
(0946688609.005023) can0 18FF00EA#10F9000005007D41
(0946688609.008902) can0 00000001#0D000000F5FF0000
(0946688609.009466) can0 00000002#D2030000350164FD
(0946688609.010321) can0 18FF01EA#00007D007D007DFF
(0946688609.010760) can0 18FF1080#00000000
(0946688609.012031) can0 18FF00F7#E0F9000005007D40
(0946688609.015358) can0 18FF02EA#00007D007D007DFF
(0946688609.017328) can0 18FF01F7#00007D007D007DFF
(0946688609.018992) can0 00000001#0D000000F5FF0000
(0946688609.019561) can0 00000002#D2030000350164FD
(0946688609.022067) can0 18FF02F7#00007D007D007DFF
(0946688609.029087) can0 00000001#0D000000F5FF0000
(0946688609.029655) can0 00000002#D2030000350164FD
(0946688609.030487) can0 18FF1080#00000000
(0946688609.039201) can0 00000001#0D000000F5FF0000
(0946688609.039769) can0 00000002#D2030000350164FD
(0946688609.049269) can0 00000001#0D000000F5FF0000
(0946688609.049844) can0 00000002#D1030000350164FD
(0946688609.050482) can0 18FF1080#00000000
(0946688609.059302) can0 00000001#0D000000F5FF0000
(0946688609.059878) can0 00000002#D1030000350164FD
(0946688609.069439) can0 00000001#0D000000F5FF0000
(0946688609.070010) can0 00000002#D1030000350164FD
(0946688609.070532) can0 18FF1080#00000000
(0946688609.079489) can0 00000001#0D000000F5FF0000
(0946688609.080083) can0 00000002#D1030000360164FD
(0946688609.089620) can0 00000001#0D000000F5FF0000
(0946688609.090184) can0 00000002#D2030000360164FD
(0946688609.090615) can0 18FF1080#00000000
(0946688609.099702) can0 00000001#0D000000F5FF0000
(0946688609.100239) can0 00000002#D2030000360164FD
(0946688609.105210) can0 18FF00EA#10F9000005007D41
(0946688609.109752) can0 00000001#0D000000F5FF0000
(0946688609.110350) can0 00000002#D2030000360164FD
(0946688609.110981) can0 18FF01EA#00007D007D007DFF
(0946688609.111353) can0 18FF1080#00000000
(0946688609.112153) can0 18FF00F7#E0F9000005007D40
(0946688609.115274) can0 18FF02EA#00007D007D007DFF
(0946688609.117321) can0 18FF01F7#00007D007D007DFF
(0946688609.119874) can0 00000001#0D000000F5FF0000
(0946688609.120421) can0 00000002#D2030000360164FD
(0946688609.122489) can0 18FF02F7#00007D007D007DFF
(0946688609.129963) can0 00000001#0D000000F5FF0000
(0946688609.130565) can0 00000002#D2030000360164FD
(0946688609.131010) can0 18FF1080#00000000
(0946688609.140027) can0 00000001#0D000000F5FF0000
(0946688609.140600) can0 00000002#D1030000360164FD
(0946688609.150115) can0 00000001#0D000000F5FF0000
(0946688609.150688) can0 00000002#D1030000360164FD
(0946688609.151121) can0 18FF1080#00000000
(0946688609.160804) can0 00000001#0E000000F4FF0000
(0946688609.161353) can0 00000002#D1030000360164FD
(0946688609.170491) can0 18FF1080#00000000
(0946688609.171107) can0 00000001#0E000000F4FF0000
(0946688609.171656) can0 00000002#D1030000360164FD
(0946688609.181084) can0 00000001#0E000000F4FF0000
(0946688609.181662) can0 00000002#D1030000360164FD
(0946688609.190500) can0 18FF1080#00000000
(0946688609.191219) can0 00000001#0E000000F4FF0000
(0946688609.191771) can0 00000002#D1030000360164FD
(0946688609.201314) can0 00000001#0E000000F4FF0000
(0946688609.201892) can0 00000002#D1030000360164FD
(0946688609.205117) can0 18FF00EA#10F9000005007D41
(0946688609.210332) can0 18FF01EA#00007D007D007DFF
(0946688609.210754) can0 18FF1080#00000000
(0946688609.211411) can0 00000001#0E000000F4FF0000
(0946688609.211976) can0 00000002#D1030000360164FD
(0946688609.212559) can0 18FF00F7#E0F9000005007D40
(0946688609.215359) can0 18FF02EA#00007D007D007DFF
(0946688609.217283) can0 18FF01F7#00007D007D007DFF
(0946688609.221527) can0 00000001#0E000000F6FF0000
(0946688609.222095) can0 00000002#D2030000360164FD
(0946688609.222673) can0 18FF02F7#00007D007D007DFF
(0946688609.230492) can0 18FF1080#00000000
(0946688609.231607) can0 00000001#0D000000F6FF0000
(0946688609.232177) can0 00000002#D2030000360163FD
(0946688609.241668) can0 00000001#0D000000F6FF0000
(0946688609.242265) can0 00000002#D1030000360163FD
(0946688609.250484) can0 18FF1080#00000000
(0946688609.251774) can0 00000001#0D000000F6FF0000
(0946688609.252343) can0 00000002#D1030000360163FD
(0946688609.261916) can0 00000001#0D000000F6FF0000
(0946688609.262481) can0 00000002#D1030000360163FD
(0946688609.270500) can0 18FF1080#00000000
(0946688609.271998) can0 00000001#0E000000F6FF0000
(0946688609.272582) can0 00000002#D1030000360163FD
(0946688609.282091) can0 00000001#0D000000F6FF0000
(0946688609.282694) can0 00000002#D2030000360163FD
(0946688609.290491) can0 18FF1080#00000000
(0946688609.292218) can0 00000001#0D000000F5FF0000
(0946688609.292756) can0 00000002#D2030000360163FD
(0946688609.302272) can0 00000001#0D000000F5FF0000
(0946688609.302856) can0 00000002#D1030000360163FD
(0946688609.305299) can0 18FF00EA#10F9000005007D41
(0946688609.310206) can0 18FF01EA#00007D007D007DFF
(0946688609.310647) can0 18FF1080#00000000
(0946688609.312180) can0 18FF00F7#E0F9000005007D40
(0946688609.312763) can0 00000001#0D000000F5FF0000
(0946688609.313349) can0 00000002#D1030000360163FD
(0946688609.314982) can0 18FF02EA#00007D007D007DFF
(0946688609.317159) can0 18FF01F7#00007D007D007DFF
(0946688609.322408) can0 18FF02F7#00007D007D007DFF
(0946688609.323000) can0 00000001#0E000000F4FF0000
(0946688609.323575) can0 00000002#D1030000360163FD
(0946688609.330484) can0 18FF1080#00000000
(0946688609.333353) can0 00000001#0E000000F4FF0000
(0946688609.333952) can0 00000002#D1030000360163FD
(0946688609.343470) can0 00000001#0E000000F4FF0000
(0946688609.344022) can0 00000002#D1030000360163FD
(0946688609.350515) can0 18FF1080#00000000
(0946688609.353561) can0 00000001#0E000000F4FF0000
(0946688609.354138) can0 00000002#D1030000360163FD
(0946688609.363672) can0 00000001#0E000000F4FF0000
(0946688609.364223) can0 00000002#D1030000360163FD
(0946688609.370480) can0 18FF1080#00000000
(0946688609.373795) can0 00000001#0E000000F4FF0000
(0946688609.374344) can0 00000002#D1030000360163FD
(0946688609.383879) can0 00000001#0E000000F4FF0000
(0946688609.384471) can0 00000002#D1030000360163FD
(0946688609.390482) can0 18FF1080#00000000
(0946688609.393954) can0 00000001#0E000000F4FF0000
(0946688609.394527) can0 00000002#D1030000360163FD
(0946688609.404070) can0 00000001#0D000000F5FF0000
(0946688609.404621) can0 00000002#D2030000360163FD
(0946688609.405248) can0 18FF00EA#10F9000005007D41
(0946688609.410199) can0 18FF01EA#00007D007D007DFF
(0946688609.410620) can0 18FF1080#00000000
(0946688609.412039) can0 18FF00F7#E0F9000005007D40
(0946688609.414134) can0 00000001#0D000000F5FF0000
(0946688609.414715) can0 00000002#D2030000370163FD
(0946688609.415295) can0 18FF02EA#00007D007D007DFF
(0946688609.417287) can0 18FF01F7#00007D007D007DFF
(0946688609.422521) can0 18FF02F7#00007D007D007DFF
(0946688609.424230) can0 00000001#0D000000F5FF0000
(0946688609.424831) can0 00000002#D1030000370163FD
(0946688609.430479) can0 18FF1080#00000000
(0946688609.434359) can0 00000001#0D000000F5FF0000
(0946688609.434955) can0 00000002#D1030000370163FD
(0946688609.444437) can0 00000001#0D000000F5FF0000
(0946688609.445018) can0 00000002#D1030000370163FD
(0946688609.450496) can0 18FF1080#00000000
(0946688609.454557) can0 00000001#0D000000F5FF0000
(0946688609.455157) can0 00000002#D1030000370163FD
(0946688609.464641) can0 00000001#0D000000F5FF0000
(0946688609.465237) can0 00000002#D1030000370163FD
(0946688609.470477) can0 18FF1080#00000000
(0946688609.474749) can0 00000001#0E000000F5FF0000
(0946688609.475316) can0 00000002#D2030000370163FD
(0946688609.484815) can0 00000001#0D000000F5FF0000
(0946688609.485377) can0 00000002#D1030000370163FD
(0946688609.490482) can0 18FF1080#00000000
(0946688609.494938) can0 00000001#0E000000F5FF0000
(0946688609.495494) can0 00000002#D1030000370163FD
(0946688609.504990) can0 18FF00EA#10F9000005007D41
(0946688609.505810) can0 00000001#0E000000F5FF0000
(0946688609.506356) can0 00000002#D1030000370163FD
(0946688609.510228) can0 18FF01EA#00007D007D007DFF
(0946688609.510702) can0 18FF1080#00000000
(0946688609.512306) can0 18FF00F7#E0F9000005007D40
(0946688609.515363) can0 18FF02EA#00007D007D007DFF
(0946688609.516060) can0 00000001#0E000000F5FF0000
(0946688609.516614) can0 00000002#D1030000370163FD
(0946688609.517207) can0 18FF01F7#00007D007D007DFF
(0946688609.522230) can0 18FF02F7#00007D007D007DFF
(0946688609.526141) can0 00000001#0E000000F5FF0000
(0946688609.526718) can0 00000002#D2030000370163FD
(0946688609.530499) can0 18FF1080#00000000
(0946688609.536243) can0 00000001#0D000000F5FF0000
(0946688609.536828) can0 00000002#D1030000370163FD
(0946688609.546350) can0 00000001#0E000000F5FF0000
(0946688609.546945) can0 00000002#D1030000370163FD
(0946688609.550482) can0 18FF1080#00000000
(0946688609.556464) can0 00000001#0D000000F5FF0000
(0946688609.557027) can0 00000002#D1030000370163FD
(0946688609.566546) can0 00000001#0D000000F5FF0000
(0946688609.567115) can0 00000002#D1030000370163FD
(0946688609.570479) can0 18FF1080#00000000
(0946688609.576642) can0 00000001#0E000000F5FF0000
(0946688609.577212) can0 00000002#D2030000370162FD
(0946688609.586743) can0 00000001#0E000000F5FF0000
(0946688609.587329) can0 00000002#D2030000370162FD
(0946688609.590489) can0 18FF1080#00000000
(0946688609.596866) can0 00000001#0E000000F5FF0000
(0946688609.597405) can0 00000002#D2030000370162FD
(0946688609.605305) can0 18FF00EA#10F9000005007D41
(0946688609.606952) can0 00000001#0E000000F5FF0000
(0946688609.607550) can0 00000002#D2030000370162FD
(0946688609.609988) can0 18FF01EA#00007D007D007DFF
(0946688609.610515) can0 18FF1080#00000000
(0946688609.612175) can0 18FF00F7#E0F9000005007D40
(0946688609.615299) can0 18FF02EA#00007D007D007DFF
(0946688609.617061) can0 00000001#0E000000F5FF0000
(0946688609.617615) can0 00000002#D2030000370162FD
(0946688609.618208) can0 18FF01F7#00007D007D007DFF
(0946688609.622511) can0 18FF02F7#00007D007D007DFF
(0946688609.627121) can0 00000001#0E000000F5FF0000
(0946688609.627710) can0 00000002#D2030000370162FD
(0946688609.630491) can0 18FF1080#00000000
(0946688609.637216) can0 00000001#0E000000F5FF0000
(0946688609.637776) can0 00000002#D1030000370162FD
(0946688609.647337) can0 00000001#0E000000F5FF0000
(0946688609.647907) can0 00000002#D1030000370162FD
(0946688609.650482) can0 18FF1080#00000000
(0946688609.657435) can0 00000001#0D000000F5FF0000
(0946688609.658321) can0 00000002#D1030000370162FD
(0946688609.668288) can0 00000001#0D000000F5FF0000
(0946688609.668854) can0 00000002#D1030000370162FD
(0946688609.670482) can0 18FF1080#00000000
(0946688609.678354) can0 00000001#0D000000F5FF0000
(0946688609.678930) can0 00000002#D1030000370162FD
(0946688609.688479) can0 00000001#0D000000F5FF0000
(0946688609.689068) can0 00000002#D1030000380162FD
(0946688609.690504) can0 18FF1080#00000000
(0946688609.698559) can0 00000001#0D000000F5FF0000
(0946688609.699133) can0 00000002#D1030000380162FD
(0946688609.705215) can0 18FF00EA#10F9000005007D41
(0946688609.708691) can0 00000001#0D000000F5FF0000
(0946688609.709233) can0 00000002#D1030000380162FD
(0946688609.709995) can0 18FF01EA#00007D007D007DFF
(0946688609.710524) can0 18FF1080#00000000
(0946688609.712016) can0 18FF00F7#E0F9000005007D40
(0946688609.715256) can0 18FF02EA#00007D007D007DFF
(0946688609.717255) can0 18FF01F7#00007D007D007DFF
(0946688609.718823) can0 00000001#0D000000F5FF0000
(0946688609.719346) can0 00000002#D1030000380162FD
(0946688609.722512) can0 18FF02F7#00007D007D007DFF
(0946688609.728868) can0 00000001#0D000000F5FF0000
(0946688609.729438) can0 00000002#D1030000380162FD
(0946688609.730477) can0 18FF1080#00000000
(0946688609.738970) can0 00000001#0E000000F5FF0000
(0946688609.739564) can0 00000002#D1030000380162FD
(0946688609.749079) can0 00000001#0E000000F5FF0000
(0946688609.749649) can0 00000002#D1030000380162FD
(0946688609.750481) can0 18FF1080#00000000
(0946688609.759203) can0 00000001#0D000000F5FF0000
(0946688609.759777) can0 00000002#D2030000380162FD
(0946688609.769270) can0 00000001#0D000000F5FF0000
(0946688609.769844) can0 00000002#D2030000380162FD
(0946688609.770513) can0 18FF1080#00000000
(0946688609.779350) can0 00000001#0E000000F5FF0000
(0946688609.779929) can0 00000002#D2030000380162FD
(0946688609.789483) can0 00000001#0E000000F5FF0000
(0946688609.790054) can0 00000002#D2030000380162FD
(0946688609.790575) can0 18FF1080#00000000
(0946688609.799567) can0 00000001#0E000000F5FF0000
(0946688609.800116) can0 00000002#D2030000380162FD
(0946688609.805000) can0 18FF00EA#10F9000005007D41
(0946688609.809633) can0 00000001#0E000000F5FF0000
(0946688609.810217) can0 00000002#D1030000380162FD
(0946688609.810835) can0 18FF01EA#00007D007D007DFF
(0946688609.811256) can0 18FF1080#00000000
(0946688609.812348) can0 18FF00F7#E0F9000005007D40
(0946688609.814989) can0 18FF02EA#00007D007D007DFF
(0946688609.817030) can0 18FF01F7#00007D007D007DFF
(0946688609.819745) can0 00000001#0E000000F5FF0000
(0946688609.820320) can0 00000002#D1030000380162FD
(0946688609.822378) can0 18FF02F7#00007D007D007DFF
(0946688609.829843) can0 00000001#0E000000F5FF0000
(0946688609.830409) can0 00000002#D1030000380162FD
(0946688609.830851) can0 18FF1080#00000000
(0946688609.840012) can0 00000001#0E000000F5FF0000
(0946688609.840572) can0 00000002#D1030000380162FD
(0946688609.850006) can0 00000001#0D000000F5FF0000
(0946688609.850605) can0 00000002#D1030000380162FD
(0946688609.851048) can0 18FF1080#00000000
(0946688609.860814) can0 00000001#0D000000F5FF0000
(0946688609.861369) can0 00000002#D2030000380162FD
(0946688609.870482) can0 18FF1080#00000000
(0946688609.871070) can0 00000001#0D000000F5FF0000
(0946688609.871647) can0 00000002#D2030000380162FD
(0946688609.880970) can0 00000001#0D000000F5FF0000
(0946688609.881519) can0 00000002#D2030000380162FD
(0946688609.890503) can0 18FF1080#00000000
(0946688609.891059) can0 00000001#0D000000F5FF0000
(0946688609.891672) can0 00000002#D1030000380162FD
(0946688609.901141) can0 00000001#0D000000F5FF0000
(0946688609.901758) can0 00000002#D1030000380162FD
(0946688609.905272) can0 18FF00EA#10F9000005007D41
(0946688609.909998) can0 18FF01EA#00007D007D007DFF
(0946688609.910507) can0 18FF1080#00000000
(0946688609.911261) can0 00000001#0D000000F5FF0000
(0946688609.911852) can0 00000002#D1030000380162FD
(0946688609.912414) can0 18FF00F7#E0F9000005007D40
(0946688609.915172) can0 18FF02EA#00007D007D007DFF
(0946688609.917124) can0 18FF01F7#00007D007D007DFF
(0946688609.921322) can0 00000001#0D000000F5FF0000
(0946688609.921893) can0 00000002#D1030000380162FD
(0946688609.922482) can0 18FF02F7#00007D007D007DFF
(0946688609.930481) can0 18FF1080#00000000
(0946688609.931464) can0 00000001#0D000000F5FF0000
(0946688609.931977) can0 00000002#D1030000380162FD
(0946688609.941533) can0 00000001#0E000000F5FF0000
(0946688609.942092) can0 00000002#D1030000380162FD
(0946688609.950491) can0 18FF1080#00000000
(0946688609.951622) can0 00000001#0D000000F5FF0000
(0946688609.952181) can0 00000002#D1030000380161FD
(0946688609.961695) can0 00000001#0D000000F5FF0000
(0946688609.962292) can0 00000002#D1030000380161FD
(0946688609.970482) can0 18FF1080#00000000
(0946688609.971787) can0 00000001#0D000000F5FF0000
(0946688609.972346) can0 00000002#D1030000380161FD
(0946688609.981877) can0 00000001#0D000000F5FF0000
(0946688609.982453) can0 00000002#D1030000380161FD
(0946688609.990494) can0 18FF1080#00000000
(0946688609.991992) can0 00000001#0E000000F5FF0000
(0946688609.992588) can0 00000002#D1030000380161FD
(0946688610.002115) can0 00000001#0D000000F5FF0000
(0946688610.002670) can0 00000002#D1030000380161FD
(0946688610.005274) can0 18FF00EA#10F9000005007D41
(0946688610.009951) can0 18FF01EA#00007D007D007DFF
(0946688610.010504) can0 18FF1080#00000000
(0946688610.012141) can0 18FF00F7#E0F9000005007D40
(0946688610.012703) can0 00000001#0D000000F5FF0000
(0946688610.013244) can0 00000002#D1030000380161FD
(0946688610.015261) can0 18FF02EA#00007D007D007DFF
(0946688610.017212) can0 18FF01F7#00007D007D007DFF
(0946688610.022084) can0 18FF02F7#00007D007D007DFF
(0946688610.022623) can0 00000001#0D000000F5FF0000
(0946688610.023230) can0 00000002#D1030000380161FD
(0946688610.030479) can0 18FF1080#00000000
(0946688610.032357) can0 00000001#0D000000F5FF0000
(0946688610.032936) can0 00000002#D2030000390161FD
(0946688610.042532) can0 00000001#0E000000F5FF0000
(0946688610.043439) can0 00000002#D2030000390161FD
(0946688610.050491) can0 18FF1080#00000000
(0946688610.052605) can0 00000001#0E000000F5FF0000
(0946688610.053187) can0 00000002#D2030000390161FD
(0946688610.063333) can0 00000001#0E000000F5FF0000
(0946688610.063913) can0 00000002#D2030000390161FD
(0946688610.070481) can0 18FF1080#00000000
(0946688610.073439) can0 00000001#0E000000F5FF0000
(0946688610.073970) can0 00000002#D2030000390161FD
(0946688610.083543) can0 00000001#0D000000F5FF0000
(0946688610.084103) can0 00000002#D2030000390161FD
(0946688610.090494) can0 18FF1080#00000000
(0946688610.093598) can0 00000001#0D000000F5FF0000
(0946688610.094178) can0 00000002#D2030000390161FD
(0946688610.103684) can0 00000001#0D000000F5FF0000
(0946688610.104241) can0 00000002#D1030000390161FD
(0946688610.105134) can0 18FF00EA#10F9000005007D41
(0946688610.110183) can0 18FF01EA#00007D007D007DFF
(0946688610.110629) can0 18FF1080#00000000
(0946688610.112335) can0 18FF00F7#E0F9000005007D40
(0946688610.113779) can0 00000001#0D000000F5FF0000
(0946688610.114335) can0 00000002#D2030000390161FD
(0946688610.115317) can0 18FF02EA#00007D007D007DFF
(0946688610.116992) can0 18FF01F7#00007D007D007DFF
(0946688610.122210) can0 18FF02F7#00007D007D007DFF
(0946688610.123862) can0 00000001#0D000000F5FF0000
(0946688610.124440) can0 00000002#D2030000390161FD
(0946688610.130479) can0 18FF1080#00000000
(0946688610.133930) can0 00000001#0D000000F4FF0000
(0946688610.134503) can0 00000002#D1030000390161FD
(0946688610.144017) can0 00000001#0D000000F4FF0000
(0946688610.144588) can0 00000002#D1030000390161FD
(0946688610.150491) can0 18FF1080#00000000
(0946688610.154117) can0 00000001#0E000000F4FF0000
(0946688610.154698) can0 00000002#D1030000390161FD
(0946688610.164194) can0 00000001#0D000000F4FF0000
(0946688610.164772) can0 00000002#D1030000390161FD
(0946688610.170481) can0 18FF1080#00000000
(0946688610.174286) can0 00000001#0D000000F4FF0000
(0946688610.174855) can0 00000002#D1030000390161FD
(0946688610.184374) can0 00000001#0E000000F4FF0000
(0946688610.184958) can0 00000002#D1030000390161FD
(0946688610.190481) can0 18FF1080#00000000
(0946688610.194472) can0 00000001#0E000000F4FF0000
(0946688610.195052) can0 00000002#D1030000390161FD
(0946688610.204564) can0 00000001#0E000000F5FF0000
(0946688610.205120) can0 00000002#D1030000390161FD
(0946688610.205750) can0 18FF00EA#10F9000005007D41
(0946688610.210192) can0 18FF01EA#00007D007D007DFF
(0946688610.210672) can0 18FF1080#00000000
(0946688610.212095) can0 18FF00F7#E0F9000005007D40
(0946688610.214652) can0 00000001#0E000000F5FF0000
(0946688610.215226) can0 00000002#D1030000390161FD
(0946688610.215784) can0 18FF02EA#00007D007D007DFF
(0946688610.217188) can0 18FF01F7#00007D007D007DFF
(0946688610.222483) can0 18FF02F7#00007D007D007DFF
(0946688610.224720) can0 00000001#0E000000F5FF0000
(0946688610.225291) can0 00000002#D1030000390160FD
(0946688610.230487) can0 18FF1080#00000000
(0946688610.234778) can0 00000001#0D000000F5FF0000
(0946688610.235341) can0 00000002#D1030000390160FD
(0946688610.244935) can0 00000001#0D000000F5FF0000
(0946688610.245530) can0 00000002#D1030000390160FD
(0946688610.250525) can0 18FF1080#00000000
(0946688610.255044) can0 00000001#0E000000F5FF0000
(0946688610.255628) can0 00000002#D1030000390160FD
(0946688610.265879) can0 00000001#0D000000F6FF0000
(0946688610.266438) can0 00000002#D1030000390160FD
(0946688610.270479) can0 18FF1080#00000000
(0946688610.276141) can0 00000001#0D000000F5FF0000
(0946688610.276703) can0 00000002#D1030000390160FD
(0946688610.286256) can0 00000001#0D000000F5FF0000
(0946688610.286846) can0 00000002#D1030000390160FD
(0946688610.290503) can0 18FF1080#00000000
(0946688610.296340) can0 00000001#0D000000F5FF0000
(0946688610.296928) can0 00000002#D10300003A0160FD
(0946688610.305178) can0 18FF00EA#10F9000005007D41
(0946688610.306441) can0 00000001#0E000000F5FF0000
(0946688610.307008) can0 00000002#D10300003A0160FD
(0946688610.309970) can0 18FF01EA#00007D007D007DFF
(0946688610.310486) can0 18FF1080#00000000
(0946688610.312005) can0 18FF00F7#E0F9000005007D40
(0946688610.315063) can0 18FF02EA#00007D007D007DFF
(0946688610.316530) can0 00000001#0E000000F5FF0000
(0946688610.317109) can0 00000002#D10300003A0160FD
(0946688610.317700) can0 18FF01F7#00007D007D007DFF
(0946688610.322054) can0 18FF02F7#00007D007D007DFF
(0946688610.326645) can0 00000001#0E000000F5FF0000
(0946688610.327252) can0 00000002#D10300003A0160FD
(0946688610.330484) can0 18FF1080#00000000
(0946688610.336732) can0 00000001#0E000000F5FF0000
(0946688610.337322) can0 00000002#D20300003A0160FD
(0946688610.346836) can0 00000001#0E000000F4FF0000
(0946688610.347399) can0 00000002#D10300003A0160FD
(0946688610.350500) can0 18FF1080#00000000
(0946688610.356914) can0 00000001#0E000000F5FF0000
(0946688610.357525) can0 00000002#D10300003A0160FD
(0946688610.367057) can0 00000001#0E000000F5FF0000
(0946688610.367628) can0 00000002#D10300003A0160FD
(0946688610.370475) can0 18FF1080#00000000
(0946688610.377157) can0 00000001#0D000000F5FF0000
(0946688610.377724) can0 00000002#D20300003A0160FD
(0946688610.387254) can0 00000001#0D000000F5FF0000
(0946688610.387846) can0 00000002#D20300003A0160FD
(0946688610.390482) can0 18FF1080#00000000
(0946688610.397314) can0 00000001#0D000000F5FF0000
(0946688610.397876) can0 00000002#D20300003A0160FD
(0946688610.405280) can0 18FF00EA#10F9000005007D41
(0946688610.407377) can0 00000001#0D000000F5FF0000
(0946688610.407964) can0 00000002#D10300003A0160FD
(0946688610.409966) can0 18FF01EA#00007D007D007DFF
(0946688610.410478) can0 18FF1080#00000000
(0946688610.412013) can0 18FF00F7#E0F9000005007D40
(0946688610.415140) can0 18FF02EA#00007D007D007DFF
(0946688610.417247) can0 18FF01F7#00007D007D007DFF
(0946688610.417852) can0 00000001#0D000000F5FF0000
(0946688610.418356) can0 00000002#D10300003A0160FD
(0946688610.422075) can0 18FF02F7#00007D007D007DFF
(0946688610.427598) can0 00000001#0D000000F5FF0000
(0946688610.428202) can0 00000002#D20300003A0160FD
(0946688610.430482) can0 18FF1080#00000000
(0946688610.437715) can0 00000001#0D000000F5FF0000
(0946688610.438281) can0 00000002#D20300003A0160FD
(0946688610.448324) can0 00000001#0D000000F5FF0000
(0946688610.448902) can0 00000002#D10300003A0160FD
(0946688610.450495) can0 18FF1080#00000000
(0946688610.458439) can0 00000001#0D000000F5FF0000
(0946688610.459010) can0 00000002#D10300003A0160FD
(0946688610.468560) can0 00000001#0E000000F5FF0000
(0946688610.469143) can0 00000002#D10300003A0160FD
(0946688610.470477) can0 18FF1080#00000000
(0946688610.478628) can0 00000001#0E000000F5FF0000
(0946688610.479235) can0 00000002#D10300003A0160FD
(0946688610.488723) can0 00000001#0E000000F5FF0000
(0946688610.489297) can0 00000002#D10300003A0160FD
(0946688610.490487) can0 18FF1080#00000000
(0946688610.498868) can0 00000001#0E000000F5FF0000
(0946688610.499440) can0 00000002#D10300003A0160FD
(0946688610.505072) can0 18FF00EA#10F9000005007D41
(0946688610.508966) can0 00000001#0E000000F5FF0000
(0946688610.509574) can0 00000002#D10300003A0160FD
(0946688610.510147) can0 18FF01EA#00007D007D007DFF
(0946688610.510567) can0 18FF1080#00000000
(0946688610.512314) can0 18FF00F7#E0F9000005007D40
(0946688610.515151) can0 18FF02EA#00007D007D007DFF
(0946688610.517199) can0 18FF01F7#00007D007D007DFF
(0946688610.519050) can0 00000001#0E000000F5FF0000
(0946688610.519650) can0 00000002#D10300003A0160FD
(0946688610.522474) can0 18FF02F7#00007D007D007DFF
(0946688610.529203) can0 00000001#0E000000F5FF0000
(0946688610.529770) can0 00000002#D20300003A0160FD
(0946688610.530471) can0 18FF1080#00000000
(0946688610.539285) can0 00000001#0E000000F5FF0000
(0946688610.539852) can0 00000002#D20300003A0160FD
(0946688610.549366) can0 00000001#0E000000F5FF0000
(0946688610.549947) can0 00000002#D20300003A0160FD
(0946688610.550593) can0 18FF1080#00000000
(0946688610.559484) can0 00000001#0D000000F5FF0000
(0946688610.560051) can0 00000002#D10300003A0160FD
(0946688610.569606) can0 00000001#0D000000F4FF0000
(0946688610.570170) can0 00000002#D10300003A0160FD
(0946688610.570616) can0 18FF1080#00000000
(0946688610.579650) can0 00000001#0D000000F4FF0000
(0946688610.580232) can0 00000002#D10300003A0160FD
(0946688610.589780) can0 00000001#0E000000F4FF0000
(0946688610.590341) can0 00000002#D10300003A015FFD
(0946688610.590825) can0 18FF1080#00000000
(0946688610.599871) can0 00000001#0D000000F4FF0000
(0946688610.600427) can0 00000002#D10300003A015FFD
(0946688610.605146) can0 18FF00EA#10F9000005007D41
(0946688610.609940) can0 00000001#0D000000F5FF0000
(0946688610.610528) can0 00000002#D10300003B015FFD
(0946688610.611114) can0 18FF01EA#00007D007D007DFF
(0946688610.611548) can0 18FF1080#00000000
(0946688610.612156) can0 18FF00F7#E0F9000005007D40
(0946688610.614968) can0 18FF02EA#00007D007D007DFF
(0946688610.617227) can0 18FF01F7#00007D007D007DFF
(0946688610.620058) can0 00000001#0E000000F5FF0000
(0946688610.620650) can0 00000002#D10300003B015FFD
(0946688610.622048) can0 18FF02F7#00007D007D007DFF
(0946688610.630109) can0 00000001#0E000000F5FF0000
(0946688610.630694) can0 00000002#D10300003B015FFD
(0946688610.631177) can0 18FF1080#00000000
(0946688610.641283) can0 00000001#0D000000F5FF0000
(0946688610.641853) can0 00000002#D10300003B015FFD
(0946688610.650493) can0 18FF1080#00000000
(0946688610.651358) can0 00000001#0D000000F5FF0000
(0946688610.651943) can0 00000002#D10300003B015FFD
(0946688610.661483) can0 00000001#0D000000F5FF0000
(0946688610.662028) can0 00000002#D10300003B015FFD
(0946688610.670494) can0 18FF1080#00000000
(0946688610.671588) can0 00000001#0D000000F5FF0000
(0946688610.672190) can0 00000002#D20300003B015FFD
(0946688610.681699) can0 00000001#0D000000F5FF0000
(0946688610.682236) can0 00000002#D10300003B015FFD
(0946688610.690501) can0 18FF1080#00000000
(0946688610.691783) can0 00000001#0D000000F5FF0000
(0946688610.692398) can0 00000002#D10300003B015FFD
(0946688610.701878) can0 00000001#0E000000F5FF0000
(0946688610.702435) can0 00000002#D10300003B015FFD
(0946688610.705245) can0 18FF00EA#10F9000005007D41
(0946688610.710162) can0 18FF01EA#00007D007D007DFF
(0946688610.710621) can0 18FF1080#00000000
(0946688610.712027) can0 00000001#0E000000F5FF0000
(0946688610.712629) can0 00000002#D10300003B015FFD
(0946688610.713225) can0 18FF00F7#E0F9000005007D40
(0946688610.715281) can0 18FF02EA#00007D007D007DFF
(0946688610.717174) can0 18FF01F7#00007D007D007DFF
(0946688610.722053) can0 18FF02F7#00007D007D007DFF
(0946688610.722626) can0 00000001#0E000000F5FF0000
(0946688610.723189) can0 00000002#D10300003B015FFD
(0946688610.730480) can0 18FF1080#00000000
(0946688610.732213) can0 00000001#0E000000F5FF0000
(0946688610.732772) can0 00000002#D10300003B015FFD
(0946688610.742312) can0 00000001#0E000000F5FF0000
(0946688610.742900) can0 00000002#D20300003B015FFD
(0946688610.750499) can0 18FF1080#00000000
(0946688610.752457) can0 00000001#0C000000F5FF0000
(0946688610.753472) can0 00000002#D20300003B015FFD
(0946688610.762490) can0 00000001#0D000000F5FF0000
(0946688610.763130) can0 00000002#D20300003B015FFD
(0946688610.770491) can0 18FF1080#00000000
(0946688610.773347) can0 00000001#0C000000F5FF0000
(0946688610.773952) can0 00000002#D20300003B015FFD
(0946688610.783440) can0 00000001#0C000000F5FF0000
(0946688610.784032) can0 00000002#D10300003B015FFD
(0946688610.790486) can0 18FF1080#00000000
(0946688610.793554) can0 00000001#0C000000F5FF0000
(0946688610.794114) can0 00000002#D10300003B015FFD
(0946688610.803633) can0 00000001#0D000000F5FF0000
(0946688610.804206) can0 00000002#D10300003B015FFD
(0946688610.805108) can0 18FF00EA#10F9000005007D41
(0946688610.810096) can0 18FF01EA#00007D007D007DFF
(0946688610.810542) can0 18FF1080#00000000
(0946688610.811980) can0 18FF00F7#E0F9000005007D40
(0946688610.813733) can0 00000001#0D000000F5FF0000
(0946688610.814317) can0 00000002#D10300003B015FFD
(0946688610.815150) can0 18FF02EA#00007D007D007DFF
(0946688610.817226) can0 18FF01F7#00007D007D007DFF
(0946688610.822459) can0 18FF02F7#00007D007D007DFF
(0946688610.823828) can0 00000001#0E000000F5FF0000
(0946688610.824401) can0 00000002#D20300003B015FFD
(0946688610.830470) can0 18FF1080#00000000
(0946688610.833907) can0 00000001#0E000000F5FF0000
(0946688610.834499) can0 00000002#D20300003B015FFD
(0946688610.844031) can0 00000001#0E000000F5FF0000
(0946688610.844602) can0 00000002#D10300003B015FFD
(0946688610.850482) can0 18FF1080#00000000
(0946688610.854153) can0 00000001#0E000000F6FF0000
(0946688610.854711) can0 00000002#D10300003B015FFD
(0946688610.864228) can0 00000001#0E000000F5FF0000
(0946688610.864805) can0 00000002#D10300003B015FFD
(0946688610.870521) can0 18FF1080#00000000
(0946688610.874316) can0 00000001#0D000000F5FF0000
(0946688610.874874) can0 00000002#D10300003B015FFD
(0946688610.884446) can0 00000001#0D000000F6FF0000
(0946688610.884990) can0 00000002#D10300003B015FFD
(0946688610.890482) can0 18FF1080#00000000
(0946688610.894515) can0 00000001#0D000000F6FF0000
(0946688610.895071) can0 00000002#D10300003B015FFD
(0946688610.904584) can0 00000001#0D000000F5FF0000
(0946688610.905153) can0 00000002#D10300003B015FFD
(0946688610.905766) can0 18FF00EA#10F9000005007D41
(0946688610.909988) can0 18FF01EA#00007D007D007DFF
(0946688610.910542) can0 18FF1080#00000000
(0946688610.912159) can0 18FF00F7#E0F9000005007D40
(0946688610.914680) can0 00000001#0D000000F6FF0000
(0946688610.915276) can0 00000002#D10300003B015FFD
(0946688610.915852) can0 18FF02EA#00007D007D007DFF
(0946688610.917099) can0 18FF01F7#00007D007D007DFF
(0946688610.922450) can0 18FF02F7#00007D007D007DFF
(0946688610.924790) can0 00000001#0D000000F6FF0000
(0946688610.925335) can0 00000002#D10300003B015FFD
(0946688610.930480) can0 18FF1080#00000000
(0946688610.934858) can0 00000001#0D000000F5FF0000
(0946688610.935443) can0 00000002#D20300003C015EFD
(0946688610.944999) can0 00000001#0D000000F5FF0000
(0946688610.945965) can0 00000002#D10300003C015EFD
(0946688610.950471) can0 18FF1080#00000000
(0946688610.955060) can0 00000001#0D000000F5FF0000
(0946688610.955617) can0 00000002#D20300003C015EFD
(0946688610.965760) can0 00000001#0D000000F5FF0000
(0946688610.966342) can0 00000002#D20300003C015EFD
(0946688610.970494) can0 18FF1080#00000000
(0946688610.975878) can0 00000001#0D000000F5FF0000
(0946688610.976440) can0 00000002#D20300003C015EFD
(0946688610.985956) can0 00000001#0E000000F4FF0000
(0946688610.986523) can0 00000002#D20300003C015EFD
(0946688610.990483) can0 18FF1080#00000000
(0946688610.996033) can0 00000001#0D000000F5FF0000
(0946688610.996622) can0 00000002#D20300003C015EFD
(0946688611.005160) can0 18FF00EA#10F9000005007D41
(0946688611.006135) can0 00000001#0D000000F5FF0000
(0946688611.006729) can0 00000002#D20300003C015EFD
(0946688611.010025) can0 18FF01EA#00007D007D007DFF
(0946688611.010587) can0 18FF1080#00000000
(0946688611.012143) can0 18FF00F7#E0F9000005007D40
(0946688611.015284) can0 18FF02EA#00007D007D007DFF
(0946688611.016232) can0 00000001#0D000000F5FF0000
(0946688611.016777) can0 00000002#D20300003C015EFD
(0946688611.017370) can0 18FF01F7#00007D007D007DFF
(0946688611.022243) can0 18FF02F7#00007D007D007DFF
(0946688611.026306) can0 00000001#0D000000F5FF0000
(0946688611.026878) can0 00000002#D20300003C015EFD
(0946688611.030489) can0 18FF1080#00000000
(0946688611.036401) can0 00000001#0D000000F5FF0000
(0946688611.036976) can0 00000002#D20300003C015EFD
(0946688611.046499) can0 00000001#0E000000F5FF0000
(0946688611.047051) can0 00000002#D20300003C015EFD
(0946688611.050471) can0 18FF1080#00000000
(0946688611.056584) can0 00000001#0E000000F5FF0000
(0946688611.057160) can0 00000002#D20300003C015EFD
(0946688611.066693) can0 00000001#0D000000F5FF0000
(0946688611.067242) can0 00000002#D20300003C015EFD
(0946688611.070499) can0 18FF1080#00000000
(0946688611.076752) can0 00000001#0D000000F5FF0000
(0946688611.077339) can0 00000002#D20300003C015EFD
(0946688611.086866) can0 00000001#0E000000F5FF0000
(0946688611.087481) can0 00000002#D20300003C015EFD
(0946688611.090481) can0 18FF1080#00000000
(0946688611.096950) can0 00000001#0E000000F5FF0000
(0946688611.097523) can0 00000002#D20300003C015EFD
(0946688611.105251) can0 18FF00EA#10F9000005007D41
(0946688611.107053) can0 00000001#0E000000F5FF0000
(0946688611.107626) can0 00000002#D10300003C015EFD
(0946688611.109951) can0 18FF01EA#00007D007D007DFF
(0946688611.110475) can0 18FF1080#00000000
(0946688611.112113) can0 18FF00F7#E0F9000005007D40
(0946688611.115075) can0 18FF02EA#00007D007D007DFF
(0946688611.117125) can0 18FF01F7#00007D007D007DFF
(0946688611.117705) can0 00000001#0E000000F5FF0000
(0946688611.118272) can0 00000002#D20300003C015EFD
(0946688611.122414) can0 18FF02F7#00007D007D007DFF
(0946688611.127264) can0 00000001#0E000000F5FF0000
(0946688611.127832) can0 00000002#D10300003C015EFD
(0946688611.130494) can0 18FF1080#00000000
(0946688611.137268) can0 00000001#0E000000F5FF0000
(0946688611.137839) can0 00000002#D10300003C015EFD
(0946688611.147376) can0 00000001#0E000000F5FF0000
(0946688611.147960) can0 00000002#D10300003C015EFD
(0946688611.150473) can0 18FF1080#00000000
(0946688611.157530) can0 00000001#0D000000F5FF0000
(0946688611.158107) can0 00000002#D10300003C015EFD
(0946688611.167672) can0 00000001#0E000000F5FF0000
(0946688611.168189) can0 00000002#D10300003C015EFD
(0946688611.170493) can0 18FF1080#00000000
(0946688611.177747) can0 00000001#0E000000F5FF0000
(0946688611.178307) can0 00000002#D20300003C015EFD
(0946688611.187808) can0 00000001#0E000000F5FF0000
(0946688611.188376) can0 00000002#D20300003C015EFD
(0946688611.190482) can0 18FF1080#00000000
(0946688611.197880) can0 00000001#0D000000F5FF0000
(0946688611.198474) can0 00000002#D10300003C015EFD
(0946688611.205258) can0 18FF00EA#10F9000005007D41
(0946688611.208033) can0 00000001#0D000000F5FF0000
(0946688611.208572) can0 00000002#D10300003C015EFD
(0946688611.210208) can0 18FF01EA#00007D007D007DFF
(0946688611.210651) can0 18FF1080#00000000
(0946688611.212205) can0 18FF00F7#E0F9000005007D40
(0946688611.215038) can0 18FF02EA#00007D007D007DFF
(0946688611.217071) can0 18FF01F7#00007D007D007DFF
(0946688611.218106) can0 00000001#0E000000F5FF0000
(0946688611.218675) can0 00000002#D20300003C015EFD
(0946688611.222326) can0 18FF02F7#00007D007D007DFF
(0946688611.228628) can0 00000001#0E000000F5FF0000
(0946688611.229176) can0 00000002#D20300003C015EFD
(0946688611.230491) can0 18FF1080#00000000
(0946688611.238692) can0 00000001#0D000000F5FF0000
(0946688611.239272) can0 00000002#D20300003C015EFD
(0946688611.248773) can0 00000001#0D000000F5FF0000
(0946688611.249326) can0 00000002#D20300003C015EFD
(0946688611.250483) can0 18FF1080#00000000
(0946688611.258860) can0 00000001#0D000000F5FF0000
(0946688611.259438) can0 00000002#D10300003C015EFD
(0946688611.268928) can0 00000001#0D000000F5FF0000
(0946688611.269502) can0 00000002#D10300003D015EFD
(0946688611.270495) can0 18FF1080#00000000
(0946688611.279049) can0 00000001#0E000000F5FF0000
(0946688611.279617) can0 00000002#D10300003D015EFD
(0946688611.289111) can0 00000001#0E000000F5FF0000
(0946688611.289693) can0 00000002#D10300003D015EFD
(0946688611.290459) can0 18FF1080#00000000
(0946688611.299204) can0 00000001#0D000000F5FF0000
(0946688611.299776) can0 00000002#D10300003D015DFD
(0946688611.304936) can0 18FF00EA#10F9000005007D41
(0946688611.309316) can0 00000001#0E000000F5FF0000
(0946688611.309874) can0 00000002#D10300003D015DFD
(0946688611.310476) can0 18FF01EA#00007D007D007DFF
(0946688611.310912) can0 18FF1080#00000000
(0946688611.312206) can0 18FF00F7#E0F9000005007D40
(0946688611.315028) can0 18FF02EA#00007D007D007DFF
(0946688611.317070) can0 18FF01F7#00007D007D007DFF
(0946688611.319378) can0 00000001#0E000000F5FF0000
(0946688611.319969) can0 00000002#D10300003D015DFD
(0946688611.322237) can0 18FF02F7#00007D007D007DFF
(0946688611.329471) can0 00000001#0D000000F5FF0000
(0946688611.330068) can0 00000002#D10300003D015DFD
(0946688611.330489) can0 18FF1080#00000000
(0946688611.339607) can0 00000001#0E000000F5FF0000
(0946688611.340159) can0 00000002#D10300003D015DFD
(0946688611.349692) can0 00000001#0E000000F5FF0000
(0946688611.350256) can0 00000002#D10300003D015DFD
(0946688611.350699) can0 18FF1080#00000000
(0946688611.359755) can0 00000001#0D000000F5FF0000
(0946688611.360322) can0 00000002#D20300003D015DFD
(0946688611.369966) can0 00000001#0D000000F5FF0000
(0946688611.370541) can0 18FF1080#00000000
(0946688611.371072) can0 00000002#D20300003D015DFD
(0946688611.380000) can0 00000001#0D000000F4FF0000
(0946688611.380581) can0 00000002#D10300003D015DFD
(0946688611.390128) can0 00000001#0D000000F5FF0000
(0946688611.390676) can0 00000002#D10300003D015DFD
(0946688611.391135) can0 18FF1080#00000000
(0946688611.400995) can0 00000001#0D000000F5FF0000
(0946688611.401571) can0 00000002#D10300003D015DFD
(0946688611.405262) can0 18FF00EA#10F9000005007D41
(0946688611.409911) can0 18FF01EA#00007D007D007DFF
(0946688611.410566) can0 18FF1080#00000000
(0946688611.411198) can0 00000001#0D000000F5FF0000
(0946688611.411772) can0 00000002#D20300003D015DFD
(0946688611.412327) can0 18FF00F7#E0F9000005007D40
(0946688611.415033) can0 18FF02EA#00007D007D007DFF
(0946688611.416943) can0 18FF01F7#00007D007D007DFF
(0946688611.421278) can0 00000001#0D000000F5FF0000
(0946688611.421842) can0 00000002#D20300003D015DFD
(0946688611.422465) can0 18FF02F7#00007D007D007DFF
(0946688611.430465) can0 18FF1080#00000000
(0946688611.431369) can0 00000001#0E000000F5FF0000
(0946688611.431941) can0 00000002#D20300003D015DFD
(0946688611.441519) can0 00000001#0E000000F5FF0000
(0946688611.442103) can0 00000002#D10300003D015DFD
(0946688611.450480) can0 18FF1080#00000000
(0946688611.451579) can0 00000001#0E000000F5FF0000
(0946688611.452162) can0 00000002#D10300003D015DFD
(0946688611.461703) can0 00000001#0E000000F5FF0000
(0946688611.462300) can0 00000002#D10300003D015DFD
(0946688611.470462) can0 18FF1080#00000000
(0946688611.471804) can0 00000001#0E000000F5FF0000
(0946688611.472352) can0 00000002#D10300003D015DFD
(0946688611.481879) can0 00000001#0E000000F5FF0000
(0946688611.482450) can0 00000002#D10300003D015DFD
(0946688611.490492) can0 18FF1080#00000000
(0946688611.492086) can0 00000001#0E000000F5FF0000
(0946688611.492649) can0 00000002#D10300003D015DFD
(0946688611.502168) can0 00000001#0E000000F5FF0000
(0946688611.502741) can0 00000002#D10300003D015DFD
(0946688611.505143) can0 18FF00EA#10F9000005007D41
(0946688611.510205) can0 18FF01EA#00007D007D007DFF
(0946688611.510625) can0 18FF1080#00000000
(0946688611.512224) can0 18FF00F7#E0F9000005007D40
(0946688611.512816) can0 00000001#0E000000F5FF0000
(0946688611.513352) can0 00000002#D10300003D015DFD
(0946688611.515337) can0 18FF02EA#00007D007D007DFF
(0946688611.517079) can0 18FF01F7#00007D007D007DFF
(0946688611.522378) can0 18FF02F7#00007D007D007DFF
(0946688611.522959) can0 00000001#0E000000F5FF0000
(0946688611.523541) can0 00000002#D10300003D015DFD
(0946688611.530462) can0 18FF1080#00000000
(0946688611.532453) can0 00000001#0D000000F5FF0000
(0946688611.533069) can0 00000002#D10300003D015DFD
(0946688611.542568) can0 00000001#0D000000F5FF0000
(0946688611.543111) can0 00000002#D10300003D015DFD
(0946688611.550474) can0 18FF1080#00000000
(0946688611.553396) can0 00000001#0D000000F5FF0000
(0946688611.553968) can0 00000002#D10300003E015DFD
(0946688611.563511) can0 00000001#0D000000F5FF0000
(0946688611.564071) can0 00000002#D10300003E015DFD
(0946688611.570463) can0 18FF1080#00000000
(0946688611.573584) can0 00000001#0D000000F5FF0000
(0946688611.574195) can0 00000002#D10300003E015DFD
(0946688611.583676) can0 00000001#0D000000F4FF0000
(0946688611.584284) can0 00000002#D10300003E015DFD
(0946688611.590489) can0 18FF1080#00000000
(0946688611.593791) can0 00000001#0D000000F4FF0000
(0946688611.594359) can0 00000002#D10300003E015CFD
(0946688611.603906) can0 00000001#0E000000F4FF0000
(0946688611.604446) can0 00000002#D10300003E015CFD
(0946688611.605173) can0 18FF00EA#10F9000005007D41
(0946688611.610030) can0 18FF01EA#00007D007D007DFF
(0946688611.610568) can0 18FF1080#00000000
(0946688611.612210) can0 18FF00F7#E0F9000005007D40
(0946688611.613993) can0 00000001#0E000000F4FF0000
(0946688611.614595) can0 00000002#D10300003E015CFD
(0946688611.615355) can0 18FF02EA#00007D007D007DFF
(0946688611.616993) can0 18FF01F7#00007D007D007DFF
(0946688611.622123) can0 18FF02F7#00007D007D007DFF
(0946688611.624107) can0 00000001#0E000000F4FF0000
(0946688611.624682) can0 00000002#D10300003E015CFD
(0946688611.630480) can0 18FF1080#00000000
(0946688611.634193) can0 00000001#0E000000F5FF0000
(0946688611.634768) can0 00000002#D20300003E015CFD
(0946688611.644262) can0 00000001#0E000000F5FF0000
(0946688611.644812) can0 00000002#D20300003E015CFD
(0946688611.650479) can0 18FF1080#00000000
(0946688611.654397) can0 00000001#0E000000F5FF0000
(0946688611.654967) can0 00000002#D20300003E015CFD
(0946688611.664467) can0 00000001#0E000000F5FF0000
(0946688611.665031) can0 00000002#D20300003E015CFD
(0946688611.670460) can0 18FF1080#00000000
(0946688611.674583) can0 00000001#0E000000F5FF0000
(0946688611.675121) can0 00000002#D10300003E015CFD
(0946688611.684601) can0 00000001#0E000000F5FF0000
(0946688611.685192) can0 00000002#D10300003E015CFD
(0946688611.690494) can0 18FF1080#00000000
(0946688611.694744) can0 00000001#0E000000F5FF0000
(0946688611.695301) can0 00000002#D10300003E015CFD
(0946688611.704868) can0 00000001#0E000000F5FF0000
(0946688611.705443) can0 00000002#D10300003E015CFD
(0946688611.706015) can0 18FF00EA#10F9000005007D41
(0946688611.710014) can0 18FF01EA#00007D007D007DFF
(0946688611.710566) can0 18FF1080#00000000
(0946688611.712265) can0 18FF00F7#E0F9000005007D40
(0946688611.714949) can0 00000001#0D000000F5FF0000
(0946688611.715498) can0 00000002#D20300003E015CFD
(0946688611.716075) can0 18FF02EA#00007D007D007DFF
(0946688611.717118) can0 18FF01F7#00007D007D007DFF
(0946688611.722068) can0 18FF02F7#00007D007D007DFF
(0946688611.725022) can0 00000001#0D000000F5FF0000
(0946688611.725585) can0 00000002#D20300003E015CFD
(0946688611.730503) can0 18FF1080#00000000
(0946688611.735098) can0 00000001#0D000000F5FF0000
(0946688611.735682) can0 00000002#D20300003E015CFD
(0946688611.745190) can0 00000001#0D000000F5FF0000
(0946688611.745786) can0 00000002#D10300003E015CFD
(0946688611.750491) can0 18FF1080#00000000
(0946688611.755913) can0 00000001#0E000000F5FF0000
(0946688611.756469) can0 00000002#D10300003E015CFD
(0946688611.765989) can0 00000001#0D000000F5FF0000
(0946688611.766549) can0 00000002#D10300003E015CFD
(0946688611.770461) can0 18FF1080#00000000
(0946688611.776112) can0 00000001#0E000000F5FF0000
(0946688611.776718) can0 00000002#D20300003E015CFD
(0946688611.786229) can0 00000001#0D000000F5FF0000
(0946688611.786808) can0 00000002#D10300003E015CFD
(0946688611.790520) can0 18FF1080#00000000
(0946688611.796341) can0 00000001#0E000000F5FF0000
(0946688611.796915) can0 00000002#D10300003E015CFD
(0946688611.805098) can0 18FF00EA#10F9000005007D41
(0946688611.806442) can0 00000001#0E000000F5FF0000
(0946688611.806980) can0 00000002#D10300003E015CFD
(0946688611.810093) can0 18FF01EA#00007D007D007DFF
(0946688611.810523) can0 18FF1080#00000000
(0946688611.812244) can0 18FF00F7#E0F9000005007D40
(0946688611.814912) can0 18FF02EA#00007D007D007DFF
(0946688611.816558) can0 00000001#0E000000F5FF0000
(0946688611.817132) can0 00000002#D20300003E015CFD
(0946688611.817734) can0 18FF01F7#00007D007D007DFF
(0946688611.822309) can0 18FF02F7#00007D007D007DFF
(0946688611.826650) can0 00000001#0E000000F5FF0000
(0946688611.827237) can0 00000002#D10300003E015CFD
(0946688611.830479) can0 18FF1080#00000000
(0946688611.836707) can0 00000001#0D000000F5FF0000
(0946688611.837283) can0 00000002#D10300003E015CFD
(0946688611.846833) can0 00000001#0E000000F5FF0000
(0946688611.847394) can0 00000002#D10300003E015CFD
(0946688611.850458) can0 18FF1080#00000000
(0946688611.856907) can0 00000001#0D000000F5FF0000
(0946688611.857479) can0 00000002#D20300003E015CFD
(0946688611.867027) can0 00000001#0D000000F5FF0000
(0946688611.867596) can0 00000002#D10300003E015CFD
(0946688611.870448) can0 18FF1080#00000000
(0946688611.877113) can0 00000001#0D000000F5FF0000
(0946688611.877681) can0 00000002#D20300003E015CFD
(0946688611.887228) can0 00000001#0E000000F5FF0000
(0946688611.887799) can0 00000002#D10300003E015CFD
(0946688611.890487) can0 18FF1080#00000000
(0946688611.897315) can0 00000001#0E000000F5FF0000
(0946688611.897867) can0 00000002#D20300003E015CFD
(0946688611.905016) can0 18FF00EA#10F9000005007D41
(0946688611.907375) can0 00000001#0E000000F5FF0000
(0946688611.907960) can0 00000002#D20300003F015BFD
(0946688611.909908) can0 18FF01EA#00007D007D007DFF
(0946688611.910485) can0 18FF1080#00000000
(0946688611.911966) can0 18FF00F7#E0F9000005007D40
(0946688611.915128) can0 18FF02EA#00007D007D007DFF
(0946688611.916958) can0 18FF01F7#00007D007D007DFF
(0946688611.917503) can0 00000001#0E000000F5FF0000
(0946688611.918087) can0 00000002#D20300003F015BFD
(0946688611.922367) can0 18FF02F7#00007D007D007DFF
(0946688611.928312) can0 00000001#0E000000F5FF0000
(0946688611.928897) can0 00000002#D20300003F015BFD
(0946688611.930458) can0 18FF1080#00000000
(0946688611.938471) can0 00000001#0E000000F5FF0000
(0946688611.939029) can0 00000002#D10300003F015BFD
(0946688611.948538) can0 00000001#0E000000F5FF0000
(0946688611.949146) can0 00000002#D10300003F015BFD
(0946688611.950491) can0 18FF1080#00000000
(0946688611.958648) can0 00000001#0D000000F5FF0000
(0946688611.959219) can0 00000002#D10300003F015BFD
(0946688611.968712) can0 00000001#0D000000F5FF0000
(0946688611.969315) can0 00000002#D10300003F015BFD
(0946688611.970475) can0 18FF1080#00000000
(0946688611.978846) can0 00000001#0E000000F5FF0000
(0946688611.979439) can0 00000002#D10300003F015BFD
(0946688611.988930) can0 00000001#0D000000F5FF0000
(0946688611.989472) can0 00000002#D10300003F015BFD
(0946688611.990459) can0 18FF1080#00000000
(0946688611.998994) can0 00000001#0D000000F5FF0000
(0946688611.999586) can0 00000002#D10300003F015BFD
(0946688612.005010) can0 18FF00EA#10F9000005007D41
(0946688612.009096) can0 00000001#0E000000F5FF0000
(0946688612.009691) can0 00000002#D10300003F015BFD
(0946688612.010268) can0 18FF01EA#00007D007D007DFF
(0946688612.010712) can0 18FF1080#00000000
(0946688612.012225) can0 18FF00F7#E0F9000005007D40
(0946688612.014914) can0 18FF02EA#00007D007D007DFF
(0946688612.016957) can0 18FF01F7#00007D007D007DFF
(0946688612.019184) can0 00000001#0D000000F5FF0000
(0946688612.019771) can0 00000002#D10300003F015BFD
(0946688612.022136) can0 18FF02F7#00007D007D007DFF
(0946688612.029266) can0 00000001#0D000000F5FF0000
(0946688612.029855) can0 00000002#D10300003F015BFD
(0946688612.030471) can0 18FF1080#00000000
(0946688612.039408) can0 00000001#0D000000F5FF0000
(0946688612.039985) can0 00000002#D10300003F015BFD
(0946688612.049473) can0 00000001#0D000000F5FF0000
(0946688612.050056) can0 00000002#D10300003F015BFD
(0946688612.050494) can0 18FF1080#00000000
(0946688612.059609) can0 00000001#0D000000F5FF0000
(0946688612.060181) can0 00000002#D20300003F015BFD
(0946688612.069776) can0 00000001#0E000000F5FF0000
(0946688612.070332) can0 00000002#D10300003F015BFD
(0946688612.070791) can0 18FF1080#00000000
(0946688612.079838) can0 00000001#0E000000F5FF0000
(0946688612.080443) can0 00000002#D10300003F015BFD
(0946688612.089946) can0 00000001#0E000000F5FF0000
(0946688612.090520) can0 00000002#D10300003F015BFD
(0946688612.090971) can0 18FF1080#00000000
(0946688612.100124) can0 00000001#0E000000F5FF0000
(0946688612.101315) can0 00000002#D10300003F015BFD
(0946688612.105323) can0 18FF00EA#10F9000005007D41
(0946688612.110137) can0 18FF01EA#00007D007D007DFF
(0946688612.110721) can0 00000001#0D000000F5FF0000
(0946688612.111264) can0 00000002#D10300003F015BFD
(0946688612.111707) can0 18FF1080#00000000
(0946688612.112307) can0 18FF00F7#E0F9000005007D40
(0946688612.115250) can0 18FF02EA#00007D007D007DFF
(0946688612.117135) can0 18FF01F7#00007D007D007DFF
(0946688612.120297) can0 00000001#0D000000F5FF0000
(0946688612.120840) can0 00000002#D10300003F015BFD
(0946688612.122113) can0 18FF02F7#00007D007D007DFF
(0946688612.130472) can0 18FF1080#00000000
(0946688612.131031) can0 00000001#0D000000F5FF0000
(0946688612.131618) can0 00000002#D10300003F015BFD
(0946688612.141083) can0 00000001#0D000000F5FF0000
(0946688612.141617) can0 00000002#D10300003F015BFD
(0946688612.150461) can0 18FF1080#00000000
(0946688612.151130) can0 00000001#0E000000F5FF0000
(0946688612.151721) can0 00000002#D10300003F015BFD
(0946688612.161219) can0 00000001#0E000000F5FF0000
(0946688612.161807) can0 00000002#D10300003F015BFD
(0946688612.170482) can0 18FF1080#00000000
(0946688612.171342) can0 00000001#0D000000F5FF0000
(0946688612.171904) can0 00000002#D10300003F015BFD
(0946688612.181363) can0 00000001#0E000000F5FF0000
(0946688612.181966) can0 00000002#D10300003F015BFD
(0946688612.190460) can0 18FF1080#00000000
(0946688612.191460) can0 00000001#0E000000F5FF0000
(0946688612.192063) can0 00000002#D10300003F015BFD
(0946688612.201572) can0 00000001#0D000000F5FF0000
(0946688612.202113) can0 00000002#D20300003F015BFD
(0946688612.204892) can0 18FF00EA#10F9000005007D41
(0946688612.210142) can0 18FF01EA#00007D007D007DFF
(0946688612.210571) can0 18FF1080#00000000
(0946688612.211655) can0 00000001#0D000000F5FF0000
(0946688612.212196) can0 00000002#D20300003F015BFD
(0946688612.212832) can0 18FF00F7#E0F9000005007D40
(0946688612.215353) can0 18FF02EA#00007D007D007DFF
(0946688612.216916) can0 18FF01F7#00007D007D007DFF
(0946688612.221739) can0 00000001#0D000000F5FF0000
(0946688612.222310) can0 00000002#D10300003F015BFD
(0946688612.222912) can0 18FF02F7#00007D007D007DFF
(0946688612.230444) can0 18FF1080#00000000
(0946688612.231820) can0 00000001#0D000000F5FF0000
(0946688612.232397) can0 00000002#D10300003F015BFD
(0946688612.241926) can0 00000001#0E000000F5FF0000
(0946688612.242514) can0 00000002#D10300003F015BFD
(0946688612.250458) can0 18FF1080#00000000
(0946688612.252007) can0 00000001#0D000000F5FF0000
(0946688612.252583) can0 00000002#D203000040015AFD
(0946688612.262104) can0 00000001#0D000000F5FF0000
(0946688612.262682) can0 00000002#D203000040015AFD
(0946688612.270575) can0 18FF1080#00000000
(0946688612.272216) can0 00000001#0E000000F5FF0000
(0946688612.272817) can0 00000002#D203000040015AFD
(0946688612.282343) can0 00000001#0E000000F5FF0000
(0946688612.282935) can0 00000002#D103000040015AFD
(0946688612.290457) can0 18FF1080#00000000
(0946688612.292452) can0 00000001#0E000000F5FF0000
(0946688612.293014) can0 00000002#D103000040015AFD
(0946688612.303473) can0 00000001#0E000000F5FF0000
(0946688612.304054) can0 00000002#D103000040015AFD
(0946688612.305149) can0 18FF00EA#10F9000005007D41
(0946688612.310011) can0 18FF01EA#00007D007D007DFF
(0946688612.310525) can0 18FF1080#00000000
(0946688612.312025) can0 18FF00F7#E0F9000005007D40
(0946688612.313569) can0 00000001#0E000000F5FF0000
(0946688612.314154) can0 00000002#D103000040015AFD
(0946688612.315102) can0 18FF02EA#00007D007D007DFF
(0946688612.317148) can0 18FF01F7#00007D007D007DFF
(0946688612.322376) can0 18FF02F7#00007D007D007DFF
(0946688612.323700) can0 00000001#0E000000F5FF0000
(0946688612.324293) can0 00000002#D203000040015AFD
(0946688612.330443) can0 18FF1080#00000000
(0946688612.333754) can0 00000001#0E000000F5FF0000
(0946688612.334327) can0 00000002#D203000040015AFD
(0946688612.343876) can0 00000001#0E000000F5FF0000
(0946688612.344437) can0 00000002#D203000040015AFD
(0946688612.350444) can0 18FF1080#00000000
(0946688612.353967) can0 00000001#0E000000F5FF0000
(0946688612.354531) can0 00000002#D103000040015AFD
(0946688612.364021) can0 00000001#0D000000F5FF0000
(0946688612.364608) can0 00000002#D103000040015AFD
(0946688612.370485) can0 18FF1080#00000000
(0946688612.374130) can0 00000001#0D000000F5FF0000
(0946688612.374700) can0 00000002#D103000040015AFD
(0946688612.384218) can0 00000001#0E000000F5FF0000
(0946688612.384810) can0 00000002#D203000040015AFD
(0946688612.390474) can0 18FF1080#00000000
(0946688612.394307) can0 00000001#0E000000F5FF0000
(0946688612.394867) can0 00000002#D203000040015AFD
(0946688612.404379) can0 00000001#0D000000F5FF0000
(0946688612.404949) can0 00000002#D103000040015AFD
(0946688612.405551) can0 18FF00EA#10F9000005007D41
(0946688612.409987) can0 18FF01EA#00007D007D007DFF
(0946688612.410531) can0 18FF1080#00000000
(0946688612.412146) can0 18FF00F7#E0F9000005007D40
(0946688612.414526) can0 00000001#0D000000F5FF0000
(0946688612.415094) can0 00000002#D103000040015AFD
(0946688612.415673) can0 18FF02EA#00007D007D007DFF
(0946688612.416974) can0 18FF01F7#00007D007D007DFF
(0946688612.422375) can0 18FF02F7#00007D007D007DFF
(0946688612.424607) can0 00000001#0E000000F5FF0000
(0946688612.425172) can0 00000002#D103000040015AFD
(0946688612.430482) can0 18FF1080#00000000
(0946688612.434703) can0 00000001#0D000000F5FF0000
(0946688612.435308) can0 00000002#D103000040015AFD
(0946688612.444803) can0 00000001#0E000000F5FF0000
(0946688612.445346) can0 00000002#D103000040015AFD
(0946688612.450469) can0 18FF1080#00000000
(0946688612.454885) can0 00000001#0E000000F5FF0000
(0946688612.455436) can0 00000002#D103000040015AFD
(0946688612.464966) can0 00000001#0E000000F5FF0000
(0946688612.465848) can0 00000002#D103000040015AFD
(0946688612.470487) can0 18FF1080#00000000
(0946688612.475070) can0 00000001#0E000000F5FF0000
(0946688612.475649) can0 00000002#D203000040015AFD
(0946688612.485771) can0 00000001#0E000000F5FF0000
(0946688612.486331) can0 00000002#D203000040015AFD
(0946688612.490456) can0 18FF1080#00000000
(0946688612.495894) can0 00000001#0E000000F5FF0000
(0946688612.496450) can0 00000002#D103000040015AFD
(0946688612.505283) can0 18FF00EA#10F9000005007D41
(0946688612.505971) can0 00000001#0D000000F5FF0000
(0946688612.506513) can0 00000002#D203000040015AFD
(0946688612.510052) can0 18FF01EA#00007D007D007DFF
(0946688612.510582) can0 18FF1080#00000000
(0946688612.512286) can0 18FF00F7#E0F9000005007D40
(0946688612.515068) can0 18FF02EA#00007D007D007DFF
(0946688612.516052) can0 00000001#0D000000F5FF0000
(0946688612.516616) can0 00000002#D203000040015AFD
(0946688612.517222) can0 18FF01F7#00007D007D007DFF
(0946688612.522141) can0 18FF02F7#00007D007D007DFF
(0946688612.526130) can0 00000001#0D000000F5FF0000
(0946688612.526697) can0 00000002#D103000040015AFD
(0946688612.530480) can0 18FF1080#00000000
(0946688612.536233) can0 00000001#0D000000F5FF0000
(0946688612.536818) can0 00000002#D103000040015AFD
(0946688612.546301) can0 00000001#0D000000F5FF0000
(0946688612.546877) can0 00000002#D103000040015AFD
(0946688612.550455) can0 18FF1080#00000000
(0946688612.556458) can0 00000001#0D000000F5FF0000
(0946688612.557001) can0 00000002#D103000040015AFD
(0946688612.566515) can0 00000001#0E000000F4FF0000
(0946688612.567075) can0 00000002#D103000040015AFD
(0946688612.570456) can0 18FF1080#00000000
(0946688612.576603) can0 00000001#0E000000F4FF0000
(0946688612.577179) can0 00000002#D103000041015AFD
(0946688612.586696) can0 00000001#0E000000F4FF0000
(0946688612.587318) can0 00000002#D103000041015AFD
(0946688612.590475) can0 18FF1080#00000000
(0946688612.596802) can0 00000001#0E000000F4FF0000
(0946688612.597346) can0 00000002#D103000041015AFD
(0946688612.604908) can0 18FF00EA#10F9000005007D41
(0946688612.606870) can0 00000001#0D000000F5FF0000
(0946688612.607439) can0 00000002#D103000041015AFD
(0946688612.610120) can0 18FF01EA#00007D007D007DFF
(0946688612.610549) can0 18FF1080#00000000
(0946688612.611918) can0 18FF00F7#E0F9000005007D40
(0946688612.614902) can0 18FF02EA#00007D007D007DFF
(0946688612.616969) can0 00000001#0D000000F5FF0000
(0946688612.617512) can0 00000002#D1030000410159FD
(0946688612.618117) can0 18FF01F7#00007D007D007DFF
(0946688612.622027) can0 18FF02F7#00007D007D007DFF
(0946688612.627048) can0 00000001#0D000000F5FF0000
(0946688612.627647) can0 00000002#D1030000410159FD
(0946688612.630453) can0 18FF1080#00000000
(0946688612.637132) can0 00000001#0D000000F5FF0000
(0946688612.637721) can0 00000002#D1030000410159FD
(0946688612.647242) can0 00000001#0D000000F5FF0000
(0946688612.647819) can0 00000002#D2030000410159FD
(0946688612.650453) can0 18FF1080#00000000
(0946688612.657324) can0 00000001#0D000000F5FF0000
(0946688612.657896) can0 00000002#D2030000410159FD
(0946688612.667440) can0 00000001#0D000000F5FF0000
(0946688612.667990) can0 00000002#D2030000410159FD
(0946688612.670452) can0 18FF1080#00000000
(0946688612.678342) can0 00000001#0D000000F5FF0000
(0946688612.678953) can0 00000002#D2030000410159FD
(0946688612.688488) can0 00000001#0D000000F5FF0000
(0946688612.689044) can0 00000002#D1030000410159FD
(0946688612.690476) can0 18FF1080#00000000
(0946688612.698515) can0 00000001#0D000000F5FF0000
(0946688612.699111) can0 00000002#D1030000410159FD
(0946688612.705022) can0 18FF00EA#10F9000005007D41
(0946688612.708642) can0 00000001#0E000000F5FF0000
(0946688612.709216) can0 00000002#D2030000410159FD
(0946688612.710081) can0 18FF01EA#00007D007D007DFF
(0946688612.710515) can0 18FF1080#00000000
(0946688612.712239) can0 18FF00F7#E0F9000005007D40
(0946688612.715276) can0 18FF02EA#00007D007D007DFF
(0946688612.717105) can0 18FF01F7#00007D007D007DFF
(0946688612.718743) can0 00000001#0E000000F5FF0000
(0946688612.719313) can0 00000002#D1030000410159FD
(0946688612.722071) can0 18FF02F7#00007D007D007DFF
(0946688612.728783) can0 00000001#0D000000F4FF0000
(0946688612.729345) can0 00000002#D1030000410159FD
(0946688612.730483) can0 18FF1080#00000000
(0946688612.738863) can0 00000001#0D000000F4FF0000
(0946688612.739436) can0 00000002#D1030000410159FD
(0946688612.749038) can0 00000001#0E000000F5FF0000
(0946688612.749621) can0 00000002#D1030000410159FD
(0946688612.750476) can0 18FF1080#00000000
(0946688612.759065) can0 00000001#0E000000F5FF0000
(0946688612.759636) can0 00000002#D1030000410159FD
(0946688612.769149) can0 00000001#0E000000F5FF0000
(0946688612.769743) can0 00000002#D1030000410159FD
(0946688612.770454) can0 18FF1080#00000000
(0946688612.779247) can0 00000001#0E000000F5FF0000
(0946688612.779817) can0 00000002#D2030000410159FD
(0946688612.789319) can0 00000001#0E000000F5FF0000
(0946688612.789904) can0 00000002#D2030000410159FD
(0946688612.790479) can0 18FF1080#00000000
(0946688612.799408) can0 00000001#0D000000F5FF0000
(0946688612.799982) can0 00000002#D2030000410159FD
(0946688612.805196) can0 18FF00EA#10F9000005007D41
(0946688612.809515) can0 00000001#0D000000F5FF0000
(0946688612.810086) can0 00000002#D2030000410159FD
(0946688612.810690) can0 18FF01EA#00007D007D007DFF
(0946688612.811152) can0 18FF1080#00000000
(0946688612.812116) can0 18FF00F7#E0F9000005007D40
(0946688612.814898) can0 18FF02EA#00007D007D007DFF
(0946688612.817024) can0 18FF01F7#00007D007D007DFF
(0946688612.819620) can0 00000001#0E000000F5FF0000
(0946688612.820189) can0 00000002#D2030000410159FD
(0946688612.822322) can0 18FF02F7#00007D007D007DFF
(0946688612.829700) can0 00000001#0D000000F5FF0000
(0946688612.830240) can0 00000002#D1030000410159FD
(0946688612.830696) can0 18FF1080#00000000
(0946688612.839776) can0 00000001#0D000000F5FF0000
(0946688612.840318) can0 00000002#D2030000410159FD
(0946688612.849852) can0 00000001#0D000000F5FF0000
(0946688612.850438) can0 00000002#D1030000410159FD
(0946688612.850873) can0 18FF1080#00000000
(0946688612.860800) can0 00000001#0D000000F5FFFFFF
(0946688612.861362) can0 00000002#D1030000410159FD
(0946688612.870454) can0 18FF1080#00000000
(0946688612.871053) can0 00000001#0D000000F5FFFFFF
(0946688612.871617) can0 00000002#D1030000410159FD
(0946688612.881088) can0 00000001#0E000000F5FF0000
(0946688612.881635) can0 00000002#D1030000410159FD
(0946688612.890483) can0 18FF1080#00000000
(0946688612.891213) can0 00000001#0E000000F5FF0000
(0946688612.891775) can0 00000002#D1030000410159FD
(0946688612.901251) can0 00000001#0E000000F5FF0000
(0946688612.901820) can0 00000002#D1030000410159FD
(0946688612.905076) can0 18FF00EA#10F9000005007D41
(0946688612.909865) can0 18FF01EA#00007D007D007DFF
(0946688612.910450) can0 18FF1080#00000000
(0946688612.911338) can0 00000001#0E000000F5FF0000
(0946688612.911903) can0 00000002#D1030000410159FD
(0946688612.912508) can0 18FF00F7#E0F9000005007D40
(0946688612.915241) can0 18FF02EA#00007D007D007DFF
(0946688612.917027) can0 18FF01F7#00007D007D007DFF
(0946688612.921489) can0 00000001#0E000000F5FF0000
(0946688612.922057) can0 00000002#D1030000410159FD
(0946688612.922630) can0 18FF02F7#00007D007D007DFF
(0946688612.930454) can0 18FF1080#00000000
(0946688612.931526) can0 00000001#0E000000F5FF0000
(0946688612.932119) can0 00000002#D1030000410159FD
(0946688612.941586) can0 00000001#0D000000F5FF0000
(0946688612.942169) can0 00000002#D1030000420159FD
(0946688612.950475) can0 18FF1080#00000000
(0946688612.951732) can0 00000001#0D000000F5FF0000
(0946688612.952268) can0 00000002#D1030000420159FD
(0946688612.961802) can0 00000001#0D000000F5FF0000
(0946688612.962345) can0 00000002#D1030000420159FD
(0946688612.970466) can0 18FF1080#00000000
(0946688612.971883) can0 00000001#0D000000F5FF0000
(0946688612.972455) can0 00000002#D1030000420158FD
(0946688612.981992) can0 00000001#0D000000F5FF0000
(0946688612.982565) can0 00000002#D1030000420158FD
(0946688612.990482) can0 18FF1080#00000000
(0946688612.992078) can0 00000001#0E000000F5FF0000
(0946688612.992628) can0 00000002#D1030000420158FD
(0946688613.002204) can0 00000001#0E000000F5FF0000
(0946688613.002771) can0 00000002#D1030000420158FD
(0946688613.004986) can0 18FF00EA#10F9000005007D41
(0946688613.010078) can0 18FF01EA#00007D007D007DFF
(0946688613.010511) can0 18FF1080#00000000
(0946688613.012200) can0 18FF00F7#E0F9000005007D40
(0946688613.012805) can0 00000001#0E000000F5FF0000
(0946688613.013351) can0 00000002#D2030000420158FD
(0946688613.015244) can0 18FF02EA#00007D007D007DFF
(0946688613.016898) can0 18FF01F7#00007D007D007DFF
(0946688613.022102) can0 18FF02F7#00007D007D007DFF
(0946688613.022706) can0 00000001#0E000000F5FF0000
(0946688613.023269) can0 00000002#D2030000420158FD
(0946688613.030453) can0 18FF1080#00000000
(0946688613.032451) can0 00000001#0E000000F5FF0000
(0946688613.033306) can0 00000002#D2030000420158FD
(0946688613.042522) can0 00000001#0E000000F5FF0000
(0946688613.043109) can0 00000002#D1030000420158FD
(0946688613.050477) can0 18FF1080#00000000
(0946688613.052712) can0 00000001#0E000000F5FF0000
(0946688613.053269) can0 00000002#D1030000420158FD
(0946688613.063237) can0 00000001#0E000000F5FF0000
(0946688613.063823) can0 00000002#D1030000420158FD
(0946688613.070462) can0 18FF1080#00000000
(0946688613.073760) can0 00000001#0E000000F5FF0000
(0946688613.074339) can0 00000002#D1030000420158FD
(0946688613.083815) can0 00000001#0D000000F5FF0000
(0946688613.084380) can0 00000002#D1030000420158FD
(0946688613.090447) can0 18FF1080#00000000
(0946688613.093927) can0 00000001#0D000000F5FF0000
(0946688613.094500) can0 00000002#D1030000420158FD
(0946688613.104026) can0 00000001#0D000000F5FF0000
(0946688613.104591) can0 00000002#D1030000420158FD
(0946688613.105176) can0 18FF00EA#10F9000005007D41
(0946688613.110122) can0 18FF01EA#00007D007D007DFF
(0946688613.110562) can0 18FF1080#00000000
(0946688613.112037) can0 18FF00F7#E0F9000005007D40
(0946688613.114116) can0 00000001#0D000000F5FF0000
(0946688613.114702) can0 00000002#D1030000420158FD
(0946688613.115347) can0 18FF02EA#00007D007D007DFF
(0946688613.117120) can0 18FF01F7#00007D007D007DFF
(0946688613.121982) can0 18FF02F7#00007D007D007DFF
(0946688613.124204) can0 00000001#0D000000F5FF0000
(0946688613.124782) can0 00000002#D1030000420158FD
(0946688613.130459) can0 18FF1080#00000000
(0946688613.134302) can0 00000001#0E000000F5FF0000
(0946688613.134877) can0 00000002#D1030000420158FD
(0946688613.144446) can0 00000001#0D000000F5FF0000
(0946688613.144997) can0 00000002#D1030000420158FD
(0946688613.150446) can0 18FF1080#00000000
(0946688613.154510) can0 00000001#0D000000F5FF0000
(0946688613.155071) can0 00000002#D1030000420158FD
(0946688613.164586) can0 00000001#0D000000F5FF0000
(0946688613.165148) can0 00000002#D1030000420158FD
(0946688613.170462) can0 18FF1080#00000000
(0946688613.174686) can0 00000001#0E000000F5FF0000
(0946688613.175270) can0 00000002#D1030000420158FD
(0946688613.184775) can0 00000001#0D000000F5FF0000
(0946688613.185341) can0 00000002#D1030000420158FD
(0946688613.190446) can0 18FF1080#00000000
(0946688613.194866) can0 00000001#0E000000F5FF0000
(0946688613.195438) can0 00000002#D1030000420158FD
(0946688613.204860) can0 18FF00EA#10F9000005007D41
(0946688613.205430) can0 00000001#0D000000F5FF0000
(0946688613.206026) can0 00000002#D1030000420158FD
(0946688613.209954) can0 18FF01EA#00007D007D007DFF
(0946688613.210484) can0 18FF1080#00000000
(0946688613.212043) can0 18FF00F7#E0F9000005007D40
(0946688613.214899) can0 18FF02EA#00007D007D007DFF
(0946688613.215442) can0 00000001#0D000000F5FF0000
(0946688613.216003) can0 00000002#D1030000420158FD
(0946688613.217110) can0 18FF01F7#00007D007D007DFF
(0946688613.222286) can0 18FF02F7#00007D007D007DFF
(0946688613.225831) can0 00000001#0D000000F5FF0000
(0946688613.226407) can0 00000002#D1030000420158FD
(0946688613.230446) can0 18FF1080#00000000
(0946688613.235971) can0 00000001#0D000000F5FF0000
(0946688613.236532) can0 00000002#D1030000420158FD
(0946688613.246038) can0 00000001#0D000000F5FF0000
(0946688613.246606) can0 00000002#D1030000430158FD
(0946688613.250443) can0 18FF1080#00000000
(0946688613.256128) can0 00000001#0D000000F5FF0000
(0946688613.256724) can0 00000002#D1030000430158FD
(0946688613.266236) can0 00000001#0D000000F5FF0000
(0946688613.266801) can0 00000002#D1030000430157FD
(0946688613.270460) can0 18FF1080#00000000
(0946688613.276319) can0 00000001#0D000000F5FF0000
(0946688613.276860) can0 00000002#D1030000430157FD
(0946688613.286403) can0 00000001#0D000000F5FF0000
(0946688613.286991) can0 00000002#D1030000430157FD
(0946688613.290450) can0 18FF1080#00000000
(0946688613.296523) can0 00000001#0E000000F5FF0000
(0946688613.297087) can0 00000002#D2030000430157FD
(0946688613.304857) can0 18FF00EA#10F9000005007D41
(0946688613.306596) can0 00000001#0E000000F5FF0000
(0946688613.307166) can0 00000002#D2030000430157FD
(0946688613.310078) can0 18FF01EA#00007D007D007DFF
(0946688613.310483) can0 18FF1080#00000000
(0946688613.312223) can0 18FF00F7#E0F9000005007D40
(0946688613.315033) can0 18FF02EA#00007D007D007DFF
(0946688613.316715) can0 00000001#0E000000F5FF0000
(0946688613.317265) can0 00000002#D1030000430157FD
(0946688613.317897) can0 18FF01F7#00007D007D007DFF
(0946688613.322329) can0 18FF02F7#00007D007D007DFF
(0946688613.326778) can0 00000001#0E000000F5FF0000
(0946688613.327356) can0 00000002#D1030000430157FD
(0946688613.330458) can0 18FF1080#00000000
(0946688613.336877) can0 00000001#0D000000F5FF0000
(0946688613.337422) can0 00000002#D1030000430157FD
(0946688613.346964) can0 00000001#0D000000F5FF0000
(0946688613.347527) can0 00000002#D1030000430157FD
(0946688613.350444) can0 18FF1080#00000000
(0946688613.357073) can0 00000001#0D000000F5FF0000
(0946688613.357626) can0 00000002#D1030000430157FD
(0946688613.367156) can0 00000001#0D000000F5FF0000
(0946688613.367699) can0 00000002#D1030000430157FD
(0946688613.370466) can0 18FF1080#00000000
(0946688613.377205) can0 00000001#0D000000F5FF0000
(0946688613.377806) can0 00000002#D1030000430157FD
(0946688613.387375) can0 00000001#0D000000F5FF0000
(0946688613.388591) can0 00000002#D1030000430157FD
(0946688613.390445) can0 18FF1080#00000000
(0946688613.397443) can0 00000001#0D000000F5FF0000
(0946688613.398001) can0 00000002#D2030000430157FD
(0946688613.404867) can0 18FF00EA#10F9000005007D41
(0946688613.407502) can0 00000001#0D000000F5FF0000
(0946688613.408060) can0 00000002#D2030000430157FD
(0946688613.410091) can0 18FF01EA#00007D007D007DFF
(0946688613.410525) can0 18FF1080#00000000
(0946688613.412001) can0 18FF00F7#E0F9000005007D40
(0946688613.415279) can0 18FF02EA#00007D007D007DFF
(0946688613.417091) can0 18FF01F7#00007D007D007DFF
(0946688613.417689) can0 00000001#0E000000F6FF0000
(0946688613.418253) can0 00000002#D2030000430157FD
(0946688613.421938) can0 18FF02F7#00007D007D007DFF
(0946688613.427715) can0 00000001#0E000000F6FF0000
(0946688613.428254) can0 00000002#D2030000430157FD
(0946688613.430472) can0 18FF1080#00000000
(0946688613.438316) can0 00000001#0E000000F6FF0000
(0946688613.438882) can0 00000002#D2030000430157FD
(0946688613.448399) can0 00000001#0E000000F6FF0000
(0946688613.448984) can0 00000002#D2030000430157FD
(0946688613.450472) can0 18FF1080#00000000
(0946688613.458505) can0 00000001#0D000000F6FF0000
(0946688613.459063) can0 00000002#D2030000430157FD
(0946688613.468618) can0 00000001#0D000000F6FF0000
(0946688613.469209) can0 00000002#D2030000430157FD
(0946688613.470465) can0 18FF1080#00000000
(0946688613.478695) can0 00000001#0D000000F6FF0000
(0946688613.479280) can0 00000002#D1030000430157FD
(0946688613.488807) can0 00000001#0D000000F6FF0000
(0946688613.489346) can0 00000002#D1030000430157FD
(0946688613.490464) can0 18FF1080#00000000
(0946688613.498917) can0 00000001#0E000000F4FF0000
(0946688613.499478) can0 00000002#D1030000430157FD
(0946688613.505209) can0 18FF00EA#10F9000005007D41
(0946688613.508974) can0 00000001#0E000000F4FF0000
(0946688613.509556) can0 00000002#D1030000430157FD
(0946688613.510172) can0 18FF01EA#00007D007D007DFF
(0946688613.510603) can0 18FF1080#00000000
(0946688613.512002) can0 18FF00F7#E0F9000005007D40
(0946688613.515225) can0 18FF02EA#00007D007D007DFF
(0946688613.516988) can0 18FF01F7#00007D007D007DFF
(0946688613.519074) can0 00000001#0E000000F5FF0000
(0946688613.519644) can0 00000002#D1030000430157FD
(0946688613.522135) can0 18FF02F7#00007D007D007DFF
(0946688613.529155) can0 00000001#0E000000F5FF0000
(0946688613.529743) can0 00000002#D1030000430157FD
(0946688613.530464) can0 18FF1080#00000000
(0946688613.539272) can0 00000001#0E000000F5FF0000
(0946688613.539816) can0 00000002#D1030000430157FD
(0946688613.549333) can0 00000001#0E000000F5FF0000
(0946688613.549917) can0 00000002#D1030000430157FD
(0946688613.550499) can0 18FF1080#00000000
(0946688613.559471) can0 00000001#0E000000F5FF0000
(0946688613.560017) can0 00000002#D2030000430157FD
(0946688613.569530) can0 00000001#0E000000F5FF0000
(0946688613.570118) can0 00000002#D1030000430157FD
(0946688613.570562) can0 18FF1080#00000000
(0946688613.579614) can0 00000001#0E000000F5FF0000
(0946688613.580199) can0 00000002#D1030000430157FD
(0946688613.589716) can0 00000001#0D000000F5FF0000
(0946688613.590310) can0 00000002#D1030000430157FD
(0946688613.590758) can0 18FF1080#00000000
(0946688613.599821) can0 00000001#0D000000F5FF0000
(0946688613.600379) can0 00000002#D1030000440157FD
(0946688613.604888) can0 18FF00EA#10F9000005007D41
(0946688613.609948) can0 00000001#0D000000F5FF0000
(0946688613.610539) can0 18FF01EA#00007D007D007DFF
(0946688613.611113) can0 00000002#D2030000440157FD
(0946688613.611579) can0 18FF1080#00000000
(0946688613.612189) can0 18FF00F7#E0F9000005007D40
(0946688613.614870) can0 18FF02EA#00007D007D007DFF
(0946688613.616872) can0 18FF01F7#00007D007D007DFF
(0946688613.620007) can0 00000001#0D000000F5FF0000
(0946688613.620598) can0 00000002#D2030000440156FD
(0946688613.622207) can0 18FF02F7#00007D007D007DFF
(0946688613.630117) can0 00000001#0D000000F5FF0000
(0946688613.630709) can0 00000002#D2030000440156FD
(0946688613.631150) can0 18FF1080#00000000
(0946688613.640192) can0 00000001#0D000000F5FF0000
(0946688613.640791) can0 00000002#D2030000440156FD
(0946688613.650440) can0 18FF1080#00000000
(0946688613.651015) can0 00000001#0D000000F5FF0000
(0946688613.651625) can0 00000002#D2030000440156FD
(0946688613.660980) can0 00000001#0D000000F5FF0000
(0946688613.661564) can0 00000002#D1030000440156FD
(0946688613.670472) can0 18FF1080#00000000
(0946688613.671110) can0 00000001#0E000000F5FF0000
(0946688613.671678) can0 00000002#D1030000440156FD
(0946688613.681175) can0 00000001#0E000000F5FF0000
(0946688613.681764) can0 00000002#D1030000440156FD
(0946688613.690467) can0 18FF1080#00000000
(0946688613.691311) can0 00000001#0D000000F5FF0000
(0946688613.691888) can0 00000002#D2030000440156FD
(0946688613.701377) can0 00000001#0D000000F5FF0000
(0946688613.701959) can0 00000002#D2030000440156FD
(0946688613.705014) can0 18FF00EA#10F9000005007D41
(0946688613.710053) can0 18FF01EA#00007D007D007DFF
(0946688613.710486) can0 18FF1080#00000000
(0946688613.711476) can0 00000001#0D000000F5FF0000
(0946688613.712042) can0 00000002#D2030000440156FD
(0946688613.712623) can0 18FF00F7#E0F9000005007D40
(0946688613.715260) can0 18FF02EA#00007D007D007DFF
(0946688613.716877) can0 18FF01F7#00007D007D007DFF
(0946688613.721643) can0 00000001#0D000000F5FF0000
(0946688613.722156) can0 00000002#D2030000440156FD
(0946688613.722736) can0 18FF02F7#00007D007D007DFF
(0946688613.730458) can0 18FF1080#00000000
(0946688613.731685) can0 00000001#0D000000F5FF0000
(0946688613.732233) can0 00000002#D1030000440156FD
(0946688613.741793) can0 00000001#0D000000F5FF0000
(0946688613.742343) can0 00000002#D1030000440156FD
(0946688613.750440) can0 18FF1080#00000000
(0946688613.751832) can0 00000001#0D000000F6FF0000
(0946688613.752438) can0 00000002#D1030000440156FD
(0946688613.761954) can0 00000001#0D000000F5FF0000
(0946688613.762501) can0 00000002#D2030000440156FD
(0946688613.770442) can0 18FF1080#00000000
(0946688613.772032) can0 00000001#0E000000F5FF0000
(0946688613.772622) can0 00000002#D1030000440156FD
(0946688613.782149) can0 00000001#0D000000F5FF0000
(0946688613.782713) can0 00000002#D1030000440156FD
(0946688613.790459) can0 18FF1080#00000000
(0946688613.792190) can0 00000001#0D000000F5FF0000
(0946688613.792767) can0 00000002#D1030000440156FD
(0946688613.802318) can0 00000001#0E000000F5FF0000
(0946688613.802856) can0 00000002#D1030000440156FD
(0946688613.805097) can0 18FF00EA#10F9000005007D41
(0946688613.809836) can0 18FF01EA#00007D007D007DFF
(0946688613.810440) can0 18FF1080#00000000
(0946688613.811877) can0 18FF00F7#E0F9000005007D40
(0946688613.812471) can0 00000001#0E000000F5FF0000
(0946688613.813377) can0 00000002#D1030000440156FD
(0946688613.815054) can0 18FF02EA#00007D007D007DFF
(0946688613.817039) can0 18FF01F7#00007D007D007DFF
(0946688613.822292) can0 18FF02F7#00007D007D007DFF
(0946688613.822815) can0 00000001#0E000000F5FF0000
(0946688613.823374) can0 00000002#D2030000440156FD
(0946688613.830457) can0 18FF1080#00000000
(0946688613.832652) can0 00000001#0E000000F5FF0000
(0946688613.833237) can0 00000002#D2030000440156FD
(0946688613.843335) can0 00000001#0D000000F5FF0000
(0946688613.843943) can0 00000002#D2030000440156FD
(0946688613.850441) can0 18FF1080#00000000
(0946688613.853436) can0 00000001#0D000000F5FF0000
(0946688613.853994) can0 00000002#D2030000440156FD
(0946688613.863532) can0 00000001#0D000000F5FF0000
(0946688613.864127) can0 00000002#D2030000450156FD
(0946688613.870441) can0 18FF1080#00000000
(0946688613.873628) can0 00000001#0D000000F5FF0000
(0946688613.874203) can0 00000002#D2030000450156FD
(0946688613.883720) can0 00000001#0D000000F5FF0000
(0946688613.884289) can0 00000002#D1030000450156FD
(0946688613.890461) can0 18FF1080#00000000
(0946688613.893834) can0 00000001#0D000000F5FF0000
(0946688613.894369) can0 00000002#D1030000450156FD
(0946688613.903925) can0 00000001#0D000000F5FF0000
(0946688613.904530) can0 00000002#D1030000450156FD
(0946688613.905103) can0 18FF00EA#10F9000005007D41
(0946688613.910097) can0 18FF01EA#00007D007D007DFF
(0946688613.910523) can0 18FF1080#00000000
(0946688613.912137) can0 18FF00F7#E0F9000005007D40
(0946688613.913999) can0 00000001#0D000000F5FF0000
(0946688613.914564) can0 00000002#D1030000450156FD
(0946688613.915172) can0 18FF02EA#00007D007D007DFF
(0946688613.916877) can0 18FF01F7#00007D007D007DFF
(0946688613.922037) can0 18FF02F7#00007D007D007DFF
(0946688613.924120) can0 00000001#0D000000F5FF0000
(0946688613.924689) can0 00000002#D1030000450156FD
(0946688613.930470) can0 18FF1080#00000000
(0946688613.934203) can0 00000001#0E000000F5FF0000
(0946688613.934780) can0 00000002#D2030000450156FD
(0946688613.944324) can0 00000001#0E000000F5FF0000
(0946688613.944867) can0 00000002#D2030000450156FD
(0946688613.950428) can0 18FF1080#00000000
(0946688613.954396) can0 00000001#0E000000F5FF0000
(0946688613.954964) can0 00000002#D1030000450156FD
(0946688613.964488) can0 00000001#0E000000F5FF0000
(0946688613.965078) can0 00000002#D1030000450155FD
(0946688613.970448) can0 18FF1080#00000000
(0946688613.974580) can0 00000001#0E000000F5FF0000
(0946688613.975162) can0 00000002#D1030000450155FD
(0946688613.984692) can0 00000001#0E000000F5FF0000
(0946688613.985280) can0 00000002#D1030000450155FD
(0946688613.990470) can0 18FF1080#00000000
(0946688613.994770) can0 00000001#0E000000F5FF0000
(0946688613.995347) can0 00000002#D1030000450155FD
(0946688614.004907) can0 00000001#0E000000F5FF0000
(0946688614.005482) can0 00000002#D1030000450155FD
(0946688614.006057) can0 18FF00EA#10F9000005007D41
(0946688614.009932) can0 18FF01EA#00007D007D007DFF
(0946688614.010488) can0 18FF1080#00000000
(0946688614.011890) can0 18FF00F7#E0F9000005007D40
(0946688614.014981) can0 00000001#0E000000F5FF0000
(0946688614.015569) can0 00000002#D1030000450155FD
(0946688614.016178) can0 18FF02EA#00007D007D007DFF
(0946688614.017139) can0 18FF01F7#00007D007D007DFF
(0946688614.022316) can0 18FF02F7#00007D007D007DFF
(0946688614.025058) can0 00000001#0D000000F5FF0000
(0946688614.025631) can0 00000002#D1030000450155FD
(0946688614.030444) can0 18FF1080#00000000
(0946688614.035881) can0 00000001#0D000000F5FF0000
(0946688614.036430) can0 00000002#D1030000450155FD
(0946688614.045974) can0 00000001#0E000000F5FF0000
(0946688614.046543) can0 00000002#D2030000450155FD
(0946688614.050470) can0 18FF1080#00000000
(0946688614.056053) can0 00000001#0E000000F5FF0000
(0946688614.056593) can0 00000002#D1030000450155FD
(0946688614.066128) can0 00000001#0D000000F5FF0000
(0946688614.066689) can0 00000002#D1030000450155FD
(0946688614.070497) can0 18FF1080#00000000
(0946688614.076245) can0 00000001#0E000000F5FF0000
(0946688614.076821) can0 00000002#D2030000450155FD
(0946688614.086318) can0 00000001#0E000000F5FF0000
(0946688614.086868) can0 00000002#D1030000450155FD
(0946688614.090458) can0 18FF1080#00000000
(0946688614.096375) can0 00000001#0D000000F5FF0000
(0946688614.096969) can0 00000002#D1030000450155FD
(0946688614.105158) can0 18FF00EA#10F9000005007D41
(0946688614.106470) can0 00000001#0E000000F5FF0000
(0946688614.107054) can0 00000002#D2030000450155FD
(0946688614.110066) can0 18FF01EA#00007D007D007DFF
(0946688614.110531) can0 18FF1080#00000000
(0946688614.112065) can0 18FF00F7#E0F9000005007D40
(0946688614.114961) can0 18FF02EA#00007D007D007DFF
(0946688614.116576) can0 00000001#0D000000F5FF0000
(0946688614.117145) can0 00000002#D2030000450155FD
(0946688614.117739) can0 18FF01F7#00007D007D007DFF
(0946688614.122147) can0 18FF02F7#00007D007D007DFF
(0946688614.126662) can0 00000001#0E000000F4FF0000
(0946688614.127231) can0 00000002#D1030000450155FD
(0946688614.130445) can0 18FF1080#00000000
(0946688614.136760) can0 00000001#0E000000F5FF0000
(0946688614.137310) can0 00000002#D2030000450155FD
(0946688614.146825) can0 00000001#0D000000F5FF0000
(0946688614.147449) can0 00000002#D1030000450155FD
(0946688614.150464) can0 18FF1080#00000000
(0946688614.156927) can0 00000001#0D000000F5FF0000
(0946688614.157489) can0 00000002#D1030000450155FD
(0946688614.167010) can0 00000001#0E000000F5FF0000
(0946688614.167609) can0 00000002#D1030000450155FD
(0946688614.170453) can0 18FF1080#00000000
(0946688614.177125) can0 00000001#0E000000F5FF0000
(0946688614.177692) can0 00000002#D1030000450155FD
(0946688614.187184) can0 00000001#0D000000F5FF0000
(0946688614.187747) can0 00000002#D1030000450155FD
(0946688614.190463) can0 18FF1080#00000000
(0946688614.197277) can0 00000001#0E000000F5FF0000
(0946688614.197826) can0 00000002#D1030000450155FD
(0946688614.204935) can0 18FF00EA#10F9000005007D41
(0946688614.207380) can0 00000001#0D000000F5FF0000
(0946688614.207918) can0 00000002#D2030000450155FD
(0946688614.209973) can0 18FF01EA#00007D007D007DFF
(0946688614.210538) can0 18FF1080#00000000
(0946688614.211894) can0 18FF00F7#E0F9000005007D40
(0946688614.215217) can0 18FF02EA#00007D007D007DFF
(0946688614.217138) can0 18FF01F7#00007D007D007DFF
(0946688614.217695) can0 00000001#0D000000F5FF0000
(0946688614.218348) can0 00000002#D2030000460155FD
(0946688614.221935) can0 18FF02F7#00007D007D007DFF
(0946688614.227531) can0 00000001#0D000000F5FF0000
(0946688614.228124) can0 00000002#D2030000460155FD
(0946688614.230450) can0 18FF1080#00000000
(0946688614.238355) can0 00000001#0D000000F5FF0000
(0946688614.238942) can0 00000002#D2030000460155FD
(0946688614.248447) can0 00000001#0D000000F5FF0000
(0946688614.249026) can0 00000002#D2030000460155FD
(0946688614.250458) can0 18FF1080#00000000
(0946688614.258536) can0 00000001#0D000000F5FF0000
(0946688614.259126) can0 00000002#D1030000460155FD
(0946688614.268658) can0 00000001#0D000000F5FF0000
(0946688614.269246) can0 00000002#D1030000460155FD
(0946688614.270448) can0 18FF1080#00000000
(0946688614.278772) can0 00000001#0D000000F5FF0000
(0946688614.279325) can0 00000002#D1030000460155FD
(0946688614.288853) can0 00000001#0E000000F5FF0000
(0946688614.289441) can0 00000002#D1030000460155FD
(0946688614.290446) can0 18FF1080#00000000
(0946688614.298970) can0 00000001#0E000000F5FF0000
(0946688614.299542) can0 00000002#D1030000460155FD
(0946688614.305156) can0 18FF00EA#10F9000005007D41
(0946688614.308993) can0 00000001#0D000000F5FF0000
(0946688614.309577) can0 00000002#D1030000460154FD
(0946688614.310181) can0 18FF01EA#00007D007D007DFF
(0946688614.310634) can0 18FF1080#00000000
(0946688614.311945) can0 18FF00F7#E0F9000005007D40
(0946688614.314845) can0 18FF02EA#00007D007D007DFF
(0946688614.317094) can0 18FF01F7#00007D007D007DFF
(0946688614.319099) can0 00000001#0D000000F5FF0000
(0946688614.319702) can0 00000002#D1030000460154FD
(0946688614.322277) can0 18FF02F7#00007D007D007DFF
(0946688614.329215) can0 00000001#0D000000F5FF0000
(0946688614.329746) can0 00000002#D1030000460154FD
(0946688614.330467) can0 18FF1080#00000000
(0946688614.339285) can0 00000001#0E000000F5FF0000
(0946688614.339858) can0 00000002#D1030000460154FD
(0946688614.349360) can0 00000001#0E000000F5FF0000
(0946688614.349957) can0 00000002#D1030000460154FD
(0946688614.350475) can0 18FF1080#00000000
(0946688614.359472) can0 00000001#0E000000F5FF0000
(0946688614.360069) can0 00000002#D1030000460154FD
(0946688614.369567) can0 00000001#0E000000F5FF0000
(0946688614.370136) can0 00000002#D2030000460154FD
(0946688614.370574) can0 18FF1080#00000000
(0946688614.379670) can0 00000001#0E000000F4FF0000
(0946688614.380259) can0 00000002#D2030000460154FD
(0946688614.389770) can0 00000001#0D000000F5FF0000
(0946688614.390312) can0 00000002#D1030000460154FD
(0946688614.390772) can0 18FF1080#00000000
(0946688614.399851) can0 00000001#0E000000F4FF0000
(0946688614.400435) can0 00000002#D2030000460154FD
(0946688614.405024) can0 18FF00EA#10F9000005007D41
(0946688614.409964) can0 00000001#0E000000F4FF0000
(0946688614.410515) can0 00000002#D2030000460154FD
(0946688614.411119) can0 18FF01EA#00007D007D007DFF
(0946688614.411535) can0 18FF1080#00000000
(0946688614.412108) can0 18FF00F7#E0F9000005007D40
(0946688614.415236) can0 18FF02EA#00007D007D007DFF
(0946688614.416879) can0 18FF01F7#00007D007D007DFF
(0946688614.420060) can0 00000001#0D000000F4FF0000
(0946688614.420608) can0 00000002#D1030000460154FD
(0946688614.422083) can0 18FF02F7#00007D007D007DFF
(0946688614.430472) can0 18FF1080#00000000
(0946688614.431020) can0 00000001#0E000000F4FF0000
(0946688614.431584) can0 00000002#D1030000460154FD
(0946688614.440967) can0 00000001#0E000000F4FF0000
(0946688614.441561) can0 00000002#D1030000460154FD
(0946688614.450459) can0 18FF1080#00000000
(0946688614.451070) can0 00000001#0E000000F4FF0000
(0946688614.451644) can0 00000002#D1030000460154FD
(0946688614.461142) can0 00000001#0E000000F5FF0000
(0946688614.461711) can0 00000002#D1030000460154FD
(0946688614.470446) can0 18FF1080#00000000
(0946688614.471233) can0 00000001#0E000000F5FF0000
(0946688614.471829) can0 00000002#D1030000460154FD
(0946688614.481352) can0 00000001#0E000000F5FF0000
(0946688614.481906) can0 00000002#D1030000460154FD
(0946688614.490448) can0 18FF1080#00000000
(0946688614.491377) can0 00000001#0D000000F5FF0000
(0946688614.491970) can0 00000002#D1030000460154FD
(0946688614.501472) can0 00000001#0D000000F5FF0000
(0946688614.502078) can0 00000002#D1030000460154FD
(0946688614.505205) can0 18FF00EA#10F9000005007D41
(0946688614.509810) can0 18FF01EA#00007D007D007DFF
(0946688614.510462) can0 18FF1080#00000000
(0946688614.511575) can0 00000001#0D000000F6FF0000
(0946688614.512149) can0 00000002#D2030000470154FD
(0946688614.512731) can0 18FF00F7#E0F9000005007D40
(0946688614.515069) can0 18FF02EA#00007D007D007DFF
(0946688614.517019) can0 18FF01F7#00007D007D007DFF
(0946688614.521659) can0 00000001#0D000000F5FF0000
(0946688614.522229) can0 00000002#D2030000470154FD
(0946688614.522836) can0 18FF02F7#00007D007D007DFF
(0946688614.530454) can0 18FF1080#00000000
(0946688614.531790) can0 00000001#0D000000F5FF0000
(0946688614.532319) can0 00000002#D2030000470154FD
(0946688614.541830) can0 00000001#0D000000F5FF0000
(0946688614.542419) can0 00000002#D2030000470154FD
(0946688614.550466) can0 18FF1080#00000000
(0946688614.551981) can0 00000001#0D000000F5FF0000
(0946688614.552548) can0 00000002#D2030000470154FD
(0946688614.562016) can0 00000001#0D000000F5FF0000
(0946688614.562585) can0 00000002#D1030000470154FD
(0946688614.570446) can0 18FF1080#00000000
(0946688614.572138) can0 00000001#0D000000F5FF0000
(0946688614.572707) can0 00000002#D1030000470154FD
(0946688614.582234) can0 00000001#0E000000F5FF0000
(0946688614.582819) can0 00000002#D1030000470154FD
(0946688614.590451) can0 18FF1080#00000000
(0946688614.592328) can0 00000001#0E000000F5FF0000
(0946688614.592909) can0 00000002#D1030000470154FD
(0946688614.602438) can0 00000001#0E000000F5FF0000
(0946688614.603023) can0 00000002#D1030000470154FD
(0946688614.604818) can0 18FF00EA#10F9000005007D41
(0946688614.610070) can0 18FF01EA#00007D007D007DFF
(0946688614.610481) can0 18FF1080#00000000
(0946688614.611987) can0 18FF00F7#E0F9000005007D40
(0946688614.613333) can0 00000001#0E000000F5FF0000
(0946688614.613867) can0 00000002#D1030000470154FD
(0946688614.615237) can0 18FF02EA#00007D007D007DFF
(0946688614.616977) can0 18FF01F7#00007D007D007DFF
(0946688614.622094) can0 18FF02F7#00007D007D007DFF
(0946688614.623404) can0 00000001#0E000000F5FF0000
(0946688614.623992) can0 00000002#D1030000470154FD
(0946688614.630446) can0 18FF1080#00000000
(0946688614.633503) can0 00000001#0E000000F5FF0000
(0946688614.634078) can0 00000002#D1030000470153FD
(0946688614.643605) can0 00000001#0D000000F5FF0000
(0946688614.644200) can0 00000002#D2030000470153FD
(0946688614.650457) can0 18FF1080#00000000
(0946688614.653712) can0 00000001#0D000000F5FF0000
(0946688614.654266) can0 00000002#D1030000470153FD
(0946688614.663814) can0 00000001#0D000000F5FF0000
(0946688614.664349) can0 00000002#D1030000470153FD
(0946688614.670448) can0 18FF1080#00000000
(0946688614.673896) can0 00000001#0D000000F5FF0000
(0946688614.674482) can0 00000002#D1030000470153FD
(0946688614.683999) can0 00000001#0D000000F5FF0000
(0946688614.684571) can0 00000002#D2030000470153FD
(0946688614.690451) can0 18FF1080#00000000
(0946688614.694126) can0 00000001#0D000000F5FF0000
(0946688614.694685) can0 00000002#D2030000470153FD
(0946688614.704202) can0 00000001#0D000000F5FF0000
(0946688614.704776) can0 00000002#D2030000470153FD
(0946688614.705357) can0 18FF00EA#10F9000005007D41
(0946688614.710069) can0 18FF01EA#00007D007D007DFF
(0946688614.710482) can0 18FF1080#00000000
(0946688614.711947) can0 18FF00F7#E0F9000005007D40
(0946688614.714277) can0 00000001#0D000000F5FF0000
(0946688614.714845) can0 00000002#D1030000470153FD
(0946688614.715471) can0 18FF02EA#00007D007D007DFF
(0946688614.717099) can0 18FF01F7#00007D007D007DFF
(0946688614.722279) can0 18FF02F7#00007D007D007DFF
(0946688614.724348) can0 00000001#0D000000F5FF0000
(0946688614.724929) can0 00000002#D1030000470153FD
(0946688614.730446) can0 18FF1080#00000000
(0946688614.734482) can0 00000001#0E000000F5FF0000
(0946688614.735041) can0 00000002#D1030000470153FD
(0946688614.744563) can0 00000001#0E000000F5FF0000
(0946688614.745134) can0 00000002#D1030000470153FD
(0946688614.750459) can0 18FF1080#00000000
(0946688614.754680) can0 00000001#0E000000F5FF0000
(0946688614.755241) can0 00000002#D1030000470153FD
(0946688614.764751) can0 00000001#0E000000F5FF0000
(0946688614.765331) can0 00000002#D1030000470153FD
(0946688614.770458) can0 18FF1080#00000000
(0946688614.774908) can0 00000001#0E000000F5FF0000
(0946688614.775468) can0 00000002#D2030000470153FD
(0946688614.785038) can0 00000001#0E000000F5FF0000
(0946688614.786120) can0 00000002#D1030000470153FD
(0946688614.790451) can0 18FF1080#00000000
(0946688614.795839) can0 00000001#0E000000F5FF0000
(0946688614.796447) can0 00000002#D1030000470153FD
(0946688614.804987) can0 18FF00EA#10F9000005007D41
(0946688614.805937) can0 00000001#0E000000F5FF0000
(0946688614.806493) can0 00000002#D1030000470153FD
(0946688614.809945) can0 18FF01EA#00007D007D007DFF
(0946688614.810489) can0 18FF1080#00000000
(0946688614.812131) can0 18FF00F7#E0F9000005007D40
(0946688614.814846) can0 18FF02EA#00007D007D007DFF
(0946688614.816024) can0 00000001#0D000000F5FF0000
(0946688614.816617) can0 00000002#D1030000470153FD
(0946688614.817186) can0 18FF01F7#00007D007D007DFF
(0946688614.821882) can0 18FF02F7#00007D007D007DFF
(0946688614.826192) can0 00000001#0D000000F5FF0000
(0946688614.826787) can0 00000002#D1030000470153FD
(0946688614.830448) can0 18FF1080#00000000
(0946688614.836302) can0 00000001#0E000000F5FF0000
(0946688614.836849) can0 00000002#D1030000470153FD
(0946688614.846369) can0 00000001#0E000000F5FF0000
(0946688614.846954) can0 00000002#D1030000480153FD
(0946688614.850447) can0 18FF1080#00000000
(0946688614.856467) can0 00000001#0E000000F5FF0000
(0946688614.857053) can0 00000002#D1030000480153FD
(0946688614.866551) can0 00000001#0D000000F5FF0000
(0946688614.867145) can0 00000002#D2030000480153FD
(0946688614.870459) can0 18FF1080#00000000
(0946688614.876639) can0 00000001#0D000000F5FF0000
(0946688614.877224) can0 00000002#D2030000480153FD
(0946688614.886782) can0 00000001#0E000000F5FF0000
(0946688614.887327) can0 00000002#D1030000480153FD
(0946688614.890450) can0 18FF1080#00000000
(0946688614.896864) can0 00000001#0E000000F5FF0000
(0946688614.897438) can0 00000002#D2030000480153FD
(0946688614.905136) can0 18FF00EA#10F9000005007D41
(0946688614.906973) can0 00000001#0E000000F5FF0000
(0946688614.907547) can0 00000002#D2030000480153FD
(0946688614.909947) can0 18FF01EA#00007D007D007DFF
(0946688614.910509) can0 18FF1080#00000000
(0946688614.912036) can0 18FF00F7#E0F9000005007D40
(0946688614.914989) can0 18FF02EA#00007D007D007DFF
(0946688614.916854) can0 18FF01F7#00007D007D007DFF
(0946688614.917415) can0 00000001#0D000000F5FF0000
(0946688614.917976) can0 00000002#D1030000480153FD
(0946688614.922171) can0 18FF02F7#00007D007D007DFF
(0946688614.927126) can0 00000001#0D000000F5FF0000
(0946688614.927701) can0 00000002#D1030000480153FD
(0946688614.930446) can0 18FF1080#00000000
(0946688614.937201) can0 00000001#0E000000F5FF0000
(0946688614.937787) can0 00000002#D1030000480153FD
(0946688614.947311) can0 00000001#0D000000F5FF0000
(0946688614.947872) can0 00000002#D1030000480153FD
(0946688614.950449) can0 18FF1080#00000000
(0946688614.957372) can0 00000001#0D000000F5FF0000
(0946688614.957980) can0 00000002#D1030000480153FD
(0946688614.967482) can0 00000001#0D000000F5FF0000
(0946688614.968067) can0 00000002#D1030000480153FD
(0946688614.970457) can0 18FF1080#00000000
(0946688614.977532) can0 00000001#0D000000F5FF0000
(0946688614.978103) can0 00000002#D1030000480153FD
(0946688614.988333) can0 00000001#0D000000F5FF0000
(0946688614.988913) can0 00000002#D1030000480153FD
(0946688614.990446) can0 18FF1080#00000000
(0946688614.998442) can0 00000001#0D000000F5FF0000
(0946688614.998988) can0 00000002#D2030000480153FD
(0946688615.005038) can0 18FF00EA#10F9000005007D41
(0946688615.008814) can0 00000001#0D000000F5FF0000
(0946688615.009347) can0 00000002#D2030000480153FD
(0946688615.009952) can0 18FF01EA#00007D007D007DFF
(0946688615.010484) can0 18FF1080#00000000
(0946688615.011935) can0 18FF00F7#E0F9000005007D40
(0946688615.014979) can0 18FF02EA#00007D007D007DFF
(0946688615.016829) can0 18FF01F7#00007D007D007DFF
(0946688615.018877) can0 00000001#0E000000F5FF0000
(0946688615.019467) can0 00000002#D1030000480153FD
(0946688615.022076) can0 18FF02F7#00007D007D007DFF
(0946688615.028966) can0 00000001#0D000000F5FF0000
(0946688615.029538) can0 00000002#D1030000480152FD
(0946688615.030452) can0 18FF1080#00000000
(0946688615.039084) can0 00000001#0E000000F5FF0000
(0946688615.039625) can0 00000002#D1030000480152FD
(0946688615.049167) can0 00000001#0E000000F5FF0000
(0946688615.049732) can0 00000002#D1030000480152FD
(0946688615.050466) can0 18FF1080#00000000
(0946688615.059248) can0 00000001#0E000000F5FF0000
(0946688615.059851) can0 00000002#D1030000480152FD
(0946688615.069352) can0 00000001#0E000000F5FF0000
(0946688615.069929) can0 00000002#D2030000480152FD
(0946688615.070461) can0 18FF1080#00000000
(0946688615.079431) can0 00000001#0E000000F5FF0000
(0946688615.080018) can0 00000002#D1030000480152FD
(0946688615.089523) can0 00000001#0D000000F5FF0000
(0946688615.090095) can0 00000002#D1030000480152FD
(0946688615.090540) can0 18FF1080#00000000
(0946688615.099649) can0 00000001#0D000000F5FF0000
(0946688615.100189) can0 00000002#D2030000480152FD
(0946688615.104825) can0 18FF00EA#10F9000005007D41
(0946688615.109738) can0 00000001#0D000000F5FF0000
(0946688615.110319) can0 00000002#D2030000480152FD
(0946688615.110937) can0 18FF01EA#00007D007D007DFF
(0946688615.111340) can0 18FF1080#00000000
(0946688615.111963) can0 18FF00F7#E0F9000005007D40
(0946688615.115173) can0 18FF02EA#00007D007D007DFF
(0946688615.117082) can0 18FF01F7#00007D007D007DFF
(0946688615.119853) can0 00000001#0E000000F5FF0000
(0946688615.120442) can0 00000002#D2030000480152FD
(0946688615.121985) can0 18FF02F7#00007D007D007DFF
(0946688615.129970) can0 00000001#0D000000F5FF0000
(0946688615.130513) can0 00000002#D1030000480152FD
(0946688615.130976) can0 18FF1080#00000000
(0946688615.140050) can0 00000001#0D000000F5FF0000
(0946688615.141087) can0 00000002#D1030000480152FD
(0946688615.150135) can0 00000001#0E000000F5FF0000
(0946688615.150697) can0 00000002#D2030000480152FD
(0946688615.151142) can0 18FF1080#00000000
(0946688615.161054) can0 00000001#0D000000F5FF0000
(0946688615.161626) can0 00000002#D1030000480152FD
(0946688615.170456) can0 18FF1080#00000000
(0946688615.171104) can0 00000001#0D000000F5FF0000
(0946688615.171689) can0 00000002#D1030000480152FD
(0946688615.181231) can0 00000001#0D000000F5FF0000
(0946688615.181796) can0 00000002#D1030000480152FD
(0946688615.190443) can0 18FF1080#00000000
(0946688615.191443) can0 00000001#0E000000F5FF0000
(0946688615.192312) can0 00000002#D1030000480152FD
(0946688615.201560) can0 00000001#0E000000F5FF0000
(0946688615.202134) can0 00000002#D1030000480152FD
(0946688615.205050) can0 18FF00EA#10F9000005007D41
(0946688615.209821) can0 18FF01EA#00007D007D007DFF
(0946688615.210461) can0 18FF1080#00000000
(0946688615.211697) can0 00000001#0D000000F5FF0000
(0946688615.212268) can0 00000002#D1030000480152FD
(0946688615.212861) can0 18FF00F7#E0F9000005007D40
(0946688615.214984) can0 18FF02EA#00007D007D007DFF
(0946688615.217079) can0 18FF01F7#00007D007D007DFF
(0946688615.221798) can0 00000001#0D000000F5FF0000
(0946688615.222358) can0 00000002#D1030000480152FD
(0946688615.222979) can0 18FF02F7#00007D007D007DFF
(0946688615.230463) can0 18FF1080#00000000
(0946688615.231899) can0 00000001#0D000000F5FF0000
(0946688615.232498) can0 00000002#D1030000480152FD
(0946688615.242008) can0 00000001#0D000000F5FF0000
(0946688615.242555) can0 00000002#D1030000480152FD
(0946688615.250451) can0 18FF1080#00000000
(0946688615.252117) can0 00000001#0D000000F5FF0000
(0946688615.252691) can0 00000002#D1030000480152FD
(0946688615.262186) can0 00000001#0D000000F5FF0000
(0946688615.262751) can0 00000002#D1030000490152FD
(0946688615.270458) can0 18FF1080#00000000
(0946688615.272240) can0 00000001#0D000000F5FF0000
(0946688615.272816) can0 00000002#D1030000490152FD
(0946688615.282325) can0 00000001#0D000000F5FF0000
(0946688615.282903) can0 00000002#D1030000490152FD
(0946688615.290449) can0 18FF1080#00000000
(0946688615.292441) can0 00000001#0E000000F5FF0000
(0946688615.293011) can0 00000002#D1030000490152FD
(0946688615.303734) can0 00000001#0E000000F5FF0000
(0946688615.304312) can0 00000002#D1030000490152FD
(0946688615.304921) can0 18FF00EA#10F9000005007D41
(0946688615.309956) can0 18FF01EA#00007D007D007DFF
(0946688615.310551) can0 18FF1080#00000000
(0946688615.312121) can0 18FF00F7#E0F9000005007D40
(0946688615.315001) can0 18FF02EA#00007D007D007DFF
(0946688615.316828) can0 18FF01F7#00007D007D007DFF
(0946688615.317682) can0 00000001#0E000000F4FF0000
(0946688615.318252) can0 00000002#D1030000490152FD
(0946688615.322028) can0 18FF02F7#00007D007D007DFF
(0946688615.327736) can0 00000001#0E000000F4FF0000
(0946688615.328325) can0 00000002#D1030000490152FD
(0946688615.330463) can0 18FF1080#00000000
(0946688615.338228) can0 00000001#0E000000F4FF0000
(0946688615.338789) can0 00000002#D1030000490152FD
(0946688615.348334) can0 00000001#0E000000F4FF0000
(0946688615.348915) can0 00000002#D1030000490151FD
(0946688615.350447) can0 18FF1080#00000000
(0946688615.358456) can0 00000001#0E000000F4FF0000
(0946688615.359037) can0 00000002#D1030000490151FD
(0946688615.368626) can0 00000001#0D000000F5FF0000
(0946688615.369200) can0 00000002#D1030000490151FD
(0946688615.370464) can0 18FF1080#00000000
(0946688615.378722) can0 00000001#0D000000F5FF0000
(0946688615.379288) can0 00000002#D1030000490151FD
(0946688615.388840) can0 00000001#0D000000F5FF0000
(0946688615.389437) can0 00000002#D2030000490151FD
(0946688615.390447) can0 18FF1080#00000000
(0946688615.399004) can0 00000001#0D000000F5FF0000
(0946688615.399523) can0 00000002#D2030000490151FD
(0946688615.405005) can0 18FF00EA#10F9000005007D41
(0946688615.409055) can0 00000001#0D000000F5FF0000
(0946688615.409603) can0 00000002#D2030000490151FD
(0946688615.410214) can0 18FF01EA#00007D007D007DFF
(0946688615.410658) can0 18FF1080#00000000
(0946688615.411945) can0 18FF00F7#E0F9000005007D40
(0946688615.414838) can0 18FF02EA#00007D007D007DFF
(0946688615.417039) can0 18FF01F7#00007D007D007DFF
(0946688615.419164) can0 00000001#0D000000F5FF0000
(0946688615.419724) can0 00000002#D2030000490151FD
(0946688615.422178) can0 18FF02F7#00007D007D007DFF
(0946688615.429237) can0 00000001#0E000000F5FF0000
(0946688615.429805) can0 00000002#D2030000490151FD
(0946688615.430455) can0 18FF1080#00000000
(0946688615.439320) can0 00000001#0D000000F5FF0000
(0946688615.439906) can0 00000002#D2030000490151FD
(0946688615.449437) can0 00000001#0D000000F5FF0000
(0946688615.449994) can0 00000002#D1030000490151FD
(0946688615.450451) can0 18FF1080#00000000
(0946688615.459523) can0 00000001#0E000000F5FF0000
(0946688615.460089) can0 00000002#D1030000490151FD
(0946688615.469624) can0 00000001#0E000000F5FF0000
(0946688615.470198) can0 00000002#D1030000490151FD
(0946688615.470644) can0 18FF1080#00000000
(0946688615.479698) can0 00000001#0E000000F5FF0000
(0946688615.480276) can0 00000002#D1030000490151FD
(0946688615.489780) can0 00000001#0E000000F4FF0000
(0946688615.490350) can0 00000002#D1030000490151FD
(0946688615.490810) can0 18FF1080#00000000
(0946688615.499879) can0 00000001#0E000000F5FF0000
(0946688615.500448) can0 00000002#D1030000490151FD
(0946688615.505144) can0 18FF00EA#10F9000005007D41
(0946688615.509781) can0 18FF01EA#00007D007D007DFF
(0946688615.510350) can0 00000001#0E000000F5FF0000
(0946688615.510933) can0 00000002#D1030000490151FD
(0946688615.511377) can0 18FF1080#00000000
(0946688615.512225) can0 18FF00F7#E0F9000005007D40
(0946688615.514915) can0 18FF02EA#00007D007D007DFF
(0946688615.516817) can0 18FF01F7#00007D007D007DFF
(0946688615.520806) can0 00000001#0E000000F5FF0000
(0946688615.521364) can0 00000002#D1030000490151FD
(0946688615.522120) can0 18FF02F7#00007D007D007DFF
(0946688615.530473) can0 18FF1080#00000000
(0946688615.531061) can0 00000001#0E000000F5FF0000
(0946688615.531635) can0 00000002#D1030000490151FD
(0946688615.541129) can0 00000001#0D000000F5FF0000
(0946688615.541719) can0 00000002#D1030000490151FD
(0946688615.550450) can0 18FF1080#00000000
(0946688615.551253) can0 00000001#0D000000F5FF0000
(0946688615.551843) can0 00000002#D2030000490151FD
(0946688615.561344) can0 00000001#0D000000F5FF0000
(0946688615.561887) can0 00000002#D10300004A0151FD
(0946688615.570449) can0 18FF1080#00000000
(0946688615.571497) can0 00000001#0D000000F5FF0000
(0946688615.572083) can0 00000002#D20300004A0151FD
(0946688615.581560) can0 00000001#0D000000F5FF0000
(0946688615.582148) can0 00000002#D20300004A0151FD
(0946688615.590465) can0 18FF1080#00000000
(0946688615.591635) can0 00000001#0D000000F5FF0000
(0946688615.592196) can0 00000002#D10300004A0151FD
(0946688615.601731) can0 00000001#0D000000F5FF0000
(0946688615.602310) can0 00000002#D10300004A0151FD
(0946688615.604969) can0 18FF00EA#10F9000005007D41
(0946688615.610063) can0 18FF01EA#00007D007D007DFF
(0946688615.610530) can0 18FF1080#00000000
(0946688615.611802) can0 00000001#0D000000F5FF0000
(0946688615.612363) can0 00000002#D20300004A0151FD
(0946688615.612961) can0 18FF00F7#E0F9000005007D40
(0946688615.615093) can0 18FF02EA#00007D007D007DFF
(0946688615.616821) can0 18FF01F7#00007D007D007DFF
(0946688615.621874) can0 00000001#0D000000F5FF0000
(0946688615.622440) can0 00000002#D10300004A0151FD
(0946688615.623051) can0 18FF02F7#00007D007D007DFF
(0946688615.630468) can0 18FF1080#00000000
(0946688615.631995) can0 00000001#0E000000F5FF0000
(0946688615.632562) can0 00000002#D10300004A0150FD
(0946688615.642061) can0 00000001#0E000000F5FF0000
(0946688615.642643) can0 00000002#D10300004A0150FD
(0946688615.650462) can0 18FF1080#00000000
(0946688615.652188) can0 00000001#0E000000F5FF0000
(0946688615.652760) can0 00000002#D10300004A0150FD
(0946688615.662266) can0 00000001#0E000000F5FF0000
(0946688615.662866) can0 00000002#D10300004A0150FD
(0946688615.670453) can0 18FF1080#00000000
(0946688615.672353) can0 00000001#0E000000F5FF0000
(0946688615.672924) can0 00000002#D10300004A0150FD
(0946688615.682439) can0 00000001#0E000000F5FF0000
(0946688615.683027) can0 00000002#D10300004A0150FD
(0946688615.690464) can0 18FF1080#00000000
(0946688615.693316) can0 00000001#0E000000F5FF0000
(0946688615.693868) can0 00000002#D10300004A0150FD
(0946688615.703379) can0 00000001#0E000000F5FF0000
(0946688615.703973) can0 00000002#D10300004A0150FD
(0946688615.705061) can0 18FF00EA#10F9000005007D41
(0946688615.709793) can0 18FF01EA#00007D007D007DFF
(0946688615.710455) can0 18FF1080#00000000
(0946688615.711931) can0 18FF00F7#E0F9000005007D40
(0946688615.713575) can0 00000001#0E000000F5FF0000
(0946688615.714132) can0 00000002#D10300004A0150FD
(0946688615.714992) can0 18FF02EA#00007D007D007DFF
(0946688615.717039) can0 18FF01F7#00007D007D007DFF
(0946688615.722173) can0 18FF02F7#00007D007D007DFF
(0946688615.723626) can0 00000001#0D000000F5FF0000
(0946688615.724182) can0 00000002#D10300004A0150FD
(0946688615.730459) can0 18FF1080#00000000
(0946688615.733718) can0 00000001#0D000000F5FF0000
(0946688615.734278) can0 00000002#D20300004A0150FD
(0946688615.743820) can0 00000001#0E000000F5FF0000
(0946688615.744392) can0 00000002#D20300004A0150FD
(0946688615.750451) can0 18FF1080#00000000
(0946688615.753954) can0 00000001#0D000000F5FF0000
(0946688615.754489) can0 00000002#D20300004A0150FD
(0946688615.764012) can0 00000001#0D000000F5FF0000
(0946688615.764588) can0 00000002#D20300004A0150FD
(0946688615.770453) can0 18FF1080#00000000
(0946688615.774118) can0 00000001#0E000000F4FF0000
(0946688615.774694) can0 00000002#D20300004A0150FD
(0946688615.784178) can0 00000001#0E000000F5FF0000
(0946688615.784746) can0 00000002#D20300004A0150FD
(0946688615.790471) can0 18FF1080#00000000
(0946688615.794319) can0 00000001#0D000000F5FF0000
(0946688615.794872) can0 00000002#D20300004A0150FD
(0946688615.804377) can0 00000001#0D000000F5FF0000
(0946688615.804969) can0 00000002#D10300004A0150FD
(0946688615.805548) can0 18FF00EA#10F9000005007D41
(0946688615.810056) can0 18FF01EA#00007D007D007DFF
(0946688615.810481) can0 18FF1080#00000000
(0946688615.812023) can0 18FF00F7#E0F9000005007D40
(0946688615.814477) can0 00000001#0D000000F5FF0000
(0946688615.815049) can0 00000002#D10300004A0150FD
(0946688615.815659) can0 18FF02EA#00007D007D007DFF
(0946688615.816930) can0 18FF01F7#00007D007D007DFF
(0946688615.822142) can0 18FF02F7#00007D007D007DFF
(0946688615.824598) can0 00000001#0D000000F5FF0000
(0946688615.825162) can0 00000002#D20300004A0150FD
(0946688615.830461) can0 18FF1080#00000000
(0946688615.834693) can0 00000001#0D000000F5FF0000
(0946688615.835262) can0 00000002#D20300004A0150FD
(0946688615.844758) can0 00000001#0D000000F5FF0000
(0946688615.845317) can0 00000002#D10300004A0150FD
(0946688615.850465) can0 18FF1080#00000000
(0946688615.854844) can0 00000001#0D000000F5FF0000
(0946688615.855399) can0 00000002#D10300004A0150FD
(0946688615.864917) can0 00000001#0E000000F5FF0000
(0946688615.865488) can0 00000002#D10300004A0150FD
(0946688615.870451) can0 18FF1080#00000000
(0946688615.875018) can0 00000001#0E000000F5FF0000
(0946688615.875595) can0 00000002#D10300004A0150FD
(0946688615.885116) can0 00000001#0D000000F5FF0000
(0946688615.885689) can0 00000002#D10300004A0150FD
(0946688615.890463) can0 18FF1080#00000000
(0946688615.895232) can0 00000001#0D000000F5FF0000
(0946688615.895778) can0 00000002#D10300004A0150FD
(0946688615.905155) can0 18FF00EA#10F9000005007D41
(0946688615.905829) can0 00000001#0E000000F5FF0000
(0946688615.906370) can0 00000002#D10300004A0150FD
(0946688615.910024) can0 18FF01EA#00007D007D007DFF
(0946688615.910525) can0 18FF1080#00000000
(0946688615.912103) can0 18FF00F7#E0F9000005007D40
(0946688615.914917) can0 18FF02EA#00007D007D007DFF
(0946688615.915917) can0 00000001#0D000000F5FF0000
(0946688615.916504) can0 00000002#D20300004B0150FD
(0946688615.917092) can0 18FF01F7#00007D007D007DFF
(0946688615.922135) can0 18FF02F7#00007D007D007DFF
(0946688615.925990) can0 00000001#0D000000F5FF0000
(0946688615.926557) can0 00000002#D10300004B0150FD
(0946688615.930447) can0 18FF1080#00000000
(0946688615.936115) can0 00000001#0E000000F5FF0000
(0946688615.936687) can0 00000002#D10300004B0150FD
(0946688615.946172) can0 00000001#0E000000F5FF0000
(0946688615.946745) can0 00000002#D20300004B0150FD
(0946688615.950464) can0 18FF1080#00000000
(0946688615.956314) can0 00000001#0D000000F5FF0000
(0946688615.956867) can0 00000002#D20300004B0150FD
(0946688615.966357) can0 00000001#0D000000F5FF0000
(0946688615.966955) can0 00000002#D10300004B0150FD
(0946688615.970441) can0 18FF1080#00000000
(0946688615.976470) can0 00000001#0D000000F5FF0000
(0946688615.977015) can0 00000002#D10300004B0150FD
(0946688615.986552) can0 00000001#0E000000F5FF0000
(0946688615.987121) can0 00000002#D10300004B0150FD
(0946688615.990461) can0 18FF1080#00000000
(0946688615.996642) can0 00000001#0E000000F5FF0000
(0946688615.997237) can0 00000002#D20300004B0150FD
(0946688616.005148) can0 18FF00EA#10F9000005007D41
(0946688616.006725) can0 00000001#0E000000F5FF0000
(0946688616.007314) can0 00000002#D10300004B014FFD
(0946688616.010028) can0 18FF01EA#00007D007D007DFF
(0946688616.010488) can0 18FF1080#00000000
(0946688616.011796) can0 18FF00F7#E0F9000005007D40
(0946688616.015136) can0 18FF02EA#00007D007D007DFF
(0946688616.016827) can0 00000001#0E000000F5FF0000
(0946688616.017404) can0 00000002#D10300004B014FFD
(0946688616.018000) can0 18FF01F7#00007D007D007DFF
(0946688616.022089) can0 18FF02F7#00007D007D007DFF
(0946688616.026948) can0 00000001#0E000000F5FF0000
(0946688616.027510) can0 00000002#D20300004B014FFD
(0946688616.030439) can0 18FF1080#00000000
(0946688616.037027) can0 00000001#0E000000F5FF0000
(0946688616.037588) can0 00000002#D20300004B014FFD
(0946688616.047102) can0 00000001#0E000000F5FF0000
(0946688616.047681) can0 00000002#D20300004B014FFD
(0946688616.050466) can0 18FF1080#00000000
(0946688616.057189) can0 00000001#0D000000F5FF0000
(0946688616.057752) can0 00000002#D10300004B014FFD
(0946688616.067250) can0 00000001#0D000000F5FF0000
(0946688616.067838) can0 00000002#D20300004B014FFD
(0946688616.070448) can0 18FF1080#00000000
(0946688616.077324) can0 00000001#0D000000F5FF0000
(0946688616.077911) can0 00000002#D10300004B014FFD
(0946688616.087437) can0 00000001#0E000000F5FF0000
(0946688616.088028) can0 00000002#D10300004B014FFD
(0946688616.090458) can0 18FF1080#00000000
(0946688616.097517) can0 00000001#0E000000F5FF0000
(0946688616.098110) can0 00000002#D10300004B014FFD
(0946688616.105033) can0 18FF00EA#10F9000005007D41
(0946688616.107606) can0 00000001#0E000000F5FF0000
(0946688616.108194) can0 00000002#D10300004B014FFD
(0946688616.110028) can0 18FF01EA#00007D007D007DFF
(0946688616.110457) can0 18FF1080#00000000
(0946688616.111900) can0 18FF00F7#E0F9000005007D40
(0946688616.115166) can0 18FF02EA#00007D007D007DFF
(0946688616.117055) can0 18FF01F7#00007D007D007DFF
(0946688616.118344) can0 00000001#0E000000F5FF0000
(0946688616.118915) can0 00000002#D10300004B014FFD
(0946688616.122234) can0 18FF02F7#00007D007D007DFF
(0946688616.128442) can0 00000001#0E000000F5FF0000
(0946688616.128993) can0 00000002#D10300004B014FFD
(0946688616.130431) can0 18FF1080#00000000
(0946688616.138482) can0 00000001#0E000000F5FF0000
(0946688616.139073) can0 00000002#D10300004B014FFD
(0946688616.148568) can0 00000001#0E000000F5FF0000
(0946688616.149155) can0 00000002#D10300004B014FFD
(0946688616.150465) can0 18FF1080#00000000
(0946688616.158678) can0 00000001#0D000000F4FF0000
(0946688616.159270) can0 00000002#D20300004B014FFD
(0946688616.168785) can0 00000001#0D000000F4FF0000
(0946688616.169333) can0 00000002#D20300004B014FFD
(0946688616.170447) can0 18FF1080#00000000
(0946688616.178864) can0 00000001#0E000000F4FF0000
(0946688616.179468) can0 00000002#D20300004B014FFD
(0946688616.188948) can0 00000001#0E000000F4FF0000
(0946688616.189523) can0 00000002#D20300004B014FFD
(0946688616.190464) can0 18FF1080#00000000
(0946688616.199061) can0 00000001#0D000000F4FF0000
(0946688616.199613) can0 00000002#D10300004B014FFD
(0946688616.204973) can0 18FF00EA#10F9000005007D41
(0946688616.209162) can0 00000001#0E000000F4FF0000
(0946688616.209709) can0 00000002#D20300004B014FFD
(0946688616.210337) can0 18FF01EA#00007D007D007DFF
(0946688616.210766) can0 18FF1080#00000000
(0946688616.211966) can0 18FF00F7#E0F9000005007D40
(0946688616.215017) can0 18FF02EA#00007D007D007DFF
(0946688616.216939) can0 18FF01F7#00007D007D007DFF
(0946688616.219271) can0 00000001#0E000000F4FF0000
(0946688616.219827) can0 00000002#D20300004B014FFD
(0946688616.222008) can0 18FF02F7#00007D007D007DFF
(0946688616.229300) can0 00000001#0E000000F5FF0000
(0946688616.229905) can0 00000002#D10300004B014FFD
(0946688616.230451) can0 18FF1080#00000000
(0946688616.239375) can0 00000001#0E000000F5FF0000
(0946688616.239985) can0 00000002#D10300004B014FFD
(0946688616.249504) can0 00000001#0E000000F5FF0000
(0946688616.250069) can0 00000002#D10300004B014FFD
(0946688616.250516) can0 18FF1080#00000000
(0946688616.259576) can0 00000001#0E000000F5FF0000
(0946688616.260139) can0 00000002#D10300004B014FFD
(0946688616.269662) can0 00000001#0E000000F6FF0000
(0946688616.270239) can0 00000002#D10300004B014FFD
(0946688616.270704) can0 18FF1080#00000000
(0946688616.279737) can0 00000001#0E000000F6FF0000
(0946688616.280309) can0 00000002#D10300004B014FFD
(0946688616.289812) can0 00000001#0E000000F6FF0000
(0946688616.290379) can0 00000002#D10300004B014FFD
(0946688616.290863) can0 18FF1080#00000000
(0946688616.299946) can0 00000001#0D000000F6FF0000
(0946688616.300542) can0 00000002#D10300004B014FFD
(0946688616.304771) can0 18FF00EA#10F9000005007D41
(0946688616.310016) can0 18FF01EA#00007D007D007DFF
(0946688616.310464) can0 18FF1080#00000000
(0946688616.311065) can0 00000001#0E000000F6FF0000
(0946688616.311604) can0 00000002#D10300004B014FFD
(0946688616.312198) can0 18FF00F7#E0F9000005007D40
(0946688616.314768) can0 18FF02EA#00007D007D007DFF
(0946688616.317032) can0 18FF01F7#00007D007D007DFF
(0946688616.320936) can0 00000001#0E000000F6FF0000
(0946688616.321522) can0 00000002#D10300004C014FFD
(0946688616.322100) can0 18FF02F7#00007D007D007DFF
(0946688616.330428) can0 18FF1080#00000000
(0946688616.331002) can0 00000001#0D000000F5FF0000
(0946688616.331563) can0 00000002#D10300004C014FFD
(0946688616.341055) can0 00000001#0D000000F5FF0000
(0946688616.341645) can0 00000002#D10300004C014FFD
(0946688616.350467) can0 18FF1080#00000000
(0946688616.351167) can0 00000001#0D000000F5FF0000
(0946688616.351753) can0 00000002#D10300004C014EFD
(0946688616.361262) can0 00000001#0D000000F5FF0000
(0946688616.361813) can0 00000002#D10300004C014EFD
(0946688616.370416) can0 18FF1080#00000000
(0946688616.371342) can0 00000001#0D000000F5FF0000
(0946688616.371965) can0 00000002#D10300004C014EFD
(0946688616.381455) can0 00000001#0E000000F5FF0000
(0946688616.382049) can0 00000002#D10300004C014EFD
(0946688616.390452) can0 18FF1080#00000000
(0946688616.391550) can0 00000001#0D000000F5FF0000
(0946688616.392127) can0 00000002#D10300004C014EFD
(0946688616.401685) can0 00000001#0E000000F5FF0000
(0946688616.402240) can0 00000002#D10300004C014EFD
(0946688616.404897) can0 18FF00EA#10F9000005007D41
(0946688616.409978) can0 18FF01EA#00007D007D007DFF
(0946688616.410514) can0 18FF1080#00000000
(0946688616.411730) can0 00000001#0E000000F5FF0000
(0946688616.412305) can0 00000002#D10300004C014EFD
(0946688616.412909) can0 18FF00F7#E0F9000005007D40
(0946688616.415024) can0 18FF02EA#00007D007D007DFF
(0946688616.416791) can0 18FF01F7#00007D007D007DFF
(0946688616.421829) can0 00000001#0E000000F5FF0000
(0946688616.422410) can0 00000002#D20300004C014EFD
(0946688616.422997) can0 18FF02F7#00007D007D007DFF
(0946688616.430446) can0 18FF1080#00000000
(0946688616.431964) can0 00000001#0E000000F5FF0000
(0946688616.432565) can0 00000002#D20300004C014EFD
(0946688616.442044) can0 00000001#0E000000F5FF0000
(0946688616.442611) can0 00000002#D20300004C014EFD
(0946688616.450428) can0 18FF1080#00000000
(0946688616.452109) can0 00000001#0E000000F5FF0000
(0946688616.452682) can0 00000002#D10300004C014EFD
(0946688616.462194) can0 00000001#0E000000F5FF0000
(0946688616.462753) can0 00000002#D20300004C014EFD
(0946688616.470446) can0 18FF1080#00000000
(0946688616.472310) can0 00000001#0E000000F5FF0000
(0946688616.472882) can0 00000002#D10300004C014EFD
(0946688616.482366) can0 00000001#0E000000F5FF0000
(0946688616.482949) can0 00000002#D10300004C014EFD
(0946688616.490428) can0 18FF1080#00000000
(0946688616.492475) can0 00000001#0E000000F5FF0000
(0946688616.493079) can0 00000002#D10300004C014EFD
(0946688616.502557) can0 00000001#0D000000F5FF0000
(0946688616.503156) can0 00000002#D10300004C014EFD
(0946688616.505175) can0 18FF00EA#10F9000005007D41
(0946688616.509768) can0 18FF01EA#00007D007D007DFF
(0946688616.510415) can0 18FF1080#00000000
(0946688616.511825) can0 18FF00F7#E0F9000005007D40
(0946688616.513369) can0 00000001#0E000000F5FF0000
(0946688616.513956) can0 00000002#D20300004C014EFD
(0946688616.514975) can0 18FF02EA#00007D007D007DFF
(0946688616.516975) can0 18FF01F7#00007D007D007DFF
(0946688616.522217) can0 18FF02F7#00007D007D007DFF
(0946688616.523422) can0 00000001#0E000000F5FF0000
(0946688616.523995) can0 00000002#D20300004C014EFD
(0946688616.530415) can0 18FF1080#00000000
(0946688616.533531) can0 00000001#0E000000F5FF0000
(0946688616.534117) can0 00000002#D20300004C014EFD
(0946688616.543628) can0 00000001#0E000000F5FF0000
(0946688616.544201) can0 00000002#D20300004C014EFD
(0946688616.550428) can0 18FF1080#00000000
(0946688616.553720) can0 00000001#0E000000F5FF0000
(0946688616.554285) can0 00000002#D10300004C014EFD
(0946688616.563797) can0 00000001#0E000000F5FF0000
(0946688616.564349) can0 00000002#D10300004C014EFD
(0946688616.570416) can0 18FF1080#00000000
(0946688616.573869) can0 00000001#0E000000F5FF0000
(0946688616.574470) can0 00000002#D10300004C014EFD
(0946688616.583984) can0 00000001#0D000000F5FF0000
(0946688616.584569) can0 00000002#D10300004C014EFD
(0946688616.590431) can0 18FF1080#00000000
(0946688616.594086) can0 00000001#0E000000F5FF0000
(0946688616.594654) can0 00000002#D10300004C014EFD
(0946688616.604200) can0 00000001#0D000000F5FF0000
(0946688616.604733) can0 00000002#D20300004C014EFD
(0946688616.605321) can0 18FF00EA#10F9000005007D41
(0946688616.609756) can0 18FF01EA#00007D007D007DFF
(0946688616.610415) can0 18FF1080#00000000
(0946688616.612121) can0 18FF00F7#E0F9000005007D40
(0946688616.614287) can0 00000001#0D000000F5FF0000
(0946688616.614876) can0 00000002#D10300004C014EFD
(0946688616.615472) can0 18FF02EA#00007D007D007DFF
(0946688616.616806) can0 18FF01F7#00007D007D007DFF
(0946688616.621982) can0 18FF02F7#00007D007D007DFF
(0946688616.624357) can0 00000001#0D000000F5FF0000
(0946688616.624960) can0 00000002#D10300004C014EFD
(0946688616.630413) can0 18FF1080#00000000
(0946688616.634448) can0 00000001#0D000000F5FF0000
(0946688616.635043) can0 00000002#D10300004C014EFD
(0946688616.644568) can0 00000001#0D000000F5FF0000
(0946688616.645128) can0 00000002#D10300004C014EFD
(0946688616.650423) can0 18FF1080#00000000
(0946688616.654618) can0 00000001#0D000000F5FF0000
(0946688616.655199) can0 00000002#D10300004D014EFD
(0946688616.664745) can0 00000001#0D000000F5FF0000
(0946688616.665302) can0 00000002#D10300004D014EFD
(0946688616.670416) can0 18FF1080#00000000
(0946688616.674868) can0 00000001#0D000000F5FF0000
(0946688616.675422) can0 00000002#D10300004D014EFD
(0946688616.684938) can0 00000001#0D000000F5FF0000
(0946688616.685522) can0 00000002#D10300004D014EFD
(0946688616.690413) can0 18FF1080#00000000
(0946688616.695017) can0 00000001#0D000000F5FF0000
(0946688616.695585) can0 00000002#D10300004D014EFD
(0946688616.705044) can0 18FF00EA#10F9000005007D41
(0946688616.705807) can0 00000001#0D000000F5FF0000
(0946688616.706365) can0 00000002#D10300004D014DFD
(0946688616.709852) can0 18FF01EA#00007D007D007DFF
(0946688616.710426) can0 18FF1080#00000000
(0946688616.711952) can0 18FF00F7#E0F9000005007D40
(0946688616.714763) can0 18FF02EA#00007D007D007DFF
(0946688616.715928) can0 00000001#0D000000F5FF0000
(0946688616.716501) can0 00000002#D10300004D014DFD
(0946688616.717113) can0 18FF01F7#00007D007D007DFF
(0946688616.721818) can0 18FF02F7#00007D007D007DFF
(0946688616.725999) can0 00000001#0D000000F5FF0000
(0946688616.726575) can0 00000002#D10300004D014DFD
(0946688616.730412) can0 18FF1080#00000000
(0946688616.736084) can0 00000001#0D000000F5FF0000
(0946688616.736650) can0 00000002#D10300004D014DFD
(0946688616.746169) can0 00000001#0D000000F5FF0000
(0946688616.746742) can0 00000002#D20300004D014DFD
(0946688616.750412) can0 18FF1080#00000000
(0946688616.756254) can0 00000001#0D000000F5FF0000
(0946688616.756822) can0 00000002#D10300004D014DFD
(0946688616.766350) can0 00000001#0D000000F5FF0000
(0946688616.766944) can0 00000002#D20300004D014DFD
(0946688616.770425) can0 18FF1080#00000000
(0946688616.776428) can0 00000001#0D000000F5FF0000
(0946688616.777009) can0 00000002#D20300004D014DFD
(0946688616.786526) can0 00000001#0D000000F5FF0000
(0946688616.787099) can0 00000002#D10300004D014DFD
(0946688616.790416) can0 18FF1080#00000000
(0946688616.796584) can0 00000001#0D000000F5FF0000
(0946688616.797153) can0 00000002#D10300004D014DFD
(0946688616.804749) can0 18FF00EA#10F9000005007D41
(0946688616.806724) can0 00000001#0E000000F5FF0000
(0946688616.807316) can0 00000002#D10300004D014DFD
(0946688616.809743) can0 18FF01EA#00007D007D007DFF
(0946688616.810424) can0 18FF1080#00000000
(0946688616.811786) can0 18FF00F7#E0F9000005007D40
(0946688616.814898) can0 18FF02EA#00007D007D007DFF
(0946688616.816820) can0 00000001#0E000000F5FF0000
(0946688616.817354) can0 00000002#D10300004D014DFD
(0946688616.817944) can0 18FF01F7#00007D007D007DFF
(0946688616.822212) can0 18FF02F7#00007D007D007DFF
(0946688616.826865) can0 00000001#0D000000F4FF0000
(0946688616.827443) can0 00000002#D10300004D014DFD
(0946688616.830417) can0 18FF1080#00000000
(0946688616.836952) can0 00000001#0E000000F5FF0000
(0946688616.837507) can0 00000002#D10300004D014DFD
(0946688616.847075) can0 00000001#0D000000F5FF0000
(0946688616.847650) can0 00000002#D10300004D014DFD
(0946688616.850412) can0 18FF1080#00000000
(0946688616.857101) can0 00000001#0D000000F5FF0000
(0946688616.857680) can0 00000002#D10300004D014DFD
(0946688616.867241) can0 00000001#0E000000F5FF0000
(0946688616.867810) can0 00000002#D20300004D014DFD
(0946688616.870416) can0 18FF1080#00000000
(0946688616.877330) can0 00000001#0D000000F5FF0000
(0946688616.877921) can0 00000002#D10300004D014DFD
(0946688616.887438) can0 00000001#0D000000F5FF0000
(0946688616.887975) can0 00000002#D10300004D014DFD
(0946688616.890421) can0 18FF1080#00000000
(0946688616.897494) can0 00000001#0D000000F5FF0000
(0946688616.898061) can0 00000002#D10300004D014DFD
(0946688616.904866) can0 18FF00EA#10F9000005007D41
(0946688616.908340) can0 00000001#0E000000F5FF0000
(0946688616.908924) can0 00000002#D10300004D014DFD
(0946688616.909954) can0 18FF01EA#00007D007D007DFF
(0946688616.910520) can0 18FF1080#00000000
(0946688616.911984) can0 18FF00F7#E0F9000005007D40
(0946688616.915120) can0 18FF02EA#00007D007D007DFF
(0946688616.916958) can0 18FF01F7#00007D007D007DFF
(0946688616.918434) can0 00000001#0D000000F5FF0000
(0946688616.919003) can0 00000002#D10300004D014DFD
(0946688616.922206) can0 18FF02F7#00007D007D007DFF
(0946688616.928583) can0 00000001#0D000000F5FF0000
(0946688616.929163) can0 00000002#D10300004D014DFD
(0946688616.930423) can0 18FF1080#00000000
(0946688616.938656) can0 00000001#0D000000F5FF0000
(0946688616.939219) can0 00000002#D10300004D014DFD
(0946688616.948715) can0 00000001#0E000000F5FF0000
(0946688616.949310) can0 00000002#D10300004D014DFD
(0946688616.950412) can0 18FF1080#00000000
(0946688616.958817) can0 00000001#0E000000F5FF0000
(0946688616.959376) can0 00000002#D10300004D014DFD
(0946688616.968917) can0 00000001#0E000000F5FF0000
(0946688616.969491) can0 00000002#D10300004D014DFD
(0946688616.970426) can0 18FF1080#00000000
(0946688616.979002) can0 00000001#0D000000F5FF0000
(0946688616.979574) can0 00000002#D10300004D014DFD
(0946688616.989094) can0 00000001#0D000000F5FF0000
(0946688616.989658) can0 00000002#D10300004D014DFD
(0946688616.990418) can0 18FF1080#00000000
(0946688616.999176) can0 00000001#0D000000F5FF0000
(0946688616.999736) can0 00000002#D20300004D014DFD
(0946688617.005107) can0 18FF00EA#10F9000005007D41
(0946688617.009295) can0 00000001#0E000000F5FF0000
(0946688617.009832) can0 00000002#D20300004D014DFD
(0946688617.010467) can0 18FF01EA#00007D007D007DFF
(0946688617.010879) can0 18FF1080#00000000
(0946688617.011776) can0 18FF00F7#E0F9000005007D40
(0946688617.014863) can0 18FF02EA#00007D007D007DFF
(0946688617.017029) can0 18FF01F7#00007D007D007DFF
(0946688617.019351) can0 00000001#0E000000F5FF0000
(0946688617.019940) can0 00000002#D10300004D014DFD
(0946688617.021818) can0 18FF02F7#00007D007D007DFF
(0946688617.029434) can0 00000001#0E000000F5FF0000
(0946688617.030003) can0 00000002#D10300004D014DFD
(0946688617.030473) can0 18FF1080#00000000
(0946688617.039553) can0 00000001#0E000000F5FF0000
(0946688617.040122) can0 00000002#D10300004D014DFD
(0946688617.049648) can0 00000001#0D000000F5FF0000
(0946688617.050186) can0 00000002#D20300004D014DFD
(0946688617.050662) can0 18FF1080#00000000
(0946688617.059704) can0 00000001#0D000000F5FF0000
(0946688617.060294) can0 00000002#D20300004E014CFD
(0946688617.069848) can0 00000001#0C000000F5FF0000
(0946688617.070442) can0 00000002#D20300004E014CFD
(0946688617.070860) can0 18FF1080#00000000
(0946688617.079969) can0 00000001#0C000000F5FF0000
(0946688617.080533) can0 00000002#D20300004E014CFD
(0946688617.090054) can0 00000001#0C000000F5FF0000
(0946688617.090489) can0 18FF1080#00000000
(0946688617.091046) can0 00000002#D10300004E014CFD
(0946688617.100866) can0 00000001#0D000000F5FF0000
(0946688617.101455) can0 00000002#D10300004E014CFD
(0946688617.105137) can0 18FF00EA#10F9000005007D41
(0946688617.109907) can0 18FF01EA#00007D007D007DFF
(0946688617.110447) can0 18FF1080#00000000
(0946688617.111030) can0 00000001#0D000000F5FF0000
(0946688617.111609) can0 00000002#D10300004E014CFD
(0946688617.112174) can0 18FF00F7#E0F9000005007D40
(0946688617.114862) can0 18FF02EA#00007D007D007DFF
(0946688617.117043) can0 18FF01F7#00007D007D007DFF
(0946688617.121099) can0 00000001#0D000000F5FF0000
(0946688617.121711) can0 00000002#D00300004E014CFD
(0946688617.122293) can0 18FF02F7#00007D007D007DFF
(0946688617.130425) can0 18FF1080#00000000
(0946688617.131199) can0 00000001#0D000000F5FF0000
(0946688617.131801) can0 00000002#D00300004E014CFD
(0946688617.141332) can0 00000001#0E000000F5FF0000
(0946688617.141877) can0 00000002#D00300004E014CFD
(0946688617.150413) can0 18FF1080#00000000
(0946688617.151367) can0 00000001#0E000000F4FF0000
(0946688617.151966) can0 00000002#D10300004E014CFD
(0946688617.161502) can0 00000001#0E000000F4FF0000
(0946688617.162073) can0 00000002#D00300004E014CFD
(0946688617.170421) can0 18FF1080#00000000
(0946688617.171597) can0 00000001#0E000000F4FF0000
(0946688617.172164) can0 00000002#D10300004E014CFD
(0946688617.181721) can0 00000001#0E000000F4FF0000
(0946688617.182280) can0 00000002#D10300004E014CFD
(0946688617.190411) can0 18FF1080#00000000
(0946688617.191796) can0 00000001#0E000000F4FF0000
(0946688617.192337) can0 00000002#D10300004E014CFD
(0946688617.201877) can0 00000001#0E000000F4FF0000
(0946688617.202434) can0 00000002#D10300004E014CFD
(0946688617.205108) can0 18FF00EA#10F9000005007D41
(0946688617.209745) can0 18FF01EA#00007D007D007DFF
(0946688617.210421) can0 18FF1080#00000000
(0946688617.211867) can0 18FF00F7#E0F9000005007D40
(0946688617.212474) can0 00000001#0E000000F4FF0000
(0946688617.213035) can0 00000002#D10300004E014CFD
(0946688617.214872) can0 18FF02EA#00007D007D007DFF
(0946688617.216949) can0 18FF01F7#00007D007D007DFF
(0946688617.222020) can0 00000001#0E000000F4FF0000
(0946688617.222598) can0 00000002#D10300004E014CFD
(0946688617.223208) can0 18FF02F7#00007D007D007DFF
(0946688617.230421) can0 18FF1080#00000000
(0946688617.232151) can0 00000001#0D000000F5FF0000
(0946688617.232697) can0 00000002#D20300004E014CFD
(0946688617.242203) can0 00000001#0D000000F5FF0000
(0946688617.242791) can0 00000002#D20300004E014CFD
(0946688617.250410) can0 18FF1080#00000000
(0946688617.252318) can0 00000001#0D000000F5FF0000
(0946688617.252872) can0 00000002#D10300004E014CFD
(0946688617.262442) can0 00000001#0D000000F5FF0000
(0946688617.262991) can0 00000002#D10300004E014CFD
(0946688617.270422) can0 18FF1080#00000000
(0946688617.273241) can0 00000001#0E000000F5FF0000
(0946688617.273817) can0 00000002#D10300004E014CFD
(0946688617.283319) can0 00000001#0E000000F5FF0000
(0946688617.283872) can0 00000002#D10300004E014CFD
(0946688617.290409) can0 18FF1080#00000000
(0946688617.293397) can0 00000001#0E000000F5FF0000
(0946688617.293965) can0 00000002#D20300004E014CFD
(0946688617.303489) can0 00000001#0E000000F5FF0000
(0946688617.304047) can0 00000002#D20300004E014CFD
(0946688617.304876) can0 18FF00EA#10F9000005007D41
(0946688617.309743) can0 18FF01EA#00007D007D007DFF
(0946688617.310409) can0 18FF1080#00000000
(0946688617.311948) can0 18FF00F7#E0F9000005007D40
(0946688617.313611) can0 00000001#0E000000F5FF0000
(0946688617.314165) can0 00000002#D10300004E014CFD
(0946688617.315059) can0 18FF02EA#00007D007D007DFF
(0946688617.316855) can0 18FF01F7#00007D007D007DFF
(0946688617.322079) can0 18FF02F7#00007D007D007DFF
(0946688617.323694) can0 00000001#0E000000F5FF0000
(0946688617.324240) can0 00000002#D10300004E014CFD
(0946688617.330421) can0 18FF1080#00000000
(0946688617.333738) can0 00000001#0F000000F5FF0000
(0946688617.334326) can0 00000002#D10300004E014CFD
(0946688617.343868) can0 00000001#0E000000F5FF0000
(0946688617.344447) can0 00000002#D10300004E014CFD
(0946688617.350406) can0 18FF1080#00000000
(0946688617.353957) can0 00000001#0E000000F5FF0000
(0946688617.354525) can0 00000002#D10300004E014CFD
(0946688617.364076) can0 00000001#0E000000F5FF0000
(0946688617.364646) can0 00000002#D10300004E014CFD
(0946688617.370420) can0 18FF1080#00000000
(0946688617.374142) can0 00000001#0E000000F5FF0000
(0946688617.374743) can0 00000002#D10300004E014CFD
(0946688617.384240) can0 00000001#0E000000F5FF0000
(0946688617.384805) can0 00000002#D10300004E014CFD
(0946688617.390420) can0 18FF1080#00000000
(0946688617.394307) can0 00000001#0E000000F5FF0000
(0946688617.394885) can0 00000002#D10300004E014CFD
(0946688617.404438) can0 00000001#0E000000F5FF0000
(0946688617.404999) can0 00000002#D10300004E014CFD
(0946688617.405574) can0 18FF00EA#10F9000005007D41
(0946688617.409781) can0 18FF01EA#00007D007D007DFF
(0946688617.410407) can0 18FF1080#00000000
(0946688617.411785) can0 18FF00F7#E0F9000005007D40
(0946688617.414504) can0 00000001#0E000000F5FF0000
(0946688617.415092) can0 00000002#D10300004E014CFD
(0946688617.415701) can0 18FF02EA#00007D007D007DFF
(0946688617.417001) can0 18FF01F7#00007D007D007DFF
(0946688617.422189) can0 18FF02F7#00007D007D007DFF
(0946688617.424596) can0 00000001#0E000000F5FF0000
(0946688617.425156) can0 00000002#D10300004F014BFD
(0946688617.430417) can0 18FF1080#00000000
(0946688617.434718) can0 00000001#0E000000F5FF0000
(0946688617.435279) can0 00000002#D10300004F014BFD
(0946688617.444793) can0 00000001#0E000000F5FF0000
(0946688617.445346) can0 00000002#D10300004F014BFD
(0946688617.450408) can0 18FF1080#00000000
(0946688617.454856) can0 00000001#0E000000F5FF0000
(0946688617.455436) can0 00000002#D10300004F014BFD
(0946688617.464942) can0 00000001#0E000000F5FF0000
(0946688617.465500) can0 00000002#D10300004F014BFD
(0946688617.470417) can0 18FF1080#00000000
(0946688617.475037) can0 00000001#0E000000F5FF0000
(0946688617.475610) can0 00000002#D10300004F014BFD
(0946688617.485746) can0 00000001#0E000000F5FF0000
(0946688617.486327) can0 00000002#D20300004F014BFD
(0946688617.490427) can0 18FF1080#00000000
(0946688617.495833) can0 00000001#0E000000F5FF0000
(0946688617.496394) can0 00000002#D10300004F014BFD
(0946688617.505228) can0 18FF00EA#10F9000005007D41
(0946688617.505988) can0 00000001#0E000000F5FF0000
(0946688617.506570) can0 00000002#D10300004F014BFD
(0946688617.509841) can0 18FF01EA#00007D007D007DFF
(0946688617.510407) can0 18FF1080#00000000
(0946688617.512055) can0 18FF00F7#E0F9000005007D40
(0946688617.514908) can0 18FF02EA#00007D007D007DFF
(0946688617.516127) can0 00000001#0D000000F5FF0000
(0946688617.516690) can0 00000002#D10300004F014BFD
(0946688617.517262) can0 18FF01F7#00007D007D007DFF
(0946688617.521959) can0 18FF02F7#00007D007D007DFF
(0946688617.526173) can0 00000001#0D000000F5FF0000
(0946688617.526751) can0 00000002#D10300004F014BFD
(0946688617.530428) can0 18FF1080#00000000
(0946688617.536254) can0 00000001#0E000000F5FF0000
(0946688617.536845) can0 00000002#D20300004F014BFD
(0946688617.546331) can0 00000001#0E000000F5FF0000
(0946688617.546900) can0 00000002#D20300004F014BFD
(0946688617.550407) can0 18FF1080#00000000
(0946688617.556445) can0 00000001#0D000000F5FF0000
(0946688617.556984) can0 00000002#D10300004F014BFD
(0946688617.566504) can0 00000001#0D000000F5FF0000
(0946688617.567078) can0 00000002#D10300004F014BFD
(0946688617.570437) can0 18FF1080#00000000
(0946688617.576594) can0 00000001#0D000000F5FF0000
(0946688617.577161) can0 00000002#D10300004F014BFD
(0946688617.586715) can0 00000001#0E000000F5FF0000
(0946688617.587255) can0 00000002#D10300004F014BFD
(0946688617.590421) can0 18FF1080#00000000
(0946688617.596794) can0 00000001#0E000000F5FF0000
(0946688617.597342) can0 00000002#D10300004F014BFD
(0946688617.604893) can0 18FF00EA#10F9000005007D41
(0946688617.606879) can0 00000001#0E000000F5FF0000
(0946688617.607418) can0 00000002#D10300004F014BFD
(0946688617.609877) can0 18FF01EA#00007D007D007DFF
(0946688617.610406) can0 18FF1080#00000000
(0946688617.611900) can0 18FF00F7#E0F9000005007D40
(0946688617.614918) can0 18FF02EA#00007D007D007DFF
(0946688617.616958) can0 18FF01F7#00007D007D007DFF
(0946688617.617523) can0 00000001#0E000000F5FF0000
(0946688617.618118) can0 00000002#D10300004F014BFD
(0946688617.622177) can0 18FF02F7#00007D007D007DFF
(0946688617.627074) can0 00000001#0E000000F5FF0000
(0946688617.627622) can0 00000002#D10300004F014BFD
(0946688617.630418) can0 18FF1080#00000000
(0946688617.637136) can0 00000001#0E000000F5FF0000
(0946688617.637721) can0 00000002#D10300004F014BFD
(0946688617.647241) can0 00000001#0D000000F5FF0000
(0946688617.647813) can0 00000002#D10300004F014BFD
(0946688617.650406) can0 18FF1080#00000000
(0946688617.657396) can0 00000001#0D000000F5FF0000
(0946688617.657919) can0 00000002#D10300004F014BFD
(0946688617.667449) can0 00000001#0D000000F5FF0000
(0946688617.668396) can0 00000002#D10300004F014BFD
(0946688617.670429) can0 18FF1080#00000000
(0946688617.678292) can0 00000001#0D000000F5FF0000
(0946688617.678852) can0 00000002#D10300004F014BFD
(0946688617.688334) can0 00000001#0D000000F5FF0000
(0946688617.688912) can0 00000002#D10300004F014BFD
(0946688617.690424) can0 18FF1080#00000000
(0946688617.698435) can0 00000001#0D000000F5FF0000
(0946688617.699014) can0 00000002#D20300004F014BFD
(0946688617.704721) can0 18FF00EA#10F9000005007D41
(0946688617.708533) can0 00000001#0D000000F5FF0000
(0946688617.709120) can0 00000002#D10300004F014BFD
(0946688617.710014) can0 18FF01EA#00007D007D007DFF
(0946688617.710457) can0 18FF1080#00000000
(0946688617.711742) can0 18FF00F7#E0F9000005007D40
(0946688617.714842) can0 18FF02EA#00007D007D007DFF
(0946688617.717011) can0 18FF01F7#00007D007D007DFF
(0946688617.718650) can0 00000001#0D000000F5FF0000
(0946688617.719187) can0 00000002#D20300004F014BFD
(0946688617.722213) can0 18FF02F7#00007D007D007DFF
(0946688617.728722) can0 00000001#0D000000F5FF0000
(0946688617.729292) can0 00000002#D10300004F014BFD
(0946688617.730405) can0 18FF1080#00000000
(0946688617.738809) can0 00000001#0D000000F5FF0000
(0946688617.739368) can0 00000002#D10300004F014BFD
(0946688617.748907) can0 00000001#0E000000F5FF0000
(0946688617.749472) can0 00000002#D20300004F014BFD
(0946688617.750418) can0 18FF1080#00000000
(0946688617.758974) can0 00000001#0D000000F5FF0000
(0946688617.759556) can0 00000002#D10300004F014BFD
(0946688617.769066) can0 00000001#0D000000F5FF0000
(0946688617.769650) can0 00000002#D10300004F014AFD
(0946688617.770407) can0 18FF1080#00000000
(0946688617.779198) can0 00000001#0D000000F4FF0000
(0946688617.779766) can0 00000002#D10300004F014AFD
(0946688617.789269) can0 00000001#0D000000F4FF0000
(0946688617.789824) can0 00000002#D10300004F014AFD
(0946688617.790416) can0 18FF1080#00000000
(0946688617.799358) can0 00000001#0D000000F4FF0000
(0946688617.799943) can0 00000002#D10300004F014AFD
(0946688617.805096) can0 18FF00EA#10F9000005007D41
(0946688617.809443) can0 00000001#0D000000F5FF0000
(0946688617.810008) can0 00000002#D10300004F014AFD
(0946688617.810625) can0 18FF01EA#00007D007D007DFF
(0946688617.811045) can0 18FF1080#00000000
(0946688617.812155) can0 18FF00F7#E0F9000005007D40
(0946688617.815011) can0 18FF02EA#00007D007D007DFF
(0946688617.816726) can0 18FF01F7#00007D007D007DFF
(0946688617.819542) can0 00000001#0D000000F5FF0000
(0946688617.820117) can0 00000002#D20300004F014AFD
(0946688617.822053) can0 18FF02F7#00007D007D007DFF
(0946688617.829623) can0 00000001#0E000000F5FF0000
(0946688617.830205) can0 00000002#D20300004F014AFD
(0946688617.830653) can0 18FF1080#00000000
(0946688617.839719) can0 00000001#0D000000F5FF0000
(0946688617.840287) can0 00000002#D20300004F014AFD
(0946688617.849811) can0 00000001#0D000000F5FF0000
(0946688617.850370) can0 00000002#D20300004F014AFD
(0946688617.850859) can0 18FF1080#00000000
(0946688617.859991) can0 00000001#0D000000F5FF0000
(0946688617.860581) can0 00000002#D203000050014AFD
(0946688617.870406) can0 18FF1080#00000000
(0946688617.870999) can0 00000001#0D000000F5FF0000
(0946688617.871580) can0 00000002#D203000050014AFD
(0946688617.880905) can0 00000001#0E000000F5FF0000
(0946688617.881500) can0 00000002#D203000050014AFD
(0946688617.890404) can0 18FF1080#00000000
(0946688617.891009) can0 00000001#0E000000F5FF0000
(0946688617.891568) can0 00000002#D203000050014AFD
(0946688617.901144) can0 00000001#0E000000F5FF0000
(0946688617.901707) can0 00000002#D203000050014AFD
(0946688617.904846) can0 18FF00EA#10F9000005007D41
(0946688617.909906) can0 18FF01EA#00007D007D007DFF
(0946688617.910445) can0 18FF1080#00000000
(0946688617.911176) can0 00000001#0E000000F5FF0000
(0946688617.911783) can0 00000002#D203000050014AFD
(0946688617.912351) can0 18FF00F7#E0F9000005007D40
(0946688617.915098) can0 18FF02EA#00007D007D007DFF
(0946688617.916837) can0 18FF01F7#00007D007D007DFF
(0946688617.921339) can0 00000001#0D000000F5FF0000
(0946688617.921874) can0 00000002#D103000050014AFD
(0946688617.922464) can0 18FF02F7#00007D007D007DFF
(0946688617.930400) can0 18FF1080#00000000
(0946688617.931363) can0 00000001#0E000000F5FF0000
(0946688617.931959) can0 00000002#D103000050014AFD
(0946688617.941448) can0 00000001#0D000000F5FF0000
(0946688617.942054) can0 00000002#D103000050014AFD
(0946688617.950417) can0 18FF1080#00000000
(0946688617.951563) can0 00000001#0D000000F5FF0000
(0946688617.952150) can0 00000002#D103000050014AFD
(0946688617.961671) can0 00000001#0E000000F5FF0000
(0946688617.962224) can0 00000002#D203000050014AFD
(0946688617.970403) can0 18FF1080#00000000
(0946688617.971746) can0 00000001#0E000000F5FF0000
(0946688617.972335) can0 00000002#D203000050014AFD
(0946688617.981865) can0 00000001#0E000000F5FF0000
(0946688617.982446) can0 00000002#D103000050014AFD
(0946688617.990404) can0 18FF1080#00000000
(0946688617.992024) can0 00000001#0E000000F5FF0000
(0946688617.992601) can0 00000002#D103000050014AFD
(0946688618.002044) can0 00000001#0E000000F4FF0000
(0946688618.002636) can0 00000002#D203000050014AFD
(0946688618.004721) can0 18FF00EA#10F9000005007D41
(0946688618.009971) can0 18FF01EA#00007D007D007DFF
(0946688618.010489) can0 18FF1080#00000000
(0946688618.011852) can0 18FF00F7#E0F9000005007D40
(0946688618.012447) can0 00000001#0E000000F4FF0000
(0946688618.012999) can0 00000002#D103000050014AFD
(0946688618.014843) can0 18FF02EA#00007D007D007DFF
(0946688618.016930) can0 18FF01F7#00007D007D007DFF
(0946688618.021790) can0 18FF02F7#00007D007D007DFF
(0946688618.022359) can0 00000001#0E000000F5FF0000
(0946688618.022935) can0 00000002#D103000050014AFD
(0946688618.030401) can0 18FF1080#00000000
(0946688618.032403) can0 00000001#0D000000F5FF0000
(0946688618.032968) can0 00000002#D103000050014AFD
(0946688618.042493) can0 00000001#0E000000F5FF0000
(0946688618.043073) can0 00000002#D103000050014AFD
(0946688618.050419) can0 18FF1080#00000000
(0946688618.053236) can0 00000001#0E000000F5FF0000
(0946688618.053803) can0 00000002#D103000050014AFD
(0946688618.063445) can0 00000001#0E000000F5FF0000
(0946688618.064028) can0 00000002#D203000050014AFD
(0946688618.070404) can0 18FF1080#00000000
(0946688618.073564) can0 00000001#0E000000F5FF0000
(0946688618.074101) can0 00000002#D103000050014AFD
(0946688618.083652) can0 00000001#0E000000F5FF0000
(0946688618.084227) can0 00000002#D103000050014AFD
(0946688618.090400) can0 18FF1080#00000000
(0946688618.093727) can0 00000001#0E000000F5FF0000
(0946688618.094319) can0 00000002#D103000050014AFD
(0946688618.103846) can0 00000001#0E000000F5FF0000
(0946688618.104395) can0 00000002#D103000050014AFD
(0946688618.105124) can0 18FF00EA#10F9000005007D41
(0946688618.109712) can0 18FF01EA#00007D007D007DFF
(0946688618.110412) can0 18FF1080#00000000
(0946688618.112107) can0 18FF00F7#E0F9000005007D40
(0946688618.113930) can0 00000001#0E000000F5FF0000
(0946688618.114502) can0 00000002#D103000050014AFD
(0946688618.115107) can0 18FF02EA#00007D007D007DFF
(0946688618.116755) can0 18FF01F7#00007D007D007DFF
(0946688618.121965) can0 18FF02F7#00007D007D007DFF
(0946688618.124045) can0 00000001#0D000000F4FF0000
(0946688618.124606) can0 00000002#D1030000500149FD
(0946688618.130398) can0 18FF1080#00000000
(0946688618.134124) can0 00000001#0E000000F4FF0000
(0946688618.134692) can0 00000002#D2030000500149FD
(0946688618.144240) can0 00000001#0E000000F5FF0000
(0946688618.144816) can0 00000002#D1030000500149FD
(0946688618.150414) can0 18FF1080#00000000
(0946688618.154326) can0 00000001#0E000000F5FF0000
(0946688618.154930) can0 00000002#D1030000500149FD
(0946688618.164468) can0 00000001#0E000000F5FF0000
(0946688618.165038) can0 00000002#D1030000500149FD
(0946688618.170400) can0 18FF1080#00000000
(0946688618.174530) can0 00000001#0E000000F5FF0000
(0946688618.175118) can0 00000002#D1030000500149FD
(0946688618.184650) can0 00000001#0E000000F5FF0000
(0946688618.185186) can0 00000002#D1030000500149FD
(0946688618.190401) can0 18FF1080#00000000
(0946688618.194703) can0 00000001#0E000000F5FF0000
(0946688618.195305) can0 00000002#D1030000500149FD
(0946688618.204811) can0 00000001#0E000000F5FF0000
(0946688618.205376) can0 00000002#D1030000500149FD
(0946688618.205993) can0 18FF00EA#10F9000005007D41
(0946688618.209687) can0 18FF01EA#00007D007D007DFF
(0946688618.210396) can0 18FF1080#00000000
(0946688618.211848) can0 18FF00F7#E0F9000005007D40
(0946688618.214907) can0 00000001#0E000000F5FF0000
(0946688618.215493) can0 18FF02EA#00007D007D007DFF
(0946688618.216061) can0 00000002#D1030000500149FD
(0946688618.216951) can0 18FF01F7#00007D007D007DFF
(0946688618.222145) can0 18FF02F7#00007D007D007DFF
(0946688618.225066) can0 00000001#0E000000F5FF0000
(0946688618.225612) can0 00000002#D2030000500149FD
(0946688618.230399) can0 18FF1080#00000000
(0946688618.235824) can0 00000001#0D000000F5FF0000
(0946688618.236373) can0 00000002#D1030000500149FD
(0946688618.245925) can0 00000001#0D000000F5FF0000
(0946688618.246497) can0 00000002#D1030000510149FD
(0946688618.250420) can0 18FF1080#00000000
(0946688618.256026) can0 00000001#0E000000F5FF0000
(0946688618.256583) can0 00000002#D1030000510149FD
(0946688618.266103) can0 00000001#0E000000F5FF0000
(0946688618.266684) can0 00000002#D1030000510149FD
(0946688618.270400) can0 18FF1080#00000000
(0946688618.276187) can0 00000001#0D000000F5FF0000
(0946688618.276781) can0 00000002#D1030000510149FD
(0946688618.286270) can0 00000001#0D000000F5FF0000
(0946688618.286865) can0 00000002#D1030000510149FD
(0946688618.290399) can0 18FF1080#00000000
(0946688618.296374) can0 00000001#0E000000F5FF0000
(0946688618.296967) can0 00000002#D2030000510149FD
(0946688618.304723) can0 18FF00EA#10F9000005007D41
(0946688618.306471) can0 00000001#0E000000F5FF0000
(0946688618.307061) can0 00000002#D2030000510149FD
(0946688618.309936) can0 18FF01EA#00007D007D007DFF
(0946688618.310487) can0 18FF1080#00000000
(0946688618.311729) can0 18FF00F7#E0F9000005007D40
(0946688618.315103) can0 18FF02EA#00007D007D007DFF
(0946688618.316575) can0 00000001#0E000000F5FF0000
(0946688618.317143) can0 00000002#D2030000510149FD
(0946688618.317763) can0 18FF01F7#00007D007D007DFF
(0946688618.321814) can0 18FF02F7#00007D007D007DFF
(0946688618.326674) can0 00000001#0E000000F5FF0000
(0946688618.327277) can0 00000002#D2030000510149FD
(0946688618.330397) can0 18FF1080#00000000
(0946688618.336781) can0 00000001#0D000000F5FF0000
(0946688618.337311) can0 00000002#D2030000510149FD
(0946688618.346834) can0 00000001#0D000000F5FF0000
(0946688618.347462) can0 00000002#D2030000510149FD
(0946688618.350399) can0 18FF1080#00000000
(0946688618.356943) can0 00000001#0D000000F5FF0000
(0946688618.357512) can0 00000002#D2030000510149FD
(0946688618.367055) can0 00000001#0D000000F5FF0000
(0946688618.367597) can0 00000002#D2030000510149FD
(0946688618.370401) can0 18FF1080#00000000
(0946688618.377152) can0 00000001#0E000000F5FF0000
(0946688618.377751) can0 00000002#D2030000510149FD
(0946688618.387244) can0 00000001#0E000000F5FF0000
(0946688618.387829) can0 00000002#D1030000510149FD
(0946688618.390401) can0 18FF1080#00000000
(0946688618.397336) can0 00000001#0E000000F5FF0000
(0946688618.397945) can0 00000002#D1030000510149FD
(0946688618.404906) can0 18FF00EA#10F9000005007D41
(0946688618.407438) can0 00000001#0E000000F5FF0000
(0946688618.408310) can0 00000002#D1030000510149FD
(0946688618.409855) can0 18FF01EA#00007D007D007DFF
(0946688618.410415) can0 18FF1080#00000000
(0946688618.411723) can0 18FF00F7#E0F9000005007D40
(0946688618.415028) can0 18FF02EA#00007D007D007DFF
(0946688618.416983) can0 18FF01F7#00007D007D007DFF
(0946688618.417545) can0 00000001#0E000000F5FF0000
(0946688618.418109) can0 00000002#D1030000510149FD
(0946688618.421776) can0 18FF02F7#00007D007D007DFF
(0946688618.428277) can0 00000001#0E000000F5FF0000
(0946688618.428877) can0 00000002#D1030000510149FD
(0946688618.430406) can0 18FF1080#00000000
(0946688618.438368) can0 00000001#0E000000F5FF0000
(0946688618.438940) can0 00000002#D1030000510149FD
(0946688618.448508) can0 00000001#0E000000F5FF0000
(0946688618.449076) can0 00000002#D1030000510149FD
(0946688618.450397) can0 18FF1080#00000000
(0946688618.458716) can0 00000001#0E000000F5FF0000
(0946688618.459285) can0 00000002#D1030000510149FD
(0946688618.468811) can0 00000001#0E000000F4FF0000
(0946688618.469372) can0 00000002#D1030000510149FD
(0946688618.470397) can0 18FF1080#00000000
(0946688618.478908) can0 00000001#0D000000F5FF0000
(0946688618.479481) can0 00000002#D2030000510149FD
(0946688618.489003) can0 00000001#0D000000F5FF0000
(0946688618.489562) can0 00000002#D2030000510148FD
(0946688618.490397) can0 18FF1080#00000000
(0946688618.499120) can0 00000001#0E000000F5FF0000
(0946688618.499694) can0 00000002#D2030000510148FD
(0946688618.505080) can0 18FF00EA#10F9000005007D41
(0946688618.509199) can0 00000001#0E000000F5FF0000
(0946688618.509749) can0 00000002#D1030000510148FD
(0946688618.510344) can0 18FF01EA#00007D007D007DFF
(0946688618.510786) can0 18FF1080#00000000
(0946688618.512069) can0 18FF00F7#E0F9000005007D40
(0946688618.515078) can0 18FF02EA#00007D007D007DFF
(0946688618.516905) can0 18FF01F7#00007D007D007DFF
(0946688618.519323) can0 00000001#0D000000F5FF0000
(0946688618.519819) can0 00000002#D1030000510148FD
(0946688618.522143) can0 18FF02F7#00007D007D007DFF
(0946688618.529347) can0 00000001#0D000000F5FF0000
(0946688618.529918) can0 00000002#D1030000510148FD
(0946688618.530489) can0 18FF1080#00000000
(0946688618.539433) can0 00000001#0D000000F5FF0000
(0946688618.540006) can0 00000002#D1030000510148FD
(0946688618.549524) can0 00000001#0D000000F5FF0000
(0946688618.550126) can0 00000002#D1030000510148FD
(0946688618.550561) can0 18FF1080#00000000
(0946688618.559623) can0 00000001#0D000000F5FF0000
(0946688618.560195) can0 00000002#D1030000510148FD
(0946688618.569713) can0 00000001#0D000000F5FF0000
(0946688618.570282) can0 00000002#D2030000510148FD
(0946688618.570751) can0 18FF1080#00000000
(0946688618.579837) can0 00000001#0D000000F5FF0000
(0946688618.580371) can0 00000002#D1030000510148FD
(0946688618.589917) can0 00000001#0E000000F5FF0000
(0946688618.590506) can0 00000002#D1030000510148FD
(0946688618.590967) can0 18FF1080#00000000
(0946688618.600031) can0 00000001#0E000000F5FF0000
(0946688618.600595) can0 00000002#D1030000510148FD
(0946688618.604822) can0 18FF00EA#10F9000005007D41
(0946688618.609904) can0 18FF01EA#00007D007D007DFF
(0946688618.610472) can0 00000001#0E000000F5FF0000
(0946688618.611046) can0 00000002#D1030000510148FD
(0946688618.611522) can0 18FF1080#00000000
(0946688618.612117) can0 18FF00F7#E0F9000005007D40
(0946688618.614995) can0 18FF02EA#00007D007D007DFF
(0946688618.616978) can0 18FF01F7#00007D007D007DFF
(0946688618.620797) can0 00000001#0E000000F5FF0000
(0946688618.621361) can0 00000002#D1030000510148FD
(0946688618.621992) can0 18FF02F7#00007D007D007DFF
(0946688618.630395) can0 18FF1080#00000000
(0946688618.630974) can0 00000001#0E000000F5FF0000
(0946688618.631585) can0 00000002#D1030000510148FD
(0946688618.641001) can0 00000001#0E000000F5FF0000
(0946688618.641593) can0 00000002#D1030000510148FD
(0946688618.650395) can0 18FF1080#00000000
(0946688618.651083) can0 00000001#0D000000F5FF0000
(0946688618.651650) can0 00000002#D1030000510148FD
(0946688618.661193) can0 00000001#0D000000F5FF0000
(0946688618.661777) can0 00000002#D1030000510148FD
(0946688618.670397) can0 18FF1080#00000000
(0946688618.671276) can0 00000001#0D000000F5FF0000
(0946688618.671861) can0 00000002#D1030000520148FD
(0946688618.681343) can0 00000001#0D000000F5FF0000
(0946688618.681932) can0 00000002#D1030000520148FD
(0946688618.690397) can0 18FF1080#00000000
(0946688618.691484) can0 00000001#0D000000F5FF0000
(0946688618.692071) can0 00000002#D1030000520148FD
(0946688618.701531) can0 00000001#0D000000F5FF0000
(0946688618.702102) can0 00000002#D1030000520148FD
(0946688618.704917) can0 18FF00EA#10F9000005007D41
(0946688618.709706) can0 18FF01EA#00007D007D007DFF
(0946688618.710394) can0 18FF1080#00000000
(0946688618.711687) can0 00000001#0D000000F5FF0000
(0946688618.712223) can0 00000002#D1030000520148FD
(0946688618.712820) can0 18FF00F7#E0F9000005007D40
(0946688618.714822) can0 18FF02EA#00007D007D007DFF
(0946688618.716901) can0 18FF01F7#00007D007D007DFF
(0946688618.721765) can0 18FF02F7#00007D007D007DFF
(0946688618.722356) can0 00000001#0D000000F5FF0000
(0946688618.722927) can0 00000002#D1030000520148FD
(0946688618.730398) can0 18FF1080#00000000
(0946688618.731849) can0 00000001#0D000000F5FF0000
(0946688618.732452) can0 00000002#D1030000520148FD
(0946688618.741970) can0 00000001#0D000000F5FF0000
(0946688618.742503) can0 00000002#D1030000520148FD
(0946688618.750400) can0 18FF1080#00000000
(0946688618.752083) can0 00000001#0D000000F5FF0000
(0946688618.752651) can0 00000002#D1030000520148FD
(0946688618.762227) can0 00000001#0E000000F5FF0000
(0946688618.762812) can0 00000002#D2030000520148FD
(0946688618.770398) can0 18FF1080#00000000
(0946688618.772349) can0 00000001#0E000000F5FF0000
(0946688618.772902) can0 00000002#D2030000520148FD
(0946688618.782471) can0 00000001#0E000000F5FF0000
(0946688618.783052) can0 00000002#D2030000520148FD
(0946688618.790396) can0 18FF1080#00000000
(0946688618.793325) can0 00000001#0E000000F5FF0000
(0946688618.793898) can0 00000002#D2030000520148FD
(0946688618.803440) can0 00000001#0E000000F5FF0000
(0946688618.804015) can0 00000002#D2030000520148FD
(0946688618.804708) can0 18FF00EA#10F9000005007D41
(0946688618.810001) can0 18FF01EA#00007D007D007DFF
(0946688618.810470) can0 18FF1080#00000000
(0946688618.811726) can0 18FF00F7#E0F9000005007D40
(0946688618.813524) can0 00000001#0D000000F5FF0000
(0946688618.814121) can0 00000002#D1030000520148FD
(0946688618.815080) can0 18FF02EA#00007D007D007DFF
(0946688618.816952) can0 18FF01F7#00007D007D007DFF
(0946688618.822129) can0 18FF02F7#00007D007D007DFF
(0946688618.823642) can0 00000001#0D000000F5FF0000
(0946688618.824238) can0 00000002#D1030000520148FD
(0946688618.830392) can0 18FF1080#00000000
(0946688618.833745) can0 00000001#0D000000F5FF0000
(0946688618.834314) can0 00000002#D1030000520148FD
(0946688618.843839) can0 00000001#0D000000F5FF0000
(0946688618.844401) can0 00000002#D1030000520147FD
(0946688618.850477) can0 18FF1080#00000000
(0946688618.854048) can0 00000001#0D000000F5FF0000
(0946688618.854579) can0 00000002#D1030000520147FD
(0946688618.864117) can0 00000001#0D000000F5FF0000
(0946688618.864684) can0 00000002#D2030000520147FD
(0946688618.870396) can0 18FF1080#00000000
(0946688618.874218) can0 00000001#0D000000F5FF0000
(0946688618.874802) can0 00000002#D1030000520147FD
(0946688618.884316) can0 00000001#0D000000F5FF0000
(0946688618.884872) can0 00000002#D1030000520147FD
(0946688618.890396) can0 18FF1080#00000000
(0946688618.894408) can0 00000001#0D000000F5FF0000
(0946688618.894993) can0 00000002#D1030000520147FD
(0946688618.904532) can0 00000001#0E000000F5FF0000
(0946688618.905110) can0 00000002#D1030000520147FD
(0946688618.905702) can0 18FF00EA#10F9000005007D41
(0946688618.909956) can0 18FF01EA#00007D007D007DFF
(0946688618.910473) can0 18FF1080#00000000
(0946688618.911860) can0 18FF00F7#E0F9000005007D40
(0946688618.914647) can0 00000001#0E000000F5FF0000
(0946688618.915204) can0 00000002#D1030000520147FD
(0946688618.915789) can0 18FF02EA#00007D007D007DFF
(0946688618.916823) can0 18FF01F7#00007D007D007DFF
(0946688618.922065) can0 18FF02F7#00007D007D007DFF
(0946688618.924722) can0 00000001#0D000000F5FF0000
(0946688618.925320) can0 00000002#D1030000520147FD
(0946688618.930394) can0 18FF1080#00000000
(0946688618.934862) can0 00000001#0E000000F5FF0000
(0946688618.935444) can0 00000002#D1030000520147FD
(0946688618.944930) can0 00000001#0E000000F5FF0000
(0946688618.945831) can0 00000002#D2030000520147FD
(0946688618.950395) can0 18FF1080#00000000
(0946688618.955021) can0 00000001#0E000000F5FF0000
(0946688618.955607) can0 00000002#D2030000520147FD
(0946688618.965115) can0 00000001#0E000000F5FF0000
(0946688618.965682) can0 00000002#D2030000520147FD
(0946688618.970380) can0 18FF1080#00000000
(0946688618.975744) can0 00000001#0E000000F5FF0000
(0946688618.976322) can0 00000002#D2030000520147FD
(0946688618.985834) can0 00000001#0E000000F5FF0000
(0946688618.986409) can0 00000002#D3030000520147FD
(0946688618.990394) can0 18FF1080#00000000
(0946688618.995959) can0 00000001#0E000000F5FF0000
(0946688618.996527) can0 00000002#D3030000520147FD
(0946688619.004793) can0 18FF00EA#10F9000005007D41
(0946688619.006044) can0 00000001#0E000000F4FF0000
(0946688619.006618) can0 00000002#D2030000520147FD
(0946688619.009957) can0 18FF01EA#00007D007D007DFF
(0946688619.010481) can0 18FF1080#00000000
(0946688619.011858) can0 18FF00F7#E0F9000005007D40
(0946688619.014691) can0 18FF02EA#00007D007D007DFF
(0946688619.016099) can0 00000001#0E000000F4FF0000
(0946688619.016683) can0 00000002#D2030000520147FD
(0946688619.017272) can0 18FF01F7#00007D007D007DFF
(0946688619.022000) can0 18FF02F7#00007D007D007DFF
(0946688619.026192) can0 00000001#0D000000F4FF0000
(0946688619.026760) can0 00000002#D2030000520147FD
(0946688619.030394) can0 18FF1080#00000000
(0946688619.036316) can0 00000001#0D000000F4FF0000
(0946688619.036854) can0 00000002#D2030000520147FD
(0946688619.046396) can0 00000001#0E000000F5FF0000
(0946688619.046963) can0 00000002#D2030000520147FD
(0946688619.050396) can0 18FF1080#00000000
(0946688619.056495) can0 00000001#0E000000F5FF0000
(0946688619.057077) can0 00000002#D2030000520147FD
(0946688619.066629) can0 00000001#0E000000F5FF0000
(0946688619.067219) can0 00000002#D2030000520147FD
(0946688619.070393) can0 18FF1080#00000000
(0946688619.076696) can0 00000001#0E000000F5FF0000
(0946688619.077302) can0 00000002#D2030000520147FD
(0946688619.086811) can0 00000001#0E000000F5FF0000
(0946688619.087345) can0 00000002#D2030000520147FD
(0946688619.090394) can0 18FF1080#00000000
(0946688619.096881) can0 00000001#0E000000F6FF0000
(0946688619.097478) can0 00000002#D1030000530147FD
(0946688619.104793) can0 18FF00EA#10F9000005007D41
(0946688619.107003) can0 00000001#0E000000F6FF0000
(0946688619.107564) can0 00000002#D1030000530147FD
(0946688619.109968) can0 18FF01EA#00007D007D007DFF
(0946688619.110489) can0 18FF1080#00000000
(0946688619.111861) can0 18FF00F7#E0F9000005007D40
(0946688619.114999) can0 18FF02EA#00007D007D007DFF
(0946688619.116862) can0 18FF01F7#00007D007D007DFF
(0946688619.117437) can0 00000001#0D000000F6FF0000
(0946688619.117972) can0 00000002#D1030000530147FD
(0946688619.122079) can0 18FF02F7#00007D007D007DFF
(0946688619.127179) can0 00000001#0D000000F6FF0000
(0946688619.127690) can0 00000002#D1030000530147FD
(0946688619.130392) can0 18FF1080#00000000
(0946688619.137272) can0 00000001#0D000000F6FF0000
(0946688619.137835) can0 00000002#D1030000530147FD
(0946688619.147324) can0 00000001#0D000000F6FF0000
(0946688619.147920) can0 00000002#D1030000530147FD
(0946688619.150378) can0 18FF1080#00000000
(0946688619.157440) can0 00000001#0C000000F5FF0000
(0946688619.158012) can0 00000002#D2030000530147FD
(0946688619.167565) can0 00000001#0C000000F5FF0000
(0946688619.168399) can0 00000002#D2030000530147FD
(0946688619.170378) can0 18FF1080#00000000
(0946688619.177626) can0 00000001#0C000000F5FF0000
(0946688619.178198) can0 00000002#D2030000530147FD
(0946688619.188393) can0 00000001#0E000000F5FF0000
(0946688619.188970) can0 00000002#D1030000530147FD
(0946688619.190379) can0 18FF1080#00000000
(0946688619.198476) can0 00000001#0E000000F5FF0000
(0946688619.199055) can0 00000002#D1030000530146FD
(0946688619.204798) can0 18FF00EA#10F9000005007D41
(0946688619.208562) can0 00000001#0D000000F5FF0000
(0946688619.209127) can0 00000002#D1030000530146FD
(0946688619.209834) can0 18FF01EA#00007D007D007DFF
(0946688619.210376) can0 18FF1080#00000000
(0946688619.212009) can0 18FF00F7#E0F9000005007D40
(0946688619.215054) can0 18FF02EA#00007D007D007DFF
(0946688619.216790) can0 18FF01F7#00007D007D007DFF
(0946688619.218655) can0 00000001#0D000000F5FF0000
(0946688619.219254) can0 00000002#D1030000530146FD
(0946688619.221969) can0 18FF02F7#00007D007D007DFF
(0946688619.228782) can0 00000001#0D000000F5FF0000
(0946688619.229342) can0 00000002#D2030000530146FD
(0946688619.230392) can0 18FF1080#00000000
(0946688619.238901) can0 00000001#0D000000F5FF0000
(0946688619.239473) can0 00000002#D2030000530146FD
(0946688619.249018) can0 00000001#0D000000F6FF0000
(0946688619.249617) can0 00000002#D2030000530146FD
(0946688619.250379) can0 18FF1080#00000000
(0946688619.259118) can0 00000001#0D000000F6FF0000
(0946688619.259701) can0 00000002#D2030000530146FD
(0946688619.269253) can0 00000001#0D000000F5FF0000
(0946688619.269814) can0 00000002#D3030000530146FD
(0946688619.270378) can0 18FF1080#00000000
(0946688619.279318) can0 00000001#0D000000F5FF0000
(0946688619.279878) can0 00000002#D3030000530146FD
(0946688619.289439) can0 00000001#0D000000F5FF0000
(0946688619.289998) can0 00000002#D3030000530146FD
(0946688619.290460) can0 18FF1080#00000000
(0946688619.299512) can0 00000001#0D000000F5FF0000
(0946688619.300097) can0 00000002#D2030000530146FD
(0946688619.304997) can0 18FF00EA#10F9000005007D41
(0946688619.309613) can0 00000001#0D000000F5FF0000
(0946688619.310185) can0 00000002#D2030000530146FD
(0946688619.310788) can0 18FF01EA#00007D007D007DFF
(0946688619.311230) can0 18FF1080#00000000
(0946688619.312027) can0 18FF00F7#E0F9000005007D40
(0946688619.315005) can0 18FF02EA#00007D007D007DFF
(0946688619.316792) can0 18FF01F7#00007D007D007DFF
(0946688619.319712) can0 00000001#0D000000F5FF0000
(0946688619.320300) can0 00000002#D1030000530146FD
(0946688619.321958) can0 18FF02F7#00007D007D007DFF
(0946688619.329831) can0 00000001#0D000000F5FF0000
(0946688619.330417) can0 00000002#D1030000530146FD
(0946688619.330851) can0 18FF1080#00000000
(0946688619.339973) can0 00000001#0D000000F5FF0000
(0946688619.340541) can0 00000002#D1030000530146FD
(0946688619.350026) can0 00000001#0D000000F5FF0000
(0946688619.350615) can0 00000002#D1030000530146FD
(0946688619.351076) can0 18FF1080#00000000
(0946688619.360920) can0 00000001#0D000000F5FF0000
(0946688619.361503) can0 00000002#D3030000530146FD
(0946688619.370378) can0 18FF1080#00000000
(0946688619.371037) can0 00000001#0D000000F5FF0000
(0946688619.371606) can0 00000002#D3030000530146FD
(0946688619.381125) can0 00000001#0D000000F5FF0000
(0946688619.381693) can0 00000002#D3030000530146FD
(0946688619.390377) can0 18FF1080#00000000
(0946688619.391232) can0 00000001#0D000000F5FF0000
(0946688619.391814) can0 00000002#D3030000530146FD
(0946688619.401328) can0 00000001#0D000000F5FF0000
(0946688619.401871) can0 00000002#D1030000530146FD
(0946688619.404797) can0 18FF00EA#10F9000005007D41
(0946688619.409932) can0 18FF01EA#00007D007D007DFF
(0946688619.410470) can0 18FF1080#00000000
(0946688619.411491) can0 00000001#0D000000F5FF0000
(0946688619.412082) can0 00000002#D1030000530146FD
(0946688619.412658) can0 18FF00F7#E0F9000005007D40
(0946688619.414969) can0 18FF02EA#00007D007D007DFF
(0946688619.416700) can0 18FF01F7#00007D007D007DFF
(0946688619.421522) can0 00000001#0D000000F5FF0000
(0946688619.422086) can0 00000002#D1030000530146FD
(0946688619.422693) can0 18FF02F7#00007D007D007DFF
(0946688619.430377) can0 18FF1080#00000000
(0946688619.431620) can0 00000001#0D000000F5FF0000
(0946688619.432176) can0 00000002#D1030000530146FD
(0946688619.441718) can0 00000001#0D000000F6FF0000
(0946688619.442282) can0 00000002#D1030000530146FD
(0946688619.450377) can0 18FF1080#00000000
(0946688619.451812) can0 00000001#0D000000F6FF0000
(0946688619.452397) can0 00000002#D1030000530146FD
(0946688619.461929) can0 00000001#0D000000F6FF0000
(0946688619.462481) can0 00000002#D1030000530146FD
(0946688619.470377) can0 18FF1080#00000000
(0946688619.472003) can0 00000001#0D000000F5FF0000
(0946688619.472544) can0 00000002#D1030000530146FD
(0946688619.482054) can0 00000001#0D000000F5FF0000
(0946688619.482643) can0 00000002#D1030000530146FD
(0946688619.490377) can0 18FF1080#00000000
(0946688619.492194) can0 00000001#0D000000F5FF0000
(0946688619.492743) can0 00000002#D1030000530146FD
(0946688619.502273) can0 00000001#0E000000F5FF0000
(0946688619.502842) can0 00000002#D1030000530146FD
(0946688619.505067) can0 18FF00EA#10F9000005007D41
(0946688619.509792) can0 18FF01EA#00007D007D007DFF
(0946688619.510375) can0 18FF1080#00000000
(0946688619.512018) can0 18FF00F7#E0F9000005007D40
(0946688619.512620) can0 00000001#0E000000F5FF0000
(0946688619.513193) can0 00000002#D1030000530146FD
(0946688619.514702) can0 18FF02EA#00007D007D007DFF
(0946688619.516788) can0 18FF01F7#00007D007D007DFF
(0946688619.522013) can0 18FF02F7#00007D007D007DFF
(0946688619.522581) can0 00000001#0E000000F5FF0000
(0946688619.523163) can0 00000002#D1030000530146FD
(0946688619.530376) can0 18FF1080#00000000
(0946688619.533378) can0 00000001#0E000000F5FF0000
(0946688619.533980) can0 00000002#D2030000530146FD
(0946688619.543436) can0 00000001#0E000000F5FF0000
(0946688619.544022) can0 00000002#D1030000530146FD
(0946688619.550380) can0 18FF1080#00000000
(0946688619.553536) can0 00000001#0E000000F5FF0000
(0946688619.554113) can0 00000002#D1030000540145FD
(0946688619.563625) can0 00000001#0E000000F5FF0000
(0946688619.564220) can0 00000002#D1030000540145FD
(0946688619.570375) can0 18FF1080#00000000
(0946688619.573701) can0 00000001#0E000000F5FF0000
(0946688619.574274) can0 00000002#D1030000540145FD
(0946688619.583813) can0 00000001#0E000000F5FF0000
(0946688619.584369) can0 00000002#D1030000540145FD
(0946688619.590376) can0 18FF1080#00000000
(0946688619.593874) can0 00000001#0E000000F5FF0000
(0946688619.594431) can0 00000002#D1030000540145FD
(0946688619.603995) can0 00000001#0E000000F5FF0000
(0946688619.604571) can0 00000002#D2030000540145FD
(0946688619.605151) can0 18FF00EA#10F9000005007D41
(0946688619.609712) can0 18FF01EA#00007D007D007DFF
(0946688619.610374) can0 18FF1080#00000000
(0946688619.612029) can0 18FF00F7#E0F9000005007D40
(0946688619.614088) can0 00000001#0E000000F5FF0000
(0946688619.614649) can0 00000002#D1030000540145FD
(0946688619.615235) can0 18FF02EA#00007D007D007DFF
(0946688619.616751) can0 18FF01F7#00007D007D007DFF
(0946688619.621844) can0 18FF02F7#00007D007D007DFF
(0946688619.624175) can0 00000001#0E000000F5FF0000
(0946688619.624772) can0 00000002#D1030000540145FD
(0946688619.630375) can0 18FF1080#00000000
(0946688619.634254) can0 00000001#0E000000F5FF0000
(0946688619.634793) can0 00000002#D1030000540145FD
(0946688619.644326) can0 00000001#0D000000F5FF0000
(0946688619.644899) can0 00000002#D2030000540145FD
(0946688619.650375) can0 18FF1080#00000000
(0946688619.654445) can0 00000001#0D000000F5FF0000
(0946688619.654979) can0 00000002#D1030000540145FD
(0946688619.664480) can0 00000001#0D000000F5FF0000
(0946688619.665047) can0 00000002#D1030000540145FD
(0946688619.670377) can0 18FF1080#00000000
(0946688619.674573) can0 00000001#0D000000F5FF0000
(0946688619.675165) can0 00000002#D1030000540145FD
(0946688619.684652) can0 00000001#0D000000F5FF0000
(0946688619.685250) can0 00000002#D1030000540145FD
(0946688619.690375) can0 18FF1080#00000000
(0946688619.694764) can0 00000001#0E000000F5FF0000
(0946688619.695339) can0 00000002#D1030000540145FD
(0946688619.704840) can0 00000001#0E000000F5FF0000
(0946688619.705439) can0 00000002#D2030000540145FD
(0946688619.706023) can0 18FF00EA#10F9000005007D41
(0946688619.709979) can0 18FF01EA#00007D007D007DFF
(0946688619.710405) can0 18FF1080#00000000
(0946688619.712071) can0 18FF00F7#E0F9000005007D40
(0946688619.714775) can0 18FF02EA#00007D007D007DFF
(0946688619.715351) can0 00000001#0E000000F6FF0000
(0946688619.715931) can0 00000002#D1030000540145FD
(0946688619.716915) can0 18FF01F7#00007D007D007DFF
(0946688619.721791) can0 18FF02F7#00007D007D007DFF
(0946688619.725039) can0 00000001#0C000000F4FF0000
(0946688619.725585) can0 00000002#D1030000540145FD
(0946688619.730374) can0 18FF1080#00000000
(0946688619.735113) can0 00000001#0C000000F4FF0000
(0946688619.735694) can0 00000002#D1030000540145FD
(0946688619.745182) can0 00000001#0C000000F4FF0000
(0946688619.745774) can0 00000002#D1030000540145FD
(0946688619.750374) can0 18FF1080#00000000
(0946688619.755683) can0 00000001#0C000000F4FF0000
(0946688619.756229) can0 00000002#D1030000540145FD
(0946688619.765793) can0 00000001#0D000000F4FF0000
(0946688619.766349) can0 00000002#D1030000540145FD
(0946688619.770377) can0 18FF1080#00000000
(0946688619.776210) can0 00000001#0D000000F4FF0000
(0946688619.776782) can0 00000002#D2030000540145FD
(0946688619.786268) can0 00000001#0D000000F4FF0000
(0946688619.786856) can0 00000002#D2030000540144FD
(0946688619.790376) can0 18FF1080#00000000
(0946688619.796330) can0 00000001#0D000000F5FF0000
(0946688619.796923) can0 00000002#D1030000540144FD
(0946688619.805028) can0 18FF00EA#10F9000005007D41
(0946688619.806439) can0 00000001#0D000000F5FF0000
(0946688619.807023) can0 00000002#D1030000540144FD
(0946688619.809670) can0 18FF01EA#00007D007D007DFF
(0946688619.810376) can0 18FF1080#00000000
(0946688619.812104) can0 18FF00F7#E0F9000005007D40
(0946688619.814888) can0 18FF02EA#00007D007D007DFF
(0946688619.816520) can0 00000001#0D000000F5FF0000
(0946688619.817106) can0 00000002#D1030000540144FD
(0946688619.817710) can0 18FF01F7#00007D007D007DFF
(0946688619.821967) can0 18FF02F7#00007D007D007DFF
(0946688619.826612) can0 00000001#0D000000F5FF0000
(0946688619.827183) can0 00000002#D1030000540144FD
(0946688619.830494) can0 18FF1080#00000000
(0946688619.836722) can0 00000001#0D000000F6FF0000
(0946688619.837292) can0 00000002#D1030000540144FD
(0946688619.846847) can0 00000001#0E000000F6FF0000
(0946688619.847444) can0 00000002#D1030000540144FD
(0946688619.850376) can0 18FF1080#00000000
(0946688619.856902) can0 00000001#0E000000F6FF0000
(0946688619.857466) can0 00000002#D1030000540144FD
(0946688619.866987) can0 00000001#0E000000F6FF0000
(0946688619.867569) can0 00000002#D1030000540144FD
(0946688619.870371) can0 18FF1080#00000000
(0946688619.877089) can0 00000001#0E000000F6FF0000
(0946688619.877653) can0 00000002#D1030000540144FD
(0946688619.887169) can0 00000001#0F000000F6FF0000
(0946688619.887722) can0 00000002#D1030000540144FD
(0946688619.890373) can0 18FF1080#00000000
(0946688619.897282) can0 00000001#0D000000F5FF0000
(0946688619.897899) can0 00000002#D0030000540144FD
(0946688619.904902) can0 18FF00EA#10F9000005007D41
(0946688619.907355) can0 00000001#0D000000F5FF0000
(0946688619.907931) can0 00000002#D0030000540144FD
(0946688619.909841) can0 18FF01EA#00007D007D007DFF
(0946688619.910377) can0 18FF1080#00000000
(0946688619.911711) can0 18FF00F7#E0F9000005007D40
(0946688619.915025) can0 18FF02EA#00007D007D007DFF
(0946688619.916669) can0 18FF01F7#00007D007D007DFF
(0946688619.917480) can0 00000001#0D000000F5FF0000
(0946688619.918060) can0 00000002#D0030000540144FD
(0946688619.922017) can0 18FF02F7#00007D007D007DFF
(0946688619.927547) can0 00000001#0D000000F5FF0000
(0946688619.928442) can0 00000002#D0030000540144FD
(0946688619.930375) can0 18FF1080#00000000
(0946688619.937625) can0 00000001#0D000000F5FF0000
(0946688619.938231) can0 00000002#D0030000540144FD
(0946688619.948320) can0 00000001#0E000000F5FF0000
(0946688619.948879) can0 00000002#D1030000540144FD
(0946688619.950372) can0 18FF1080#00000000
(0946688619.958391) can0 00000001#0E000000F6FF0000
(0946688619.958967) can0 00000002#D1030000540144FD
(0946688619.968466) can0 00000001#0E000000F6FF0000
(0946688619.969047) can0 00000002#D1030000540144FD
(0946688619.970374) can0 18FF1080#00000000
(0946688619.978604) can0 00000001#0E000000F6FF0000
(0946688619.979179) can0 00000002#D2030000540144FD
(0946688619.988656) can0 00000001#0E000000F6FF0000
(0946688619.989240) can0 00000002#D2030000550144FD
(0946688619.990371) can0 18FF1080#00000000
(0946688619.998752) can0 00000001#0E000000F6FF0000
(0946688619.999326) can0 00000002#D2030000550144FD
(0946688620.004948) can0 18FF00EA#10F9000005007D41
(0946688620.008823) can0 00000001#0D000000F5FF0000
(0946688620.009407) can0 00000002#D3030000550144FD
(0946688620.010020) can0 18FF01EA#00007D007D007DFF
(0946688620.010464) can0 18FF1080#00000000
(0946688620.012063) can0 18FF00F7#E0F9000005007D40
(0946688620.014939) can0 18FF02EA#00007D007D007DFF
(0946688620.016662) can0 18FF01F7#00007D007D007DFF
(0946688620.018928) can0 00000001#0D000000F5FF0000
(0946688620.019501) can0 00000002#D3030000550144FD
(0946688620.021889) can0 18FF02F7#00007D007D007DFF
(0946688620.029027) can0 00000001#0C000000F5FF0000
(0946688620.029606) can0 00000002#D2030000550144FD
(0946688620.030371) can0 18FF1080#00000000
(0946688620.039120) can0 00000001#0D000000F5FF0000
(0946688620.039686) can0 00000002#D2030000550144FD
(0946688620.049199) can0 00000001#0D000000F5FF0000
(0946688620.049769) can0 00000002#D2030000550144FD
(0946688620.050370) can0 18FF1080#00000000
(0946688620.059320) can0 00000001#0D000000F5FF0000
(0946688620.059870) can0 00000002#D2030000550144FD
(0946688620.069364) can0 00000001#0D000000F5FF0000
(0946688620.069949) can0 00000002#D2030000550144FD
(0946688620.070491) can0 18FF1080#00000000
(0946688620.079483) can0 00000001#0E000000F5FF0000
(0946688620.080047) can0 00000002#D2030000550144FD
(0946688620.089563) can0 00000001#0E000000F5FF0000
(0946688620.090136) can0 00000002#D2030000550144FD
(0946688620.090605) can0 18FF1080#00000000
(0946688620.099646) can0 00000001#0E000000F5FF0000
(0946688620.100224) can0 00000002#D2030000550144FD
(0946688620.104861) can0 18FF00EA#10F9000005007D41
(0946688620.109656) can0 18FF01EA#00007D007D007DFF
(0946688620.110229) can0 00000001#0D000000F5FF0000
(0946688620.110798) can0 00000002#D2030000550144FD
(0946688620.111244) can0 18FF1080#00000000
(0946688620.112051) can0 18FF00F7#E0F9000005007D40
(0946688620.114767) can0 18FF02EA#00007D007D007DFF
(0946688620.116848) can0 18FF01F7#00007D007D007DFF
(0946688620.119797) can0 00000001#0D000000F5FF0000
(0946688620.120358) can0 00000002#D2030000550144FD
(0946688620.121845) can0 18FF02F7#00007D007D007DFF
(0946688620.129917) can0 00000001#0D000000F5FF0000
(0946688620.130440) can0 18FF1080#00000000
(0946688620.131006) can0 00000002#D2030000550143FD
(0946688620.139988) can0 00000001#0C000000F5FF0000
(0946688620.140572) can0 00000002#D1030000550143FD
(0946688620.150370) can0 18FF1080#00000000
(0946688620.150981) can0 00000001#0C000000F5FF0000
(0946688620.151599) can0 00000002#D2030000550143FD
(0946688620.160999) can0 00000001#0D000000F5FF0000
(0946688620.161586) can0 00000002#D1030000550143FD
(0946688620.170372) can0 18FF1080#00000000
(0946688620.171150) can0 00000001#0D000000F5FF0000
(0946688620.171710) can0 00000002#D1030000550143FD
(0946688620.181202) can0 00000001#0D000000F5FF0000
(0946688620.181785) can0 00000002#D2030000550143FD
(0946688620.190370) can0 18FF1080#00000000
(0946688620.191358) can0 00000001#0E000000F5FF0000
(0946688620.191889) can0 00000002#D2030000550143FD
(0946688620.201404) can0 00000001#0E000000F5FF0000
(0946688620.201964) can0 00000002#D2030000550143FD
(0946688620.204857) can0 18FF00EA#10F9000005007D41
(0946688620.209819) can0 18FF01EA#00007D007D007DFF
(0946688620.210369) can0 18FF1080#00000000
(0946688620.211491) can0 00000001#0E000000F5FF0000
(0946688620.212060) can0 00000002#D2030000550143FD
(0946688620.212644) can0 18FF00F7#E0F9000005007D40
(0946688620.214849) can0 18FF02EA#00007D007D007DFF
(0946688620.216667) can0 18FF01F7#00007D007D007DFF
(0946688620.221585) can0 00000001#0E000000F5FF0000
(0946688620.222125) can0 00000002#D2030000550143FD
(0946688620.222754) can0 18FF02F7#00007D007D007DFF
(0946688620.230372) can0 18FF1080#00000000
(0946688620.231702) can0 00000001#0E000000F5FF0000
(0946688620.232249) can0 00000002#D2030000550143FD
(0946688620.241757) can0 00000001#0E000000F5FF0000
(0946688620.242315) can0 00000002#D1030000550143FD
(0946688620.250371) can0 18FF1080#00000000
(0946688620.251855) can0 00000001#0E000000F5FF0000
(0946688620.252436) can0 00000002#D2030000550143FD
(0946688620.261941) can0 00000001#0F000000F5FF0000
(0946688620.262479) can0 00000002#D3030000550143FD
(0946688620.270376) can0 18FF1080#00000000
(0946688620.272053) can0 00000001#0F000000F5FF0000
(0946688620.272617) can0 00000002#D3030000550143FD
(0946688620.282141) can0 00000001#0F000000F5FF0000
(0946688620.282705) can0 00000002#D2030000550143FD
(0946688620.290369) can0 18FF1080#00000000
(0946688620.292269) can0 00000001#0E000000F4FF0000
(0946688620.292819) can0 00000002#D2030000550143FD
(0946688620.302322) can0 00000001#0E000000F4FF0000
(0946688620.302936) can0 00000002#D2030000550143FD
(0946688620.304778) can0 18FF00EA#10F9000005007D41
(0946688620.309901) can0 18FF01EA#00007D007D007DFF
(0946688620.310462) can0 18FF1080#00000000
(0946688620.311772) can0 18FF00F7#E0F9000005007D40
(0946688620.312433) can0 00000001#0E000000F4FF0000
(0946688620.313030) can0 00000002#D2030000550143FD
(0946688620.315031) can0 18FF02EA#00007D007D007DFF
(0946688620.316875) can0 18FF01F7#00007D007D007DFF
(0946688620.322064) can0 18FF02F7#00007D007D007DFF
(0946688620.323332) can0 00000001#0D000000F4FF0000
(0946688620.323894) can0 00000002#D1030000550143FD
(0946688620.330369) can0 18FF1080#00000000
(0946688620.333396) can0 00000001#0D000000F4FF0000
(0946688620.333989) can0 00000002#D1030000550143FD
(0946688620.343503) can0 00000001#0D000000F4FF0000
(0946688620.344079) can0 00000002#D0030000550143FD
(0946688620.350370) can0 18FF1080#00000000
(0946688620.353593) can0 00000001#0D000000F4FF0000
(0946688620.354137) can0 00000002#D0030000550143FD
(0946688620.363679) can0 00000001#0D000000F4FF0000
(0946688620.364223) can0 00000002#D0030000550143FD
(0946688620.370370) can0 18FF1080#00000000
(0946688620.373732) can0 00000001#0D000000F4FF0000
(0946688620.374320) can0 00000002#D0030000550143FD
(0946688620.383876) can0 00000001#0E000000F5FF0000
(0946688620.384447) can0 00000002#D2030000550143FD
(0946688620.390368) can0 18FF1080#00000000
(0946688620.393932) can0 00000001#0E000000F5FF0000
(0946688620.394502) can0 00000002#D2030000550143FD
(0946688620.404037) can0 00000001#0E000000F5FF0000
(0946688620.404626) can0 00000002#D2030000550143FD
(0946688620.405219) can0 18FF00EA#10F9000005007D41
(0946688620.409993) can0 18FF01EA#00007D007D007DFF
(0946688620.410433) can0 18FF1080#00000000
(0946688620.411864) can0 18FF00F7#E0F9000005007D40
(0946688620.414104) can0 00000001#0D000000F5FF0000
(0946688620.414669) can0 00000002#D2030000550143FD
(0946688620.415254) can0 18FF02EA#00007D007D007DFF
(0946688620.416720) can0 18FF01F7#00007D007D007DFF
(0946688620.422084) can0 18FF02F7#00007D007D007DFF
(0946688620.424233) can0 00000001#0D000000F6FF0000
(0946688620.424793) can0 00000002#D3030000550143FD
(0946688620.430371) can0 18FF1080#00000000
(0946688620.435585) can0 00000001#0C000000F4FF0000
(0946688620.436180) can0 00000002#D1030000550143FD
(0946688620.446080) can0 00000001#0C000000F4FF0000
(0946688620.446647) can0 00000002#D1030000560142FD
(0946688620.450370) can0 18FF1080#00000000
(0946688620.456166) can0 00000001#0D000000F4FF0000
(0946688620.456741) can0 00000002#D2030000560142FD
(0946688620.466248) can0 00000001#0D000000F4FF0000
(0946688620.466846) can0 00000002#D2030000560142FD
(0946688620.470368) can0 18FF1080#00000000
(0946688620.476350) can0 00000001#0E000000F4FF0000
(0946688620.476943) can0 00000002#D2030000560142FD
(0946688620.486436) can0 00000001#0E000000F4FF0000
(0946688620.487012) can0 00000002#D2030000560142FD
(0946688620.490369) can0 18FF1080#00000000
(0946688620.496530) can0 00000001#0E000000F4FF0000
(0946688620.497125) can0 00000002#D2030000560142FD
(0946688620.504910) can0 18FF00EA#10F9000005007D41
(0946688620.506625) can0 00000001#0E000000F4FF0000
(0946688620.507206) can0 00000002#D2030000560142FD
(0946688620.509946) can0 18FF01EA#00007D007D007DFF
(0946688620.510491) can0 18FF1080#00000000
(0946688620.512115) can0 18FF00F7#E0F9000005007D40
(0946688620.515077) can0 18FF02EA#00007D007D007DFF
(0946688620.516775) can0 00000001#0E000000F5FF0000
(0946688620.517323) can0 00000002#D2030000560142FD
(0946688620.517908) can0 18FF01F7#00007D007D007DFF
(0946688620.521856) can0 18FF02F7#00007D007D007DFF
(0946688620.526798) can0 00000001#0E000000F5FF0000
(0946688620.527365) can0 00000002#D2030000560142FD
(0946688620.530369) can0 18FF1080#00000000
(0946688620.536917) can0 00000001#0E000000F5FF0000
(0946688620.537482) can0 00000002#D1030000560142FD
(0946688620.546992) can0 00000001#0E000000F5FF0000
(0946688620.547562) can0 00000002#D0030000560142FD
(0946688620.550366) can0 18FF1080#00000000
(0946688620.557103) can0 00000001#0E000000F5FF0000
(0946688620.557683) can0 00000002#D1030000560142FD
(0946688620.567160) can0 00000001#0E000000F5FF0000
(0946688620.567730) can0 00000002#D1030000560142FD
(0946688620.570371) can0 18FF1080#00000000
(0946688620.577252) can0 00000001#0F000000F5FF0000
(0946688620.577832) can0 00000002#D1030000560142FD
(0946688620.587360) can0 00000001#0F000000F6FF0000
(0946688620.587919) can0 00000002#D2030000560142FD
(0946688620.590369) can0 18FF1080#00000000
(0946688620.597444) can0 00000001#0F000000F6FF0000
(0946688620.598004) can0 00000002#D2030000560142FD
(0946688620.604919) can0 18FF00EA#10F9000005007D41
(0946688620.607516) can0 00000001#0E000000F4FF0000
(0946688620.608080) can0 00000002#D2030000560142FD
(0946688620.609748) can0 18FF01EA#00007D007D007DFF
(0946688620.610366) can0 18FF1080#00000000
(0946688620.611694) can0 18FF00F7#E0F9000005007D40
(0946688620.614945) can0 18FF02EA#00007D007D007DFF
(0946688620.616945) can0 18FF01F7#00007D007D007DFF
(0946688620.617591) can0 00000001#0F000000F4FF0000
(0946688620.618195) can0 00000002#D2030000560142FD
(0946688620.621720) can0 18FF02F7#00007D007D007DFF
(0946688620.628263) can0 00000001#0E000000F4FF0000
(0946688620.628856) can0 00000002#D2030000560142FD
(0946688620.630366) can0 18FF1080#00000000
(0946688620.638524) can0 00000001#0E000000F4FF0000
(0946688620.639094) can0 00000002#D2030000560142FD
(0946688620.648607) can0 00000001#0E000000F3FF0000
(0946688620.649171) can0 00000002#D1030000560142FD
(0946688620.650367) can0 18FF1080#00000000
(0946688620.658684) can0 00000001#0E000000F4FF0000
(0946688620.659227) can0 00000002#D1030000560142FD
(0946688620.668771) can0 00000001#0E000000F4FF0000
(0946688620.669329) can0 00000002#D1030000560142FD
(0946688620.670366) can0 18FF1080#00000000
(0946688620.678876) can0 00000001#0E000000F4FF0000
(0946688620.679450) can0 00000002#D0030000560142FD
(0946688620.688962) can0 00000001#0E000000F4FF0000
(0946688620.689533) can0 00000002#D0030000560142FD
(0946688620.690363) can0 18FF1080#00000000
(0946688620.699036) can0 00000001#0E000000F3FF0000
(0946688620.699631) can0 00000002#D0030000560142FD
(0946688620.705004) can0 18FF00EA#10F9000005007D41
(0946688620.709129) can0 00000001#0E000000F3FF0000
(0946688620.709709) can0 00000002#D0030000560142FD
(0946688620.710313) can0 18FF01EA#00007D007D007DFF
(0946688620.710729) can0 18FF1080#00000000
(0946688620.712036) can0 18FF00F7#E0F9000005007D40
(0946688620.714780) can0 18FF02EA#00007D007D007DFF
(0946688620.716855) can0 18FF01F7#00007D007D007DFF
(0946688620.719239) can0 00000001#0E000000F3FF0000
(0946688620.719825) can0 00000002#D0030000560142FD
(0946688620.721828) can0 18FF02F7#00007D007D007DFF
(0946688620.729320) can0 00000001#0E000000F3FF0000
(0946688620.729893) can0 00000002#D0030000560142FD
(0946688620.730495) can0 18FF1080#00000000
(0946688620.739405) can0 00000001#0E000000F3FF0000
(0946688620.740009) can0 00000002#D1030000560142FD
(0946688620.749526) can0 00000001#0E000000F4FF0000
(0946688620.750087) can0 00000002#D1030000560142FD
(0946688620.750534) can0 18FF1080#00000000
(0946688620.759716) can0 00000001#0E000000F4FF0000
(0946688620.760213) can0 00000002#D2030000560142FD
(0946688620.769711) can0 00000001#0E000000F4FF0000
(0946688620.770254) can0 00000002#D2030000560141FD
(0946688620.770719) can0 18FF1080#00000000
(0946688620.779740) can0 00000001#0D000000F4FF0000
(0946688620.780327) can0 00000002#D3030000560141FD
(0946688620.789936) can0 00000001#0D000000F7FF0000
(0946688620.790458) can0 18FF1080#00000000
(0946688620.791020) can0 00000002#D1030000560141FD
(0946688620.799992) can0 00000001#0D000000F7FF0000
(0946688620.800570) can0 00000002#D1030000570141FD
(0946688620.804795) can0 18FF00EA#10F9000005007D41
(0946688620.809871) can0 18FF01EA#00007D007D007DFF
(0946688620.810397) can0 18FF1080#00000000
(0946688620.810991) can0 00000001#0E000000F6FF0000
(0946688620.811575) can0 00000002#D1030000570141FD
(0946688620.812175) can0 18FF00F7#E0F9000005007D40
(0946688620.814998) can0 18FF02EA#00007D007D007DFF
(0946688620.816739) can0 18FF01F7#00007D007D007DFF
(0946688620.820787) can0 00000001#0E000000F6FF0000
(0946688620.821366) can0 00000002#D1030000570141FD
(0946688620.821996) can0 18FF02F7#00007D007D007DFF
(0946688620.830369) can0 18FF1080#00000000
(0946688620.830960) can0 00000001#0E000000F5FF0000
(0946688620.831551) can0 00000002#D1030000570141FD
(0946688620.841000) can0 00000001#0E000000F5FF0000
(0946688620.841577) can0 00000002#D1030000570141FD
(0946688620.850366) can0 18FF1080#00000000
(0946688620.851080) can0 00000001#0F000000F5FF0000
(0946688620.851663) can0 00000002#D1030000570141FD
(0946688620.861212) can0 00000001#0F000000F5FF0000
(0946688620.861773) can0 00000002#D1030000570141FD
(0946688620.870364) can0 18FF1080#00000000
(0946688620.871331) can0 00000001#0F000000F4FF0000
(0946688620.871828) can0 00000002#D1030000570141FD
(0946688620.881352) can0 00000001#0F000000F4FF0000
(0946688620.881946) can0 00000002#D2030000570141FD
(0946688620.890363) can0 18FF1080#00000000
(0946688620.891470) can0 00000001#0F000000F3FF0000
(0946688620.892032) can0 00000002#D2030000570141FD
(0946688620.901568) can0 00000001#0F000000F3FF0000
(0946688620.902136) can0 00000002#D3030000570141FD
(0946688620.904967) can0 18FF00EA#10F9000005007D41
(0946688620.909919) can0 18FF01EA#00007D007D007DFF
(0946688620.910443) can0 18FF1080#00000000
(0946688620.911626) can0 00000001#0E000000F2FF0000
(0946688620.912215) can0 00000002#D3030000570141FD
(0946688620.912853) can0 18FF00F7#E0F9000005007D40
(0946688620.914739) can0 18FF02EA#00007D007D007DFF
(0946688620.916778) can0 18FF01F7#00007D007D007DFF
(0946688620.921721) can0 18FF02F7#00007D007D007DFF
(0946688620.922302) can0 00000001#0E000000F2FF0000
(0946688620.922824) can0 00000002#D3030000570141FD
(0946688620.930361) can0 18FF1080#00000000
(0946688620.931846) can0 00000001#0D000000F2FF0000
(0946688620.932407) can0 00000002#D3030000570141FD
(0946688620.941943) can0 00000001#0D000000F2FF0000
(0946688620.942491) can0 00000002#D2030000570141FD
(0946688620.950363) can0 18FF1080#00000000
(0946688620.952008) can0 00000001#0C000000F2FF0000
(0946688620.952607) can0 00000002#D2030000570141FD
(0946688620.962145) can0 00000001#0F000000F6FF0000
(0946688620.962693) can0 00000002#D1030000570141FD
(0946688620.970364) can0 18FF1080#00000000
(0946688620.972216) can0 00000001#0F000000F6FF0000
(0946688620.972812) can0 00000002#D1030000570141FD
(0946688620.982412) can0 00000001#0E000000F6FF0000
(0946688620.983262) can0 00000002#D1030000570141FD
(0946688620.990368) can0 18FF1080#00000000
(0946688620.992532) can0 00000001#0E000000F6FF0000
(0946688620.993471) can0 00000002#D2030000570141FD
(0946688621.002591) can0 00000001#0E000000F6FF0000
(0946688621.003184) can0 00000002#D2030000570141FD
(0946688621.004880) can0 18FF00EA#10F9000005007D41
(0946688621.009740) can0 18FF01EA#00007D007D007DFF
(0946688621.010360) can0 18FF1080#00000000
(0946688621.011966) can0 18FF00F7#E0F9000005007D40
(0946688621.013477) can0 00000001#0E000000F6FF0000
(0946688621.014064) can0 00000002#D2030000570141FD
(0946688621.014667) can0 18FF02EA#00007D007D007DFF
(0946688621.016648) can0 18FF01F7#00007D007D007DFF
(0946688621.021861) can0 18FF02F7#00007D007D007DFF
(0946688621.023559) can0 00000001#0E000000F7FF0000
(0946688621.024155) can0 00000002#D2030000570141FD
(0946688621.030362) can0 18FF1080#00000000
(0946688621.033634) can0 00000001#0D000000F6FF0000
(0946688621.034204) can0 00000002#D2030000570141FD
(0946688621.043748) can0 00000001#0D000000F6FF0000
(0946688621.044310) can0 00000002#D2030000570141FD
(0946688621.050364) can0 18FF1080#00000000
(0946688621.053830) can0 00000001#0D000000F6FF0000
(0946688621.054376) can0 00000002#D2030000570141FD
(0946688621.063956) can0 00000001#0D000000F5FF0000
(0946688621.064530) can0 00000002#D2030000570141FD
(0946688621.070361) can0 18FF1080#00000000
(0946688621.074037) can0 00000001#0C000000F5FF0000
(0946688621.074627) can0 00000002#D2030000570141FD
(0946688621.084134) can0 00000001#0D000000F5FF0000
(0946688621.084710) can0 00000002#D1030000570141FD
(0946688621.090364) can0 18FF1080#00000000
(0946688621.094228) can0 00000001#0D000000F5FF0000
(0946688621.094791) can0 00000002#D1030000570141FD
(0946688621.104299) can0 00000001#0D000000F5FF0000
(0946688621.104879) can0 00000002#D1030000570141FD
(0946688621.105492) can0 18FF00EA#10F9000005007D41
(0946688621.109788) can0 18FF01EA#00007D007D007DFF
(0946688621.110357) can0 18FF1080#00000000
(0946688621.111786) can0 18FF00F7#E0F9000005007D40
(0946688621.114392) can0 00000001#0D000000F4FF0000
(0946688621.114999) can0 00000002#D1030000570141FD
(0946688621.115577) can0 18FF02EA#00007D007D007DFF
(0946688621.116913) can0 18FF01F7#00007D007D007DFF
(0946688621.121700) can0 18FF02F7#00007D007D007DFF
(0946688621.124510) can0 00000001#0D000000F4FF0000
(0946688621.125074) can0 00000002#D1030000570141FD
(0946688621.130369) can0 18FF1080#00000000
(0946688621.134588) can0 00000001#0D000000F4FF0000
(0946688621.135173) can0 00000002#D1030000570140FD
(0946688621.144675) can0 00000001#0E000000F6FF0000
(0946688621.145274) can0 00000002#D1030000570140FD
(0946688621.150361) can0 18FF1080#00000000
(0946688621.154792) can0 00000001#0E000000F6FF0000
(0946688621.155342) can0 00000002#D1030000570140FD
(0946688621.165004) can0 00000001#0E000000F5FF0000
(0946688621.165805) can0 00000002#D1030000570140FD
(0946688621.170363) can0 18FF1080#00000000
(0946688621.174961) can0 00000001#0E000000F5FF0000
(0946688621.175556) can0 00000002#D1030000570140FD
(0946688621.185699) can0 00000001#0E000000F4FF0000
(0946688621.186282) can0 00000002#D1030000570140FD
(0946688621.190360) can0 18FF1080#00000000
(0946688621.195811) can0 00000001#0E000000F4FF0000
(0946688621.196377) can0 00000002#D1030000570140FD
(0946688621.204881) can0 18FF00EA#10F9000005007D41
(0946688621.208057) can0 00000001#0E000000F4FF0000
(0946688621.208649) can0 00000002#D1030000570140FD
(0946688621.209804) can0 18FF01EA#00007D007D007DFF
(0946688621.210360) can0 18FF1080#00000000
(0946688621.211784) can0 18FF00F7#E0F9000005007D40
(0946688621.214974) can0 18FF02EA#00007D007D007DFF
(0946688621.216841) can0 18FF01F7#00007D007D007DFF
(0946688621.221636) can0 00000001#0E000000F4FF0000
(0946688621.222180) can0 00000002#D1030000570140FD
(0946688621.222782) can0 18FF02F7#00007D007D007DFF
(0946688621.230358) can0 18FF1080#00000000
(0946688621.231705) can0 00000001#0D000000F3FF0000
(0946688621.232279) can0 00000002#D1030000570140FD
(0946688621.241752) can0 00000001#0D000000F3FF0000
(0946688621.242351) can0 00000002#D1030000570140FD
(0946688621.250359) can0 18FF1080#00000000
(0946688621.251865) can0 00000001#0E000000F3FF0000
(0946688621.252438) can0 00000002#D1030000570140FD
(0946688621.261931) can0 00000001#0F000000F3FF0000
(0946688621.262523) can0 00000002#D2030000570140FD
(0946688621.270359) can0 18FF1080#00000000
(0946688621.272023) can0 00000001#0F000000F3FF0000
(0946688621.272626) can0 00000002#D2030000570140FD
(0946688621.282129) can0 00000001#0E000000F3FF0000
(0946688621.282691) can0 00000002#D2030000570140FD
(0946688621.290362) can0 18FF1080#00000000
(0946688621.292207) can0 00000001#0E000000F4FF0000
(0946688621.292797) can0 00000002#D2030000570140FD
(0946688621.302272) can0 00000001#0E000000F4FF0000
(0946688621.302812) can0 00000002#D2030000570140FD
(0946688621.304885) can0 18FF00EA#10F9000005007D41
(0946688621.309671) can0 18FF01EA#00007D007D007DFF
(0946688621.310358) can0 18FF1080#00000000
(0946688621.311967) can0 18FF00F7#E0F9000005007D40
(0946688621.312521) can0 00000001#0E000000F4FF0000
(0946688621.313138) can0 00000002#D2030000570140FD
(0946688621.315065) can0 18FF02EA#00007D007D007DFF
(0946688621.316762) can0 18FF01F7#00007D007D007DFF
(0946688621.322018) can0 18FF02F7#00007D007D007DFF
(0946688621.322603) can0 00000001#0E000000F6FF0000
(0946688621.323470) can0 00000002#D1030000570140FD
(0946688621.330358) can0 18FF1080#00000000
(0946688621.332554) can0 00000001#0E000000F6FF0000
(0946688621.333107) can0 00000002#D2030000570140FD
(0946688621.342607) can0 00000001#0E000000F6FF0000
(0946688621.343195) can0 00000002#D2030000580140FD
(0946688621.350356) can0 18FF1080#00000000
(0946688621.352702) can0 00000001#0F000000F6FF0000
(0946688621.353255) can0 00000002#D2030000580140FD
(0946688621.363439) can0 00000001#0F000000F6FF0000
(0946688621.363984) can0 00000002#D2030000580140FD
(0946688621.370357) can0 18FF1080#00000000
(0946688621.373665) can0 00000001#0F000000F6FF0000
(0946688621.374202) can0 00000002#D2030000580140FD
(0946688621.383607) can0 00000001#0F000000F5FF0000
(0946688621.384187) can0 00000002#D2030000580140FD
(0946688621.390357) can0 18FF1080#00000000
(0946688621.393713) can0 00000001#0F000000F5FF0000
(0946688621.394274) can0 00000002#D2030000580140FD
(0946688621.403795) can0 00000001#0F000000F5FF0000
(0946688621.404349) can0 00000002#D2030000580140FD
(0946688621.404978) can0 18FF00EA#10F9000005007D41
(0946688621.409755) can0 18FF01EA#00007D007D007DFF
(0946688621.410353) can0 18FF1080#00000000
(0946688621.411746) can0 18FF00F7#E0F9000005007D40
(0946688621.413884) can0 00000001#0F000000F4FF0000
(0946688621.414481) can0 00000002#D2030000580140FD
(0946688621.415067) can0 18FF02EA#00007D007D007DFF
(0946688621.416916) can0 18FF01F7#00007D007D007DFF
(0946688621.421698) can0 18FF02F7#00007D007D007DFF
(0946688621.424004) can0 00000001#0E000000F4FF0000
(0946688621.424580) can0 00000002#D2030000580140FD
(0946688621.430355) can0 18FF1080#00000000
(0946688621.434077) can0 00000001#0E000000F4FF0000
(0946688621.434684) can0 00000002#D1030000580140FD
(0946688621.444195) can0 00000001#0C000000F4FF0000
(0946688621.444739) can0 00000002#D1030000580140FD
(0946688621.450356) can0 18FF1080#00000000
(0946688621.454313) can0 00000001#0C000000F4FF0000
(0946688621.454866) can0 00000002#D103000058013FFD
(0946688621.464332) can0 00000001#0D000000F3FF0000
(0946688621.464940) can0 00000002#D003000058013FFD
(0946688621.470354) can0 18FF1080#00000000
(0946688621.474436) can0 00000001#0D000000F4FF0000
(0946688621.475052) can0 00000002#D103000058013FFD
(0946688621.484550) can0 00000001#0D000000F3FF0000
(0946688621.485092) can0 00000002#D103000058013FFD
(0946688621.490462) can0 18FF1080#00000000
(0946688621.494615) can0 00000001#0D000000F4FF0000
(0946688621.495195) can0 00000002#D103000058013FFD
(0946688621.504749) can0 00000001#0F000000F5FF0000
(0946688621.505291) can0 00000002#D103000058013FFD
(0946688621.505891) can0 18FF00EA#10F9000005007D41
(0946688621.509837) can0 18FF01EA#00007D007D007DFF
(0946688621.510367) can0 18FF1080#00000000
(0946688621.511753) can0 18FF00F7#E0F9000005007D40
(0946688621.514609) can0 18FF02EA#00007D007D007DFF
(0946688621.515220) can0 00000001#10000000F5FF0000
(0946688621.515820) can0 00000002#D103000058013FFD
(0946688621.516749) can0 18FF01F7#00007D007D007DFF
(0946688621.521880) can0 18FF02F7#00007D007D007DFF
(0946688621.524936) can0 00000001#0F000000F5FF0000
(0946688621.525490) can0 00000002#D103000058013FFD
(0946688621.530355) can0 18FF1080#00000000
(0946688621.535766) can0 00000001#0E000000F5FF0000
(0946688621.536323) can0 00000002#D103000058013FFD
(0946688621.545843) can0 00000001#0E000000F5FF0000
(0946688621.546438) can0 00000002#D103000058013FFD
(0946688621.550366) can0 18FF1080#00000000
(0946688621.556004) can0 00000001#0D000000F5FF0000
(0946688621.556570) can0 00000002#D103000058013FFD
(0946688621.566318) can0 00000001#0D000000F5FF0000
(0946688621.566894) can0 00000002#D103000058013FFD
(0946688621.570362) can0 18FF1080#00000000
(0946688621.576432) can0 00000001#0D000000F5FF0000
(0946688621.577022) can0 00000002#D103000058013FFD
(0946688621.586521) can0 00000001#0D000000F5FF0000
(0946688621.587116) can0 00000002#D203000058013FFD
(0946688621.590357) can0 18FF1080#00000000
(0946688621.596615) can0 00000001#0D000000F5FF0000
(0946688621.597174) can0 00000002#D203000058013FFD
(0946688621.604819) can0 18FF00EA#10F9000005007D41
(0946688621.606733) can0 00000001#0C000000F5FF0000
(0946688621.607320) can0 00000002#D103000058013FFD
(0946688621.609763) can0 18FF01EA#00007D007D007DFF
(0946688621.610352) can0 18FF1080#00000000
(0946688621.611973) can0 18FF00F7#E0F9000005007D40
(0946688621.615069) can0 18FF02EA#00007D007D007DFF
(0946688621.616636) can0 18FF01F7#00007D007D007DFF
(0946688621.620354) can0 00000001#0D000000F5FF0000
(0946688621.621622) can0 00000002#D103000058013FFD
(0946688621.622215) can0 18FF02F7#00007D007D007DFF
(0946688621.630409) can0 18FF1080#00000000
(0946688621.632020) can0 00000001#0D000000F5FF0000
(0946688621.632592) can0 00000002#D103000058013FFD
(0946688621.642465) can0 00000001#0D000000F5FF0000
(0946688621.643007) can0 00000002#D103000058013FFD
(0946688621.650366) can0 18FF1080#00000000
(0946688621.652542) can0 00000001#0D000000F5FF0000
(0946688621.653111) can0 00000002#D103000058013FFD
(0946688621.662657) can0 00000001#0D000000F5FF0000
(0946688621.663207) can0 00000002#D103000058013FFD
(0946688621.670356) can0 18FF1080#00000000
(0946688621.672742) can0 00000001#0D000000F5FF0000
(0946688621.673305) can0 00000002#D103000058013FFD
(0946688621.682810) can0 00000001#0E000000F4FF0000
(0946688621.683381) can0 00000002#D003000058013FFD
(0946688621.690355) can0 18FF1080#00000000
(0946688621.693394) can0 00000001#0E000000F4FF0000
(0946688621.693982) can0 00000002#D003000058013EFD
(0946688621.703582) can0 00000001#0E000000F4FF0000
(0946688621.704144) can0 00000002#D003000058013EFD
(0946688621.704978) can0 18FF00EA#10F9000005007D41
(0946688621.709720) can0 18FF01EA#00007D007D007DFF
(0946688621.710353) can0 18FF1080#00000000
(0946688621.711970) can0 18FF00F7#E0F9000005007D40
(0946688621.713704) can0 00000001#0E000000F4FF0000
(0946688621.714314) can0 00000002#D003000058013EFD
(0946688621.714865) can0 18FF02EA#00007D007D007DFF
(0946688621.716625) can0 18FF01F7#00007D007D007DFF
(0946688621.721926) can0 18FF02F7#00007D007D007DFF
(0946688621.723740) can0 00000001#0E000000F5FF0000
(0946688621.724332) can0 00000002#D003000058013EFD
(0946688621.730350) can0 18FF1080#00000000
(0946688621.733845) can0 00000001#0E000000F5FF0000
(0946688621.734441) can0 00000002#D003000058013EFD
(0946688621.743918) can0 00000001#0E000000F5FF0000
(0946688621.744507) can0 00000002#D103000058013EFD
(0946688621.750363) can0 18FF1080#00000000
(0946688621.753998) can0 00000001#0E000000F5FF0000
(0946688621.754587) can0 00000002#D103000058013EFD
(0946688621.764145) can0 00000001#0E000000F5FF0000
(0946688621.764701) can0 00000002#D103000058013EFD
(0946688621.770362) can0 18FF1080#00000000
(0946688621.774183) can0 00000001#0D000000F6FF0000
(0946688621.774798) can0 00000002#D203000058013EFD
(0946688621.784322) can0 00000001#0E000000F6FF0000
(0946688621.784868) can0 00000002#D203000058013EFD
(0946688621.790352) can0 18FF1080#00000000
(0946688621.794350) can0 00000001#0D000000F6FF0000
(0946688621.794946) can0 00000002#D203000058013EFD
(0946688621.804452) can0 00000001#0D000000F5FF0000
(0946688621.805032) can0 00000002#D203000058013EFD
(0946688621.805635) can0 18FF00EA#10F9000005007D41
(0946688621.809799) can0 18FF01EA#00007D007D007DFF
(0946688621.810396) can0 18FF1080#00000000
(0946688621.811644) can0 18FF00F7#E0F9000005007D40
(0946688621.814538) can0 00000001#0D000000F5FF0000
(0946688621.815124) can0 00000002#D203000058013EFD
(0946688621.815692) can0 18FF02EA#00007D007D007DFF
(0946688621.816836) can0 18FF01F7#00007D007D007DFF
(0946688621.821972) can0 18FF02F7#00007D007D007DFF
(0946688621.824659) can0 00000001#0D000000F5FF0000
(0946688621.825199) can0 00000002#D203000058013EFD
(0946688621.830354) can0 18FF1080#00000000
(0946688621.834729) can0 00000001#0D000000F6FF0000
(0946688621.835318) can0 00000002#D203000058013EFD
(0946688621.844859) can0 00000001#0D000000F6FF0000
(0946688621.845462) can0 00000002#D203000058013EFD
(0946688621.850353) can0 18FF1080#00000000
(0946688621.854958) can0 00000001#0E000000F4FF0000
(0946688621.855545) can0 00000002#D003000058013EFD
(0946688621.865096) can0 00000001#0E000000F5FF0000
(0946688621.865685) can0 00000002#D103000058013EFD
(0946688621.870356) can0 18FF1080#00000000
(0946688621.875180) can0 00000001#0E000000F5FF0000
(0946688621.875743) can0 00000002#D103000059013EFD
(0946688621.885237) can0 00000001#0E000000F5FF0000
(0946688621.885820) can0 00000002#D103000059013EFD
(0946688621.890355) can0 18FF1080#00000000
(0946688621.895341) can0 00000001#0E000000F5FF0000
(0946688621.895919) can0 00000002#D203000059013EFD
(0946688621.904859) can0 18FF00EA#10F9000005007D41
(0946688621.905468) can0 00000001#0D000000F5FF0000
(0946688621.906061) can0 00000002#D203000059013EFD
(0946688621.909721) can0 18FF01EA#00007D007D007DFF
(0946688621.910360) can0 18FF1080#00000000
(0946688621.911895) can0 18FF00F7#E0F9000005007D40
(0946688621.914967) can0 18FF02EA#00007D007D007DFF
(0946688621.915976) can0 00000001#0D000000F5FF0000
(0946688621.916572) can0 00000002#D203000059013EFD
(0946688621.917148) can0 18FF01F7#00007D007D007DFF
(0946688621.921797) can0 18FF02F7#00007D007D007DFF
(0946688621.926046) can0 00000001#0D000000F5FF0000
(0946688621.926614) can0 00000002#D203000059013EFD
(0946688621.930350) can0 18FF1080#00000000
(0946688621.936129) can0 00000001#0D000000F5FF0000
(0946688621.936733) can0 00000002#D203000059013EFD
(0946688621.946232) can0 00000001#0D000000F5FF0000
(0946688621.946789) can0 00000002#D203000059013EFD
(0946688621.950354) can0 18FF1080#00000000
(0946688621.956324) can0 00000001#0D000000F5FF0000
(0946688621.956881) can0 00000002#D203000059013EFD
(0946688621.966438) can0 00000001#0E000000F5FF0000
(0946688621.967000) can0 00000002#D203000059013EFD
(0946688621.970353) can0 18FF1080#00000000
(0946688621.976523) can0 00000001#0E000000F5FF0000
(0946688621.977083) can0 00000002#D203000059013EFD
(0946688621.986607) can0 00000001#0E000000F5FF0000
(0946688621.987172) can0 00000002#D203000059013EFD
(0946688621.990354) can0 18FF1080#00000000
(0946688621.996684) can0 00000001#0E000000F5FF0000
(0946688621.997260) can0 00000002#D203000059013EFD
(0946688622.004727) can0 18FF00EA#10F9000005007D41
(0946688622.006778) can0 00000001#0E000000F5FF0000
(0946688622.007354) can0 00000002#D103000059013EFD
(0946688622.009812) can0 18FF01EA#00007D007D007DFF
(0946688622.010346) can0 18FF1080#00000000
(0946688622.011614) can0 18FF00F7#E0F9000005007D40
(0946688622.015038) can0 18FF02EA#00007D007D007DFF
(0946688622.016874) can0 00000001#0E000000F5FF0000
(0946688622.017434) can0 00000002#D203000059013EFD
(0946688622.018040) can0 18FF01F7#00007D007D007DFF
(0946688622.022056) can0 18FF02F7#00007D007D007DFF
(0946688622.026966) can0 00000001#0E000000F5FF0000
(0946688622.027564) can0 00000002#D103000059013EFD
(0946688622.030352) can0 18FF1080#00000000
(0946688622.037066) can0 00000001#0E000000F5FF0000
(0946688622.037646) can0 00000002#D203000059013EFD
(0946688622.047161) can0 00000001#0E000000F5FF0000
(0946688622.047728) can0 00000002#D203000059013DFD
(0946688622.050349) can0 18FF1080#00000000
(0946688622.057287) can0 00000001#0E000000F5FF0000
(0946688622.057861) can0 00000002#D203000059013DFD
(0946688622.067394) can0 00000001#0E000000F5FF0000
(0946688622.068226) can0 00000002#D203000059013DFD
(0946688622.070348) can0 18FF1080#00000000
(0946688622.077475) can0 00000001#0D000000F5FF0000
(0946688622.078054) can0 00000002#D203000059013DFD
(0946688622.087580) can0 00000001#0D000000F5FF0000
(0946688622.088170) can0 00000002#D203000059013DFD
(0946688622.090352) can0 18FF1080#00000000
(0946688622.097683) can0 00000001#0D000000F5FF0000
(0946688622.098236) can0 00000002#D203000059013DFD
(0946688622.104696) can0 18FF00EA#10F9000005007D41
(0946688622.108320) can0 00000001#0D000000F5FF0000
(0946688622.108894) can0 00000002#D103000059013DFD
(0946688622.109765) can0 18FF01EA#00007D007D007DFF
(0946688622.110351) can0 18FF1080#00000000
(0946688622.111868) can0 18FF00F7#E0F9000005007D40
(0946688622.115035) can0 18FF02EA#00007D007D007DFF
(0946688622.116694) can0 18FF01F7#00007D007D007DFF
(0946688622.118469) can0 00000001#0D000000F5FF0000
(0946688622.119011) can0 00000002#D103000059013DFD
(0946688622.121896) can0 18FF02F7#00007D007D007DFF
(0946688622.128512) can0 00000001#0D000000F5FF0000
(0946688622.129075) can0 00000002#D103000059013DFD
(0946688622.130350) can0 18FF1080#00000000
(0946688622.138700) can0 00000001#0D000000F5FF0000
(0946688622.139272) can0 00000002#D103000059013DFD
(0946688622.148773) can0 00000001#0D000000F5FF0000
(0946688622.149335) can0 00000002#D103000059013DFD
(0946688622.150347) can0 18FF1080#00000000
(0946688622.158877) can0 00000001#0E000000F5FF0000
(0946688622.159457) can0 00000002#D003000059013DFD
(0946688622.168971) can0 00000001#0E000000F5FF0000
(0946688622.169542) can0 00000002#D103000059013DFD
(0946688622.170349) can0 18FF1080#00000000
(0946688622.179056) can0 00000001#0E000000F5FF0000
(0946688622.179657) can0 00000002#D103000059013DFD
(0946688622.189169) can0 00000001#0E000000F4FF0000
(0946688622.189733) can0 00000002#D103000059013DFD
(0946688622.190350) can0 18FF1080#00000000
(0946688622.199232) can0 00000001#0E000000F4FF0000
(0946688622.199820) can0 00000002#D103000059013DFD
(0946688622.204953) can0 18FF00EA#10F9000005007D41
(0946688622.209321) can0 00000001#0D000000F6FF0000
(0946688622.209895) can0 00000002#D103000059013DFD
(0946688622.210484) can0 18FF01EA#00007D007D007DFF
(0946688622.210957) can0 18FF1080#00000000
(0946688622.211651) can0 18FF00F7#E0F9000005007D40
(0946688622.214611) can0 18FF02EA#00007D007D007DFF
(0946688622.216874) can0 18FF01F7#00007D007D007DFF
(0946688622.219454) can0 00000001#0D000000F6FF0000
(0946688622.220020) can0 00000002#D103000059013DFD
(0946688622.221646) can0 18FF02F7#00007D007D007DFF
(0946688622.229527) can0 00000001#0D000000F5FF0000
(0946688622.230101) can0 00000002#D103000059013DFD
(0946688622.230543) can0 18FF1080#00000000
(0946688622.239650) can0 00000001#0D000000F5FF0000
(0946688622.240218) can0 00000002#D103000059013DFD
(0946688622.249733) can0 00000001#0D000000F6FF0000
(0946688622.250296) can0 00000002#D103000059013DFD
(0946688622.250737) can0 18FF1080#00000000
(0946688622.259762) can0 00000001#0D000000F6FF0000
(0946688622.260326) can0 00000002#D103000059013DFD
(0946688622.269850) can0 00000001#0D000000F6FF0000
(0946688622.270436) can0 00000002#D103000059013DFD
(0946688622.270896) can0 18FF1080#00000000
(0946688622.280008) can0 00000001#0D000000F6FF0000
(0946688622.280573) can0 00000002#D103000059013DFD
(0946688622.290357) can0 18FF1080#00000000
(0946688622.290955) can0 00000001#0D000000F6FF0000
(0946688622.291542) can0 00000002#D103000059013DFD
(0946688622.300816) can0 00000001#0D000000F6FF0000
(0946688622.301357) can0 00000002#D103000059013DFD
(0946688622.304706) can0 18FF00EA#10F9000005007D41
(0946688622.309788) can0 18FF01EA#00007D007D007DFF
(0946688622.310347) can0 18FF1080#00000000
(0946688622.310946) can0 00000001#0D000000F5FF0000
(0946688622.311493) can0 00000002#D103000059013DFD
(0946688622.312116) can0 18FF00F7#E0F9000005007D40
(0946688622.314949) can0 18FF02EA#00007D007D007DFF
(0946688622.316861) can0 18FF01F7#00007D007D007DFF
(0946688622.321953) can0 00000001#0E000000F5FF0000
(0946688622.322480) can0 00000002#D103000059013DFD
(0946688622.323083) can0 18FF02F7#00007D007D007DFF
(0946688622.330365) can0 18FF1080#00000000
(0946688622.332067) can0 00000001#0E000000F5FF0000
(0946688622.332628) can0 00000002#D103000059013DFD
(0946688622.342165) can0 00000001#0E000000F5FF0000
(0946688622.342720) can0 00000002#D10300005A013DFD
(0946688622.350353) can0 18FF1080#00000000
(0946688622.352224) can0 00000001#0E000000F4FF0000
(0946688622.352793) can0 00000002#D10300005A013DFD
(0946688622.362338) can0 00000001#0E000000F4FF0000
(0946688622.362893) can0 00000002#D10300005A013DFD
(0946688622.370359) can0 18FF1080#00000000
(0946688622.372444) can0 00000001#0E000000F4FF0000
(0946688622.372984) can0 00000002#D20300005A013DFD
(0946688622.382491) can0 00000001#0E000000F4FF0000
(0946688622.383057) can0 00000002#D20300005A013DFD
(0946688622.390350) can0 18FF1080#00000000
(0946688622.393317) can0 00000001#0D000000F6FF0000
(0946688622.393869) can0 00000002#D20300005A013CFD
(0946688622.403342) can0 00000001#0D000000F6FF0000
(0946688622.403944) can0 00000002#D20300005A013CFD
(0946688622.404606) can0 18FF00EA#10F9000005007D41
(0946688622.409812) can0 18FF01EA#00007D007D007DFF
(0946688622.410347) can0 18FF1080#00000000
(0946688622.411724) can0 18FF00F7#E0F9000005007D40
(0946688622.413463) can0 00000001#0D000000F6FF0000
(0946688622.414022) can0 00000002#D20300005A013CFD
(0946688622.414747) can0 18FF02EA#00007D007D007DFF
(0946688622.416593) can0 18FF01F7#00007D007D007DFF
(0946688622.421843) can0 18FF02F7#00007D007D007DFF
(0946688622.423713) can0 00000001#0D000000F6FF0000
(0946688622.424262) can0 00000002#D20300005A013CFD
(0946688622.430343) can0 18FF1080#00000000
(0946688622.433812) can0 00000001#0D000000F6FF0000
(0946688622.434347) can0 00000002#D20300005A013CFD
(0946688622.443872) can0 00000001#0D000000F6FF0000
(0946688622.444442) can0 00000002#D10300005A013CFD
(0946688622.450351) can0 18FF1080#00000000
(0946688622.453971) can0 00000001#0D000000F6FF0000
(0946688622.454576) can0 00000002#D10300005A013CFD
(0946688622.464082) can0 00000001#0E000000F6FF0000
(0946688622.464652) can0 00000002#D20300005A013CFD
(0946688622.470350) can0 18FF1080#00000000
(0946688622.474193) can0 00000001#0E000000F6FF0000
(0946688622.474760) can0 00000002#D10300005A013CFD
(0946688622.484273) can0 00000001#0D000000F6FF0000
(0946688622.484814) can0 00000002#D10300005A013CFD
(0946688622.490348) can0 18FF1080#00000000
(0946688622.494372) can0 00000001#0E000000F6FF0000
(0946688622.494955) can0 00000002#D10300005A013CFD
(0946688622.504470) can0 00000001#0E000000F5FF0000
(0946688622.505015) can0 00000002#D10300005A013CFD
(0946688622.505631) can0 18FF00EA#10F9000005007D41
(0946688622.509708) can0 18FF01EA#00007D007D007DFF
(0946688622.510344) can0 18FF1080#00000000
(0946688622.511996) can0 18FF00F7#E0F9000005007D40
(0946688622.514558) can0 00000001#0D000000F5FF0000
(0946688622.515117) can0 00000002#D20300005A013CFD
(0946688622.515737) can0 18FF02EA#00007D007D007DFF
(0946688622.516812) can0 18FF01F7#00007D007D007DFF
(0946688622.522000) can0 18FF02F7#00007D007D007DFF
(0946688622.524620) can0 00000001#0E000000F5FF0000
(0946688622.525201) can0 00000002#D10300005A013CFD
(0946688622.530350) can0 18FF1080#00000000
(0946688622.534720) can0 00000001#0D000000F5FF0000
(0946688622.535312) can0 00000002#D20300005A013CFD
(0946688622.544841) can0 00000001#0E000000F4FF0000
(0946688622.545365) can0 00000002#D20300005A013CFD
(0946688622.550371) can0 18FF1080#00000000
(0946688622.554913) can0 00000001#0E000000F4FF0000
(0946688622.555481) can0 00000002#D20300005A013CFD
(0946688622.565005) can0 00000001#0D000000F5FF0000
(0946688622.565556) can0 00000002#D10300005A013CFD
(0946688622.570351) can0 18FF1080#00000000
(0946688622.575749) can0 00000001#0D000000F5FF0000
(0946688622.576304) can0 00000002#D10300005A013CFD
(0946688622.585867) can0 00000001#0D000000F5FF0000
(0946688622.586429) can0 00000002#D10300005A013CFD
(0946688622.590344) can0 18FF1080#00000000
(0946688622.596047) can0 00000001#0D000000F5FF0000
(0946688622.596587) can0 00000002#D10300005A013CFD
(0946688622.604842) can0 18FF00EA#10F9000005007D41
(0946688622.606108) can0 00000001#0D000000F5FF0000
(0946688622.606700) can0 00000002#D10300005A013CFD
(0946688622.609566) can0 18FF01EA#00007D007D007DFF
(0946688622.610346) can0 18FF1080#00000000
(0946688622.611736) can0 18FF00F7#E0F9000005007D40
(0946688622.614704) can0 18FF02EA#00007D007D007DFF
(0946688622.616205) can0 00000001#0D000000F5FF0000
(0946688622.616766) can0 00000002#D20300005A013CFD
(0946688622.617343) can0 18FF01F7#00007D007D007DFF
(0946688622.621858) can0 18FF02F7#00007D007D007DFF
(0946688622.626291) can0 00000001#0E000000F5FF0000
(0946688622.626875) can0 00000002#D20300005A013CFD
(0946688622.630362) can0 18FF1080#00000000
(0946688622.636362) can0 00000001#0E000000F5FF0000
(0946688622.636963) can0 00000002#D20300005A013CFD
(0946688622.646483) can0 00000001#0E000000F5FF0000
(0946688622.647045) can0 00000002#D20300005A013CFD
(0946688622.650347) can0 18FF1080#00000000
(0946688622.656545) can0 00000001#0E000000F5FF0000
(0946688622.657117) can0 00000002#D20300005A013CFD
(0946688622.666639) can0 00000001#0E000000F6FF0000
(0946688622.667210) can0 00000002#D20300005A013BFD
(0946688622.670347) can0 18FF1080#00000000
(0946688622.676712) can0 00000001#0D000000F6FF0000
(0946688622.677281) can0 00000002#D20300005A013BFD
(0946688622.686795) can0 00000001#0D000000F6FF0000
(0946688622.687352) can0 00000002#D20300005A013BFD
(0946688622.690342) can0 18FF1080#00000000
(0946688622.696916) can0 00000001#0D000000F5FF0000
(0946688622.697480) can0 00000002#D10300005A013BFD
(0946688622.704702) can0 18FF00EA#10F9000005007D41
(0946688622.707001) can0 00000001#0D000000F5FF0000
(0946688622.707563) can0 00000002#D10300005A013BFD
(0946688622.709710) can0 18FF01EA#00007D007D007DFF
(0946688622.710345) can0 18FF1080#00000000
(0946688622.711730) can0 18FF00F7#E0F9000005007D40
(0946688622.714604) can0 18FF02EA#00007D007D007DFF
(0946688622.716909) can0 18FF01F7#00007D007D007DFF
(0946688622.717465) can0 00000001#0D000000F5FF0000
(0946688622.718032) can0 00000002#D10300005A013BFD
(0946688622.722031) can0 18FF02F7#00007D007D007DFF
(0946688622.727200) can0 00000001#0D000000F5FF0000
(0946688622.727757) can0 00000002#D10300005A013BFD
(0946688622.730366) can0 18FF1080#00000000
(0946688622.737251) can0 00000001#0D000000F5FF0000
(0946688622.737819) can0 00000002#D10300005A013BFD
(0946688622.747407) can0 00000001#0E000000F5FF0000
(0946688622.747991) can0 00000002#D10300005A013BFD
(0946688622.750346) can0 18FF1080#00000000
(0946688622.757501) can0 00000001#0E000000F5FF0000
(0946688622.758082) can0 00000002#D10300005A013BFD
(0946688622.768464) can0 00000001#0D000000F6FF0000
(0946688622.769028) can0 00000002#D10300005A013BFD
(0946688622.770350) can0 18FF1080#00000000
(0946688622.778503) can0 00000001#0D000000F6FF0000
(0946688622.779071) can0 00000002#D10300005A013BFD
(0946688622.788583) can0 00000001#0D000000F5FF0000
(0946688622.789152) can0 00000002#D10300005A013BFD
(0946688622.790342) can0 18FF1080#00000000
(0946688622.798661) can0 00000001#0D000000F5FF0000
(0946688622.799228) can0 00000002#D10300005A013BFD
(0946688622.804917) can0 18FF00EA#10F9000005007D41
(0946688622.808763) can0 00000001#0D000000F5FF0000
(0946688622.809334) can0 00000002#D10300005A013BFD
(0946688622.809920) can0 18FF01EA#00007D007D007DFF
(0946688622.810482) can0 18FF1080#00000000
(0946688622.811912) can0 18FF00F7#E0F9000005007D40
(0946688622.814863) can0 18FF02EA#00007D007D007DFF
(0946688622.816832) can0 18FF01F7#00007D007D007DFF
(0946688622.818852) can0 00000001#0D000000F5FF0000
(0946688622.819401) can0 00000002#D10300005A013BFD
(0946688622.821674) can0 18FF02F7#00007D007D007DFF
(0946688622.828916) can0 00000001#0D000000F5FF0000
(0946688622.829486) can0 00000002#D20300005A013BFD
(0946688622.830342) can0 18FF1080#00000000
(0946688622.839027) can0 00000001#0D000000F5FF0000
(0946688622.839616) can0 00000002#D20300005B013BFD
(0946688622.849108) can0 00000001#0D000000F5FF0000
(0946688622.849713) can0 00000002#D20300005B013BFD
(0946688622.850350) can0 18FF1080#00000000
(0946688622.859197) can0 00000001#0D000000F5FF0000
(0946688622.859761) can0 00000002#D20300005B013BFD
(0946688622.869295) can0 00000001#0D000000F5FF0000
(0946688622.869882) can0 00000002#D20300005B013BFD
(0946688622.870423) can0 18FF1080#00000000
(0946688622.879365) can0 00000001#0D000000F5FF0000
(0946688622.879947) can0 00000002#D20300005B013BFD
(0946688622.889501) can0 00000001#0E000000F5FF0000
(0946688622.890063) can0 00000002#D20300005B013BFD
(0946688622.890514) can0 18FF1080#00000000
(0946688622.899575) can0 00000001#0E000000F5FF0000
(0946688622.900136) can0 00000002#D20300005B013BFD
(0946688622.904799) can0 18FF00EA#10F9000005007D41
(0946688622.909573) can0 18FF01EA#00007D007D007DFF
(0946688622.910146) can0 00000001#0E000000F4FF0000
(0946688622.910735) can0 00000002#D20300005B013BFD
(0946688622.911180) can0 18FF1080#00000000
(0946688622.911787) can0 18FF00F7#E0F9000005007D40
(0946688622.914955) can0 18FF02EA#00007D007D007DFF
(0946688622.916606) can0 18FF01F7#00007D007D007DFF
(0946688622.919741) can0 00000001#0D000000F5FF0000
(0946688622.920323) can0 00000002#D10300005B013BFD
(0946688622.921882) can0 18FF02F7#00007D007D007DFF
(0946688622.929843) can0 00000001#0D000000F5FF0000
(0946688622.930401) can0 00000002#D10300005B013BFD
(0946688622.930852) can0 18FF1080#00000000
(0946688622.940005) can0 00000001#0D000000F5FF0000
(0946688622.940588) can0 00000002#D10300005B013AFD
(0946688622.950103) can0 00000001#0D000000F5FF0000
(0946688622.950701) can0 00000002#D10300005B013AFD
(0946688622.951143) can0 18FF1080#00000000
(0946688622.960802) can0 00000001#0D000000F5FF0000
(0946688622.961374) can0 00000002#D10300005B013AFD
(0946688622.970344) can0 18FF1080#00000000
(0946688622.970946) can0 00000001#0E000000F5FF0000
(0946688622.971510) can0 00000002#D10300005B013AFD
(0946688622.981001) can0 00000001#0E000000F5FF0000
(0946688622.981571) can0 00000002#D10300005B013AFD
(0946688622.990348) can0 18FF1080#00000000
(0946688622.991157) can0 00000001#0D000000F5FF0000
(0946688622.991691) can0 00000002#D20300005B013AFD
(0946688623.001204) can0 00000001#0D000000F5FF0000
(0946688623.001803) can0 00000002#D20300005B013AFD
(0946688623.004920) can0 18FF00EA#10F9000005007D41
(0946688623.009794) can0 18FF01EA#00007D007D007DFF
(0946688623.010340) can0 18FF1080#00000000
(0946688623.011312) can0 00000001#0E000000F5FF0000
(0946688623.011866) can0 00000002#D10300005B013AFD
(0946688623.012443) can0 18FF00F7#E0F9000005007D40
(0946688623.015006) can0 18FF02EA#00007D007D007DFF
(0946688623.016573) can0 18FF01F7#00007D007D007DFF
(0946688623.021359) can0 00000001#0E000000F5FF0000
(0946688623.021950) can0 00000002#D10300005B013AFD
(0946688623.022530) can0 18FF02F7#00007D007D007DFF
(0946688623.030342) can0 18FF1080#00000000
(0946688623.031526) can0 00000001#0E000000F5FF0000
(0946688623.032083) can0 00000002#D20300005B013AFD
(0946688623.041552) can0 00000001#0E000000F5FF0000
(0946688623.042151) can0 00000002#D10300005B013AFD
(0946688623.050344) can0 18FF1080#00000000
(0946688623.051658) can0 00000001#0E000000F5FF0000
(0946688623.052227) can0 00000002#D10300005B013AFD
(0946688623.061746) can0 00000001#0E000000F5FF0000
(0946688623.062304) can0 00000002#D10300005B013AFD
(0946688623.070340) can0 18FF1080#00000000
(0946688623.071847) can0 00000001#0E000000F5FF0000
(0946688623.072449) can0 00000002#D10300005B013AFD
(0946688623.081920) can0 00000001#0E000000F5FF0000
(0946688623.082490) can0 00000002#D10300005B013AFD
(0946688623.090353) can0 18FF1080#00000000
(0946688623.092023) can0 00000001#0E000000F5FF0000
(0946688623.092600) can0 00000002#D10300005B013AFD
(0946688623.102093) can0 00000001#0D000000F5FF0000
(0946688623.102662) can0 00000002#D10300005B013AFD
(0946688623.104801) can0 18FF00EA#10F9000005007D41
(0946688623.109665) can0 18FF01EA#00007D007D007DFF
(0946688623.110351) can0 18FF1080#00000000
(0946688623.111660) can0 18FF00F7#E0F9000005007D40
(0946688623.112272) can0 00000001#0D000000F5FF0000
(0946688623.112836) can0 00000002#D10300005B013AFD
(0946688623.114620) can0 18FF02EA#00007D007D007DFF
(0946688623.116875) can0 18FF01F7#00007D007D007DFF
(0946688623.121744) can0 18FF02F7#00007D007D007DFF
(0946688623.122320) can0 00000001#0E000000F5FF0000
(0946688623.122904) can0 00000002#D10300005B013AFD
(0946688623.130341) can0 18FF1080#00000000
(0946688623.132419) can0 00000001#0E000000F5FF0000
(0946688623.132965) can0 00000002#D10300005B013AFD
(0946688623.142484) can0 00000001#0E000000F5FF0000
(0946688623.143064) can0 00000002#D10300005B013AFD
(0946688623.150353) can0 18FF1080#00000000
(0946688623.152614) can0 00000001#0E000000F5FF0000
(0946688623.153191) can0 00000002#D10300005B013AFD
(0946688623.163367) can0 00000001#0E000000F5FF0000
(0946688623.163934) can0 00000002#D10300005B013AFD
(0946688623.170353) can0 18FF1080#00000000
(0946688623.173455) can0 00000001#0E000000F5FF0000
(0946688623.174037) can0 00000002#D10300005B013AFD
(0946688623.183620) can0 00000001#0E000000F5FF0000
(0946688623.184202) can0 00000002#D10300005B013AFD
(0946688623.190341) can0 18FF1080#00000000
(0946688623.193646) can0 00000001#0E000000F5FF0000
(0946688623.194214) can0 00000002#D10300005B013AFD
(0946688623.203736) can0 00000001#0E000000F5FF0000
(0946688623.204340) can0 00000002#D20300005B013AFD
(0946688623.204938) can0 18FF00EA#10F9000005007D41
(0946688623.209740) can0 18FF01EA#00007D007D007DFF
(0946688623.210338) can0 18FF1080#00000000
(0946688623.211912) can0 18FF00F7#E0F9000005007D40
(0946688623.213834) can0 00000001#0D000000F5FF0000
(0946688623.214377) can0 00000002#D10300005B013AFD
(0946688623.215012) can0 18FF02EA#00007D007D007DFF
(0946688623.216915) can0 18FF01F7#00007D007D007DFF
(0946688623.222006) can0 18FF02F7#00007D007D007DFF
(0946688623.223952) can0 00000001#0D000000F5FF0000
(0946688623.224527) can0 00000002#D20300005B013AFD
(0946688623.230342) can0 18FF1080#00000000
(0946688623.234027) can0 00000001#0D000000F5FF0000
(0946688623.234567) can0 00000002#D20300005B013AFD
(0946688623.244084) can0 00000001#0D000000F5FF0000
(0946688623.244671) can0 00000002#D20300005B013AFD
(0946688623.250359) can0 18FF1080#00000000
(0946688623.254184) can0 00000001#0D000000F5FF0000
(0946688623.254741) can0 00000002#D10300005B013AFD
(0946688623.264266) can0 00000001#0D000000F5FF0000
(0946688623.264836) can0 00000002#D10300005B013AFD
(0946688623.270339) can0 18FF1080#00000000
(0946688623.274351) can0 00000001#0D000000F5FF0000
(0946688623.274933) can0 00000002#D10300005B013AFD
(0946688623.284435) can0 00000001#0D000000F5FF0000
(0946688623.285008) can0 00000002#D10300005B0139FD
(0946688623.290365) can0 18FF1080#00000000
(0946688623.294524) can0 00000001#0D000000F5FF0000
(0946688623.295110) can0 00000002#D10300005B0139FD
(0946688623.304639) can0 00000001#0D000000F5FF0000
(0946688623.305211) can0 00000002#D10300005B0139FD
(0946688623.305805) can0 18FF00EA#10F9000005007D41
(0946688623.309624) can0 18FF01EA#00007D007D007DFF
(0946688623.310353) can0 18FF1080#00000000
(0946688623.311912) can0 18FF00F7#E0F9000005007D40
(0946688623.314743) can0 00000001#0D000000F5FF0000
(0946688623.315323) can0 00000002#D10300005B0139FD
(0946688623.315892) can0 18FF02EA#00007D007D007DFF
(0946688623.316616) can0 18FF01F7#00007D007D007DFF
(0946688623.321782) can0 18FF02F7#00007D007D007DFF
(0946688623.324871) can0 00000001#0D000000F5FF0000
(0946688623.325472) can0 00000002#D10300005B0139FD
(0946688623.330338) can0 18FF1080#00000000
(0946688623.334964) can0 00000001#0D000000F5FF0000
(0946688623.335567) can0 00000002#D20300005B0139FD
(0946688623.345890) can0 00000001#0E000000F5FF0000
(0946688623.346466) can0 00000002#D20300005B0139FD
(0946688623.350360) can0 18FF1080#00000000
(0946688623.356026) can0 00000001#0E000000F5FF0000
(0946688623.356574) can0 00000002#D20300005B0139FD
(0946688623.366093) can0 00000001#0E000000F5FF0000
(0946688623.366656) can0 00000002#D20300005B0139FD
(0946688623.370341) can0 18FF1080#00000000
(0946688623.376150) can0 00000001#0E000000F5FF0000
(0946688623.376731) can0 00000002#D20300005B0139FD
(0946688623.386257) can0 00000001#0E000000F5FF0000
(0946688623.386852) can0 00000002#D20300005B0139FD
(0946688623.390341) can0 18FF1080#00000000
(0946688623.396351) can0 00000001#0E000000F5FF0000
(0946688623.396949) can0 00000002#D10300005C0139FD
(0946688623.404581) can0 18FF00EA#10F9000005007D41
(0946688623.406440) can0 00000001#0E000000F5FF0000
(0946688623.407009) can0 00000002#D10300005C0139FD
(0946688623.409800) can0 18FF01EA#00007D007D007DFF
(0946688623.410363) can0 18FF1080#00000000
(0946688623.411659) can0 18FF00F7#E0F9000005007D40
(0946688623.415003) can0 18FF02EA#00007D007D007DFF
(0946688623.416524) can0 00000001#0E000000F5FF0000
(0946688623.417094) can0 00000002#D10300005C0139FD
(0946688623.417709) can0 18FF01F7#00007D007D007DFF
(0946688623.421934) can0 18FF02F7#00007D007D007DFF
(0946688623.426613) can0 00000001#0E000000F5FF0000
(0946688623.427209) can0 00000002#D10300005C0139FD
(0946688623.430337) can0 18FF1080#00000000
(0946688623.436720) can0 00000001#0D000000F5FF0000
(0946688623.437288) can0 00000002#D10300005C0139FD
(0946688623.446807) can0 00000001#0D000000F5FF0000
(0946688623.447348) can0 00000002#D10300005C0139FD
(0946688623.450360) can0 18FF1080#00000000
(0946688623.456863) can0 00000001#0D000000F5FF0000
(0946688623.457434) can0 00000002#D20300005C0139FD
(0946688623.467008) can0 00000001#0E000000F5FF0000
(0946688623.467548) can0 00000002#D20300005C0139FD
(0946688623.470339) can0 18FF1080#00000000
(0946688623.477121) can0 00000001#0E000000F5FF0000
(0946688623.477690) can0 00000002#D10300005C0139FD
(0946688623.487233) can0 00000001#0E000000F5FF0000
(0946688623.487810) can0 00000002#D10300005C0139FD
(0946688623.490335) can0 18FF1080#00000000
(0946688623.497324) can0 00000001#0E000000F5FF0000
(0946688623.497879) can0 00000002#D10300005C0139FD
(0946688623.504584) can0 18FF00EA#10F9000005007D41
(0946688623.507443) can0 00000001#0E000000F5FF0000
(0946688623.508000) can0 00000002#D10300005C0139FD
(0946688623.509731) can0 18FF01EA#00007D007D007DFF
(0946688623.510368) can0 18FF1080#00000000
(0946688623.511989) can0 18FF00F7#E0F9000005007D40
(0946688623.514878) can0 18FF02EA#00007D007D007DFF
(0946688623.516546) can0 18FF01F7#00007D007D007DFF
(0946688623.517554) can0 00000001#0E000000F5FF0000
(0946688623.518117) can0 00000002#D10300005C0139FD
(0946688623.521856) can0 18FF02F7#00007D007D007DFF
(0946688623.527614) can0 00000001#0E000000F5FF0000
(0946688623.528218) can0 00000002#D10300005C0139FD
(0946688623.530344) can0 18FF1080#00000000
(0946688623.537751) can0 00000001#0E000000F5FF0000
(0946688623.538289) can0 00000002#D10300005C0139FD
(0946688623.547835) can0 00000001#0E000000F5FF0000
(0946688623.548394) can0 00000002#D10300005C0139FD
(0946688623.550336) can0 18FF1080#00000000
(0946688623.557926) can0 00000001#0E000000F5FF0000
(0946688623.558484) can0 00000002#D20300005C0139FD
(0946688623.568378) can0 00000001#0E000000F5FF0000
(0946688623.568972) can0 00000002#D20300005C0139FD
(0946688623.570375) can0 18FF1080#00000000
(0946688623.578608) can0 00000001#0D000000F5FF0000
(0946688623.579144) can0 00000002#D20300005C0139FD
(0946688623.588583) can0 00000001#0D000000F5FF0000
(0946688623.589159) can0 00000002#D20300005C0138FD
(0946688623.590336) can0 18FF1080#00000000
(0946688623.598682) can0 00000001#0D000000F5FF0000
(0946688623.599281) can0 00000002#D20300005C0138FD
(0946688623.604845) can0 18FF00EA#10F9000005007D41
(0946688623.608802) can0 00000001#0D000000F5FF0000
(0946688623.609352) can0 00000002#D20300005C0138FD
(0946688623.609943) can0 18FF01EA#00007D007D007DFF
(0946688623.610365) can0 18FF1080#00000000
(0946688623.611862) can0 18FF00F7#E0F9000005007D40
(0946688623.614586) can0 18FF02EA#00007D007D007DFF
(0946688623.616582) can0 18FF01F7#00007D007D007DFF
(0946688623.618885) can0 00000001#0C000000F6FF0000
(0946688623.619479) can0 00000002#D20300005C0138FD
(0946688623.621762) can0 18FF02F7#00007D007D007DFF
(0946688623.629136) can0 00000001#0C000000F6FF0000
(0946688623.629732) can0 00000002#D20300005C0138FD
(0946688623.630335) can0 18FF1080#00000000
(0946688623.639209) can0 00000001#0E000000F4FF0000
(0946688623.639753) can0 00000002#D10300005C0138FD
(0946688623.649264) can0 00000001#0E000000F4FF0000
(0946688623.649848) can0 00000002#D10300005C0138FD
(0946688623.650397) can0 18FF1080#00000000
(0946688623.659398) can0 00000001#0E000000F5FF0000
(0946688623.659970) can0 00000002#D20300005C0138FD
(0946688623.669492) can0 00000001#0E000000F5FF0000
(0946688623.670075) can0 00000002#D20300005C0138FD
(0946688623.670541) can0 18FF1080#00000000
(0946688623.679608) can0 00000001#0E000000F5FF0000
(0946688623.680177) can0 00000002#D20300005C0138FD
(0946688623.689703) can0 00000001#0E000000F5FF0000
(0946688623.690294) can0 00000002#D10300005C0138FD
(0946688623.690734) can0 18FF1080#00000000
(0946688623.699830) can0 00000001#0E000000F5FF0000
(0946688623.700378) can0 00000002#D10300005C0138FD
(0946688623.704645) can0 18FF00EA#10F9000005007D41
(0946688623.709771) can0 18FF01EA#00007D007D007DFF
(0946688623.710355) can0 00000001#0E000000F5FF0000
(0946688623.710942) can0 00000002#D10300005C0138FD
(0946688623.711351) can0 18FF1080#00000000
(0946688623.711933) can0 18FF00F7#E0F9000005007D40
(0946688623.714997) can0 18FF02EA#00007D007D007DFF
(0946688623.716771) can0 18FF01F7#00007D007D007DFF
(0946688623.720785) can0 00000001#0E000000F5FF0000
(0946688623.721341) can0 00000002#D10300005C0138FD
(0946688623.721957) can0 18FF02F7#00007D007D007DFF
(0946688623.730331) can0 18FF1080#00000000
(0946688623.730923) can0 00000001#0E000000F5FF0000
(0946688623.731491) can0 00000002#D10300005C0138FD
(0946688623.740957) can0 00000001#0D000000F5FF0000
(0946688623.741532) can0 00000002#D10300005C0138FD
(0946688623.750368) can0 18FF1080#00000000
(0946688623.751054) can0 00000001#0C000000F5FF0000
(0946688623.751627) can0 00000002#D10300005C0138FD
(0946688623.761190) can0 00000001#0C000000F5FF0000
(0946688623.761741) can0 00000002#D20300005C0138FD
(0946688623.770335) can0 18FF1080#00000000
(0946688623.771271) can0 00000001#0C000000F5FF0000
(0946688623.771831) can0 00000002#D20300005C0138FD
(0946688623.781341) can0 00000001#0D000000F5FF0000
(0946688623.781957) can0 00000002#D20300005C0138FD
(0946688623.790338) can0 18FF1080#00000000
(0946688623.791452) can0 00000001#0D000000F5FF0000
(0946688623.792037) can0 00000002#D20300005C0138FD
(0946688623.801559) can0 00000001#0D000000F5FF0000
(0946688623.802154) can0 00000002#D20300005C0138FD
(0946688623.804695) can0 18FF00EA#10F9000005007D41
(0946688623.809681) can0 18FF01EA#00007D007D007DFF
(0946688623.810363) can0 18FF1080#00000000
(0946688623.811691) can0 00000001#0E000000F5FF0000
(0946688623.812284) can0 00000002#D10300005C0138FD
(0946688623.812845) can0 18FF00F7#E0F9000005007D40
(0946688623.814725) can0 18FF02EA#00007D007D007DFF
(0946688623.816689) can0 18FF01F7#00007D007D007DFF
(0946688623.821768) can0 00000001#0E000000F5FF0000
(0946688623.822347) can0 00000002#D10300005C0138FD
(0946688623.822931) can0 18FF02F7#00007D007D007DFF
(0946688623.830336) can0 18FF1080#00000000
(0946688623.831849) can0 00000001#0D000000F5FF0000
(0946688623.832422) can0 00000002#D10300005C0138FD
(0946688623.841990) can0 00000001#0D000000F5FF0000
(0946688623.842567) can0 00000002#D10300005D0138FD
(0946688623.850337) can0 18FF1080#00000000
(0946688623.852050) can0 00000001#0D000000F5FF0000
(0946688623.852636) can0 00000002#D10300005D0138FD
(0946688623.862175) can0 00000001#0D000000F5FF0000
(0946688623.862743) can0 00000002#D10300005D0138FD
(0946688623.870355) can0 18FF1080#00000000
(0946688623.872272) can0 00000001#0D000000F5FF0000
(0946688623.872836) can0 00000002#D10300005D0138FD
(0946688623.882358) can0 00000001#0D000000F5FF0000
(0946688623.882956) can0 00000002#D10300005D0138FD
(0946688623.890336) can0 18FF1080#00000000
(0946688623.892467) can0 00000001#0D000000F5FF0000
(0946688623.893043) can0 00000002#D10300005D0138FD
(0946688623.902594) can0 00000001#0D000000F5FF0000
(0946688623.903157) can0 00000002#D10300005D0137FD
(0946688623.904534) can0 18FF00EA#10F9000005007D41
(0946688623.909617) can0 18FF01EA#00007D007D007DFF
(0946688623.910363) can0 18FF1080#00000000
(0946688623.911852) can0 18FF00F7#E0F9000005007D40
(0946688623.912689) can0 00000001#0D000000F5FF0000
(0946688623.913276) can0 00000002#D10300005D0137FD
(0946688623.914896) can0 18FF02EA#00007D007D007DFF
(0946688623.916716) can0 18FF01F7#00007D007D007DFF
(0946688623.921940) can0 18FF02F7#00007D007D007DFF
(0946688623.922796) can0 00000001#0D000000F5FF0000
(0946688623.923340) can0 00000002#D10300005D0137FD
(0946688623.930332) can0 18FF1080#00000000
(0946688623.933305) can0 00000001#0D000000F5FF0000
(0946688623.933843) can0 00000002#D20300005D0137FD
(0946688623.943359) can0 00000001#0D000000F5FF0000
(0946688623.943938) can0 00000002#D20300005D0137FD
(0946688623.950336) can0 18FF1080#00000000
(0946688623.953495) can0 00000001#0E000000F5FF0000
(0946688623.954071) can0 00000002#D10300005D0137FD
(0946688623.963589) can0 00000001#0E000000F5FF0000
(0946688623.964156) can0 00000002#D10300005D0137FD
(0946688623.970356) can0 18FF1080#00000000
(0946688623.973708) can0 00000001#0E000000F5FF0000
(0946688623.974269) can0 00000002#D20300005D0137FD
(0946688623.983835) can0 00000001#0E000000F5FF0000
(0946688623.984369) can0 00000002#D10300005D0137FD
(0946688623.990343) can0 18FF1080#00000000
(0946688623.993904) can0 00000001#0D000000F5FF0000
(0946688623.994469) can0 00000002#D10300005D0137FD
(0946688624.003986) can0 00000001#0D000000F5FF0000
(0946688624.004554) can0 00000002#D10300005D0137FD
(0946688624.005141) can0 18FF00EA#10F9000005007D41
(0946688624.009652) can0 18FF01EA#00007D007D007DFF
(0946688624.010336) can0 18FF1080#00000000
(0946688624.011551) can0 18FF00F7#E0F9000005007D40
(0946688624.014087) can0 00000001#0E000000F5FF0000
(0946688624.014684) can0 00000002#D20300005D0137FD
(0946688624.015252) can0 18FF02EA#00007D007D007DFF
(0946688624.016645) can0 18FF01F7#00007D007D007DFF
(0946688624.021792) can0 18FF02F7#00007D007D007DFF
(0946688624.024230) can0 00000001#0E000000F5FF0000
(0946688624.024796) can0 00000002#D20300005D0137FD
(0946688624.030338) can0 18FF1080#00000000
(0946688624.034304) can0 00000001#0D000000F5FF0000
(0946688624.034877) can0 00000002#D20300005D0137FD
(0946688624.044545) can0 00000001#0D000000F5FF0000
(0946688624.045116) can0 00000002#D20300005D0137FD
(0946688624.050327) can0 18FF1080#00000000
(0946688624.054703) can0 00000001#0D000000F5FF0000
(0946688624.055315) can0 00000002#D20300005D0137FD
(0946688624.064800) can0 00000001#0D000000F5FF0000
(0946688624.065360) can0 00000002#D20300005D0137FD
(0946688624.070356) can0 18FF1080#00000000
(0946688624.074931) can0 00000001#0D000000F5FF0000
(0946688624.075503) can0 00000002#D20300005D0137FD
(0946688624.085007) can0 00000001#0D000000F5FF0000
(0946688624.085564) can0 00000002#D20300005D0137FD
(0946688624.090343) can0 18FF1080#00000000
(0946688624.095984) can0 00000001#0E000000F5FF0000
(0946688624.096562) can0 00000002#D10300005D0137FD
(0946688624.104646) can0 18FF00EA#10F9000005007D41
(0946688624.105990) can0 00000001#0E000000F5FF0000
(0946688624.106565) can0 00000002#D10300005D0137FD
(0946688624.109627) can0 18FF01EA#00007D007D007DFF
(0946688624.110344) can0 18FF1080#00000000
(0946688624.111656) can0 18FF00F7#E0F9000005007D40
(0946688624.114551) can0 18FF02EA#00007D007D007DFF
(0946688624.116219) can0 00000001#0E000000F5FF0000
(0946688624.116817) can0 00000002#D10300005D0137FD
(0946688624.117409) can0 18FF01F7#00007D007D007DFF
(0946688624.122020) can0 18FF02F7#00007D007D007DFF
(0946688624.126274) can0 00000001#0E000000F5FF0000
(0946688624.126841) can0 00000002#D10300005D0137FD
(0946688624.130337) can0 18FF1080#00000000
(0946688624.136378) can0 00000001#0E000000F5FF0000
(0946688624.136962) can0 00000002#D10300005D0137FD
(0946688624.146466) can0 00000001#0E000000F5FF0000
(0946688624.147037) can0 00000002#D10300005D0137FD
(0946688624.150349) can0 18FF1080#00000000
(0946688624.156562) can0 00000001#0D000000F5FF0000
(0946688624.157143) can0 00000002#D10300005D0137FD
(0946688624.166691) can0 00000001#0E000000F5FF0000
(0946688624.167238) can0 00000002#D10300005D0137FD
(0946688624.170343) can0 18FF1080#00000000
(0946688624.176772) can0 00000001#0D000000F5FF0000
(0946688624.177348) can0 00000002#D10300005D0137FD
(0946688624.186915) can0 00000001#0D000000F5FF0000
(0946688624.187480) can0 00000002#D20300005D0136FD
(0946688624.190345) can0 18FF1080#00000000
(0946688624.197018) can0 00000001#0D000000F5FF0000
(0946688624.197606) can0 00000002#D20300005D0136FD
(0946688624.204833) can0 18FF00EA#10F9000005007D41
(0946688624.207090) can0 00000001#0D000000F5FF0000
(0946688624.207685) can0 00000002#D20300005D0136FD
(0946688624.209734) can0 18FF01EA#00007D007D007DFF
(0946688624.210342) can0 18FF1080#00000000
(0946688624.211696) can0 18FF00F7#E0F9000005007D40
(0946688624.214562) can0 18FF02EA#00007D007D007DFF
(0946688624.216648) can0 18FF01F7#00007D007D007DFF
(0946688624.217238) can0 00000001#0D000000F5FF0000
(0946688624.217804) can0 00000002#D20300005D0136FD
(0946688624.221772) can0 18FF02F7#00007D007D007DFF
(0946688624.227340) can0 00000001#0D000000F5FF0000
(0946688624.227927) can0 00000002#D20300005D0136FD
(0946688624.230355) can0 18FF1080#00000000
(0946688624.237437) can0 00000001#0D000000F5FF0000
(0946688624.238007) can0 00000002#D20300005D0136FD
(0946688624.248309) can0 00000001#0D000000F5FF0000
(0946688624.248905) can0 00000002#D20300005D0136FD
(0946688624.250342) can0 18FF1080#00000000
(0946688624.258438) can0 00000001#0D000000F5FF0000
(0946688624.258995) can0 00000002#D20300005D0136FD
(0946688624.268519) can0 00000001#0E000000F5FF0000
(0946688624.269105) can0 00000002#D10300005D0136FD
(0946688624.270331) can0 18FF1080#00000000
(0946688624.278646) can0 00000001#0E000000F5FF0000
(0946688624.279229) can0 00000002#D10300005D0136FD
(0946688624.288743) can0 00000001#0E000000F5FF0000
(0946688624.289313) can0 00000002#D10300005D0136FD
(0946688624.290351) can0 18FF1080#00000000
(0946688624.298833) can0 00000001#0E000000F5FF0000
(0946688624.299403) can0 00000002#D10300005D0136FD
(0946688624.304829) can0 18FF00EA#10F9000005007D41
(0946688624.308947) can0 00000001#0E000000F5FF0000
(0946688624.309504) can0 00000002#D10300005D0136FD
(0946688624.310127) can0 18FF01EA#00007D007D007DFF
(0946688624.310573) can0 18FF1080#00000000
(0946688624.311553) can0 18FF00F7#E0F9000005007D40
(0946688624.314881) can0 18FF02EA#00007D007D007DFF
(0946688624.316845) can0 18FF01F7#00007D007D007DFF
(0946688624.319050) can0 00000001#0E000000F5FF0000
(0946688624.319607) can0 00000002#D10300005D0136FD
(0946688624.321579) can0 18FF02F7#00007D007D007DFF
(0946688624.329151) can0 00000001#0E000000F5FF0000
(0946688624.329735) can0 00000002#D10300005D0136FD
(0946688624.330352) can0 18FF1080#00000000
(0946688624.339251) can0 00000001#0D000000F5FF0000
(0946688624.339850) can0 00000002#D10300005D0136FD
(0946688624.349337) can0 00000001#0D000000F5FF0000
(0946688624.349917) can0 00000002#D20300005D0136FD
(0946688624.350355) can0 18FF1080#00000000
(0946688624.359460) can0 00000001#0D000000F6FF0000
(0946688624.360011) can0 00000002#D20300005D0136FD
(0946688624.369589) can0 00000001#0E000000F6FF0000
(0946688624.370154) can0 00000002#D20300005D0136FD
(0946688624.370601) can0 18FF1080#00000000
(0946688624.379678) can0 00000001#0D000000F6FF0000
(0946688624.380226) can0 00000002#D20300005D0136FD
(0946688624.389774) can0 00000001#0D000000F6FF0000
(0946688624.390348) can0 00000002#D20300005E0136FD
(0946688624.390794) can0 18FF1080#00000000
(0946688624.399883) can0 00000001#0D000000F6FF0000
(0946688624.400475) can0 00000002#D20300005E0136FD
(0946688624.404742) can0 18FF00EA#10F9000005007D41
(0946688624.409530) can0 18FF01EA#00007D007D007DFF
(0946688624.410083) can0 00000001#0D000000F6FF0000
(0946688624.410651) can0 00000002#D20300005E0136FD
(0946688624.411094) can0 18FF1080#00000000
(0946688624.411702) can0 18FF00F7#E0F9000005007D40
(0946688624.414648) can0 18FF02EA#00007D007D007DFF
(0946688624.416521) can0 18FF01F7#00007D007D007DFF
(0946688624.421047) can0 00000001#0E000000F6FF0000
(0946688624.421618) can0 00000002#D20300005E0136FD
(0946688624.422217) can0 18FF02F7#00007D007D007DFF
(0946688624.430356) can0 18FF1080#00000000
(0946688624.431281) can0 00000001#0E000000F5FF0000
(0946688624.431868) can0 00000002#D20300005E0136FD
(0946688624.441359) can0 00000001#0D000000F4FF0000
(0946688624.441967) can0 00000002#D00300005E0136FD
(0946688624.450340) can0 18FF1080#00000000
(0946688624.451454) can0 00000001#0D000000F4FF0000
(0946688624.452045) can0 00000002#D00300005E0136FD
(0946688624.461595) can0 00000001#0E000000F4FF0000
(0946688624.462162) can0 00000002#D00300005E0136FD
(0946688624.470328) can0 18FF1080#00000000
(0946688624.471693) can0 00000001#0E000000F4FF0000
(0946688624.472302) can0 00000002#D00300005E0136FD
(0946688624.481772) can0 00000001#0D000000F4FF0000
(0946688624.482353) can0 00000002#D10300005E0136FD
(0946688624.490352) can0 18FF1080#00000000
(0946688624.491854) can0 00000001#0D000000F4FF0000
(0946688624.492440) can0 00000002#D10300005E0136FD
(0946688624.502045) can0 00000001#0D000000F4FF0000
(0946688624.502603) can0 00000002#D20300005E0136FD
(0946688624.504656) can0 18FF00EA#10F9000005007D41
(0946688624.509700) can0 18FF01EA#00007D007D007DFF
(0946688624.510328) can0 18FF1080#00000000
(0946688624.511564) can0 18FF00F7#E0F9000005007D40
(0946688624.512131) can0 00000001#0E000000F4FF0000
(0946688624.512708) can0 00000002#D20300005E0136FD
(0946688624.514522) can0 18FF02EA#00007D007D007DFF
(0946688624.516736) can0 18FF01F7#00007D007D007DFF
(0946688624.522030) can0 18FF02F7#00007D007D007DFF
(0946688624.522590) can0 00000001#0E000000F6FF0000
(0946688624.523196) can0 00000002#D00300005E0136FD
(0946688624.530340) can0 18FF1080#00000000
(0946688624.532349) can0 00000001#0E000000F6FF0000
(0946688624.532949) can0 00000002#D00300005E0135FD
(0946688624.542441) can0 00000001#0E000000F6FF0000
(0946688624.543015) can0 00000002#D00300005E0135FD
(0946688624.550343) can0 18FF1080#00000000
(0946688624.553248) can0 00000001#0E000000F6FF0000
(0946688624.553833) can0 00000002#D10300005E0135FD
(0946688624.563346) can0 00000001#0E000000F6FF0000
(0946688624.563953) can0 00000002#D10300005E0135FD
(0946688624.570459) can0 18FF1080#00000000
(0946688624.573439) can0 00000001#0E000000F6FF0000
(0946688624.574024) can0 00000002#D10300005E0135FD
(0946688624.583605) can0 00000001#0E000000F6FF0000
(0946688624.584191) can0 00000002#D10300005E0135FD
(0946688624.590351) can0 18FF1080#00000000
(0946688624.593708) can0 00000001#0E000000F6FF0000
(0946688624.594280) can0 00000002#D10300005E0135FD
(0946688624.603802) can0 00000001#0E000000F6FF0000
(0946688624.604366) can0 00000002#D10300005E0135FD
(0946688624.604961) can0 18FF00EA#10F9000005007D41
(0946688624.609742) can0 18FF01EA#00007D007D007DFF
(0946688624.610335) can0 18FF1080#00000000
(0946688624.611846) can0 18FF00F7#E0F9000005007D40
(0946688624.613910) can0 00000001#0E000000F6FF0000
(0946688624.614512) can0 00000002#D20300005E0135FD
(0946688624.615083) can0 18FF02EA#00007D007D007DFF
(0946688624.616507) can0 18FF01F7#00007D007D007DFF
(0946688624.621732) can0 18FF02F7#00007D007D007DFF
(0946688624.624020) can0 00000001#0E000000F4FF0000
(0946688624.624591) can0 00000002#D10300005E0135FD
(0946688624.630325) can0 18FF1080#00000000
(0946688624.634102) can0 00000001#0E000000F4FF0000
(0946688624.634676) can0 00000002#D10300005E0135FD
(0946688624.644223) can0 00000001#0E000000F4FF0000
(0946688624.644766) can0 00000002#D10300005E0135FD
(0946688624.650333) can0 18FF1080#00000000
(0946688624.654323) can0 00000001#0D000000F4FF0000
(0946688624.654910) can0 00000002#D10300005E0135FD
(0946688624.664407) can0 00000001#0D000000F4FF0000
(0946688624.665010) can0 00000002#D10300005E0135FD
(0946688624.670349) can0 18FF1080#00000000
(0946688624.674497) can0 00000001#0D000000F4FF0000
(0946688624.675055) can0 00000002#D10300005E0135FD
(0946688624.684571) can0 00000001#0D000000F4FF0000
(0946688624.685154) can0 00000002#D10300005E0135FD
(0946688624.690337) can0 18FF1080#00000000
(0946688624.694705) can0 00000001#0C000000F4FF0000
(0946688624.695269) can0 00000002#D10300005E0135FD
(0946688624.704534) can0 18FF00EA#10F9000005007D41
(0946688624.705075) can0 00000001#0F000000F5FF0000
(0946688624.705656) can0 00000002#D20300005E0135FD
(0946688624.709781) can0 18FF01EA#00007D007D007DFF
(0946688624.710323) can0 18FF1080#00000000
(0946688624.711699) can0 18FF00F7#E0F9000005007D40
(0946688624.714901) can0 00000001#0F000000F5FF0000
(0946688624.715448) can0 00000002#D20300005E0135FD
(0946688624.716036) can0 18FF02EA#00007D007D007DFF
(0946688624.716742) can0 18FF01F7#00007D007D007DFF
(0946688624.721566) can0 18FF02F7#00007D007D007DFF
(0946688624.724980) can0 00000001#10000000F5FF0000
(0946688624.725564) can0 00000002#D20300005E0135FD
(0946688624.730335) can0 18FF1080#00000000
(0946688624.735067) can0 00000001#10000000F5FF0000
(0946688624.735637) can0 00000002#D20300005E0135FD
(0946688624.745764) can0 00000001#0F000000F5FF0000
(0946688624.746342) can0 00000002#D30300005E0135FD
(0946688624.750354) can0 18FF1080#00000000
(0946688624.755858) can0 00000001#0F000000F5FF0000
(0946688624.756434) can0 00000002#D20300005E0135FD
(0946688624.765945) can0 00000001#0E000000F5FF0000
(0946688624.766503) can0 00000002#D20300005E0135FD
(0946688624.770338) can0 18FF1080#00000000
(0946688624.776070) can0 00000001#0E000000F5FF0000
(0946688624.776623) can0 00000002#D20300005E0135FD
(0946688624.786132) can0 00000001#0D000000F5FF0000
(0946688624.786713) can0 00000002#D20300005E0135FD
(0946688624.790336) can0 18FF1080#00000000
(0946688624.796240) can0 00000001#0C000000F5FF0000
(0946688624.796834) can0 00000002#D00300005E0135FD
(0946688624.804670) can0 18FF00EA#10F9000005007D41
(0946688624.806307) can0 00000001#0C000000F5FF0000
(0946688624.806884) can0 00000002#D10300005E0135FD
(0946688624.809793) can0 18FF01EA#00007D007D007DFF
(0946688624.810328) can0 18FF1080#00000000
(0946688624.811524) can0 18FF00F7#E0F9000005007D40
(0946688624.814958) can0 18FF02EA#00007D007D007DFF
(0946688624.816442) can0 00000001#0C000000F5FF0000
(0946688624.816992) can0 00000002#D00300005E0134FD
(0946688624.817602) can0 18FF01F7#00007D007D007DFF
(0946688624.822002) can0 18FF02F7#00007D007D007DFF
(0946688624.826496) can0 00000001#0C000000F5FF0000
(0946688624.827077) can0 00000002#D10300005E0134FD
(0946688624.830334) can0 18FF1080#00000000
(0946688624.836617) can0 00000001#0C000000F5FF0000
(0946688624.837177) can0 00000002#D10300005E0134FD
(0946688624.846679) can0 00000001#0D000000F5FF0000
(0946688624.847240) can0 00000002#D10300005E0134FD
(0946688624.850357) can0 18FF1080#00000000
(0946688624.856811) can0 00000001#0D000000F5FF0000
(0946688624.857373) can0 00000002#D10300005E0134FD
(0946688624.866892) can0 00000001#0C000000F5FF0000
(0946688624.867469) can0 00000002#D10300005E0134FD
(0946688624.870327) can0 18FF1080#00000000
(0946688624.876999) can0 00000001#0E000000F5FF0000
(0946688624.877567) can0 00000002#D20300005E0134FD
(0946688624.887044) can0 00000001#0E000000F5FF0000
(0946688624.887617) can0 00000002#D20300005F0134FD
(0946688624.890334) can0 18FF1080#00000000
(0946688624.897142) can0 00000001#0F000000F4FF0000
(0946688624.897715) can0 00000002#D20300005F0134FD
(0946688624.904754) can0 18FF00EA#10F9000005007D41
(0946688624.907249) can0 00000001#0F000000F4FF0000
(0946688624.907813) can0 00000002#D20300005F0134FD
(0946688624.909618) can0 18FF01EA#00007D007D007DFF
(0946688624.910341) can0 18FF1080#00000000
(0946688624.911684) can0 18FF00F7#E0F9000005007D40
(0946688624.914740) can0 18FF02EA#00007D007D007DFF
(0946688624.916693) can0 18FF01F7#00007D007D007DFF
(0946688624.917340) can0 00000001#0F000000F4FF0000
(0946688624.917937) can0 00000002#D20300005F0134FD
(0946688624.922039) can0 18FF02F7#00007D007D007DFF
(0946688624.927438) can0 00000001#0F000000F4FF0000
(0946688624.928008) can0 00000002#D30300005F0134FD
(0946688624.930328) can0 18FF1080#00000000
(0946688624.938471) can0 00000001#0F000000F4FF0000
(0946688624.939064) can0 00000002#D30300005F0134FD
(0946688624.948574) can0 00000001#0F000000F4FF0000
(0946688624.949128) can0 00000002#D30300005E0134FD
(0946688624.950354) can0 18FF1080#00000000
(0946688624.958755) can0 00000001#0F000000F4FF0000
(0946688624.959320) can0 00000002#D30300005E0134FD
(0946688624.968764) can0 00000001#0F000000F3FF0000
(0946688624.969322) can0 00000002#D30300005E0134FD
(0946688624.970334) can0 18FF1080#00000000
(0946688624.978855) can0 00000001#0E000000F3FF0000
(0946688624.979441) can0 00000002#D30300005E0134FD
(0946688624.988936) can0 00000001#0B000000F4FF0000
(0946688624.989478) can0 00000002#CF0300005E0134FD
(0946688624.990334) can0 18FF1080#00000000
(0946688624.999019) can0 00000001#0B000000F4FF0000
(0946688624.999604) can0 00000002#CF0300005F0134FD
(0946688625.004501) can0 18FF00EA#10F9000005007D41
(0946688625.009119) can0 00000001#0C000000F4FF0000
(0946688625.009701) can0 00000002#CF0300005F0134FD
(0946688625.010285) can0 18FF01EA#00007D007D007DFF
(0946688625.010714) can0 18FF1080#00000000
(0946688625.011589) can0 18FF00F7#E0F9000005007D40
(0946688625.014895) can0 18FF02EA#00007D007D007DFF
(0946688625.016748) can0 18FF01F7#00007D007D007DFF
(0946688625.019247) can0 00000001#0C000000F4FF0000
(0946688625.019825) can0 00000002#CF0300005F0134FD
(0946688625.021567) can0 18FF02F7#00007D007D007DFF
(0946688625.029301) can0 00000001#0C000000F4FF0000
(0946688625.029895) can0 00000002#CF0300005F0134FD
(0946688625.030468) can0 18FF1080#00000000
(0946688625.039417) can0 00000001#0C000000F5FF0000
(0946688625.039979) can0 00000002#D00300005F0134FD
(0946688625.049470) can0 00000001#0D000000F5FF0000
(0946688625.050050) can0 00000002#D10300005F0134FD
(0946688625.050514) can0 18FF1080#00000000
(0946688625.059618) can0 00000001#0F000000F7FF0000
(0946688625.060180) can0 00000002#D20300005F0134FD
(0946688625.069672) can0 00000001#0F000000F7FF0000
(0946688625.070246) can0 00000002#D10300005F0134FD
(0946688625.070704) can0 18FF1080#00000000
(0946688625.079767) can0 00000001#0F000000F6FF0000
(0946688625.080328) can0 00000002#D10300005F0134FD
(0946688625.089875) can0 00000001#0E000000F6FF0000
(0946688625.090435) can0 00000002#D10300005F0134FD
(0946688625.090920) can0 18FF1080#00000000
(0946688625.100002) can0 00000001#0E000000F6FF0000
(0946688625.100587) can0 00000002#D10300005F0134FD
(0946688625.104718) can0 18FF00EA#10F9000005007D41
(0946688625.109491) can0 18FF01EA#00007D007D007DFF
(0946688625.110077) can0 00000001#0E000000F5FF0000
(0946688625.110673) can0 00000002#D10300005F0134FD
(0946688625.111106) can0 18FF1080#00000000
(0946688625.111703) can0 18FF00F7#E0F9000005007D40
(0946688625.114794) can0 18FF02EA#00007D007D007DFF
(0946688625.116790) can0 18FF01F7#00007D007D007DFF
(0946688625.120213) can0 00000001#0D000000F5FF0000
(0946688625.120775) can0 00000002#D10300005F0134FD
(0946688625.122048) can0 18FF02F7#00007D007D007DFF
(0946688625.130254) can0 00000001#0D000000F5FF0000
(0946688625.130856) can0 00000002#D10300005F0134FD
(0946688625.131342) can0 18FF1080#00000000
(0946688625.140339) can0 00000001#0C000000F4FF0000
(0946688625.140936) can0 00000002#D10300005F0134FD
(0946688625.150333) can0 18FF1080#00000000
(0946688625.150941) can0 00000001#0C000000F4FF0000
(0946688625.151473) can0 00000002#D10300005F0134FD
(0946688625.160839) can0 00000001#0D000000F4FF0000
(0946688625.161439) can0 00000002#D10300005F0134FD
(0946688625.170330) can0 18FF1080#00000000
(0946688625.171065) can0 00000001#0E000000F4FF0000
(0946688625.171646) can0 00000002#D10300005F0134FD
(0946688625.181211) can0 00000001#0E000000F4FF0000
(0946688625.181782) can0 00000002#D10300005F0133FD
(0946688625.190321) can0 18FF1080#00000000
(0946688625.191168) can0 00000001#0E000000F4FF0000
(0946688625.191693) can0 00000002#D10300005F0133FD
(0946688625.201218) can0 00000001#0E000000F4FF0000
(0946688625.201802) can0 00000002#D10300005F0133FD
(0946688625.204603) can0 18FF00EA#10F9000005007D41
(0946688625.209764) can0 18FF01EA#00007D007D007DFF
(0946688625.210353) can0 18FF1080#00000000
(0946688625.211344) can0 00000001#0E000000F4FF0000
(0946688625.211923) can0 00000002#D10300005F0133FD
(0946688625.212501) can0 18FF00F7#E0F9000005007D40
(0946688625.214923) can0 18FF02EA#00007D007D007DFF
(0946688625.216700) can0 18FF01F7#00007D007D007DFF
(0946688625.221442) can0 00000001#0E000000F4FF0000
(0946688625.222002) can0 00000002#D10300005F0133FD
(0946688625.222575) can0 18FF02F7#00007D007D007DFF
(0946688625.230351) can0 18FF1080#00000000
(0946688625.231499) can0 00000001#0E000000F6FF0000
(0946688625.232083) can0 00000002#D10300005F0133FD
(0946688625.241633) can0 00000001#0E000000F6FF0000
(0946688625.242194) can0 00000002#D10300005F0133FD
(0946688625.250351) can0 18FF1080#00000000
(0946688625.251716) can0 00000001#0E000000F6FF0000
(0946688625.252289) can0 00000002#D10300005F0133FD
(0946688625.261830) can0 00000001#0D000000F6FF0000
(0946688625.262362) can0 00000002#D10300005F0133FD
(0946688625.270341) can0 18FF1080#00000000
(0946688625.271876) can0 00000001#0D000000F6FF0000
(0946688625.272460) can0 00000002#D10300005F0133FD
(0946688625.281988) can0 00000001#0D000000F6FF0000
(0946688625.282556) can0 00000002#D10300005F0133FD
(0946688625.290319) can0 18FF1080#00000000
(0946688625.292051) can0 00000001#0D000000F6FF0000
(0946688625.292636) can0 00000002#D10300005F0133FD
(0946688625.302193) can0 00000001#0D000000F5FF0000
(0946688625.302742) can0 00000002#D10300005F0133FD
(0946688625.304815) can0 18FF00EA#10F9000005007D41
(0946688625.309691) can0 18FF01EA#00007D007D007DFF
(0946688625.310350) can0 18FF1080#00000000
(0946688625.311671) can0 18FF00F7#E0F9000005007D40
(0946688625.312256) can0 00000001#0D000000F5FF0000
(0946688625.312843) can0 00000002#D10300005F0133FD
(0946688625.314494) can0 18FF02EA#00007D007D007DFF
(0946688625.316626) can0 18FF01F7#00007D007D007DFF
(0946688625.321897) can0 18FF02F7#00007D007D007DFF
(0946688625.322456) can0 00000001#0D000000F4FF0000
(0946688625.323040) can0 00000002#D10300005F0133FD
(0946688625.330320) can0 18FF1080#00000000
(0946688625.332447) can0 00000001#0D000000F4FF0000
(0946688625.333032) can0 00000002#D10300005F0133FD
(0946688625.343465) can0 00000001#0F000000F4FF0000
(0946688625.344030) can0 00000002#D20300005F0133FD
(0946688625.350321) can0 18FF1080#00000000
(0946688625.353616) can0 00000001#0E000000F4FF0000
(0946688625.354207) can0 00000002#D20300005F0133FD
(0946688625.363786) can0 00000001#0F000000F4FF0000
(0946688625.364333) can0 00000002#D20300005F0133FD
(0946688625.370374) can0 18FF1080#00000000
(0946688625.373782) can0 00000001#0E000000F4FF0000
(0946688625.374340) can0 00000002#D30300005F0133FD
(0946688625.383839) can0 00000001#0E000000F5FF0000
(0946688625.384442) can0 00000002#D20300005F0133FD
(0946688625.390339) can0 18FF1080#00000000
(0946688625.393981) can0 00000001#0D000000F5FF0000
(0946688625.394565) can0 00000002#D20300005F0133FD
(0946688625.404060) can0 00000001#0D000000F5FF0000
(0946688625.404613) can0 00000002#D20300005F0133FD
(0946688625.405200) can0 18FF00EA#10F9000005007D41
(0946688625.409668) can0 18FF01EA#00007D007D007DFF
(0946688625.410332) can0 18FF1080#00000000
(0946688625.411511) can0 18FF00F7#E0F9000005007D40
(0946688625.414149) can0 00000001#0D000000F4FF0000
(0946688625.414777) can0 00000002#D10300005F0133FD
(0946688625.415334) can0 18FF02EA#00007D007D007DFF
(0946688625.416753) can0 18FF01F7#00007D007D007DFF
(0946688625.421990) can0 18FF02F7#00007D007D007DFF
(0946688625.424223) can0 00000001#0D000000F4FF0000
(0946688625.424791) can0 00000002#D10300005F0132FD
(0946688625.430337) can0 18FF1080#00000000
(0946688625.434356) can0 00000001#0D000000F4FF0000
(0946688625.434905) can0 00000002#D10300005F0132FD
(0946688625.444440) can0 00000001#0E000000F4FF0000
(0946688625.445011) can0 00000002#D10300005F0132FD
(0946688625.450332) can0 18FF1080#00000000
(0946688625.454524) can0 00000001#0E000000F4FF0000
(0946688625.455105) can0 00000002#D20300005F0132FD
(0946688625.464595) can0 00000001#0E000000F5FF0000
(0946688625.465167) can0 00000002#D20300005F0132FD
(0946688625.470330) can0 18FF1080#00000000
(0946688625.474721) can0 00000001#0E000000F4FF0000
(0946688625.475326) can0 00000002#D20300005F0132FD
(0946688625.485007) can0 00000001#0E000000F5FF0000
(0946688625.485903) can0 00000002#D20300005F0132FD
(0946688625.490322) can0 18FF1080#00000000
(0946688625.494994) can0 00000001#0E000000F5FF0000
(0946688625.495596) can0 00000002#D20300005F0132FD
(0946688625.504511) can0 18FF00EA#10F9000005007D41
(0946688625.505929) can0 00000001#0E000000F5FF0000
(0946688625.506503) can0 00000002#D10300005F0132FD
(0946688625.509709) can0 18FF01EA#00007D007D007DFF
(0946688625.510330) can0 18FF1080#00000000
(0946688625.511774) can0 18FF00F7#E0F9000005007D40
(0946688625.514894) can0 18FF02EA#00007D007D007DFF
(0946688625.516105) can0 00000001#0E000000F5FF0000
(0946688625.516686) can0 00000002#D10300005F0132FD
(0946688625.517313) can0 18FF01F7#00007D007D007DFF
(0946688625.521707) can0 18FF02F7#00007D007D007DFF
(0946688625.526121) can0 00000001#0E000000F5FF0000
(0946688625.526740) can0 00000002#D1030000600132FD
(0946688625.530354) can0 18FF1080#00000000
(0946688625.536222) can0 00000001#0E000000F5FF0000
(0946688625.536821) can0 00000002#D2030000600132FD
(0946688625.546329) can0 00000001#0D000000F5FF0000
(0946688625.546892) can0 00000002#D1030000600132FD
(0946688625.550318) can0 18FF1080#00000000
(0946688625.556377) can0 00000001#0D000000F5FF0000
(0946688625.556954) can0 00000002#D1030000600132FD
(0946688625.566474) can0 00000001#0D000000F5FF0000
(0946688625.567053) can0 00000002#D1030000600132FD
(0946688625.570332) can0 18FF1080#00000000
(0946688625.576571) can0 00000001#0D000000F5FF0000
(0946688625.577131) can0 00000002#D2030000600132FD
(0946688625.586693) can0 00000001#0D000000F5FF0000
(0946688625.587242) can0 00000002#D2030000600132FD
(0946688625.590336) can0 18FF1080#00000000
(0946688625.596746) can0 00000001#0D000000F5FF0000
(0946688625.597319) can0 00000002#D2030000600132FD
(0946688625.604816) can0 18FF00EA#10F9000005007D41
(0946688625.606846) can0 00000001#0D000000F5FF0000
(0946688625.607444) can0 00000002#D2030000600132FD
(0946688625.609481) can0 18FF01EA#00007D007D007DFF
(0946688625.610327) can0 18FF1080#00000000
(0946688625.611648) can0 18FF00F7#E0F9000005007D40
(0946688625.614849) can0 18FF02EA#00007D007D007DFF
(0946688625.616718) can0 18FF01F7#00007D007D007DFF
(0946688625.617273) can0 00000001#0D000000F5FF0000
(0946688625.617841) can0 00000002#D1030000600132FD
(0946688625.622011) can0 18FF02F7#00007D007D007DFF
(0946688625.627354) can0 00000001#0D000000F6FF0000
(0946688625.627958) can0 00000002#D1030000600132FD
(0946688625.630338) can0 18FF1080#00000000
(0946688625.637472) can0 00000001#0D000000F6FF0000
(0946688625.638076) can0 00000002#D1030000600132FD
(0946688625.648444) can0 00000001#0E000000F5FF0000
(0946688625.649002) can0 00000002#D1030000600132FD
(0946688625.650316) can0 18FF1080#00000000
(0946688625.658512) can0 00000001#0E000000F5FF0000
(0946688625.659105) can0 00000002#D1030000600132FD
(0946688625.668608) can0 00000001#0E000000F5FF0000
(0946688625.669196) can0 00000002#D1030000600132FD
(0946688625.670326) can0 18FF1080#00000000
(0946688625.678744) can0 00000001#0E000000F5FF0000
(0946688625.679319) can0 00000002#D1030000600132FD
(0946688625.688886) can0 00000001#0E000000F5FF0000
(0946688625.689451) can0 00000002#D1030000600132FD
(0946688625.690334) can0 18FF1080#00000000
(0946688625.698910) can0 00000001#0D000000F4FF0000
(0946688625.699493) can0 00000002#D1030000600132FD
(0946688625.704773) can0 18FF00EA#10F9000005007D41
(0946688625.709020) can0 00000001#0D000000F4FF0000
(0946688625.709563) can0 00000002#D2030000600132FD
(0946688625.710167) can0 18FF01EA#00007D007D007DFF
(0946688625.710611) can0 18FF1080#00000000
(0946688625.711503) can0 18FF00F7#E0F9000005007D40
(0946688625.714758) can0 18FF02EA#00007D007D007DFF
(0946688625.716744) can0 18FF01F7#00007D007D007DFF
(0946688625.719099) can0 00000001#0D000000F4FF0000
(0946688625.719672) can0 00000002#D2030000600132FD
(0946688625.722002) can0 18FF02F7#00007D007D007DFF
(0946688625.729220) can0 00000001#0D000000F4FF0000
(0946688625.729768) can0 00000002#D2030000600132FD
(0946688625.730354) can0 18FF1080#00000000
(0946688625.739311) can0 00000001#0D000000F4FF0000
(0946688625.739924) can0 00000002#D2030000600132FD
(0946688625.749377) can0 00000001#0D000000F4FF0000
(0946688625.749988) can0 00000002#D2030000600132FD
(0946688625.750422) can0 18FF1080#00000000
(0946688625.759469) can0 00000001#0D000000F4FF0000
(0946688625.760043) can0 00000002#D2030000600132FD
(0946688625.769586) can0 00000001#0E000000F5FF0000
(0946688625.770155) can0 00000002#D2030000600131FD
(0946688625.770642) can0 18FF1080#00000000
(0946688625.779701) can0 00000001#0E000000F5FF0000
(0946688625.780246) can0 00000002#D2030000600131FD
(0946688625.789786) can0 00000001#0E000000F5FF0000
(0946688625.790332) can0 00000002#D2030000600131FD
(0946688625.790794) can0 18FF1080#00000000
(0946688625.800124) can0 00000001#0F000000F5FF0000
(0946688625.800708) can0 00000002#D2030000600131FD
(0946688625.804483) can0 18FF00EA#10F9000005007D41
(0946688625.809768) can0 18FF01EA#00007D007D007DFF
(0946688625.810324) can0 00000001#0E000000F5FF0000
(0946688625.810903) can0 00000002#D2030000600131FD
(0946688625.811336) can0 18FF1080#00000000
(0946688625.811930) can0 18FF00F7#E0F9000005007D40
(0946688625.814479) can0 18FF02EA#00007D007D007DFF
(0946688625.816479) can0 18FF01F7#00007D007D007DFF
(0946688625.820150) can0 00000001#0E000000F5FF0000
(0946688625.820740) can0 00000002#D2030000600131FD
(0946688625.821881) can0 18FF02F7#00007D007D007DFF
(0946688625.830250) can0 00000001#0E000000F5FF0000
(0946688625.830854) can0 00000002#D2030000600131FD
(0946688625.831281) can0 18FF1080#00000000
(0946688625.840327) can0 00000001#0E000000F5FF0000
(0946688625.840912) can0 00000002#D2030000600131FD
(0946688625.850338) can0 18FF1080#00000000
(0946688625.850906) can0 00000001#0E000000F5FF0000
(0946688625.851512) can0 00000002#D1030000600131FD
(0946688625.860852) can0 00000001#0E000000F5FF0000
(0946688625.861370) can0 00000002#D1030000600131FD
(0946688625.870327) can0 18FF1080#00000000
(0946688625.870904) can0 00000001#0D000000F5FF0000
(0946688625.871480) can0 00000002#D0030000600131FD
(0946688625.880992) can0 00000001#0D000000F5FF0000
(0946688625.881579) can0 00000002#D0030000600131FD
(0946688625.890342) can0 18FF1080#00000000
(0946688625.891110) can0 00000001#0C000000F5FF0000
(0946688625.891692) can0 00000002#D1030000600131FD
(0946688625.901234) can0 00000001#0C000000F4FF0000
(0946688625.901816) can0 00000002#D1030000600131FD
(0946688625.904827) can0 18FF00EA#10F9000005007D41
(0946688625.909474) can0 18FF01EA#00007D007D007DFF
(0946688625.910325) can0 18FF1080#00000000
(0946688625.911329) can0 00000001#0C000000F4FF0000
(0946688625.911897) can0 00000002#D1030000600131FD
(0946688625.912467) can0 18FF00F7#E0F9000005007D40
(0946688625.914721) can0 18FF02EA#00007D007D007DFF
(0946688625.916592) can0 18FF01F7#00007D007D007DFF
(0946688625.921438) can0 00000001#0C000000F4FF0000
(0946688625.922001) can0 00000002#D1030000600131FD
(0946688625.922590) can0 18FF02F7#00007D007D007DFF
(0946688625.930324) can0 18FF1080#00000000
(0946688625.931534) can0 00000001#0D000000F5FF0000
(0946688625.932094) can0 00000002#D2030000600131FD
(0946688625.941607) can0 00000001#0C000000F5FF0000
(0946688625.942181) can0 00000002#D2030000600131FD
(0946688625.950336) can0 18FF1080#00000000
(0946688625.951730) can0 00000001#0E000000F6FF0000
(0946688625.952295) can0 00000002#D1030000600131FD
(0946688625.961816) can0 00000001#0E000000F5FF0000
(0946688625.962367) can0 00000002#D1030000600131FD
(0946688625.970324) can0 18FF1080#00000000
(0946688625.971930) can0 00000001#0E000000F5FF0000
(0946688625.972500) can0 00000002#D1030000600131FD
(0946688625.982009) can0 00000001#0E000000F5FF0000
(0946688625.982570) can0 00000002#D1030000600131FD
(0946688625.990321) can0 18FF1080#00000000
(0946688625.992128) can0 00000001#0E000000F5FF0000
(0946688625.992690) can0 00000002#D1030000600131FD
(0946688626.002238) can0 00000001#0E000000F5FF0000
(0946688626.002814) can0 00000002#D1030000600131FD
(0946688626.004819) can0 18FF00EA#10F9000005007D41
(0946688626.009463) can0 18FF01EA#00007D007D007DFF
(0946688626.010335) can0 18FF1080#00000000
(0946688626.011621) can0 18FF00F7#E0F9000005007D40
(0946688626.012314) can0 00000001#0E000000F5FF0000
(0946688626.012901) can0 00000002#D1030000600131FD
(0946688626.014773) can0 18FF02EA#00007D007D007DFF
(0946688626.016720) can0 18FF01F7#00007D007D007DFF
(0946688626.021550) can0 18FF02F7#00007D007D007DFF
(0946688626.022714) can0 00000001#0E000000F5FF0000
(0946688626.023545) can0 00000002#D2030000600131FD
(0946688626.030323) can0 18FF1080#00000000
(0946688626.032663) can0 00000001#0D000000F5FF0000
(0946688626.033222) can0 00000002#D1030000600131FD
(0946688626.043087) can0 00000001#0D000000F5FF0000
(0946688626.043661) can0 00000002#D1030000600131FD
(0946688626.050371) can0 18FF1080#00000000
(0946688626.053343) can0 00000001#0D000000F5FF0000
(0946688626.053957) can0 00000002#D1030000600131FD
(0946688626.063565) can0 00000001#0D000000F5FF0000
(0946688626.064110) can0 00000002#D1030000610130FD
(0946688626.070326) can0 18FF1080#00000000
(0946688626.073642) can0 00000001#0D000000F5FF0000
(0946688626.074230) can0 00000002#D1030000610130FD
(0946688626.083730) can0 00000001#0D000000F5FF0000
(0946688626.084314) can0 00000002#D1030000610130FD
(0946688626.090328) can0 18FF1080#00000000
(0946688626.093873) can0 00000001#0E000000F5FF0000
(0946688626.094473) can0 00000002#D2030000610130FD
(0946688626.104034) can0 00000001#0E000000F5FF0000
(0946688626.104633) can0 00000002#D2030000610130FD
(0946688626.105214) can0 18FF00EA#10F9000005007D41
(0946688626.109643) can0 18FF01EA#00007D007D007DFF
(0946688626.110328) can0 18FF1080#00000000
(0946688626.111754) can0 18FF00F7#E0F9000005007D40
(0946688626.114046) can0 00000001#0E000000F5FF0000
(0946688626.114622) can0 00000002#D2030000610130FD
(0946688626.115234) can0 18FF02EA#00007D007D007DFF
(0946688626.116465) can0 18FF01F7#00007D007D007DFF
(0946688626.121678) can0 18FF02F7#00007D007D007DFF
(0946688626.124154) can0 00000001#0E000000F5FF0000
(0946688626.124768) can0 00000002#D2030000610130FD
(0946688626.130321) can0 18FF1080#00000000
(0946688626.134269) can0 00000001#0E000000F5FF0000
(0946688626.134833) can0 00000002#D2030000610130FD
(0946688626.144351) can0 00000001#0E000000F5FF0000
(0946688626.144957) can0 00000002#D2030000610130FD
(0946688626.150343) can0 18FF1080#00000000
(0946688626.154452) can0 00000001#0D000000F5FF0000
(0946688626.155039) can0 00000002#D2030000610130FD
(0946688626.164563) can0 00000001#0D000000F5FF0000
(0946688626.165141) can0 00000002#D2030000610130FD
(0946688626.170325) can0 18FF1080#00000000
(0946688626.174671) can0 00000001#0D000000F5FF0000
(0946688626.175237) can0 00000002#D2030000610130FD
(0946688626.184761) can0 00000001#0D000000F5FF0000
(0946688626.185344) can0 00000002#D2030000610130FD
(0946688626.190323) can0 18FF1080#00000000
(0946688626.194894) can0 00000001#0D000000F5FF0000
(0946688626.195439) can0 00000002#D2030000610130FD
(0946688626.204648) can0 18FF00EA#10F9000005007D41
(0946688626.205191) can0 00000001#0D000000F5FF0000
(0946688626.205772) can0 00000002#D2030000610130FD
(0946688626.209650) can0 18FF01EA#00007D007D007DFF
(0946688626.210318) can0 18FF1080#00000000
(0946688626.211578) can0 18FF00F7#E0F9000005007D40
(0946688626.214682) can0 18FF02EA#00007D007D007DFF
(0946688626.215227) can0 00000001#0D000000F5FF0000
(0946688626.215811) can0 00000002#D2030000610130FD
(0946688626.216680) can0 18FF01F7#00007D007D007DFF
(0946688626.221948) can0 18FF02F7#00007D007D007DFF
(0946688626.225194) can0 00000001#0E000000F5FF0000
(0946688626.225741) can0 00000002#D1030000610130FD
(0946688626.230322) can0 18FF1080#00000000
(0946688626.235280) can0 00000001#0E000000F5FF0000
(0946688626.235863) can0 00000002#D1030000610130FD
(0946688626.245720) can0 00000001#0E000000F5FF0000
(0946688626.246287) can0 00000002#D1030000610130FD
(0946688626.250319) can0 18FF1080#00000000
(0946688626.255827) can0 00000001#0E000000F5FF0000
(0946688626.256399) can0 00000002#D1030000610130FD
(0946688626.265939) can0 00000001#0E000000F5FF0000
(0946688626.266487) can0 00000002#D1030000610130FD
(0946688626.270330) can0 18FF1080#00000000
(0946688626.276061) can0 00000001#0E000000F5FF0000
(0946688626.276611) can0 00000002#D1030000610130FD
(0946688626.286138) can0 00000001#0E000000F5FF0000
(0946688626.286710) can0 00000002#D1030000610130FD
(0946688626.290334) can0 18FF1080#00000000
(0946688626.296251) can0 00000001#0E000000F5FF0000
(0946688626.296833) can0 00000002#D1030000610130FD
(0946688626.304690) can0 18FF00EA#10F9000005007D41
(0946688626.306320) can0 00000001#0D000000F4FF0000
(0946688626.306904) can0 00000002#D2030000610130FD
(0946688626.309481) can0 18FF01EA#00007D007D007DFF
(0946688626.310337) can0 18FF1080#00000000
(0946688626.311489) can0 18FF00F7#E0F9000005007D40
(0946688626.314608) can0 18FF02EA#00007D007D007DFF
(0946688626.316439) can0 00000001#0D000000F4FF0000
(0946688626.316995) can0 00000002#D1030000610130FD
(0946688626.317578) can0 18FF01F7#00007D007D007DFF
(0946688626.321529) can0 18FF02F7#00007D007D007DFF
(0946688626.326520) can0 00000001#0D000000F4FF0000
(0946688626.327105) can0 00000002#D2030000610130FD
(0946688626.330344) can0 18FF1080#00000000
(0946688626.336609) can0 00000001#0D000000F4FF0000
(0946688626.337192) can0 00000002#D1030000610130FD
(0946688626.346743) can0 00000001#0D000000F4FF0000
(0946688626.347320) can0 00000002#D1030000610130FD
(0946688626.350344) can0 18FF1080#00000000
(0946688626.356868) can0 00000001#0D000000F4FF0000
(0946688626.357443) can0 00000002#D1030000610130FD
(0946688626.366945) can0 00000001#0D000000F4FF0000
(0946688626.367496) can0 00000002#D1030000610130FD
(0946688626.370324) can0 18FF1080#00000000
(0946688626.377039) can0 00000001#0D000000F4FF0000
(0946688626.377614) can0 00000002#D1030000610130FD
(0946688626.387127) can0 00000001#0D000000F5FF0000
(0946688626.387694) can0 00000002#D1030000610130FD
(0946688626.390319) can0 18FF1080#00000000
(0946688626.397228) can0 00000001#0D000000F5FF0000
(0946688626.397800) can0 00000002#D1030000610130FD
(0946688626.404780) can0 18FF00EA#10F9000005007D41
(0946688626.407370) can0 00000001#0E000000F5FF0000
(0946688626.407960) can0 00000002#D103000061012FFD
(0946688626.409478) can0 18FF01EA#00007D007D007DFF
(0946688626.410335) can0 18FF1080#00000000
(0946688626.411446) can0 18FF00F7#E0F9000005007D40
(0946688626.414628) can0 18FF02EA#00007D007D007DFF
(0946688626.416732) can0 18FF01F7#00007D007D007DFF
(0946688626.417497) can0 00000001#0E000000F5FF0000
(0946688626.418080) can0 00000002#D203000061012FFD
(0946688626.421495) can0 18FF02F7#00007D007D007DFF
(0946688626.427593) can0 00000001#0E000000F6FF0000
(0946688626.428195) can0 00000002#D203000061012FFD
(0946688626.430340) can0 18FF1080#00000000
(0946688626.438345) can0 00000001#0E000000F6FF0000
(0946688626.438929) can0 00000002#D203000061012FFD
(0946688626.448484) can0 00000001#0E000000F6FF0000
(0946688626.449048) can0 00000002#D203000061012FFD
(0946688626.450321) can0 18FF1080#00000000
(0946688626.458572) can0 00000001#0E000000F6FF0000
(0946688626.459148) can0 00000002#D203000061012FFD
(0946688626.468726) can0 00000001#0D000000F6FF0000
(0946688626.469292) can0 00000002#D203000061012FFD
(0946688626.470334) can0 18FF1080#00000000
(0946688626.478782) can0 00000001#0D000000F4FF0000
(0946688626.479351) can0 00000002#D103000061012FFD
(0946688626.488877) can0 00000001#0D000000F4FF0000
(0946688626.489469) can0 00000002#D103000061012FFD
(0946688626.490318) can0 18FF1080#00000000
(0946688626.499009) can0 00000001#0D000000F4FF0000
(0946688626.499580) can0 00000002#D203000061012FFD
(0946688626.504620) can0 18FF00EA#10F9000005007D41
(0946688626.509109) can0 00000001#0D000000F4FF0000
(0946688626.509693) can0 00000002#D203000061012FFD
(0946688626.510279) can0 18FF01EA#00007D007D007DFF
(0946688626.510716) can0 18FF1080#00000000
(0946688626.511748) can0 18FF00F7#E0F9000005007D40
(0946688626.514659) can0 18FF02EA#00007D007D007DFF
(0946688626.516656) can0 18FF01F7#00007D007D007DFF
(0946688626.519202) can0 00000001#0D000000F4FF0000
(0946688626.519815) can0 00000002#D103000061012FFD
(0946688626.521947) can0 18FF02F7#00007D007D007DFF
(0946688626.529314) can0 00000001#0D000000F4FF0000
(0946688626.529870) can0 00000002#D203000061012FFD
(0946688626.530427) can0 18FF1080#00000000
(0946688626.539440) can0 00000001#0E000000F4FF0000
(0946688626.539999) can0 00000002#D203000061012FFD
(0946688626.549531) can0 00000001#0E000000F4FF0000
(0946688626.550101) can0 00000002#D203000061012FFD
(0946688626.550569) can0 18FF1080#00000000
(0946688626.559651) can0 00000001#0D000000F5FF0000
(0946688626.560214) can0 00000002#D203000061012FFD
(0946688626.569736) can0 00000001#0E000000F4FF0000
(0946688626.570324) can0 00000002#D203000061012FFD
(0946688626.570774) can0 18FF1080#00000000
(0946688626.579846) can0 00000001#0D000000F6FF0000
(0946688626.580459) can0 00000002#D103000061012FFD
(0946688626.589937) can0 00000001#0D000000F6FF0000
(0946688626.590520) can0 00000002#D103000061012FFD
(0946688626.590974) can0 18FF1080#00000000
(0946688626.600835) can0 00000001#0D000000F6FF0000
(0946688626.601402) can0 00000002#D103000061012FFD
(0946688626.604711) can0 18FF00EA#10F9000005007D41
(0946688626.609575) can0 18FF01EA#00007D007D007DFF
(0946688626.610317) can0 18FF1080#00000000
(0946688626.610896) can0 00000001#0D000000F6FF0000
(0946688626.611493) can0 00000002#D103000061012FFD
(0946688626.612056) can0 18FF00F7#E0F9000005007D40
(0946688626.614477) can0 18FF02EA#00007D007D007DFF
(0946688626.616703) can0 18FF01F7#00007D007D007DFF
(0946688626.621163) can0 00000001#0D000000F6FF0000
(0946688626.621754) can0 00000002#D103000061012FFD
(0946688626.622324) can0 18FF02F7#00007D007D007DFF
(0946688626.630326) can0 18FF1080#00000000
(0946688626.631265) can0 00000001#0D000000F6FF0000
(0946688626.631858) can0 00000002#D103000061012FFD
(0946688626.641371) can0 00000001#0D000000F5FF0000
(0946688626.641949) can0 00000002#D103000061012FFD
(0946688626.650317) can0 18FF1080#00000000
(0946688626.651488) can0 00000001#0D000000F5FF0000
(0946688626.652071) can0 00000002#D103000061012FFD
(0946688626.661606) can0 00000001#0D000000F4FF0000
(0946688626.662167) can0 00000002#D103000061012FFD
(0946688626.670335) can0 18FF1080#00000000
(0946688626.671691) can0 00000001#0D000000F5FF0000
(0946688626.672269) can0 00000002#D103000062012EFD
(0946688626.681804) can0 00000001#0D000000F5FF0000
(0946688626.682356) can0 00000002#D103000062012EFD
(0946688626.690328) can0 18FF1080#00000000
(0946688626.691942) can0 00000001#0E000000F5FF0000
(0946688626.692502) can0 00000002#D103000062012EFD
(0946688626.701985) can0 00000001#0E000000F5FF0000
(0946688626.702554) can0 00000002#D103000062012EFD
(0946688626.704795) can0 18FF00EA#10F9000005007D41
(0946688626.709653) can0 18FF01EA#00007D007D007DFF
(0946688626.710315) can0 18FF1080#00000000
(0946688626.711747) can0 18FF00F7#E0F9000005007D40
(0946688626.712326) can0 00000001#0E000000F5FF0000
(0946688626.712914) can0 00000002#D103000062012EFD
(0946688626.714818) can0 18FF02EA#00007D007D007DFF
(0946688626.716660) can0 18FF01F7#00007D007D007DFF
(0946688626.721521) can0 18FF02F7#00007D007D007DFF
(0946688626.722218) can0 00000001#0E000000F5FF0000
(0946688626.722812) can0 00000002#D203000062012EFD
(0946688626.730326) can0 18FF1080#00000000
(0946688626.732313) can0 00000001#0E000000F5FF0000
(0946688626.732862) can0 00000002#D203000062012EFD
(0946688626.742413) can0 00000001#0E000000F5FF0000
(0946688626.742970) can0 00000002#D103000062012EFD
(0946688626.750313) can0 18FF1080#00000000
(0946688626.753315) can0 00000001#0D000000F5FF0000
(0946688626.753854) can0 00000002#D103000062012EFD
(0946688626.763406) can0 00000001#0D000000F5FF0000
(0946688626.763963) can0 00000002#D103000062012EFD
(0946688626.770313) can0 18FF1080#00000000
(0946688626.773479) can0 00000001#0D000000F5FF0000
(0946688626.774074) can0 00000002#D103000062012EFD
(0946688626.783592) can0 00000001#0D000000F5FF0000
(0946688626.784161) can0 00000002#D103000062012EFD
(0946688626.790329) can0 18FF1080#00000000
(0946688626.793673) can0 00000001#0D000000F5FF0000
(0946688626.794240) can0 00000002#D003000062012EFD
(0946688626.803769) can0 00000001#0D000000F5FF0000
(0946688626.804341) can0 00000002#D103000062012EFD
(0946688626.804943) can0 18FF00EA#10F9000005007D41
(0946688626.809624) can0 18FF01EA#00007D007D007DFF
(0946688626.810314) can0 18FF1080#00000000
(0946688626.811446) can0 18FF00F7#E0F9000005007D40
(0946688626.813848) can0 00000001#0D000000F5FF0000
(0946688626.814417) can0 00000002#D103000062012EFD
(0946688626.815002) can0 18FF02EA#00007D007D007DFF
(0946688626.816693) can0 18FF01F7#00007D007D007DFF
(0946688626.821917) can0 18FF02F7#00007D007D007DFF
(0946688626.823987) can0 00000001#0E000000F5FF0000
(0946688626.824557) can0 00000002#D103000062012EFD
(0946688626.830324) can0 18FF1080#00000000
(0946688626.834029) can0 00000001#0E000000F5FF0000
(0946688626.834597) can0 00000002#D203000062012EFD
(0946688626.844147) can0 00000001#0D000000F5FF0000
(0946688626.844717) can0 00000002#D103000062012EFD
(0946688626.850326) can0 18FF1080#00000000
(0946688626.854205) can0 00000001#0D000000F5FF0000
(0946688626.854794) can0 00000002#D103000062012EFD
(0946688626.864319) can0 00000001#0D000000F5FF0000
(0946688626.864908) can0 00000002#D103000062012EFD
(0946688626.870317) can0 18FF1080#00000000
(0946688626.874375) can0 00000001#0D000000F5FF0000
(0946688626.874954) can0 00000002#D103000062012EFD
(0946688626.884506) can0 00000001#0D000000F5FF0000
(0946688626.885114) can0 00000002#D103000062012EFD
(0946688626.890327) can0 18FF1080#00000000
(0946688626.894585) can0 00000001#0D000000F5FF0000
(0946688626.895151) can0 00000002#D103000062012EFD
(0946688626.904673) can0 00000001#0D000000F5FF0000
(0946688626.905233) can0 00000002#D203000062012EFD
(0946688626.905840) can0 18FF00EA#10F9000005007D41
(0946688626.909507) can0 18FF01EA#00007D007D007DFF
(0946688626.910316) can0 18FF1080#00000000
(0946688626.911617) can0 18FF00F7#E0F9000005007D40
(0946688626.914783) can0 00000001#0D000000F5FF0000
(0946688626.915332) can0 00000002#D203000062012EFD
(0946688626.915924) can0 18FF02EA#00007D007D007DFF
(0946688626.916573) can0 18FF01F7#00007D007D007DFF
(0946688626.921874) can0 18FF02F7#00007D007D007DFF
(0946688626.924872) can0 00000001#0D000000F5FF0000
(0946688626.925440) can0 00000002#D203000062012EFD
(0946688626.930318) can0 18FF1080#00000000
(0946688626.934948) can0 00000001#0E000000F5FF0000
(0946688626.935530) can0 00000002#D103000062012EFD
(0946688626.945064) can0 00000001#0E000000F5FF0000
(0946688626.945619) can0 00000002#D103000062012EFD
(0946688626.950321) can0 18FF1080#00000000
(0946688626.955742) can0 00000001#0E000000F5FFFFFF
(0946688626.956315) can0 00000002#D103000062012EFD
(0946688626.965833) can0 00000001#0E000000F5FFFFFF
(0946688626.966402) can0 00000002#D103000062012EFD
(0946688626.970313) can0 18FF1080#00000000
(0946688626.975932) can0 00000001#0E000000F4FF0000
(0946688626.976503) can0 00000002#D103000062012EFD
(0946688626.986006) can0 00000001#0E000000F4FF0000
(0946688626.986575) can0 00000002#D103000062012EFD
(0946688626.990330) can0 18FF1080#00000000
(0946688626.996086) can0 00000001#0E000000F5FF0000
(0946688626.996672) can0 00000002#D103000062012EFD
(0946688627.004684) can0 18FF00EA#10F9000005007D41
(0946688627.006241) can0 00000001#0E000000F4FF0000
(0946688627.006775) can0 00000002#D103000062012EFD
(0946688627.009543) can0 18FF01EA#00007D007D007DFF
(0946688627.010320) can0 18FF1080#00000000
(0946688627.011636) can0 18FF00F7#E0F9000005007D40
(0946688627.014707) can0 18FF02EA#00007D007D007DFF
(0946688627.016305) can0 00000001#0D000000F5FF0000
(0946688627.016877) can0 00000002#D103000062012EFD
(0946688627.017455) can0 18FF01F7#00007D007D007DFF
(0946688627.021700) can0 18FF02F7#00007D007D007DFF
(0946688627.026378) can0 00000001#0D000000F5FF0000
(0946688627.026959) can0 00000002#D103000062012DFD
(0946688627.030329) can0 18FF1080#00000000
(0946688627.036473) can0 00000001#0D000000F5FF0000
(0946688627.037034) can0 00000002#D103000062012DFD
(0946688627.046558) can0 00000001#0D000000F5FF0000
(0946688627.047126) can0 00000002#D103000062012DFD
(0946688627.050326) can0 18FF1080#00000000
(0946688627.056657) can0 00000001#0E000000F4FF0000
(0946688627.057224) can0 00000002#D103000062012DFD
(0946688627.066768) can0 00000001#0E000000F5FF0000
(0946688627.067333) can0 00000002#D103000062012DFD
(0946688627.070320) can0 18FF1080#00000000
(0946688627.076833) can0 00000001#0E000000F5FF0000
(0946688627.077402) can0 00000002#D103000062012DFD
(0946688627.086986) can0 00000001#0E000000F5FF0000
(0946688627.087528) can0 00000002#D103000062012DFD
(0946688627.090324) can0 18FF1080#00000000
(0946688627.097044) can0 00000001#0E000000F4FF0000
(0946688627.097613) can0 00000002#D103000062012DFD
(0946688627.104759) can0 18FF00EA#10F9000005007D41
(0946688627.107204) can0 00000001#0E000000F4FF0000
(0946688627.107762) can0 00000002#D103000062012DFD
(0946688627.109450) can0 18FF01EA#00007D007D007DFF
(0946688627.110313) can0 18FF1080#00000000
(0946688627.111572) can0 18FF00F7#E0F9000005007D40
(0946688627.114571) can0 18FF02EA#00007D007D007DFF
(0946688627.116585) can0 18FF01F7#00007D007D007DFF
(0946688627.117248) can0 00000001#0E000000F5FF0000
(0946688627.117812) can0 00000002#D203000062012DFD
(0946688627.121876) can0 18FF02F7#00007D007D007DFF
(0946688627.127338) can0 00000001#0E000000F5FF0000
(0946688627.127912) can0 00000002#D203000062012DFD
(0946688627.130317) can0 18FF1080#00000000
(0946688627.137438) can0 00000001#0E000000F5FF0000
(0946688627.137987) can0 00000002#D103000062012DFD
(0946688627.147507) can0 00000001#0E000000F5FF0000
(0946688627.148091) can0 00000002#D203000062012DFD
(0946688627.150327) can0 18FF1080#00000000
(0946688627.157609) can0 00000001#0E000000F6FF0000
(0946688627.158188) can0 00000002#D203000062012DFD
(0946688627.168216) can0 00000001#0E000000F6FF0000
(0946688627.168772) can0 00000002#D203000062012DFD
(0946688627.170312) can0 18FF1080#00000000
(0946688627.178325) can0 00000001#0E000000F6FF0000
(0946688627.178890) can0 00000002#D203000062012DFD
(0946688627.188368) can0 00000001#0E000000F5FF0000
(0946688627.188949) can0 00000002#D103000062012DFD
(0946688627.190325) can0 18FF1080#00000000
(0946688627.198520) can0 00000001#0E000000F4FF0000
(0946688627.199060) can0 00000002#D203000062012DFD
(0946688627.204765) can0 18FF00EA#10F9000005007D41
(0946688627.208556) can0 00000001#0E000000F4FF0000
(0946688627.209124) can0 00000002#D203000062012DFD
(0946688627.209775) can0 18FF01EA#00007D007D007DFF
(0946688627.210326) can0 18FF1080#00000000
(0946688627.211642) can0 18FF00F7#E0F9000005007D40
(0946688627.214583) can0 18FF02EA#00007D007D007DFF
(0946688627.216513) can0 18FF01F7#00007D007D007DFF
(0946688627.218638) can0 00000001#0E000000F4FF0000
(0946688627.219221) can0 00000002#D103000062012DFD
(0946688627.221750) can0 18FF02F7#00007D007D007DFF
(0946688627.228763) can0 00000001#0E000000F5FF0000
(0946688627.229336) can0 00000002#D103000062012DFD
(0946688627.230321) can0 18FF1080#00000000
(0946688627.238836) can0 00000001#0E000000F4FF0000
(0946688627.239438) can0 00000002#D103000062012DFD
(0946688627.248948) can0 00000001#0E000000F4FF0000
(0946688627.249520) can0 00000002#D103000062012DFD
(0946688627.250333) can0 18FF1080#00000000
(0946688627.259014) can0 00000001#0E000000F4FF0000
(0946688627.259585) can0 00000002#D103000062012DFD
(0946688627.269125) can0 00000001#0E000000F5FF0000
(0946688627.269684) can0 00000002#D103000062012DFD
(0946688627.270310) can0 18FF1080#00000000
(0946688627.279211) can0 00000001#0F000000F5FF0000
(0946688627.279803) can0 00000002#D103000062012DFD
(0946688627.289297) can0 00000001#0D000000F5FF0000
(0946688627.289882) can0 00000002#D103000062012DFD
(0946688627.290423) can0 18FF1080#00000000
(0946688627.299355) can0 00000001#0D000000F5FF0000
(0946688627.299922) can0 00000002#D103000062012DFD
(0946688627.304458) can0 18FF00EA#10F9000005007D41
(0946688627.309459) can0 00000001#0D000000F5FF0000
(0946688627.310029) can0 00000002#D203000062012DFD
(0946688627.310645) can0 18FF01EA#00007D007D007DFF
(0946688627.311068) can0 18FF1080#00000000
(0946688627.311642) can0 18FF00F7#E0F9000005007D40
(0946688627.314548) can0 18FF02EA#00007D007D007DFF
(0946688627.316527) can0 18FF01F7#00007D007D007DFF
(0946688627.319574) can0 00000001#0D000000F5FF0000
(0946688627.320139) can0 00000002#D203000063012DFD
(0946688627.321708) can0 18FF02F7#00007D007D007DFF
(0946688627.329690) can0 00000001#0D000000F5FF0000
(0946688627.330240) can0 00000002#D103000063012DFD
(0946688627.330698) can0 18FF1080#00000000
(0946688627.339717) can0 00000001#0D000000F5FF0000
(0946688627.340297) can0 00000002#D103000063012DFD
(0946688627.349837) can0 00000001#0D000000F5FF0000
(0946688627.350404) can0 00000002#D103000063012DFD
(0946688627.350846) can0 18FF1080#00000000
(0946688627.359969) can0 00000001#0D000000F5FF0000
(0946688627.360526) can0 00000002#D203000063012DFD
(0946688627.370000) can0 00000001#0E000000F5FF0000
(0946688627.370579) can0 00000002#D103000063012DFD
(0946688627.371035) can0 18FF1080#00000000
(0946688627.380783) can0 00000001#0F000000F5FF0000
(0946688627.381332) can0 00000002#D203000063012CFD
(0946688627.390308) can0 18FF1080#00000000
(0946688627.390906) can0 00000001#0F000000F5FF0000
(0946688627.391486) can0 00000002#D203000063012CFD
(0946688627.400944) can0 00000001#0E000000F5FF0000
(0946688627.401518) can0 00000002#D203000063012CFD
(0946688627.404766) can0 18FF00EA#10F9000005007D41
(0946688627.409490) can0 18FF01EA#00007D007D007DFF
(0946688627.410326) can0 18FF1080#00000000
(0946688627.411063) can0 00000001#0E000000F5FF0000
(0946688627.411633) can0 00000002#D103000063012CFD
(0946688627.412244) can0 18FF00F7#E0F9000005007D40
(0946688627.414583) can0 18FF02EA#00007D007D007DFF
(0946688627.416462) can0 18FF01F7#00007D007D007DFF
(0946688627.421128) can0 00000001#0F000000F5FF0000
(0946688627.421685) can0 00000002#D103000063012CFD
(0946688627.422319) can0 18FF02F7#00007D007D007DFF
(0946688627.430309) can0 18FF1080#00000000
(0946688627.431258) can0 00000001#0F000000F5FF0000
(0946688627.431823) can0 00000002#D103000063012CFD
(0946688627.441324) can0 00000001#0E000000F5FF0000
(0946688627.441904) can0 00000002#D103000063012CFD
(0946688627.450327) can0 18FF1080#00000000
(0946688627.451439) can0 00000001#0E000000F5FF0000
(0946688627.451978) can0 00000002#D103000063012CFD
(0946688627.461503) can0 00000001#0E000000F5FF0000
(0946688627.462048) can0 00000002#D103000063012CFD
(0946688627.470308) can0 18FF1080#00000000
(0946688627.471583) can0 00000001#0D000000F5FF0000
(0946688627.472151) can0 00000002#D103000063012CFD
(0946688627.481695) can0 00000001#0D000000F5FF0000
(0946688627.482241) can0 00000002#D103000063012CFD
(0946688627.490315) can0 18FF1080#00000000
(0946688627.491780) can0 00000001#0D000000F5FF0000
(0946688627.492338) can0 00000002#D103000063012CFD
(0946688627.501890) can0 00000001#0D000000F5FF0000
(0946688627.502466) can0 00000002#D103000063012CFD
(0946688627.504602) can0 18FF00EA#10F9000005007D41
(0946688627.509684) can0 18FF01EA#00007D007D007DFF
(0946688627.510329) can0 18FF1080#00000000
(0946688627.511651) can0 18FF00F7#E0F9000005007D40
(0946688627.512235) can0 00000001#0D000000F5FF0000
(0946688627.512794) can0 00000002#D103000063012CFD
(0946688627.514847) can0 18FF02EA#00007D007D007DFF
(0946688627.516518) can0 18FF01F7#00007D007D007DFF
(0946688627.521816) can0 18FF02F7#00007D007D007DFF
(0946688627.522346) can0 00000001#0D000000F5FF0000
(0946688627.522927) can0 00000002#D103000063012CFD
(0946688627.530322) can0 18FF1080#00000000
(0946688627.532185) can0 00000001#0D000000F5FF0000
(0946688627.532781) can0 00000002#D103000063012CFD
(0946688627.542269) can0 00000001#0D000000F5FF0000
(0946688627.542844) can0 00000002#D103000063012CFD
(0946688627.550308) can0 18FF1080#00000000
(0946688627.552403) can0 00000001#0E000000F5FF0000
(0946688627.552982) can0 00000002#D203000063012CFD
(0946688627.562470) can0 00000001#0E000000F5FF0000
(0946688627.563434) can0 00000002#D103000063012CFD
(0946688627.570319) can0 18FF1080#00000000
(0946688627.572576) can0 00000001#0E000000F5FF0000
(0946688627.573126) can0 00000002#D103000063012CFD
(0946688627.583322) can0 00000001#0E000000F5FF0000
(0946688627.583854) can0 00000002#D103000063012CFD
(0946688627.590315) can0 18FF1080#00000000
(0946688627.593440) can0 00000001#0D000000F5FF0000
(0946688627.593998) can0 00000002#D103000063012CFD
(0946688627.603493) can0 00000001#0D000000F5FF0000
(0946688627.604074) can0 00000002#D103000063012CFD
(0946688627.604730) can0 18FF00EA#10F9000005007D41
(0946688627.609511) can0 18FF01EA#00007D007D007DFF
(0946688627.610322) can0 18FF1080#00000000
(0946688627.611671) can0 18FF00F7#E0F9000005007D40
(0946688627.613605) can0 00000001#0D000000F5FF0000
(0946688627.614195) can0 00000002#D103000063012CFD
(0946688627.614853) can0 18FF02EA#00007D007D007DFF
(0946688627.616476) can0 18FF01F7#00007D007D007DFF
(0946688627.621579) can0 18FF02F7#00007D007D007DFF
(0946688627.623678) can0 00000001#0D000000F5FF0000
(0946688627.624269) can0 00000002#D103000063012CFD
(0946688627.630318) can0 18FF1080#00000000
(0946688627.633825) can0 00000001#0D000000F5FF0000
(0946688627.634356) can0 00000002#D103000063012CFD
(0946688627.643867) can0 00000001#0D000000F4FF0000
(0946688627.644432) can0 00000002#D203000063012CFD
(0946688627.650307) can0 18FF1080#00000000
(0946688627.653952) can0 00000001#0D000000F4FF0000
(0946688627.654520) can0 00000002#D203000063012CFD
(0946688627.664063) can0 00000001#0E000000F5FF0000
(0946688627.664617) can0 00000002#D203000063012CFD
(0946688627.670338) can0 18FF1080#00000000
(0946688627.674157) can0 00000001#0E000000F4FF0000
(0946688627.674749) can0 00000002#D103000063012CFD
(0946688627.684232) can0 00000001#0D000000F4FF0000
(0946688627.684780) can0 00000002#D203000063012CFD
(0946688627.690304) can0 18FF1080#00000000
(0946688627.694338) can0 00000001#0E000000F4FF0000
(0946688627.694949) can0 00000002#D203000063012CFD
(0946688627.704439) can0 00000001#0E000000F4FF0000
(0946688627.704992) can0 00000002#D203000063012CFD
(0946688627.705598) can0 18FF00EA#10F9000005007D41
(0946688627.709523) can0 18FF01EA#00007D007D007DFF
(0946688627.710303) can0 18FF1080#00000000
(0946688627.711726) can0 18FF00F7#E0F9000005007D40
(0946688627.714555) can0 00000001#0E000000F4FF0000
(0946688627.715085) can0 00000002#D203000063012CFD
(0946688627.715683) can0 18FF02EA#00007D007D007DFF
(0946688627.716599) can0 18FF01F7#00007D007D007DFF
(0946688627.721559) can0 18FF02F7#00007D007D007DFF
(0946688627.724607) can0 00000001#0E000000F5FF0000
(0946688627.725188) can0 00000002#D103000063012BFD
(0946688627.730292) can0 18FF1080#00000000
(0946688627.734703) can0 00000001#0E000000F5FF0000
(0946688627.735265) can0 00000002#D103000063012BFD
(0946688627.744762) can0 00000001#0E000000F6FF0000
(0946688627.745336) can0 00000002#D203000063012BFD
(0946688627.750307) can0 18FF1080#00000000
(0946688627.754876) can0 00000001#0E000000F6FF0000
(0946688627.755464) can0 00000002#D203000063012BFD
(0946688627.764978) can0 00000001#0D000000F6FF0000
(0946688627.765543) can0 00000002#D103000063012BFD
(0946688627.770329) can0 18FF1080#00000000
(0946688627.775055) can0 00000001#0D000000F6FF0000
(0946688627.775621) can0 00000002#D103000063012BFD
(0946688627.785438) can0 00000001#0E000000F6FF0000
(0946688627.785980) can0 00000002#D203000063012BFD
(0946688627.790304) can0 18FF1080#00000000
(0946688627.795452) can0 00000001#0D000000F6FF0000
(0946688627.796035) can0 00000002#D203000063012BFD
(0946688627.804576) can0 18FF00EA#10F9000005007D41
(0946688627.805626) can0 00000001#0E000000F5FF0000
(0946688627.806211) can0 00000002#D203000063012BFD
(0946688627.809571) can0 18FF01EA#00007D007D007DFF
(0946688627.810333) can0 18FF1080#00000000
(0946688627.811720) can0 18FF00F7#E0F9000005007D40
(0946688627.814443) can0 18FF02EA#00007D007D007DFF
(0946688627.816239) can0 00000001#0E000000F5FF0000
(0946688627.816804) can0 00000002#D203000063012BFD
(0946688627.817377) can0 18FF01F7#00007D007D007DFF
(0946688627.821721) can0 18FF02F7#00007D007D007DFF
(0946688627.826349) can0 00000001#0D000000F4FF0000
(0946688627.826900) can0 00000002#D203000063012BFD
(0946688627.830319) can0 18FF1080#00000000
(0946688627.836453) can0 00000001#0D000000F4FF0000
(0946688627.837046) can0 00000002#D203000064012BFD
(0946688627.846609) can0 00000001#0E000000F4FF0000
(0946688627.847210) can0 00000002#D003000064012BFD
(0946688627.850309) can0 18FF1080#00000000
(0946688627.856810) can0 00000001#0E000000F3FF0000
(0946688627.857349) can0 00000002#D103000063012BFD
(0946688627.866905) can0 00000001#0D000000F4FF0000
(0946688627.867477) can0 00000002#D203000063012BFD
(0946688627.870334) can0 18FF1080#00000000
(0946688627.877054) can0 00000001#0D000000F4FF0000
(0946688627.877612) can0 00000002#D203000063012BFD
(0946688627.887317) can0 00000001#0E000000F4FF0000
(0946688627.887876) can0 00000002#D103000063012BFD
(0946688627.890325) can0 18FF1080#00000000
(0946688627.897376) can0 00000001#0E000000F4FF0000
(0946688627.897960) can0 00000002#D103000063012BFD
(0946688627.904527) can0 18FF00EA#10F9000005007D41
(0946688627.907568) can0 00000001#0D000000F5FF0000
(0946688627.908504) can0 00000002#D103000063012BFD
(0946688627.909424) can0 18FF01EA#00007D007D007DFF
(0946688627.910323) can0 18FF1080#00000000
(0946688627.911400) can0 18FF00F7#E0F9000005007D40
(0946688627.914648) can0 18FF02EA#00007D007D007DFF
(0946688627.916416) can0 18FF01F7#00007D007D007DFF
(0946688627.918500) can0 00000001#0E000000F6FF0000
(0946688627.919065) can0 00000002#D103000064012BFD
(0946688627.921811) can0 18FF02F7#00007D007D007DFF
(0946688627.928619) can0 00000001#0E000000F6FF0000
(0946688627.929186) can0 00000002#D003000064012BFD
(0946688627.930320) can0 18FF1080#00000000
(0946688627.938744) can0 00000001#0E000000F6FF0000
(0946688627.939316) can0 00000002#D003000064012BFD
(0946688627.948863) can0 00000001#0D000000F6FF0000
(0946688627.949430) can0 00000002#D103000064012BFD
(0946688627.950304) can0 18FF1080#00000000
(0946688627.958988) can0 00000001#0D000000F6FF0000
(0946688627.959529) can0 00000002#D103000064012BFD
(0946688627.969179) can0 00000001#0D000000F6FF0000
(0946688627.969749) can0 00000002#D103000064012BFD
(0946688627.970316) can0 18FF1080#00000000
(0946688627.979150) can0 00000001#0D000000F6FF0000
(0946688627.979741) can0 00000002#D103000064012BFD
(0946688627.989273) can0 00000001#0D000000F6FF0000
(0946688627.989834) can0 00000002#D103000064012BFD
(0946688627.990356) can0 18FF1080#00000000
(0946688627.999352) can0 00000001#0E000000F6FF0000
(0946688627.999951) can0 00000002#D103000064012BFD
(0946688628.004526) can0 18FF00EA#10F9000005007D41
(0946688628.009435) can0 00000001#0D000000F5FF0000
(0946688628.009967) can0 00000002#D103000064012BFD
(0946688628.010580) can0 18FF01EA#00007D007D007DFF
(0946688628.011003) can0 18FF1080#00000000
(0946688628.011732) can0 18FF00F7#E0F9000005007D40
(0946688628.014459) can0 18FF02EA#00007D007D007DFF
(0946688628.016398) can0 18FF01F7#00007D007D007DFF
(0946688628.019544) can0 00000001#0E000000F5FF0000
(0946688628.020086) can0 00000002#D203000064012BFD
(0946688628.022245) can0 18FF02F7#00007D007D007DFF
(0946688628.029606) can0 00000001#0E000000F5FF0000
(0946688628.030182) can0 00000002#D203000064012BFD
(0946688628.030640) can0 18FF1080#00000000
(0946688628.039700) can0 00000001#0E000000F5FF0000
(0946688628.040245) can0 00000002#D103000064012BFD
(0946688628.049788) can0 00000001#0E000000F4FF0000
(0946688628.050349) can0 00000002#D203000064012BFD
(0946688628.050830) can0 18FF1080#00000000
(0946688628.059944) can0 00000001#0E000000F4FF0000
(0946688628.060488) can0 00000002#D203000064012BFD
(0946688628.069978) can0 00000001#0E000000F4FF0000
(0946688628.070577) can0 00000002#D203000064012BFD
(0946688628.070984) can0 18FF1080#00000000
(0946688628.080060) can0 00000001#0E000000F5FF0000
(0946688628.080637) can0 00000002#D203000064012BFD
(0946688628.090141) can0 00000001#0D000000F5FF0000
(0946688628.090678) can0 00000002#D103000064012BFD
(0946688628.091153) can0 18FF1080#00000000
(0946688628.100246) can0 00000001#0D000000F5FF0000
(0946688628.100786) can0 00000002#D103000064012AFD
(0946688628.104745) can0 18FF00EA#10F9000005007D41
(0946688628.109605) can0 18FF01EA#00007D007D007DFF
(0946688628.110320) can0 00000001#0D000000F5FF0000
(0946688628.110885) can0 00000002#D103000064012AFD
(0946688628.111334) can0 18FF1080#00000000
(0946688628.111909) can0 18FF00F7#E0F9000005007D40
(0946688628.114729) can0 18FF02EA#00007D007D007DFF
(0946688628.116565) can0 18FF01F7#00007D007D007DFF
(0946688628.120367) can0 00000001#0D000000F5FF0000
(0946688628.120959) can0 00000002#D103000064012AFD
(0946688628.121595) can0 18FF02F7#00007D007D007DFF
(0946688628.130327) can0 18FF1080#00000000
(0946688628.130898) can0 00000001#0D000000F5FF0000
(0946688628.131436) can0 00000002#D103000064012AFD
(0946688628.140731) can0 00000001#0D000000F5FF0000
(0946688628.141314) can0 00000002#D203000064012AFD
(0946688628.150325) can0 18FF1080#00000000
(0946688628.150887) can0 00000001#0D000000F5FF0000
(0946688628.151448) can0 00000002#D203000064012AFD
(0946688628.160902) can0 00000001#0D000000F5FF0000
(0946688628.161472) can0 00000002#D203000064012AFD
(0946688628.170299) can0 18FF1080#00000000
(0946688628.170994) can0 00000001#0E000000F5FF0000
(0946688628.171593) can0 00000002#D103000064012AFD
(0946688628.181102) can0 00000001#0E000000F5FF0000
(0946688628.181673) can0 00000002#D103000064012AFD
(0946688628.190320) can0 18FF1080#00000000
(0946688628.191190) can0 00000001#0D000000F5FF0000
(0946688628.191720) can0 00000002#D103000064012AFD
(0946688628.201266) can0 00000001#0D000000F5FF0000
(0946688628.201820) can0 00000002#D103000064012AFD
(0946688628.204412) can0 18FF00EA#10F9000005007D41
(0946688628.209656) can0 18FF01EA#00007D007D007DFF
(0946688628.210309) can0 18FF1080#00000000
(0946688628.211340) can0 00000001#0D000000F5FF0000
(0946688628.211958) can0 00000002#D103000064012AFD
(0946688628.212538) can0 18FF00F7#E0F9000005007D40
(0946688628.214822) can0 18FF02EA#00007D007D007DFF
(0946688628.216375) can0 18FF01F7#00007D007D007DFF
(0946688628.221437) can0 00000001#0D000000F5FF0000
(0946688628.222021) can0 00000002#D103000064012AFD
(0946688628.222595) can0 18FF02F7#00007D007D007DFF
(0946688628.230325) can0 18FF1080#00000000
(0946688628.231543) can0 00000001#0D000000F5FF0000
(0946688628.232104) can0 00000002#D103000064012AFD
(0946688628.241581) can0 00000001#0D000000F5FF0000
(0946688628.242165) can0 00000002#D103000064012AFD
(0946688628.250323) can0 18FF1080#00000000
(0946688628.251681) can0 00000001#0D000000F5FF0000
(0946688628.252251) can0 00000002#D203000064012AFD
(0946688628.261772) can0 00000001#0E000000F5FF0000
(0946688628.262315) can0 00000002#D103000064012AFD
(0946688628.270299) can0 18FF1080#00000000
(0946688628.271863) can0 00000001#0D000000F4FF0000
(0946688628.272447) can0 00000002#D103000064012AFD
(0946688628.281975) can0 00000001#0E000000F4FF0000
(0946688628.282540) can0 00000002#D203000064012AFD
(0946688628.290319) can0 18FF1080#00000000
(0946688628.292051) can0 00000001#0E000000F4FF0000
(0946688628.292620) can0 00000002#D203000064012AFD
(0946688628.302127) can0 00000001#0D000000F5FF0000
(0946688628.302674) can0 00000002#D103000064012AFD
(0946688628.304659) can0 18FF00EA#10F9000005007D41
(0946688628.309522) can0 18FF01EA#00007D007D007DFF
(0946688628.310310) can0 18FF1080#00000000
(0946688628.311531) can0 18FF00F7#E0F9000005007D40
(0946688628.312241) can0 00000001#0D000000F5FF0000
(0946688628.312804) can0 00000002#D103000064012AFD
(0946688628.314597) can0 18FF02EA#00007D007D007DFF
(0946688628.316611) can0 18FF01F7#00007D007D007DFF
(0946688628.321869) can0 18FF02F7#00007D007D007DFF
(0946688628.322463) can0 00000001#0E000000F5FF0000
(0946688628.323044) can0 00000002#D103000064012AFD
(0946688628.330318) can0 18FF1080#00000000
(0946688628.332449) can0 00000001#0E000000F5FF0000
(0946688628.333015) can0 00000002#D203000064012AFD
(0946688628.342547) can0 00000001#0E000000F5FF0000
(0946688628.343126) can0 00000002#D203000064012AFD
(0946688628.350324) can0 18FF1080#00000000
(0946688628.352659) can0 00000001#0C000000F5FF0000
(0946688628.353217) can0 00000002#D203000064012AFD
(0946688628.362765) can0 00000001#0D000000F5FF0000
(0946688628.363338) can0 00000002#D203000064012AFD
(0946688628.370299) can0 18FF1080#00000000
(0946688628.372853) can0 00000001#0D000000F5FF0000
(0946688628.373443) can0 00000002#D103000064012AFD
(0946688628.382920) can0 00000001#0E000000F5FF0000
(0946688628.383503) can0 00000002#D203000064012AFD
(0946688628.390326) can0 18FF1080#00000000
(0946688628.393067) can0 00000001#0E000000F5FF0000
(0946688628.393607) can0 00000002#D2030000640129FD
(0946688628.403136) can0 00000001#0E000000F5FF0000
(0946688628.403704) can0 00000002#D2030000640129FD
(0946688628.404791) can0 18FF00EA#10F9000005007D41
(0946688628.409498) can0 18FF01EA#00007D007D007DFF
(0946688628.410310) can0 18FF1080#00000000
(0946688628.411624) can0 18FF00F7#E0F9000005007D40
(0946688628.413281) can0 00000001#0D000000F4FF0000
(0946688628.413839) can0 00000002#D1030000640129FD
(0946688628.414468) can0 18FF02EA#00007D007D007DFF
(0946688628.416447) can0 18FF01F7#00007D007D007DFF
(0946688628.421861) can0 18FF02F7#00007D007D007DFF
(0946688628.423560) can0 00000001#0E000000F4FF0000
(0946688628.424142) can0 00000002#D2030000640129FD
(0946688628.430298) can0 18FF1080#00000000
(0946688628.433692) can0 00000001#0E000000F4FF0000
(0946688628.434275) can0 00000002#D2030000640129FD
(0946688628.443876) can0 00000001#0D000000F5FF0000
(0946688628.444437) can0 00000002#D1030000640129FD
(0946688628.450318) can0 18FF1080#00000000
(0946688628.453937) can0 00000001#0D000000F5FF0000
(0946688628.454506) can0 00000002#D1030000640129FD
(0946688628.464110) can0 00000001#0D000000F5FF0000
(0946688628.464686) can0 00000002#D1030000640129FD
(0946688628.470296) can0 18FF1080#00000000
(0946688628.474131) can0 00000001#0E000000F5FF0000
(0946688628.474725) can0 00000002#D2030000640129FD
(0946688628.484236) can0 00000001#0E000000F5FF0000
(0946688628.484826) can0 00000002#D1030000640129FD
(0946688628.490327) can0 18FF1080#00000000
(0946688628.494297) can0 00000001#0D000000F5FF0000
(0946688628.494866) can0 00000002#D1030000640129FD
(0946688628.504440) can0 00000001#0D000000F5FF0000
(0946688628.505007) can0 00000002#D1030000640129FD
(0946688628.505576) can0 18FF00EA#10F9000005007D41
(0946688628.509573) can0 18FF01EA#00007D007D007DFF
(0946688628.510323) can0 18FF1080#00000000
(0946688628.511833) can0 18FF00F7#E0F9000005007D40
(0946688628.514500) can0 00000001#0E000000F5FF0000
(0946688628.515061) can0 00000002#D1030000640129FD
(0946688628.515660) can0 18FF02EA#00007D007D007DFF
(0946688628.516572) can0 18FF01F7#00007D007D007DFF
(0946688628.521604) can0 18FF02F7#00007D007D007DFF
(0946688628.524595) can0 00000001#0D000000F5FF0000
(0946688628.525160) can0 00000002#D1030000640129FD
(0946688628.530297) can0 18FF1080#00000000
(0946688628.534688) can0 00000001#0D000000F6FF0000
(0946688628.535280) can0 00000002#D0030000640129FD
(0946688628.544775) can0 00000001#0E000000F5FF0000
(0946688628.545352) can0 00000002#D3030000650129FD
(0946688628.550319) can0 18FF1080#00000000
(0946688628.554877) can0 00000001#0D000000F5FF0000
(0946688628.555439) can0 00000002#D2030000650129FD
(0946688628.564937) can0 00000001#0D000000F5FF0000
(0946688628.565731) can0 00000002#D2030000650129FD
(0946688628.570326) can0 18FF1080#00000000
(0946688628.575017) can0 00000001#0D000000F5FF0000
(0946688628.575605) can0 00000002#D2030000650129FD
(0946688628.585785) can0 00000001#0D000000F4FF0000
(0946688628.586359) can0 00000002#D3030000650129FD
(0946688628.590327) can0 18FF1080#00000000
(0946688628.596259) can0 00000001#0D000000F4FF0000
(0946688628.596831) can0 00000002#D3030000650129FD
(0946688628.604399) can0 18FF00EA#10F9000005007D41
(0946688628.606374) can0 00000001#0E000000F4FF0000
(0946688628.606968) can0 00000002#D2030000650129FD
(0946688628.609629) can0 18FF01EA#00007D007D007DFF
(0946688628.610311) can0 18FF1080#00000000
(0946688628.611364) can0 18FF00F7#E0F9000005007D40
(0946688628.614405) can0 18FF02EA#00007D007D007DFF
(0946688628.616461) can0 00000001#0D000000F5FF0000
(0946688628.617070) can0 00000002#D1030000650129FD
(0946688628.617612) can0 18FF01F7#00007D007D007DFF
(0946688628.621450) can0 18FF02F7#00007D007D007DFF
(0946688628.626569) can0 00000001#0D000000F5FF0000
(0946688628.627129) can0 00000002#D1030000650129FD
(0946688628.630298) can0 18FF1080#00000000
(0946688628.636645) can0 00000001#0C000000F4FF0000
(0946688628.637238) can0 00000002#D1030000650129FD
(0946688628.646735) can0 00000001#0D000000F5FF0000
(0946688628.647322) can0 00000002#D1030000650129FD
(0946688628.650325) can0 18FF1080#00000000
(0946688628.656835) can0 00000001#0D000000F5FF0000
(0946688628.657373) can0 00000002#D1030000650129FD
(0946688628.666914) can0 00000001#0E000000F4FF0000
(0946688628.667483) can0 00000002#D1030000650129FD
(0946688628.670310) can0 18FF1080#00000000
(0946688628.677029) can0 00000001#0E000000F5FF0000
(0946688628.677593) can0 00000002#D1030000650129FD
(0946688628.687111) can0 00000001#0E000000F4FF0000
(0946688628.687681) can0 00000002#D2030000650129FD
(0946688628.690316) can0 18FF1080#00000000
(0946688628.697167) can0 00000001#0E000000F5FF0000
(0946688628.697736) can0 00000002#D2030000650129FD
(0946688628.704507) can0 18FF00EA#10F9000005007D41
(0946688628.707272) can0 00000001#0E000000F5FF0000
(0946688628.707842) can0 00000002#D1030000650129FD
(0946688628.709589) can0 18FF01EA#00007D007D007DFF
(0946688628.710315) can0 18FF1080#00000000
(0946688628.711714) can0 18FF00F7#E0F9000005007D40
(0946688628.714679) can0 18FF02EA#00007D007D007DFF
(0946688628.716532) can0 18FF01F7#00007D007D007DFF
(0946688628.717353) can0 00000001#0E000000F6FF0000
(0946688628.717950) can0 00000002#D2030000650128FD
(0946688628.721566) can0 18FF02F7#00007D007D007DFF
(0946688628.727471) can0 00000001#0D000000F6FF0000
(0946688628.728297) can0 00000002#D1030000650128FD
(0946688628.730297) can0 18FF1080#00000000
(0946688628.737564) can0 00000001#0E000000F5FF0000
(0946688628.738114) can0 00000002#D1030000650128FD
(0946688628.747639) can0 00000001#0D000000F5FF0000
(0946688628.748231) can0 00000002#D1030000650128FD
(0946688628.750295) can0 18FF1080#00000000
(0946688628.758226) can0 00000001#0D000000F5FF0000
(0946688628.758798) can0 00000002#D2030000650128FD
(0946688628.768344) can0 00000001#0D000000F5FF0000
(0946688628.768957) can0 00000002#D1030000650128FD
(0946688628.770312) can0 18FF1080#00000000
(0946688628.778470) can0 00000001#0D000000F5FF0000
(0946688628.779035) can0 00000002#D1030000650128FD
(0946688628.788625) can0 00000001#0D000000F5FF0000
(0946688628.789227) can0 00000002#D1030000650128FD
(0946688628.790295) can0 18FF1080#00000000
(0946688628.798744) can0 00000001#0D000000F5FF0000
(0946688628.799317) can0 00000002#D2030000650128FD
(0946688628.804750) can0 18FF00EA#10F9000005007D41
(0946688628.808818) can0 00000001#0D000000F5FF0000
(0946688628.809449) can0 00000002#D1030000650128FD
(0946688628.810024) can0 18FF01EA#00007D007D007DFF
(0946688628.810447) can0 18FF1080#00000000
(0946688628.811636) can0 18FF00F7#E0F9000005007D40
(0946688628.814401) can0 18FF02EA#00007D007D007DFF
(0946688628.816488) can0 18FF01F7#00007D007D007DFF
(0946688628.818957) can0 00000001#0D000000F4FF0000
(0946688628.819523) can0 00000002#D1030000650128FD
(0946688628.821742) can0 18FF02F7#00007D007D007DFF
(0946688628.829011) can0 00000001#0D000000F4FF0000
(0946688628.829597) can0 00000002#D2030000650128FD
(0946688628.830317) can0 18FF1080#00000000
(0946688628.839132) can0 00000001#0E000000F5FF0000
(0946688628.839706) can0 00000002#D2030000650128FD
(0946688628.849211) can0 00000001#0E000000F4FF0000
(0946688628.849806) can0 00000002#D1030000650128FD
(0946688628.850358) can0 18FF1080#00000000
(0946688628.859340) can0 00000001#0E000000F4FF0000
(0946688628.859927) can0 00000002#D1030000650128FD
(0946688628.869398) can0 00000001#0E000000F5FF0000
(0946688628.869981) can0 00000002#D1030000650128FD
(0946688628.870417) can0 18FF1080#00000000
(0946688628.879495) can0 00000001#0E000000F5FF0000
(0946688628.880082) can0 00000002#D1030000650128FD
(0946688628.889586) can0 00000001#0E000000F5FF0000
(0946688628.890151) can0 00000002#D2030000650128FD
(0946688628.890602) can0 18FF1080#00000000
(0946688628.899711) can0 00000001#0E000000F5FF0000
(0946688628.900288) can0 00000002#D1030000650128FD
(0946688628.904634) can0 18FF00EA#10F9000005007D41
(0946688628.909368) can0 18FF01EA#00007D007D007DFF
(0946688628.909967) can0 00000001#0D000000F5FF0000
(0946688628.910533) can0 00000002#D1030000650128FD
(0946688628.910968) can0 18FF1080#00000000
(0946688628.911585) can0 18FF00F7#E0F9000005007D40
(0946688628.914705) can0 18FF02EA#00007D007D007DFF
(0946688628.916492) can0 18FF01F7#00007D007D007DFF
(0946688628.919859) can0 00000001#0D000000F5FF0000
(0946688628.920471) can0 00000002#D2030000650128FD
(0946688628.921447) can0 18FF02F7#00007D007D007DFF
(0946688628.929943) can0 00000001#0D000000F5FF0000
(0946688628.930525) can0 00000002#D1030000650128FD
(0946688628.930957) can0 18FF1080#00000000
(0946688628.940069) can0 00000001#0D000000F5FF0000
(0946688628.940644) can0 00000002#D1030000650128FD
(0946688628.950133) can0 00000001#0C000000F5FF0000
(0946688628.950692) can0 00000002#D1030000650128FD
(0946688628.951151) can0 18FF1080#00000000
(0946688628.960271) can0 00000001#0D000000F5FF0000
(0946688628.960835) can0 00000002#D1030000650128FD
(0946688628.970322) can0 00000001#0E000000F5FF0000
(0946688628.970913) can0 00000002#D2030000650128FD
(0946688628.971343) can0 18FF1080#00000000
(0946688628.980768) can0 00000001#0F000000F5FF0000
(0946688628.981332) can0 00000002#D1030000650128FD
(0946688628.990295) can0 18FF1080#00000000
(0946688628.990896) can0 00000001#0F000000F5FF0000
(0946688628.991431) can0 00000002#D2030000650128FD
(0946688629.000980) can0 00000001#0F000000F5FF0000
(0946688629.001525) can0 00000002#D2030000650128FD
(0946688629.004479) can0 18FF00EA#10F9000005007D41
(0946688629.009586) can0 18FF01EA#00007D007D007DFF
(0946688629.010296) can0 18FF1080#00000000
(0946688629.011052) can0 00000001#0F000000F5FF0000
(0946688629.011624) can0 00000002#D2030000650128FD
(0946688629.012194) can0 18FF00F7#E0F9000005007D40
(0946688629.014677) can0 18FF02EA#00007D007D007DFF
(0946688629.016420) can0 18FF01F7#00007D007D007DFF
(0946688629.021125) can0 00000001#0F000000F5FF0000
(0946688629.021707) can0 00000002#D2030000650128FD
(0946688629.022312) can0 18FF02F7#00007D007D007DFF
(0946688629.030316) can0 18FF1080#00000000
(0946688629.031252) can0 00000001#0E000000F5FF0000
(0946688629.031803) can0 00000002#D2030000650128FD
(0946688629.041330) can0 00000001#0E000000F5FF0000
(0946688629.041942) can0 00000002#D2030000650128FD
(0946688629.050294) can0 18FF1080#00000000
(0946688629.051432) can0 00000001#0E000000F5FF0000
(0946688629.051986) can0 00000002#D2030000650128FD
(0946688629.061505) can0 00000001#0C000000F4FF0000
(0946688629.062096) can0 00000002#D1030000650128FD
(0946688629.070326) can0 18FF1080#00000000
(0946688629.071617) can0 00000001#0C000000F5FF0000
(0946688629.072181) can0 00000002#D1030000650127FD
(0946688629.081691) can0 00000001#0D000000F4FF0000
(0946688629.082265) can0 00000002#D1030000650127FD
(0946688629.090292) can0 18FF1080#00000000
(0946688629.091769) can0 00000001#0D000000F4FF0000
(0946688629.092331) can0 00000002#D1030000650127FD
(0946688629.101878) can0 00000001#0D000000F4FF0000
(0946688629.102462) can0 00000002#D1030000650127FD
(0946688629.104510) can0 18FF00EA#10F9000005007D41
(0946688629.109635) can0 18FF01EA#00007D007D007DFF
(0946688629.110294) can0 18FF1080#00000000
(0946688629.111512) can0 18FF00F7#E0F9000005007D40
(0946688629.112104) can0 00000001#0D000000F4FF0000
(0946688629.112677) can0 00000002#D1030000650127FD
(0946688629.114762) can0 18FF02EA#00007D007D007DFF
(0946688629.116576) can0 18FF01F7#00007D007D007DFF
(0946688629.121478) can0 18FF02F7#00007D007D007DFF
(0946688629.122128) can0 00000001#0C000000F4FF0000
(0946688629.122721) can0 00000002#D3030000650127FD
(0946688629.130312) can0 18FF1080#00000000
(0946688629.132211) can0 00000001#0D000000F4FF0000
(0946688629.132783) can0 00000002#D1030000650127FD
(0946688629.142322) can0 00000001#0E000000F5FF0000
(0946688629.142902) can0 00000002#D3030000650127FD
(0946688629.150293) can0 18FF1080#00000000
(0946688629.152433) can0 00000001#0F000000F6FF0000
(0946688629.153019) can0 00000002#D1030000650127FD
(0946688629.163268) can0 00000001#0F000000F5FF0000
(0946688629.163839) can0 00000002#D2030000660127FD
(0946688629.170319) can0 18FF1080#00000000
(0946688629.173399) can0 00000001#0E000000F5FF0000
(0946688629.173971) can0 00000002#D1030000660127FD
(0946688629.183521) can0 00000001#0E000000F5FF0000
(0946688629.184092) can0 00000002#D1030000660127FD
(0946688629.190293) can0 18FF1080#00000000
(0946688629.193642) can0 00000001#0E000000F5FF0000
(0946688629.194216) can0 00000002#D1030000660127FD
(0946688629.203745) can0 00000001#0E000000F4FF0000
(0946688629.204310) can0 00000002#D1030000660127FD
(0946688629.204897) can0 18FF00EA#10F9000005007D41
(0946688629.209503) can0 18FF01EA#00007D007D007DFF
(0946688629.210300) can0 18FF1080#00000000
(0946688629.211519) can0 18FF00F7#E0F9000005007D40
(0946688629.213822) can0 00000001#0E000000F5FF0000
(0946688629.214402) can0 00000002#D2030000660127FD
(0946688629.214984) can0 18FF02EA#00007D007D007DFF
(0946688629.216529) can0 18FF01F7#00007D007D007DFF
(0946688629.221751) can0 18FF02F7#00007D007D007DFF
(0946688629.223994) can0 00000001#0C000000F4FF0000
(0946688629.224553) can0 00000002#D1030000660127FD
(0946688629.230312) can0 18FF1080#00000000
(0946688629.234038) can0 00000001#0D000000F4FF0000
(0946688629.234604) can0 00000002#D2030000660127FD
(0946688629.244128) can0 00000001#0D000000F6FF0000
(0946688629.244722) can0 00000002#D1030000660127FD
(0946688629.250290) can0 18FF1080#00000000
(0946688629.254236) can0 00000001#0D000000F6FF0000
(0946688629.254781) can0 00000002#D1030000660127FD
(0946688629.264462) can0 00000001#0E000000F6FF0000
(0946688629.264999) can0 00000002#D1030000660127FD
(0946688629.270320) can0 18FF1080#00000000
(0946688629.274441) can0 00000001#0E000000F6FF0000
(0946688629.275003) can0 00000002#D1030000660127FD
(0946688629.284522) can0 00000001#0E000000F6FF0000
(0946688629.285083) can0 00000002#D1030000660127FD
(0946688629.290320) can0 18FF1080#00000000
(0946688629.294606) can0 00000001#0E000000F5FF0000
(0946688629.295202) can0 00000002#D1030000660127FD
(0946688629.304362) can0 18FF00EA#10F9000005007D41
(0946688629.304976) can0 00000001#0E000000F5FF0000
(0946688629.305543) can0 00000002#D2030000660127FD
(0946688629.309590) can0 18FF01EA#00007D007D007DFF
(0946688629.310293) can0 18FF1080#00000000
(0946688629.311718) can0 18FF00F7#E0F9000005007D40
(0946688629.314554) can0 18FF02EA#00007D007D007DFF
(0946688629.315111) can0 00000001#0E000000F5FF0000
(0946688629.315687) can0 00000002#D2030000660127FD
(0946688629.316542) can0 18FF01F7#00007D007D007DFF
(0946688629.321736) can0 18FF02F7#00007D007D007DFF
(0946688629.324968) can0 00000001#0E000000F5FF0000
(0946688629.325832) can0 00000002#D2030000660127FD
(0946688629.330310) can0 18FF1080#00000000
(0946688629.334993) can0 00000001#0D000000F5FF0000
(0946688629.335567) can0 00000002#D1030000660127FD
(0946688629.345119) can0 00000001#0D000000F4FF0000
(0946688629.345686) can0 00000002#D1030000660127FD
(0946688629.350292) can0 18FF1080#00000000
(0946688629.355254) can0 00000001#0D000000F5FF0000
(0946688629.355843) can0 00000002#D1030000660127FD
(0946688629.365347) can0 00000001#0E000000F4FF0000
(0946688629.365930) can0 00000002#D1030000660127FD
(0946688629.370321) can0 18FF1080#00000000
(0946688629.375966) can0 00000001#0E000000F5FF0000
(0946688629.376513) can0 00000002#D1030000660127FD
(0946688629.386011) can0 00000001#0D000000F5FF0000
(0946688629.386581) can0 00000002#D1030000660127FD
(0946688629.390305) can0 18FF1080#00000000
(0946688629.396118) can0 00000001#0E000000F5FF0000
(0946688629.396683) can0 00000002#D1030000660127FD
(0946688629.404375) can0 18FF00EA#10F9000005007D41
(0946688629.406314) can0 00000001#0E000000F5FF0000
(0946688629.406866) can0 00000002#D1030000660127FD
(0946688629.409621) can0 18FF01EA#00007D007D007DFF
(0946688629.410292) can0 18FF1080#00000000
(0946688629.411476) can0 18FF00F7#E0F9000005007D40
(0946688629.414775) can0 18FF02EA#00007D007D007DFF
(0946688629.416284) can0 00000001#0D000000F5FF0000
(0946688629.416886) can0 00000002#D0030000660127FD
(0946688629.417451) can0 18FF01F7#00007D007D007DFF
(0946688629.421416) can0 18FF02F7#00007D007D007DFF
(0946688629.426373) can0 00000001#0E000000F5FF0000
(0946688629.426963) can0 00000002#D1030000660126FD
(0946688629.430287) can0 18FF1080#00000000
(0946688629.436482) can0 00000001#0E000000F6FF0000
(0946688629.437053) can0 00000002#D1030000660126FD
(0946688629.446597) can0 00000001#0E000000F5FF0000
(0946688629.447162) can0 00000002#D1030000660126FD
(0946688629.450291) can0 18FF1080#00000000
(0946688629.456680) can0 00000001#0E000000F6FF0000
(0946688629.457229) can0 00000002#D1030000660126FD
(0946688629.466769) can0 00000001#0E000000F6FF0000
(0946688629.467351) can0 00000002#D2030000660126FD
(0946688629.470321) can0 18FF1080#00000000
(0946688629.476865) can0 00000001#0E000000F6FF0000
(0946688629.477445) can0 00000002#D1030000660126FD
(0946688629.486966) can0 00000001#0E000000F6FF0000
(0946688629.487546) can0 00000002#D1030000660126FD
(0946688629.490323) can0 18FF1080#00000000
(0946688629.497063) can0 00000001#0E000000F6FF0000
(0946688629.497632) can0 00000002#D2030000660126FD
(0946688629.504772) can0 18FF00EA#10F9000005007D41
(0946688629.507157) can0 00000001#0D000000F5FF0000
(0946688629.507724) can0 00000002#D1030000660126FD
(0946688629.509348) can0 18FF01EA#00007D007D007DFF
(0946688629.510289) can0 18FF1080#00000000
(0946688629.511525) can0 18FF00F7#E0F9000005007D40
(0946688629.514696) can0 18FF02EA#00007D007D007DFF
(0946688629.516474) can0 18FF01F7#00007D007D007DFF
(0946688629.517473) can0 00000001#0D000000F5FF0000
(0946688629.518063) can0 00000002#D1030000660126FD
(0946688629.521635) can0 18FF02F7#00007D007D007DFF
(0946688629.528254) can0 00000001#0D000000F5FF0000
(0946688629.528840) can0 00000002#D0030000660126FD
(0946688629.530319) can0 18FF1080#00000000
(0946688629.538335) can0 00000001#0D000000F5FF0000
(0946688629.538923) can0 00000002#D1030000660126FD
(0946688629.548472) can0 00000001#0D000000F5FF0000
(0946688629.549041) can0 00000002#D1030000660126FD
(0946688629.550302) can0 18FF1080#00000000
(0946688629.558581) can0 00000001#0D000000F5FF0000
(0946688629.559170) can0 00000002#D1030000660126FD
(0946688629.568692) can0 00000001#0D000000F4FF0000
(0946688629.569278) can0 00000002#D1030000660126FD
(0946688629.570291) can0 18FF1080#00000000
(0946688629.578832) can0 00000001#0D000000F4FF0000
(0946688629.579367) can0 00000002#D1030000660126FD
(0946688629.588912) can0 00000001#0E000000F7FF0000
(0946688629.589486) can0 00000002#D0030000660126FD
(0946688629.590314) can0 18FF1080#00000000
(0946688629.599038) can0 00000001#0E000000F7FF0000
(0946688629.599588) can0 00000002#D0030000660126FD
(0946688629.604354) can0 18FF00EA#10F9000005007D41
(0946688629.609114) can0 00000001#0D000000F6FF0000
(0946688629.609679) can0 00000002#D1030000660126FD
(0946688629.610284) can0 18FF01EA#00007D007D007DFF
(0946688629.610705) can0 18FF1080#00000000
(0946688629.611731) can0 18FF00F7#E0F9000005007D40
(0946688629.614374) can0 18FF02EA#00007D007D007DFF
(0946688629.616334) can0 18FF01F7#00007D007D007DFF
(0946688629.619221) can0 00000001#0E000000F6FF0000
(0946688629.619805) can0 00000002#D2030000660126FD
(0946688629.621652) can0 18FF02F7#00007D007D007DFF
(0946688629.629316) can0 00000001#0D000000F5FF0000
(0946688629.629891) can0 00000002#D1030000660126FD
(0946688629.630347) can0 18FF1080#00000000
(0946688629.639441) can0 00000001#0E000000F5FF0000
(0946688629.639981) can0 00000002#D3030000660126FD
(0946688629.649524) can0 00000001#0E000000F5FF0000
(0946688629.650121) can0 00000002#D3030000660126FD
(0946688629.650539) can0 18FF1080#00000000
(0946688629.659627) can0 00000001#0E000000F5FF0000
(0946688629.660204) can0 00000002#D3030000660126FD
(0946688629.669744) can0 00000001#0E000000F5FF0000
(0946688629.670319) can0 00000002#D3030000660126FD
(0946688629.670747) can0 18FF1080#00000000
(0946688629.679838) can0 00000001#0E000000F4FF0000
(0946688629.680407) can0 00000002#D3030000660126FD
(0946688629.689954) can0 00000001#0D000000F5FF0000
(0946688629.690533) can0 00000002#D0030000670126FD
(0946688629.690964) can0 18FF1080#00000000
(0946688629.700694) can0 00000001#0D000000F5FF0000
(0946688629.701264) can0 00000002#D1030000670126FD
(0946688629.704529) can0 18FF00EA#10F9000005007D41
(0946688629.709553) can0 18FF01EA#00007D007D007DFF
(0946688629.710294) can0 18FF1080#00000000
(0946688629.710870) can0 00000001#0D000000F5FF0000
(0946688629.711429) can0 00000002#D1030000670126FD
(0946688629.712033) can0 18FF00F7#E0F9000005007D40
(0946688629.714724) can0 18FF02EA#00007D007D007DFF
(0946688629.716331) can0 18FF01F7#00007D007D007DFF
(0946688629.720894) can0 00000001#0D000000F6FF0000
(0946688629.721464) can0 00000002#D1030000670126FD
(0946688629.722070) can0 18FF02F7#00007D007D007DFF
(0946688629.730287) can0 18FF1080#00000000
(0946688629.730997) can0 00000001#0D000000F5FF0000
(0946688629.731574) can0 00000002#D2030000670126FD
(0946688629.741342) can0 00000001#0D000000F5FF0000
(0946688629.741915) can0 00000002#D2030000670126FD
(0946688629.750315) can0 18FF1080#00000000
(0946688629.751312) can0 00000001#0D000000F5FF0000
(0946688629.751862) can0 00000002#D2030000670126FD
(0946688629.761402) can0 00000001#0E000000F5FF0000
(0946688629.761958) can0 00000002#D3030000670126FD
(0946688629.770288) can0 18FF1080#00000000
(0946688629.771494) can0 00000001#0E000000F5FF0000
(0946688629.772105) can0 00000002#D2030000670126FD
(0946688629.781597) can0 00000001#0E000000F5FF0000
(0946688629.782163) can0 00000002#D1030000670126FD
(0946688629.790286) can0 18FF1080#00000000
(0946688629.791756) can0 00000001#0E000000F5FF0000
(0946688629.792309) can0 00000002#D0030000660125FD
(0946688629.801819) can0 00000001#0E000000F5FF0000
(0946688629.802377) can0 00000002#D1030000660125FD
(0946688629.804659) can0 18FF00EA#10F9000005007D41
(0946688629.809342) can0 18FF01EA#00007D007D007DFF
(0946688629.810274) can0 18FF1080#00000000
(0946688629.811324) can0 18FF00F7#E0F9000005007D40
(0946688629.812070) can0 00000001#0E000000F6FF0000
(0946688629.812628) can0 00000002#D1030000670125FD
(0946688629.814559) can0 18FF02EA#00007D007D007DFF
(0946688629.816492) can0 18FF01F7#00007D007D007DFF
(0946688629.821722) can0 18FF02F7#00007D007D007DFF
(0946688629.822321) can0 00000001#0E000000F6FF0000
(0946688629.822875) can0 00000002#D0030000670125FD
(0946688629.830287) can0 18FF1080#00000000
(0946688629.832126) can0 00000001#0D000000F5FF0000
(0946688629.832687) can0 00000002#D1030000670125FD
(0946688629.842229) can0 00000001#0D000000F5FF0000
(0946688629.842811) can0 00000002#D1030000670125FD
(0946688629.850312) can0 18FF1080#00000000
(0946688629.852330) can0 00000001#0D000000F5FF0000
(0946688629.852901) can0 00000002#D1030000670125FD
(0946688629.862468) can0 00000001#0D000000F5FF0000
(0946688629.863031) can0 00000002#D2030000670125FD
(0946688629.870285) can0 18FF1080#00000000
(0946688629.872538) can0 00000001#0D000000F5FF0000
(0946688629.873108) can0 00000002#D2030000670125FD
(0946688629.882683) can0 00000001#0E000000F5FF0000
(0946688629.883230) can0 00000002#D2030000670125FD
(0946688629.890289) can0 18FF1080#00000000
(0946688629.893341) can0 00000001#0D000000F5FF0000
(0946688629.893914) can0 00000002#D1030000670125FD
(0946688629.903482) can0 00000001#0E000000F5FF0000
(0946688629.904044) can0 00000002#D2030000670125FD
(0946688629.904653) can0 18FF00EA#10F9000005007D41
(0946688629.909607) can0 18FF01EA#00007D007D007DFF
(0946688629.910291) can0 18FF1080#00000000
(0946688629.911662) can0 18FF00F7#E0F9000005007D40
(0946688629.913606) can0 00000001#0E000000F5FF0000
(0946688629.914165) can0 00000002#D2030000670125FD
(0946688629.914782) can0 18FF02EA#00007D007D007DFF
(0946688629.916326) can0 18FF01F7#00007D007D007DFF
(0946688629.921487) can0 18FF02F7#00007D007D007DFF
(0946688629.923688) can0 00000001#0E000000F5FF0000
(0946688629.924252) can0 00000002#D2030000670125FD
(0946688629.930288) can0 18FF1080#00000000
(0946688629.933792) can0 00000001#0E000000F5FF0000
(0946688629.934346) can0 00000002#D2030000670125FD
(0946688629.943882) can0 00000001#0F000000F5FF0000
(0946688629.944480) can0 00000002#D2030000670125FD
(0946688629.950284) can0 18FF1080#00000000
(0946688629.953973) can0 00000001#0F000000F5FF0000
(0946688629.954563) can0 00000002#D2030000670125FD
(0946688629.964083) can0 00000001#0D000000F6FF0000
(0946688629.964655) can0 00000002#D0030000670125FD
(0946688629.970283) can0 18FF1080#00000000
(0946688629.974194) can0 00000001#0C000000F5FF0000
(0946688629.974740) can0 00000002#D0030000670125FD
(0946688629.984274) can0 00000001#0D000000F5FF0000
(0946688629.984843) can0 00000002#D1030000670125FD
(0946688629.990294) can0 18FF1080#00000000
(0946688629.994355) can0 00000001#0D000000F5FF0000
(0946688629.994943) can0 00000002#D1030000670125FD
(0946688630.004455) can0 00000001#0D000000F5FF0000
(0946688630.005047) can0 00000002#D1030000670125FD
(0946688630.005617) can0 18FF00EA#10F9000005007D41
(0946688630.009478) can0 18FF01EA#00007D007D007DFF
(0946688630.010317) can0 18FF1080#00000000
(0946688630.011333) can0 18FF00F7#E0F9000005007D40
(0946688630.014576) can0 18FF02EA#00007D007D007DFF
(0946688630.015145) can0 00000001#0D000000F5FF0000
(0946688630.015724) can0 00000002#D1030000670125FD
(0946688630.016601) can0 18FF01F7#00007D007D007DFF
(0946688630.021771) can0 18FF02F7#00007D007D007DFF
(0946688630.024678) can0 00000001#0D000000F5FF0000
(0946688630.025220) can0 00000002#D2030000670125FD
(0946688630.030325) can0 18FF1080#00000000
(0946688630.034764) can0 00000001#0D000000F5FF0000
(0946688630.035351) can0 00000002#D2030000670125FD
(0946688630.044858) can0 00000001#0E000000F5FF0000
(0946688630.045442) can0 00000002#D1030000670125FD
(0946688630.050311) can0 18FF1080#00000000
(0946688630.055001) can0 00000001#0E000000F5FF0000
(0946688630.055564) can0 00000002#D1030000670125FD
(0946688630.065776) can0 00000001#0D000000F5FF0000
(0946688630.066334) can0 00000002#D1030000670125FD
(0946688630.070293) can0 18FF1080#00000000
(0946688630.075899) can0 00000001#0D000000F5FF0000
(0946688630.076462) can0 00000002#D1030000670125FD
(0946688630.085979) can0 00000001#0D000000F5FF0000
(0946688630.086558) can0 00000002#D0030000670125FD
(0946688630.090282) can0 18FF1080#00000000
(0946688630.096093) can0 00000001#0D000000F5FF0000
(0946688630.096656) can0 00000002#D0030000670125FD
(0946688630.104711) can0 18FF00EA#10F9000005007D41
(0946688630.106210) can0 00000001#0E000000F5FF0000
(0946688630.106763) can0 00000002#D0030000670125FD
(0946688630.109615) can0 18FF01EA#00007D007D007DFF
(0946688630.110317) can0 18FF1080#00000000
(0946688630.111615) can0 18FF00F7#E0F9000005007D40
(0946688630.114480) can0 18FF02EA#00007D007D007DFF
(0946688630.116319) can0 00000001#0E000000F5FF0000
(0946688630.116857) can0 00000002#D0030000670125FD
(0946688630.117445) can0 18FF01F7#00007D007D007DFF
(0946688630.121598) can0 18FF02F7#00007D007D007DFF
(0946688630.126345) can0 00000001#0D000000F5FF0000
(0946688630.126935) can0 00000002#D1030000670125FD
(0946688630.130293) can0 18FF1080#00000000
(0946688630.136466) can0 00000001#0E000000F5FF0000
(0946688630.137028) can0 00000002#D2030000670125FD
(0946688630.146572) can0 00000001#0E000000F5FF0000
(0946688630.147126) can0 00000002#D2030000670124FD
(0946688630.150285) can0 18FF1080#00000000
(0946688630.156689) can0 00000001#0E000000F5FF0000
(0946688630.157246) can0 00000002#D2030000670124FD
(0946688630.166757) can0 00000001#0E000000F6FF0000
(0946688630.167328) can0 00000002#D2030000670124FD
(0946688630.170300) can0 18FF1080#00000000
(0946688630.176894) can0 00000001#0E000000F6FF0000
(0946688630.177458) can0 00000002#D2030000670124FD
(0946688630.186975) can0 00000001#0E000000F6FF0000
(0946688630.187546) can0 00000002#D2030000670124FD
(0946688630.190282) can0 18FF1080#00000000
(0946688630.197068) can0 00000001#0D000000F5FF0000
(0946688630.197621) can0 00000002#D2030000670124FD
(0946688630.204485) can0 18FF00EA#10F9000005007D41
(0946688630.207170) can0 00000001#0D000000F5FF0000
(0946688630.207716) can0 00000002#D2030000670124FD
(0946688630.209495) can0 18FF01EA#00007D007D007DFF
(0946688630.210309) can0 18FF1080#00000000
(0946688630.211345) can0 18FF00F7#E0F9000005007D40
(0946688630.214701) can0 18FF02EA#00007D007D007DFF
(0946688630.216572) can0 18FF01F7#00007D007D007DFF
(0946688630.217353) can0 00000001#0E000000F4FF0000
(0946688630.217923) can0 00000002#D1030000670124FD
(0946688630.221364) can0 18FF02F7#00007D007D007DFF
(0946688630.227435) can0 00000001#0E000000F4FF0000
(0946688630.228587) can0 00000002#D1030000670124FD
(0946688630.230281) can0 18FF1080#00000000
(0946688630.237721) can0 00000001#0E000000F4FF0000
(0946688630.238320) can0 00000002#D1030000670124FD
(0946688630.248313) can0 00000001#0E000000F4FF0000
(0946688630.248875) can0 00000002#D1030000670124FD
(0946688630.250283) can0 18FF1080#00000000
(0946688630.258406) can0 00000001#0E000000F4FF0000
(0946688630.258993) can0 00000002#D1030000670124FD
(0946688630.268498) can0 00000001#0E000000F4FF0000
(0946688630.269085) can0 00000002#D1030000670124FD
(0946688630.270302) can0 18FF1080#00000000
(0946688630.278619) can0 00000001#0E000000F4FF0000
(0946688630.279199) can0 00000002#D1030000670124FD
(0946688630.288708) can0 00000001#0E000000F4FF0000
(0946688630.289285) can0 00000002#D1030000670124FD
(0946688630.290284) can0 18FF1080#00000000
(0946688630.298830) can0 00000001#0E000000F5FF0000
(0946688630.299402) can0 00000002#D1030000670124FD
(0946688630.304752) can0 18FF00EA#10F9000005007D41
(0946688630.308911) can0 00000001#0E000000F5FF0000
(0946688630.309488) can0 00000002#D1030000670124FD
(0946688630.310096) can0 18FF01EA#00007D007D007DFF
(0946688630.310535) can0 18FF1080#00000000
(0946688630.311449) can0 18FF00F7#E0F9000005007D40
(0946688630.314337) can0 18FF02EA#00007D007D007DFF
(0946688630.316524) can0 18FF01F7#00007D007D007DFF
(0946688630.319015) can0 00000001#0D000000F5FF0000
(0946688630.319594) can0 00000002#D2030000670124FD
(0946688630.321740) can0 18FF02F7#00007D007D007DFF
(0946688630.329097) can0 00000001#0D000000F5FF0000
(0946688630.329693) can0 00000002#D1030000670124FD
(0946688630.330270) can0 18FF1080#00000000
(0946688630.339236) can0 00000001#0D000000F5FF0000
(0946688630.339815) can0 00000002#D1030000670124FD
(0946688630.349320) can0 00000001#0D000000F5FF0000
(0946688630.349893) can0 00000002#D1030000670124FD
(0946688630.350351) can0 18FF1080#00000000
(0946688630.359441) can0 00000001#0D000000F5FF0000
(0946688630.359991) can0 00000002#D2030000670124FD
(0946688630.369531) can0 00000001#0D000000F5FF0000
(0946688630.370112) can0 00000002#D2030000670124FD
(0946688630.370565) can0 18FF1080#00000000
(0946688630.379639) can0 00000001#0D000000F5FF0000
(0946688630.380219) can0 00000002#D2030000670124FD
(0946688630.389742) can0 00000001#0D000000F5FF0000
(0946688630.390321) can0 00000002#D2030000670124FD
(0946688630.390773) can0 18FF1080#00000000
(0946688630.399862) can0 00000001#0E000000F5FF0000
(0946688630.400427) can0 00000002#D1030000670124FD
(0946688630.404553) can0 18FF00EA#10F9000005007D41
(0946688630.409485) can0 18FF01EA#00007D007D007DFF
(0946688630.410086) can0 00000001#0E000000F5FF0000
(0946688630.410649) can0 00000002#D1030000680124FD
(0946688630.411100) can0 18FF1080#00000000
(0946688630.411666) can0 18FF00F7#E0F9000005007D40
(0946688630.414696) can0 18FF02EA#00007D007D007DFF
(0946688630.416315) can0 18FF01F7#00007D007D007DFF
(0946688630.420440) can0 00000001#0E000000F5FF0000
(0946688630.421002) can0 00000002#D1030000680124FD
(0946688630.421577) can0 18FF02F7#00007D007D007DFF
(0946688630.430283) can0 18FF1080#00000000
(0946688630.430942) can0 00000001#0E000000F5FF0000
(0946688630.431516) can0 00000002#D1030000680124FD
(0946688630.441024) can0 00000001#0E000000F5FF0000
(0946688630.441637) can0 00000002#D2030000680124FD
(0946688630.450279) can0 18FF1080#00000000
(0946688630.451206) can0 00000001#0E000000F5FF0000
(0946688630.451795) can0 00000002#D1030000680124FD
(0946688630.461275) can0 00000001#0E000000F5FF0000
(0946688630.461861) can0 00000002#D1030000680124FD
(0946688630.470306) can0 18FF1080#00000000
(0946688630.471353) can0 00000001#0E000000F5FF0000
(0946688630.471947) can0 00000002#D1030000680124FD
(0946688630.481461) can0 00000001#0D000000F5FF0000
(0946688630.482027) can0 00000002#D1030000680124FD
(0946688630.490281) can0 18FF1080#00000000
(0946688630.491548) can0 00000001#0D000000F5FF0000
(0946688630.492165) can0 00000002#D1030000680124FD
(0946688630.501679) can0 00000001#0D000000F5FF0000
(0946688630.502230) can0 00000002#D1030000680123FD
(0946688630.504772) can0 18FF00EA#10F9000005007D41
(0946688630.509330) can0 18FF01EA#00007D007D007DFF
(0946688630.510278) can0 18FF1080#00000000
(0946688630.511740) can0 00000001#0D000000F5FF0000
(0946688630.512326) can0 00000002#D1030000680123FD
(0946688630.512937) can0 18FF00F7#E0F9000005007D40
(0946688630.514541) can0 18FF02EA#00007D007D007DFF
(0946688630.516482) can0 18FF01F7#00007D007D007DFF
(0946688630.521698) can0 18FF02F7#00007D007D007DFF
(0946688630.522270) can0 00000001#0D000000F5FF0000
(0946688630.522866) can0 00000002#D1030000680123FD
(0946688630.530297) can0 18FF1080#00000000
(0946688630.531955) can0 00000001#0D000000F5FF0000
(0946688630.532536) can0 00000002#D2030000680123FD
(0946688630.542020) can0 00000001#0D000000F5FF0000
(0946688630.542579) can0 00000002#D2030000680123FD
(0946688630.550278) can0 18FF1080#00000000
(0946688630.552112) can0 00000001#0D000000F5FF0000
(0946688630.552694) can0 00000002#D1030000680123FD
(0946688630.562218) can0 00000001#0D000000F5FF0000
(0946688630.562782) can0 00000002#D2030000680123FD
(0946688630.570281) can0 18FF1080#00000000
(0946688630.572303) can0 00000001#0E000000F5FF0000
(0946688630.572891) can0 00000002#D2030000680123FD
(0946688630.582419) can0 00000001#0E000000F5FF0000
(0946688630.582987) can0 00000002#D2030000680123FD
(0946688630.590269) can0 18FF1080#00000000
(0946688630.592513) can0 00000001#0E000000F5FF0000
(0946688630.593063) can0 00000002#D2030000680123FD
(0946688630.603141) can0 00000001#0E000000F5FF0000
(0946688630.603717) can0 00000002#D2030000680123FD
(0946688630.604353) can0 18FF00EA#10F9000005007D41
(0946688630.609590) can0 18FF01EA#00007D007D007DFF
(0946688630.610278) can0 18FF1080#00000000
(0946688630.611492) can0 18FF00F7#E0F9000005007D40
(0946688630.613484) can0 00000001#0E000000F5FF0000
(0946688630.614090) can0 00000002#D2030000680123FD
(0946688630.614705) can0 18FF02EA#00007D007D007DFF
(0946688630.616449) can0 18FF01F7#00007D007D007DFF
(0946688630.621568) can0 18FF02F7#00007D007D007DFF
(0946688630.623572) can0 00000001#0E000000F5FF0000
(0946688630.624171) can0 00000002#D2030000680123FD
(0946688630.630295) can0 18FF1080#00000000
(0946688630.633651) can0 00000001#0D000000F6FF0000
(0946688630.634219) can0 00000002#D1030000680123FD
(0946688630.643756) can0 00000001#0D000000F6FF0000
(0946688630.644303) can0 00000002#D2030000680123FD
(0946688630.650281) can0 18FF1080#00000000
(0946688630.653841) can0 00000001#0E000000F5FF0000
(0946688630.654462) can0 00000002#D1030000680123FD
(0946688630.663975) can0 00000001#0E000000F5FF0000
(0946688630.664566) can0 00000002#D1030000680123FD
(0946688630.670279) can0 18FF1080#00000000
(0946688630.674036) can0 00000001#0E000000F5FF0000
(0946688630.674606) can0 00000002#D1030000680123FD
(0946688630.684117) can0 00000001#0E000000F4FF0000
(0946688630.684680) can0 00000002#D2030000680123FD
(0946688630.690296) can0 18FF1080#00000000
(0946688630.694202) can0 00000001#0E000000F4FF0000
(0946688630.694808) can0 00000002#D2030000680123FD
(0946688630.704286) can0 00000001#0E000000F4FF0000
(0946688630.704896) can0 00000002#D1030000680123FD
(0946688630.705462) can0 18FF00EA#10F9000005007D41
(0946688630.709587) can0 18FF01EA#00007D007D007DFF
(0946688630.710275) can0 18FF1080#00000000
(0946688630.711412) can0 18FF00F7#E0F9000005007D40
(0946688630.714393) can0 00000001#0E000000F4FF0000
(0946688630.714965) can0 00000002#D2030000680123FD
(0946688630.715581) can0 18FF02EA#00007D007D007DFF
(0946688630.716555) can0 18FF01F7#00007D007D007DFF
(0946688630.721747) can0 18FF02F7#00007D007D007DFF
(0946688630.724480) can0 00000001#0E000000F4FF0000
(0946688630.725053) can0 00000002#D2030000680123FD
(0946688630.730293) can0 18FF1080#00000000
(0946688630.734559) can0 00000001#0D000000F5FF0000
(0946688630.735134) can0 00000002#D1030000680123FD
(0946688630.744669) can0 00000001#0D000000F5FF0000
(0946688630.745238) can0 00000002#D2030000680123FD
(0946688630.750280) can0 18FF1080#00000000
(0946688630.754730) can0 00000001#0D000000F5FF0000
(0946688630.755319) can0 00000002#D1030000680123FD
(0946688630.764844) can0 00000001#0E000000F5FF0000
(0946688630.765438) can0 00000002#D1030000680123FD
(0946688630.770275) can0 18FF1080#00000000
(0946688630.775655) can0 00000001#0E000000F5FF0000
(0946688630.776248) can0 00000002#D1030000680123FD
(0946688630.785988) can0 00000001#0E000000F5FF0000
(0946688630.786573) can0 00000002#D1030000680123FD
(0946688630.790297) can0 18FF1080#00000000
(0946688630.796075) can0 00000001#0E000000F5FF0000
(0946688630.796649) can0 00000002#D1030000680123FD
(0946688630.804499) can0 18FF00EA#10F9000005007D41
(0946688630.806163) can0 00000001#0E000000F5FF0000
(0946688630.806735) can0 00000002#D2030000680123FD
(0946688630.809492) can0 18FF01EA#00007D007D007DFF
(0946688630.810276) can0 18FF1080#00000000
(0946688630.811710) can0 18FF00F7#E0F9000005007D40
(0946688630.814343) can0 18FF02EA#00007D007D007DFF
(0946688630.816255) can0 00000001#0E000000F5FF0000
(0946688630.816838) can0 00000002#D2030000680122FD
(0946688630.817446) can0 18FF01F7#00007D007D007DFF
(0946688630.821349) can0 18FF02F7#00007D007D007DFF
(0946688630.826325) can0 00000001#0D000000F5FF0000
(0946688630.826911) can0 00000002#D2030000680122FD
(0946688630.830278) can0 18FF1080#00000000
(0946688630.836433) can0 00000001#0D000000F5FF0000
(0946688630.837025) can0 00000002#D2030000680122FD
(0946688630.846526) can0 00000001#0E000000F5FF0000
(0946688630.847115) can0 00000002#D1030000680122FD
(0946688630.850304) can0 18FF1080#00000000
(0946688630.856612) can0 00000001#0E000000F5FF0000
(0946688630.857216) can0 00000002#D1030000680122FD
(0946688630.866744) can0 00000001#0E000000F5FF0000
(0946688630.867311) can0 00000002#D1030000680122FD
(0946688630.870278) can0 18FF1080#00000000
(0946688630.876823) can0 00000001#0E000000F5FF0000
(0946688630.877379) can0 00000002#D1030000680122FD
(0946688630.886900) can0 00000001#0D000000F5FF0000
(0946688630.887476) can0 00000002#D1030000680122FD
(0946688630.890298) can0 18FF1080#00000000
(0946688630.897022) can0 00000001#0D000000F5FF0000
(0946688630.897588) can0 00000002#D1030000680122FD
(0946688630.904722) can0 18FF00EA#10F9000005007D41
(0946688630.907118) can0 00000001#0E000000F5FF0000
(0946688630.907684) can0 00000002#D1030000680122FD
(0946688630.909480) can0 18FF01EA#00007D007D007DFF
(0946688630.910281) can0 18FF1080#00000000
(0946688630.911517) can0 18FF00F7#E0F9000005007D40
(0946688630.914496) can0 18FF02EA#00007D007D007DFF
(0946688630.916323) can0 18FF01F7#00007D007D007DFF
(0946688630.917203) can0 00000001#0E000000F5FF0000
(0946688630.917797) can0 00000002#D1030000680122FD
(0946688630.921635) can0 18FF02F7#00007D007D007DFF
(0946688630.927322) can0 00000001#0D000000F4FF0000
(0946688630.927846) can0 00000002#D2030000680122FD
(0946688630.930276) can0 18FF1080#00000000
(0946688630.937395) can0 00000001#0D000000F4FF0000
(0946688630.938259) can0 00000002#D2030000690122FD
(0946688630.947476) can0 00000001#0D000000F4FF0000
(0946688630.948071) can0 00000002#D1030000690122FD
(0946688630.950293) can0 18FF1080#00000000
(0946688630.958227) can0 00000001#0D000000F4FF0000
(0946688630.958806) can0 00000002#D1030000690122FD
(0946688630.968318) can0 00000001#0D000000F4FF0000
(0946688630.968886) can0 00000002#D1030000690122FD
(0946688630.970275) can0 18FF1080#00000000
(0946688630.978439) can0 00000001#0D000000F4FF0000
(0946688630.979000) can0 00000002#D1030000690122FD
(0946688630.988503) can0 00000001#0D000000F4FF0000
(0946688630.989083) can0 00000002#D1030000690122FD
(0946688630.990277) can0 18FF1080#00000000
(0946688630.998619) can0 00000001#0D000000F3FF0000
(0946688630.999195) can0 00000002#D1030000690122FD
(0946688631.004523) can0 18FF00EA#10F9000005007D41
(0946688631.008744) can0 00000001#0D000000F3FF0000
(0946688631.009321) can0 00000002#D1030000690122FD
(0946688631.009893) can0 18FF01EA#00007D007D007DFF
(0946688631.010326) can0 18FF1080#00000000
(0946688631.011425) can0 18FF00F7#E0F9000005007D40
(0946688631.014505) can0 18FF02EA#00007D007D007DFF
(0946688631.016320) can0 18FF01F7#00007D007D007DFF
(0946688631.018831) can0 00000001#0F000000F7FF0000
(0946688631.019369) can0 00000002#D3030000690122FD
(0946688631.021543) can0 18FF02F7#00007D007D007DFF
(0946688631.028921) can0 00000001#0E000000F7FF0000
(0946688631.029490) can0 00000002#D3030000690122FD
(0946688631.030275) can0 18FF1080#00000000
(0946688631.039000) can0 00000001#0E000000F7FF0000
(0946688631.039581) can0 00000002#D3030000690122FD
(0946688631.049097) can0 00000001#0E000000F7FF0000
(0946688631.049678) can0 00000002#D2030000690122FD
(0946688631.050294) can0 18FF1080#00000000
(0946688631.059193) can0 00000001#0E000000F7FF0000
(0946688631.059762) can0 00000002#D2030000690122FD
(0946688631.069310) can0 00000001#0D000000F7FF0000
(0946688631.069863) can0 00000002#D2030000690122FD
(0946688631.070338) can0 18FF1080#00000000
(0946688631.079358) can0 00000001#0D000000F7FF0000
(0946688631.079931) can0 00000002#D2030000690122FD
(0946688631.089468) can0 00000001#0D000000F7FF0000
(0946688631.090037) can0 00000002#D1030000690122FD
(0946688631.090504) can0 18FF1080#00000000
(0946688631.099558) can0 00000001#0D000000F7FF0000
(0946688631.100139) can0 00000002#D1030000690122FD
(0946688631.104331) can0 18FF00EA#10F9000005007D41
(0946688631.109594) can0 18FF01EA#00007D007D007DFF
(0946688631.110146) can0 00000001#0B000000F0FF0000
(0946688631.110713) can0 00000002#D2030000690122FD
(0946688631.111160) can0 18FF1080#00000000
(0946688631.111732) can0 18FF00F7#E0F9000005007D40
(0946688631.114686) can0 18FF02EA#00007D007D007DFF
(0946688631.116545) can0 18FF01F7#00007D007D007DFF
(0946688631.119761) can0 00000001#0C000000F1FF0000
(0946688631.120341) can0 00000002#D1030000690121FD
(0946688631.121490) can0 18FF02F7#00007D007D007DFF
(0946688631.129829) can0 00000001#0D000000F1FFFFFF
(0946688631.130402) can0 00000002#D4030000690121FD
(0946688631.130861) can0 18FF1080#00000000
(0946688631.139934) can0 00000001#0D000000F4FF0000
(0946688631.140533) can0 00000002#D0030000690121FD
(0946688631.150336) can0 18FF1080#00000000
(0946688631.150908) can0 00000001#0D000000F4FF0000
(0946688631.151481) can0 00000002#D1030000690121FD
(0946688631.160926) can0 00000001#0F000000F3FF0000
(0946688631.161499) can0 00000002#D5030000690121FD
(0946688631.170318) can0 18FF1080#00000000
(0946688631.171030) can0 00000001#0E000000F5FF0000
(0946688631.171614) can0 00000002#D1030000690121FD
(0946688631.181131) can0 00000001#0F000000F4FF0000
(0946688631.181702) can0 00000002#D6030000690121FD
(0946688631.190300) can0 18FF1080#00000000
(0946688631.191252) can0 00000001#0F000000F5FF0000
(0946688631.191805) can0 00000002#D2030000690121FD
(0946688631.201314) can0 00000001#0D000000F6FF0000
(0946688631.201893) can0 00000002#D0030000690121FD
(0946688631.204624) can0 18FF00EA#10F9000005007D41
(0946688631.209309) can0 18FF01EA#00007D007D007DFF
(0946688631.210261) can0 18FF1080#00000000
(0946688631.211437) can0 00000001#0D000000F6FF0000
(0946688631.212031) can0 00000002#CF030000690121FD
(0946688631.212600) can0 18FF00F7#E0F9000005007D40
(0946688631.214476) can0 18FF02EA#00007D007D007DFF
(0946688631.216547) can0 18FF01F7#00007D007D007DFF
(0946688631.221505) can0 00000001#0D000000F6FF0000
(0946688631.222095) can0 00000002#CF030000690121FD
(0946688631.222663) can0 18FF02F7#00007D007D007DFF
(0946688631.230276) can0 18FF1080#00000000
(0946688631.231597) can0 00000001#0C000000F6FF0000
(0946688631.232189) can0 00000002#CF030000690121FD
(0946688631.241733) can0 00000001#0C000000F6FF0000
(0946688631.242295) can0 00000002#CF030000690121FD
(0946688631.250295) can0 18FF1080#00000000
(0946688631.251853) can0 00000001#0C000000F5FF0000
(0946688631.252418) can0 00000002#CF030000690121FD
(0946688631.261946) can0 00000001#0C000000F5FF0000
(0946688631.262516) can0 00000002#CF030000690121FD
(0946688631.270271) can0 18FF1080#00000000
(0946688631.272052) can0 00000001#0C000000F5FF0000
(0946688631.272595) can0 00000002#D0030000690121FD
(0946688631.282124) can0 00000001#0F000000F5FF0000
(0946688631.282684) can0 00000002#D2030000690121FD
(0946688631.290270) can0 18FF1080#00000000
(0946688631.292252) can0 00000001#0F000000F5FF0000
(0946688631.292822) can0 00000002#D2030000690121FD
(0946688631.302315) can0 00000001#0F000000F5FF0000
(0946688631.302877) can0 00000002#D2030000690121FD
(0946688631.304475) can0 18FF00EA#10F9000005007D41
(0946688631.309466) can0 18FF01EA#00007D007D007DFF
(0946688631.310291) can0 18FF1080#00000000
(0946688631.311698) can0 18FF00F7#E0F9000005007D40
(0946688631.312420) can0 00000001#0F000000F5FF0000
(0946688631.312983) can0 00000002#D2030000690121FD
(0946688631.314469) can0 18FF02EA#00007D007D007DFF
(0946688631.316292) can0 18FF01F7#00007D007D007DFF
(0946688631.321505) can0 18FF02F7#00007D007D007DFF
(0946688631.322582) can0 00000001#0F000000F5FF0000
(0946688631.323154) can0 00000002#D2030000690121FD
(0946688631.330271) can0 18FF1080#00000000
(0946688631.332625) can0 00000001#0F000000F5FF0000
(0946688631.333179) can0 00000002#D1030000690121FD
(0946688631.343232) can0 00000001#0F000000F5FF0000
(0946688631.343806) can0 00000002#D1030000690121FD
(0946688631.350293) can0 18FF1080#00000000
(0946688631.353301) can0 00000001#0E000000F5FF0000
(0946688631.353882) can0 00000002#D1030000690121FD
(0946688631.363397) can0 00000001#0E000000F5FF0000
(0946688631.363982) can0 00000002#D1030000690121FD
(0946688631.370278) can0 18FF1080#00000000
(0946688631.373503) can0 00000001#0E000000F4FF0000
(0946688631.374097) can0 00000002#D1030000690121FD
(0946688631.383615) can0 00000001#0E000000F4FF0000
(0946688631.384198) can0 00000002#D1030000690121FD
(0946688631.390312) can0 18FF1080#00000000
(0946688631.393696) can0 00000001#0E000000F4FF0000
(0946688631.394272) can0 00000002#D2030000690121FD
(0946688631.403811) can0 00000001#0E000000F4FF0000
(0946688631.404345) can0 00000002#D2030000690121FD
(0946688631.404955) can0 18FF00EA#10F9000005007D41
(0946688631.409423) can0 18FF01EA#00007D007D007DFF
(0946688631.410292) can0 18FF1080#00000000
(0946688631.411394) can0 18FF00F7#E0F9000005007D40
(0946688631.413870) can0 00000001#0E000000F5FF0000
(0946688631.414469) can0 00000002#D2030000690121FD
(0946688631.415042) can0 18FF02EA#00007D007D007DFF
(0946688631.416479) can0 18FF01F7#00007D007D007DFF
(0946688631.421611) can0 18FF02F7#00007D007D007DFF
(0946688631.423997) can0 00000001#0E000000F5FF0000
(0946688631.424582) can0 00000002#D2030000690121FD
(0946688631.430272) can0 18FF1080#00000000
(0946688631.434090) can0 00000001#0F000000F5FF0000
(0946688631.434659) can0 00000002#D2030000690121FD
(0946688631.444178) can0 00000001#0F000000F5FF0000
(0946688631.444779) can0 00000002#D2030000690121FD
(0946688631.450302) can0 18FF1080#00000000
(0946688631.454303) can0 00000001#0E000000F5FF0000
(0946688631.454897) can0 00000002#D2030000690121FD
(0946688631.464366) can0 00000001#0E000000F6FF0000
(0946688631.464976) can0 00000002#D1030000690121FD
(0946688631.470288) can0 18FF1080#00000000
(0946688631.474454) can0 00000001#0D000000F6FF0000
(0946688631.475027) can0 00000002#D1030000690121FD
(0946688631.484543) can0 00000001#0D000000F5FF0000
(0946688631.485135) can0 00000002#D2030000690121FD
(0946688631.490272) can0 18FF1080#00000000
(0946688631.494663) can0 00000001#0D000000F5FF0000
(0946688631.495218) can0 00000002#D20300006A0121FD
(0946688631.504705) can0 18FF00EA#10F9000005007D41
(0946688631.505294) can0 00000001#0D000000F5FF0000
(0946688631.505853) can0 00000002#D20300006A0121FD
(0946688631.509300) can0 18FF01EA#00007D007D007DFF
(0946688631.510289) can0 18FF1080#00000000
(0946688631.511754) can0 18FF00F7#E0F9000005007D40
(0946688631.514460) can0 18FF02EA#00007D007D007DFF
(0946688631.515022) can0 00000001#0D000000F4FF0000
(0946688631.515567) can0 00000002#D3030000690120FD
(0946688631.516291) can0 18FF01F7#00007D007D007DFF
(0946688631.521592) can0 18FF02F7#00007D007D007DFF
(0946688631.525676) can0 00000001#0D000000F4FF0000
(0946688631.526237) can0 00000002#D3030000690120FD
(0946688631.530290) can0 18FF1080#00000000
(0946688631.536098) can0 00000001#0D000000F4FF0000
(0946688631.536667) can0 00000002#D3030000690120FD
(0946688631.546185) can0 00000001#0D000000F4FF0000
(0946688631.546752) can0 00000002#D30300006A0120FD
(0946688631.550271) can0 18FF1080#00000000
(0946688631.556275) can0 00000001#0D000000F4FF0000
(0946688631.556834) can0 00000002#D00300006A0120FD
(0946688631.566340) can0 00000001#0D000000F5FF0000
(0946688631.566920) can0 00000002#D00300006A0120FD
(0946688631.570298) can0 18FF1080#00000000
(0946688631.576437) can0 00000001#0D000000F5FF0000
(0946688631.577000) can0 00000002#D10300006A0120FD
(0946688631.586531) can0 00000001#0D000000F5FF0000
(0946688631.587094) can0 00000002#D10300006A0120FD
(0946688631.590270) can0 18FF1080#00000000
(0946688631.596600) can0 00000001#0D000000F5FF0000
(0946688631.597208) can0 00000002#D10300006A0120FD
(0946688631.604480) can0 18FF00EA#10F9000005007D41
(0946688631.606685) can0 00000001#0D000000F5FF0000
(0946688631.607270) can0 00000002#D10300006A0120FD
(0946688631.609533) can0 18FF01EA#00007D007D007DFF
(0946688631.610272) can0 18FF1080#00000000
(0946688631.611691) can0 18FF00F7#E0F9000005007D40
(0946688631.614570) can0 18FF02EA#00007D007D007DFF
(0946688631.616291) can0 18FF01F7#00007D007D007DFF
(0946688631.616861) can0 00000001#0E000000F6FF0000
(0946688631.617437) can0 00000002#D10300006A0120FD
(0946688631.621495) can0 18FF02F7#00007D007D007DFF
(0946688631.626898) can0 00000001#0E000000F6FF0000
(0946688631.627481) can0 00000002#D10300006A0120FD
(0946688631.630267) can0 18FF1080#00000000
(0946688631.636961) can0 00000001#0E000000F6FF0000
(0946688631.637535) can0 00000002#D20300006A0120FD
(0946688631.647043) can0 00000001#0D000000F4FF0000
(0946688631.647627) can0 00000002#D00300006A0120FD
(0946688631.650269) can0 18FF1080#00000000
(0946688631.657135) can0 00000001#0D000000F4FF0000
(0946688631.657728) can0 00000002#CF0300006A0120FD
(0946688631.667228) can0 00000001#0D000000F3FF0000
(0946688631.667815) can0 00000002#CF0300006A0120FD
(0946688631.670291) can0 18FF1080#00000000
(0946688631.677323) can0 00000001#0D000000F3FF0000
(0946688631.677876) can0 00000002#CE0300006A0120FD
(0946688631.687442) can0 00000001#0D000000F3FF0000
(0946688631.688268) can0 00000002#CE0300006A0120FD
(0946688631.690268) can0 18FF1080#00000000
(0946688631.697522) can0 00000001#0D000000F3FF0000
(0946688631.698085) can0 00000002#CF0300006A0120FD
(0946688631.704656) can0 18FF00EA#10F9000005007D41
(0946688631.707593) can0 00000001#0D000000F2FF0000
(0946688631.708164) can0 00000002#CF0300006A0120FD
(0946688631.709310) can0 18FF01EA#00007D007D007DFF
(0946688631.710266) can0 18FF1080#00000000
(0946688631.711375) can0 18FF00F7#E0F9000005007D40
(0946688631.714471) can0 18FF02EA#00007D007D007DFF
(0946688631.716464) can0 18FF01F7#00007D007D007DFF
(0946688631.717687) can0 00000001#0E000000F3FF0000
(0946688631.718270) can0 00000002#D00300006A0120FD
(0946688631.721644) can0 18FF02F7#00007D007D007DFF
(0946688631.728278) can0 00000001#0D000000F6FF0000
(0946688631.728825) can0 00000002#D30300006A0120FD
(0946688631.730252) can0 18FF1080#00000000
(0946688631.738345) can0 00000001#0D000000F6FF0000
(0946688631.738938) can0 00000002#D30300006A011FFD
(0946688631.748437) can0 00000001#0E000000F7FF0000
(0946688631.749009) can0 00000002#D20300006A011FFD
(0946688631.750269) can0 18FF1080#00000000
(0946688631.758690) can0 00000001#0E000000F7FF0000
(0946688631.759262) can0 00000002#D20300006A0120FD
(0946688631.768776) can0 00000001#0E000000F7FF0000
(0946688631.769337) can0 00000002#D20300006A0120FD
(0946688631.770283) can0 18FF1080#00000000
(0946688631.778875) can0 00000001#0E000000F7FF0000
(0946688631.779439) can0 00000002#D20300006A0120FD
(0946688631.788968) can0 00000001#0E000000F7FF0000
(0946688631.789539) can0 00000002#D00300006A0120FD
(0946688631.790268) can0 18FF1080#00000000
(0946688631.799048) can0 00000001#0E000000F7FF0000
(0946688631.799648) can0 00000002#D10300006A0120FD
(0946688631.804329) can0 18FF00EA#10F9000005007D41
(0946688631.809113) can0 00000001#0D000000F7FF0000
(0946688631.809675) can0 00000002#CF0300006A0120FD
(0946688631.810309) can0 18FF01EA#00007D007D007DFF
(0946688631.810744) can0 18FF1080#00000000
(0946688631.811619) can0 18FF00F7#E0F9000005007D40
(0946688631.814656) can0 18FF02EA#00007D007D007DFF
(0946688631.816374) can0 18FF01F7#00007D007D007DFF
(0946688631.819215) can0 00000001#0D000000F4FF0000
(0946688631.819811) can0 00000002#D20300006A0120FD
(0946688631.821640) can0 18FF02F7#00007D007D007DFF
(0946688631.829318) can0 00000001#0D000000F3FF0000
(0946688631.829873) can0 00000002#D20300006A011FFD
(0946688631.830326) can0 18FF1080#00000000
(0946688631.839451) can0 00000001#0D000000F3FF0000
(0946688631.840001) can0 00000002#D20300006A011FFD
(0946688631.849627) can0 00000001#0D000000F2FF0000
(0946688631.850194) can0 00000002#D10300006A011FFD
(0946688631.850660) can0 18FF1080#00000000
(0946688631.859653) can0 00000001#0D000000F3FF0000
(0946688631.860216) can0 00000002#D10300006A011FFD
(0946688631.869705) can0 00000001#0D000000F2FF0000
(0946688631.870291) can0 00000002#D10300006A011FFD
(0946688631.870741) can0 18FF1080#00000000
(0946688631.879843) can0 00000001#0E000000F3FF0000
(0946688631.880413) can0 00000002#D00300006A011FFD
(0946688631.889933) can0 00000001#0E000000F3FF0000
(0946688631.890532) can0 00000002#D10300006A011FFD
(0946688631.890970) can0 18FF1080#00000000
(0946688631.899980) can0 00000001#0E000000F3FF0000
(0946688631.900572) can0 00000002#D10300006A011FFD
(0946688631.904656) can0 18FF00EA#10F9000005007D41
(0946688631.909523) can0 18FF01EA#00007D007D007DFF
(0946688631.910265) can0 18FF1080#00000000
(0946688631.910871) can0 00000001#0E000000F6FF0000
(0946688631.911446) can0 00000002#D30300006A011FFD
(0946688631.912016) can0 18FF00F7#E0F9000005007D40
(0946688631.914409) can0 18FF02EA#00007D007D007DFF
(0946688631.916365) can0 18FF01F7#00007D007D007DFF
(0946688631.920812) can0 00000001#0E000000F6FF0000
(0946688631.921378) can0 00000002#D30300006A011FFD
(0946688631.921989) can0 18FF02F7#00007D007D007DFF
(0946688631.930286) can0 18FF1080#00000000
(0946688631.930912) can0 00000001#0E000000F7FF0000
(0946688631.931488) can0 00000002#D30300006A011FFD
(0946688631.941003) can0 00000001#0E000000F7FF0000
(0946688631.941620) can0 00000002#D30300006A011FFD
(0946688631.950273) can0 18FF1080#00000000
(0946688631.951085) can0 00000001#0E000000F7FF0000
(0946688631.951664) can0 00000002#D30300006A011FFD
(0946688631.961183) can0 00000001#0E000000F7FF0000
(0946688631.961771) can0 00000002#D20300006A011FFD
(0946688631.970294) can0 18FF1080#00000000
(0946688631.971309) can0 00000001#0D000000F7FF0000
(0946688631.971835) can0 00000002#D10300006A011FFD
(0946688631.981352) can0 00000001#0D000000F7FF0000
(0946688631.981922) can0 00000002#D10300006A011FFD
(0946688631.990278) can0 18FF1080#00000000
(0946688631.991435) can0 00000001#0E000000F7FF0000
(0946688631.992032) can0 00000002#D00300006A011FFD
(0946688632.001553) can0 00000001#0D000000F3FF0000
(0946688632.002111) can0 00000002#D00300006A011FFD
(0946688632.004651) can0 18FF00EA#10F9000005007D41
(0946688632.009564) can0 18FF01EA#00007D007D007DFF
(0946688632.010287) can0 18FF1080#00000000
(0946688632.011250) can0 18FF00F7#E0F9000005007D40
(0946688632.011856) can0 00000001#0D000000F4FF0000
(0946688632.012406) can0 00000002#D10300006A011FFD
(0946688632.014648) can0 18FF02EA#00007D007D007DFF
(0946688632.016360) can0 18FF01F7#00007D007D007DFF
(0946688632.021521) can0 18FF02F7#00007D007D007DFF
(0946688632.022110) can0 00000001#0D000000F3FF0000
(0946688632.022692) can0 00000002#D10300006B011FFD
(0946688632.030288) can0 18FF1080#00000000
(0946688632.031854) can0 00000001#0E000000F3FF0000
(0946688632.032453) can0 00000002#D10300006B011FFD
(0946688632.041906) can0 00000001#0D000000F3FF0000
(0946688632.042499) can0 00000002#D10300006B011FFD
(0946688632.050276) can0 18FF1080#00000000
(0946688632.052008) can0 00000001#0D000000F3FF0000
(0946688632.052574) can0 00000002#D20300006B011FFD
(0946688632.062085) can0 00000001#0E000000F3FF0000
(0946688632.062693) can0 00000002#D10300006B011FFD
(0946688632.070296) can0 18FF1080#00000000
(0946688632.072181) can0 00000001#0E000000F3FF0000
(0946688632.072754) can0 00000002#D10300006B011FFD
(0946688632.082246) can0 00000001#0D000000F3FF0000
(0946688632.082843) can0 00000002#D10300006B011FFD
(0946688632.090254) can0 18FF1080#00000000
(0946688632.092345) can0 00000001#0E000000F6FF0000
(0946688632.092940) can0 00000002#D20300006B011FFD
(0946688632.102438) can0 00000001#0D000000F6FF0000
(0946688632.103009) can0 00000002#D10300006B011EFD
(0946688632.104576) can0 18FF00EA#10F9000005007D41
(0946688632.109574) can0 18FF01EA#00007D007D007DFF
(0946688632.110249) can0 18FF1080#00000000
(0946688632.111369) can0 18FF00F7#E0F9000005007D40
(0946688632.112531) can0 00000001#0D000000F6FF0000
(0946688632.113091) can0 00000002#D10300006B011EFD
(0946688632.114652) can0 18FF02EA#00007D007D007DFF
(0946688632.116539) can0 18FF01F7#00007D007D007DFF
(0946688632.121703) can0 18FF02F7#00007D007D007DFF
(0946688632.122596) can0 00000001#0D000000F6FF0000
(0946688632.123165) can0 00000002#D10300006B011EFD
(0946688632.130292) can0 18FF1080#00000000
(0946688632.133218) can0 00000001#0C000000F7FF0000
(0946688632.133800) can0 00000002#D10300006B011EFD
(0946688632.143336) can0 00000001#0C000000F7FF0000
(0946688632.143895) can0 00000002#D10300006B011EFD
(0946688632.150265) can0 18FF1080#00000000
(0946688632.153444) can0 00000001#0E000000F7FF0000
(0946688632.154014) can0 00000002#D10300006B011EFD
(0946688632.163529) can0 00000001#0E000000F7FF0000
(0946688632.164127) can0 00000002#D10300006B011EFD
(0946688632.170266) can0 18FF1080#00000000
(0946688632.173605) can0 00000001#0E000000F5FF0000
(0946688632.174201) can0 00000002#D10300006B011EFD
(0946688632.183712) can0 00000001#0E000000F5FF0000
(0946688632.184281) can0 00000002#D20300006B011EFD
(0946688632.190289) can0 18FF1080#00000000
(0946688632.193836) can0 00000001#0E000000F5FF0000
(0946688632.194368) can0 00000002#D20300006B011EFD
(0946688632.203857) can0 00000001#0E000000F5FF0000
(0946688632.204441) can0 00000002#D20300006B011EFD
(0946688632.205026) can0 18FF00EA#10F9000005007D41
(0946688632.209278) can0 18FF01EA#00007D007D007DFF
(0946688632.210250) can0 18FF1080#00000000
(0946688632.211415) can0 18FF00F7#E0F9000005007D40
(0946688632.213972) can0 00000001#0F000000F4FF0000
(0946688632.214564) can0 00000002#D30300006B011EFD
(0946688632.215137) can0 18FF02EA#00007D007D007DFF
(0946688632.216349) can0 18FF01F7#00007D007D007DFF
(0946688632.221476) can0 18FF02F7#00007D007D007DFF
(0946688632.224087) can0 00000001#0E000000F4FF0000
(0946688632.224652) can0 00000002#D30300006B011EFD
(0946688632.230292) can0 18FF1080#00000000
(0946688632.234193) can0 00000001#0E000000F4FF0000
(0946688632.234748) can0 00000002#D30300006B011EFD
(0946688632.244259) can0 00000001#0E000000F4FF0000
(0946688632.244844) can0 00000002#D30300006B011EFD
(0946688632.250274) can0 18FF1080#00000000
(0946688632.254334) can0 00000001#0E000000F4FF0000
(0946688632.254920) can0 00000002#D30300006B011EFD
(0946688632.264439) can0 00000001#0D000000F4FF0000
(0946688632.264978) can0 00000002#D00300006B011EFD
(0946688632.270263) can0 18FF1080#00000000
(0946688632.274501) can0 00000001#0D000000F4FF0000
(0946688632.275058) can0 00000002#D00300006B011EFD
(0946688632.284593) can0 00000001#0D000000F4FF0000
(0946688632.285194) can0 00000002#D00300006B011EFD
(0946688632.290283) can0 18FF1080#00000000
(0946688632.294678) can0 00000001#0D000000F4FF0000
(0946688632.295276) can0 00000002#D00300006B011EFD
(0946688632.304288) can0 18FF00EA#10F9000005007D41
(0946688632.304855) can0 00000001#0E000000F5FF0000
(0946688632.305437) can0 00000002#D10300006B011EFD
(0946688632.309580) can0 18FF01EA#00007D007D007DFF
(0946688632.310249) can0 18FF1080#00000000
(0946688632.311245) can0 18FF00F7#E0F9000005007D40
(0946688632.314328) can0 18FF02EA#00007D007D007DFF
(0946688632.314900) can0 00000001#0E000000F5FF0000
(0946688632.315435) can0 00000002#D10300006B011EFD
(0946688632.316531) can0 18FF01F7#00007D007D007DFF
(0946688632.321305) can0 18FF02F7#00007D007D007DFF
(0946688632.324944) can0 00000001#0D000000F5FF0000
(0946688632.325511) can0 00000002#D20300006B011EFD
(0946688632.330261) can0 18FF1080#00000000
(0946688632.335030) can0 00000001#0D000000F5FF0000
(0946688632.335598) can0 00000002#D20300006B011EFD
(0946688632.345143) can0 00000001#0D000000F6FF0000
(0946688632.345712) can0 00000002#D30300006B011EFD
(0946688632.350279) can0 18FF1080#00000000
(0946688632.355255) can0 00000001#0D000000F5FF0000
(0946688632.355804) can0 00000002#D10300006B011EFD
(0946688632.365739) can0 00000001#0D000000F5FF0000
(0946688632.366311) can0 00000002#D00300006B011EFD
(0946688632.370261) can0 18FF1080#00000000
(0946688632.375815) can0 00000001#0E000000F5FF0000
(0946688632.376368) can0 00000002#D00300006B011EFD
(0946688632.385984) can0 00000001#0E000000F5FF0000
(0946688632.386556) can0 00000002#D00300006B011EFD
(0946688632.390262) can0 18FF1080#00000000
(0946688632.396080) can0 00000001#0E000000F5FF0000
(0946688632.396672) can0 00000002#D00300006B011EFD
(0946688632.404395) can0 18FF00EA#10F9000005007D41
(0946688632.406182) can0 00000001#0E000000F5FF0000
(0946688632.406739) can0 00000002#D00300006B011EFD
(0946688632.409490) can0 18FF01EA#00007D007D007DFF
(0946688632.410250) can0 18FF1080#00000000
(0946688632.411270) can0 18FF00F7#E0F9000005007D40
(0946688632.414574) can0 18FF02EA#00007D007D007DFF
(0946688632.416272) can0 18FF01F7#00007D007D007DFF
(0946688632.416854) can0 00000001#0E000000F4FF0000
(0946688632.417433) can0 00000002#D10300006B011EFD
(0946688632.421623) can0 18FF02F7#00007D007D007DFF
(0946688632.426343) can0 00000001#0E000000F4FF0000
(0946688632.426942) can0 00000002#D10300006B011EFD
(0946688632.430260) can0 18FF1080#00000000
(0946688632.436437) can0 00000001#0F000000F4FF0000
(0946688632.437022) can0 00000002#D10300006B011EFD
(0946688632.446539) can0 00000001#0D000000F4FF0000
(0946688632.447113) can0 00000002#D00300006B011EFD
(0946688632.450286) can0 18FF1080#00000000
(0946688632.456657) can0 00000001#0D000000F5FF0000
(0946688632.457228) can0 00000002#D00300006B011DFD
(0946688632.466746) can0 00000001#0D000000F5FF0000
(0946688632.467311) can0 00000002#CF0300006B011DFD
(0946688632.470267) can0 18FF1080#00000000
(0946688632.476867) can0 00000001#0D000000F5FF0000
(0946688632.477404) can0 00000002#CF0300006B011DFD
(0946688632.486945) can0 00000001#0C000000F5FF0000
(0946688632.487495) can0 00000002#CF0300006B011DFD
(0946688632.490263) can0 18FF1080#00000000
(0946688632.497022) can0 00000001#0C000000F5FF0000
(0946688632.497590) can0 00000002#CF0300006B011DFD
(0946688632.504692) can0 18FF00EA#10F9000005007D41
(0946688632.507094) can0 00000001#0C000000F5FF0000
(0946688632.507643) can0 00000002#D00300006B011DFD
(0946688632.509284) can0 18FF01EA#00007D007D007DFF
(0946688632.510278) can0 18FF1080#00000000
(0946688632.511275) can0 18FF00F7#E0F9000005007D40
(0946688632.514479) can0 18FF02EA#00007D007D007DFF
(0946688632.516497) can0 18FF01F7#00007D007D007DFF
(0946688632.517187) can0 00000001#0C000000F5FF0000
(0946688632.517767) can0 00000002#D10300006B011DFD
(0946688632.522276) can0 18FF02F7#00007D007D007DFF
(0946688632.527258) can0 00000001#0C000000F5FF0000
(0946688632.527865) can0 00000002#D20300006B011DFD
(0946688632.530259) can0 18FF1080#00000000
(0946688632.537334) can0 00000001#0D000000F7FF0000
(0946688632.537923) can0 00000002#D10300006C011DFD
(0946688632.547466) can0 00000001#0F000000F6FF0000
(0946688632.548062) can0 00000002#D00300006C011DFD
(0946688632.550286) can0 18FF1080#00000000
(0946688632.557573) can0 00000001#0F000000F6FF0000
(0946688632.558118) can0 00000002#D00300006C011DFD
(0946688632.567698) can0 00000001#10000000F6FF0000
(0946688632.568244) can0 00000002#D00300006C011DFD
(0946688632.570279) can0 18FF1080#00000000
(0946688632.578700) can0 00000001#10000000F6FF0000
(0946688632.579268) can0 00000002#D00300006C011DFD
(0946688632.588813) can0 00000001#11000000F6FF0000
(0946688632.589360) can0 00000002#D00300006C011DFD
(0946688632.590273) can0 18FF1080#00000000
(0946688632.598896) can0 00000001#11000000F5FF0000
(0946688632.599459) can0 00000002#D00300006C011DFD
(0946688632.604638) can0 18FF00EA#10F9000005007D41
(0946688632.608951) can0 00000001#11000000F5FF0000
(0946688632.609510) can0 00000002#D10300006C011DFD
(0946688632.610112) can0 18FF01EA#00007D007D007DFF
(0946688632.610547) can0 18FF1080#00000000
(0946688632.611624) can0 18FF00F7#E0F9000005007D40
(0946688632.614502) can0 18FF02EA#00007D007D007DFF
(0946688632.616271) can0 18FF01F7#00007D007D007DFF
(0946688632.619046) can0 00000001#0D000000F4FF0000
(0946688632.619598) can0 00000002#D20300006C011DFD
(0946688632.621456) can0 18FF02F7#00007D007D007DFF
(0946688632.629129) can0 00000001#0D000000F4FF0000
(0946688632.629730) can0 00000002#D20300006C011DFD
(0946688632.630269) can0 18FF1080#00000000
(0946688632.639241) can0 00000001#0D000000F4FF0000
(0946688632.639813) can0 00000002#D20300006C011DFD
(0946688632.649318) can0 00000001#0C000000F4FF0000
(0946688632.649907) can0 00000002#D10300006C011DFD
(0946688632.650336) can0 18FF1080#00000000
(0946688632.659438) can0 00000001#0C000000F4FF0000
(0946688632.660002) can0 00000002#D10300006C011DFD
(0946688632.669522) can0 00000001#0C000000F4FF0000
(0946688632.670070) can0 00000002#D10300006C011DFD
(0946688632.670529) can0 18FF1080#00000000
(0946688632.679651) can0 00000001#0C000000F5FF0000
(0946688632.680206) can0 00000002#D10300006C011DFD
(0946688632.689660) can0 00000001#0B000000F5FF0000
(0946688632.690251) can0 00000002#D10300006C011DFD
(0946688632.690693) can0 18FF1080#00000000
(0946688632.699768) can0 00000001#0B000000F5FF0000
(0946688632.700329) can0 00000002#D10300006C011DFD
(0946688632.704559) can0 18FF00EA#10F9000005007D41
(0946688632.709360) can0 18FF01EA#00007D007D007DFF
(0946688632.709969) can0 00000001#0E000000F5FF0000
(0946688632.710547) can0 00000002#D10300006C011DFD
(0946688632.710976) can0 18FF1080#00000000
(0946688632.711548) can0 18FF00F7#E0F9000005007D40
(0946688632.714284) can0 18FF02EA#00007D007D007DFF
(0946688632.716493) can0 18FF01F7#00007D007D007DFF
(0946688632.720010) can0 00000001#0F000000F5FF0000
(0946688632.720580) can0 00000002#D10300006C011CFD
(0946688632.721325) can0 18FF02F7#00007D007D007DFF
(0946688632.730260) can0 18FF1080#00000000
(0946688632.730886) can0 00000001#0F000000F5FF0000
(0946688632.731406) can0 00000002#D10300006C011CFD
(0946688632.740863) can0 00000001#10000000F5FF0000
(0946688632.741475) can0 00000002#D10300006C011CFD
(0946688632.750286) can0 18FF1080#00000000
(0946688632.750994) can0 00000001#10000000F5FF0000
(0946688632.751548) can0 00000002#D10300006C011CFD
(0946688632.761073) can0 00000001#10000000F5FF0000
(0946688632.761625) can0 00000002#D10300006C011CFD
(0946688632.770276) can0 18FF1080#00000000
(0946688632.771141) can0 00000001#10000000F4FF0000
(0946688632.771724) can0 00000002#D20300006C011CFD
(0946688632.781242) can0 00000001#10000000F4FF0000
(0946688632.781824) can0 00000002#D10300006C011CFD
(0946688632.790256) can0 18FF1080#00000000
(0946688632.791405) can0 00000001#10000000F4FF0000
(0946688632.791985) can0 00000002#D10300006C011CFD
(0946688632.801507) can0 00000001#0C000000F6FF0000
(0946688632.802077) can0 00000002#D10300006C011CFD
(0946688632.804291) can0 18FF00EA#10F9000005007D41
(0946688632.809291) can0 18FF01EA#00007D007D007DFF
(0946688632.810280) can0 18FF1080#00000000
(0946688632.811235) can0 18FF00F7#E0F9000005007D40
(0946688632.811818) can0 00000001#0C000000F6FF0000
(0946688632.812381) can0 00000002#D10300006C011CFD
(0946688632.814373) can0 18FF02EA#00007D007D007DFF
(0946688632.816574) can0 18FF01F7#00007D007D007DFF
(0946688632.821678) can0 18FF02F7#00007D007D007DFF
(0946688632.822247) can0 00000001#0C000000F6FF0000
(0946688632.822800) can0 00000002#D10300006C011CFD
(0946688632.830260) can0 18FF1080#00000000
(0946688632.831764) can0 00000001#0B000000F6FF0000
(0946688632.832338) can0 00000002#D00300006C011CFD
(0946688632.841900) can0 00000001#0B000000F6FF0000
(0946688632.842471) can0 00000002#D00300006C011CFD
(0946688632.850264) can0 18FF1080#00000000
(0946688632.852020) can0 00000001#0C000000F7FF0000
(0946688632.852573) can0 00000002#D00300006C011CFD
(0946688632.862099) can0 00000001#0C000000F7FF0000
(0946688632.862671) can0 00000002#D00300006C011CFD
(0946688632.870287) can0 18FF1080#00000000
(0946688632.872196) can0 00000001#0D000000F7FF0000
(0946688632.872794) can0 00000002#D00300006C011CFD
(0946688632.882320) can0 00000001#0D000000F7FF0000
(0946688632.882849) can0 00000002#D00300006C011CFD
(0946688632.890261) can0 18FF1080#00000000
(0946688632.892396) can0 00000001#0E000000F3FF0000
(0946688632.892985) can0 00000002#D30300006C011CFD
(0946688632.903239) can0 00000001#0F000000F3FF0000
(0946688632.903808) can0 00000002#D20300006C011CFD
(0946688632.904396) can0 18FF00EA#10F9000005007D41
(0946688632.909484) can0 18FF01EA#00007D007D007DFF
(0946688632.910285) can0 18FF1080#00000000
(0946688632.911374) can0 18FF00F7#E0F9000005007D40
(0946688632.913356) can0 00000001#0F000000F3FF0000
(0946688632.913929) can0 00000002#D20300006C011CFD
(0946688632.914672) can0 18FF02EA#00007D007D007DFF
(0946688632.916508) can0 18FF01F7#00007D007D007DFF
(0946688632.921668) can0 18FF02F7#00007D007D007DFF
(0946688632.923442) can0 00000001#0F000000F3FF0000
(0946688632.923998) can0 00000002#D20300006C011CFD
(0946688632.930245) can0 18FF1080#00000000
(0946688632.933566) can0 00000001#0E000000F4FF0000
(0946688632.934115) can0 00000002#D20300006C011CFD
(0946688632.943630) can0 00000001#0E000000F4FF0000
(0946688632.944210) can0 00000002#D20300006C011CFD
(0946688632.950257) can0 18FF1080#00000000
(0946688632.953704) can0 00000001#0E000000F4FF0000
(0946688632.954287) can0 00000002#D10300006C011CFD
(0946688632.963792) can0 00000001#0D000000F5FF0000
(0946688632.964352) can0 00000002#D10300006C011CFD
(0946688632.970280) can0 18FF1080#00000000
(0946688632.973881) can0 00000001#0D000000F5FF0000
(0946688632.974480) can0 00000002#D00300006C011CFD
(0946688632.983980) can0 00000001#0D000000F6FF0000
(0946688632.984562) can0 00000002#D10300006C011CFD
(0946688632.990265) can0 18FF1080#00000000
(0946688632.994120) can0 00000001#0D000000F6FF0000
(0946688632.994700) can0 00000002#D10300006C011CFD
(0946688633.004194) can0 00000001#0E000000F6FF0000
(0946688633.004752) can0 00000002#D10300006C011CFD
(0946688633.005351) can0 18FF00EA#10F9000005007D41
(0946688633.009245) can0 18FF01EA#00007D007D007DFF
(0946688633.010254) can0 18FF1080#00000000
(0946688633.011238) can0 18FF00F7#E0F9000005007D40
(0946688633.014285) can0 00000001#0E000000F6FF0000
(0946688633.014865) can0 00000002#D10300006C011CFD
(0946688633.015470) can0 18FF02EA#00007D007D007DFF
(0946688633.016548) can0 18FF01F7#00007D007D007DFF
(0946688633.021281) can0 18FF02F7#00007D007D007DFF
(0946688633.024371) can0 00000001#0E000000F5FF0000
(0946688633.024967) can0 00000002#D10300006C011CFD
(0946688633.030277) can0 18FF1080#00000000
(0946688633.034444) can0 00000001#0F000000F5FF0000
(0946688633.035010) can0 00000002#D10300006C011CFD
(0946688633.044557) can0 00000001#0F000000F5FF0000
(0946688633.045107) can0 00000002#D20300006C011CFD
(0946688633.050256) can0 18FF1080#00000000
(0946688633.054628) can0 00000001#0F000000F5FF0000
(0946688633.055193) can0 00000002#D20300006C011CFD
(0946688633.064718) can0 00000001#0E000000F4FF0000
(0946688633.065292) can0 00000002#D30300006C011CFD
(0946688633.070257) can0 18FF1080#00000000
(0946688633.074813) can0 00000001#0B000000F4FF0000
(0946688633.075364) can0 00000002#D20300006C011CFD
(0946688633.084912) can0 00000001#0B000000F3FF0000
(0946688633.085493) can0 00000002#D40300006C011BFD
(0946688633.090244) ca