(946688569.010000) can0 18FF01EA#0200030002000300
(946688569.010000) can0 18FF02EA#0200FCFF0200FCFF
(946688569.020000) can0 18FF01EA#0400060004000600
(946688569.020000) can0 18FF02EA#0600000006000000
(946688569.020000) can0 18FF1085#0000000303010003
(946688569.020000) can0 400#0100276528610000
(946688569.020000) can0 401#007E000000000000
(946688569.040000) can0 18FF01EA#0700030007000300
(946688569.040000) can0 18FF02EA#0A00FDFF0A00FDFF
(946688569.040000) can0 18FF1085#0000000307010007
(946688569.040000) can0 400#0101276127670000
(946688569.040000) can0 401#007F000000000000
(946688569.050000) can0 18FF01EA#0A00FFFF0A00FFFF
(946688569.050000) can0 18FF02EA#0C0009000C000900
(946688569.060000) can0 18FF01EA#0D0019000D001900
(946688569.060000) can0 18FF02EA#0C000A000C000A00
(946688569.060000) can0 18FF1085#000000030A01000A
(946688569.060000) can0 400#00012863275F0000
(946688569.060000) can0 401#007E000000000000
(946688569.070000) can0 18FF01EA#0F000E000F000E00
(946688569.070000) can0 18FF02EA#0F00FFFF0F00FFFF
(946688569.090000) can0 18FF01EA#0F0012000F001200
(946688569.090000) can0 18FF02EA#1200FBFF1200FBFF
(946688569.090000) can0 18FF1085#000000030E01000E
(946688569.090000) can0 400#0000286127660000
(946688569.090000) can0 401#007E000000000000
(946688569.110000) can0 18FF01EA#12001F0012001F00
(946688569.110000) can0 18FF02EA#1600180016001800
(946688569.110000) can0 19B30007#00005E20AC800000
(946688569.110000) can0 19B30100#D7D7D7D7D7D7D7D7
(946688569.120000) can0 18FF1085#0000000312010012
(946688569.120000) can0 400#0100276227610000
(946688569.120000) can0 401#007E000000000000
(946688569.130000) can0 18FF01EA#1800110018001100
(946688569.130000) can0 18FF02EA#18001E0018001E00
(946688569.140000) can0 18FF01EA#1600190016001900
(946688569.140000) can0 18FF02EA#1900150019001500
(946688569.140000) can0 18FF1085#0000000314010014
(946688569.140000) can0 400#0100286727640000
(946688569.140000) can0 401#007E000000000000
(946688569.150000) can0 18FF01EA#1900190019001900
(946688569.150000) can0 18FF02EA#1800230018002300
(946688569.160000) can0 18FF01EA#1A0020001A002000
(946688569.160000) can0 18FF02EA#1900150019001500
(946688569.160000) can0 18FF1085#0000000316010016
(946688569.160000) can0 400#0301286128660000
(946688569.160000) can0 401#007E000000000000
(946688569.170000) can0 18FF01EA#1D0015001D001500
(946688569.170000) can0 18FF02EA#1B001C001B001C00
(946688569.180000) can0 18FF01EA#1C002A001C002A00
(946688569.180000) can0 18FF02EA#1E001C001E001C00
(946688569.180000) can0 18FF1085#0000000318010018
(946688569.180000) can0 400#0201286927610000
(946688569.180000) can0 401#007E000000000000
(946688569.190000) can0 18FF01EA#1F001C001F001C00
(946688569.190000) can0 18FF02EA#1D0024001D002400
(946688569.200000) can0 18FF01EA#1D003A001D003A00
(946688569.200000) can0 18FF02EA#1F0037001F003700
(946688569.200000) can0 18FF1085#0000000319010019
(946688569.200000) can0 400#0201286027650000
(946688569.200000) can0 401#007E000000000000
(946688569.210000) can0 18FF01EA#20003F0020003F00
(946688569.210000) can0 18FF02EA#1E0028001E002800
(946688569.210000) can0 19B30007#00005E20AC800000
(946688569.210000) can0 19B30100#D7D7D7D7D7D7D7D7
(946688569.220000) can0 18FF01EA#1F0049001F004900
(946688569.220000) can0 18FF02EA#20002C0020002C00
(946688569.220000) can0 18FF1085#000000031B01001B
(946688569.220000) can0 400#0300286728680000
(946688569.220000) can0 401#007E000000000000
(946688569.230000) can0 18FF01EA#1F0033001F003300
(946688569.230000) can0 18FF02EA#21003A0021003A00
(946688569.240000) can0 18FF01EA#2300400023004000
(946688569.240000) can0 18FF02EA#2100500021005000
(946688569.240000) can0 18FF1085#000000031C01001C
(946688569.240000) can0 400#0200276328660000
(946688569.240000) can0 401#007F000000000000
(946688569.260000) can0 18FF01EA#2200570022005700
(946688569.260000) can0 18FF02EA#23003D0023003D00
(946688569.270000) can0 18FF01EA#25004E0025004E00
(946688569.270000) can0 18FF02EA#23004E0023004E00
(946688569.270000) can0 18FF1085#000000031D01001D
(946688569.270000) can0 400#0404276028640000
(946688569.270000) can0 401#017E000000000000
(946688569.280000) can0 18FF01EA#2500680025006800
(946688569.280000) can0 18FF02EA#2600570026005700
(946688569.290000) can0 18FF01EA#2500510025005100
(946688569.290000) can0 18FF02EA#2600560026005600
(946688569.290000) can0 18FF1085#000000031E01001E
(946688569.290000) can0 400#0504286927650000
(946688569.290000) can0 401#017E000000000000
(946688569.300000) can0 18FF01EA#2600680026006800
(946688569.300000) can0 18FF02EA#2400710024007100
(946688569.310000) can0 18FF01EA#2400630024006300
(946688569.310000) can0 18FF02EA#25006D0025006D00
(946688569.310000) can0 18FF1085#000000031F01001F
(946688569.310000) can0 400#0404276328630000
(946688569.310000) can0 401#007F000000000000
(946688569.310000) can0 19B30007#00005E20AC810000
(946688569.310000) can0 19B30100#D7D7D7D7D7D7D7D7
(946688569.320000) can0 18FF01EA#2600790026007900
(946688569.320000) can0 18FF02EA#2800690028006900
(946688569.330000) can0 18FF01EA#29006D0029006D00
(946688569.330000) can0 18FF02EA#26007B0026007B00
(946688569.330000) can0 18FF1085#0000000320010020
(946688569.330000) can0 400#0303286528640000
(946688569.330000) can0 401#007F000000000000
(946688569.340000) can0 18FF01EA#26006F0026006F00
(946688569.340000) can0 18FF02EA#2900750029007500
(946688569.350000) can0 18FF01EA#26007E0026007E00
(946688569.350000) can0 18FF02EA#28008C0028008C00
(946688569.350000) can0 18FF1085#0000000321010021
(946688569.350000) can0 400#0205286128670000
(946688569.350000) can0 401#007F000000000000
(946688569.360000) can0 18FF01EA#2600860026008600
(946688569.360000) can0 18FF02EA#2800810028008100
(946688569.370000) can0 18FF01EA#2900930029009300
(946688569.370000) can0 18FF02EA#2800710028007100
(946688569.370000) can0 18FF1085#0000000322010022
(946688569.370000) can0 400#0603286628600000
(946688569.370000) can0 401#007E000000000000
(946688569.380000) can0 18FF01EA#28008E0028008E00
(946688569.380000) can0 18FF02EA#2800890028008900
(946688569.390000) can0 18FF01EA#28009C0028009C00
(946688569.390000) can0 18FF02EA#2700A2002700A200
(946688569.390000) can0 18FF1085#0000000322010022
(946688569.390000) can0 400#03052865276A0000
(946688569.390000) can0 401#007E000000000000
(946688569.400000) can0 18FF01EA#2A009F002A009F00
(946688569.400000) can0 18FF02EA#29009C0029009C00
(946688569.410000) can0 18FF01EA#2B0088002B008800
(946688569.410000) can0 18FF02EA#2B00A8002B00A800
(946688569.410000) can0 18FF1085#0000000323010023
(946688569.410000) can0 400#0405286327680000
(946688569.410000) can0 401#007F000000000000
(946688569.410000) can0 19B30007#00005E20AC820000
(946688569.410000) can0 19B30100#D7D7D7D7D7D7D7D7
(946688569.420000) can0 18FF01EA#2A00AE002A00AE00
(946688569.420000) can0 18FF02EA#2A008D002A008D00
(946688569.430000) can0 18FF01EA#2C0097002C009700
(946688569.430000) can0 18FF02EA#29009D0029009D00
(946688569.430000) can0 18FF1085#0000000323010023
(946688569.430000) can0 400#0405286927640000
(946688569.430000) can0 401#007E000000000000
(946688569.440000) can0 18FF01EA#29009A0029009A00
(946688569.440000) can0 18FF02EA#2900A6002900A600
(946688569.450000) can0 18FF01EA#2A00A5002A00A500
(946688569.450000) can0 18FF02EA#2B00A4002B00A400
(946688569.450000) can0 18FF1085#0000000324010024
(946688569.450000) can0 400#0705286728660000
(946688569.450000) can0 401#017F000000000000
(946688569.460000) can0 18FF01EA#2B00B3002B00B300
(946688569.460000) can0 18FF02EA#2B00A2002B00A200
(946688569.470000) can0 18FF01EA#2900C2002900C200
(946688569.470000) can0 18FF02EA#2A00C5002A00C500
(946688569.470000) can0 18FF1085#0000000324010024
(946688569.470000) can0 400#0508276328630000
(946688569.470000) can0 401#017F000000000000
(946688569.480000) can0 18FF01EA#2A00BF002A00BF00
(946688569.480000) can0 18FF02EA#2B00C5002B00C500
(946688569.490000) can0 18FF01EA#2C00C1002C00C100
(946688569.490000) can0 18FF02EA#2B00CE002B00CE00
(946688569.490000) can0 18FF1085#0000000324010024
(946688569.490000) can0 400#0807286628630000
(946688569.490000) can0 401#017F000000000000
(946688569.510000) can0 18FF01EA#2C00CB002C00CB00
(946688569.510000) can0 18FF02EA#2C00D4002C00D400
(946688569.510000) can0 19B30007#00005E20AC840000
(946688569.510000) can0 19B30100#D7D7D7D7D7D7D7D7
(946688569.520000) can0 18FF01EA#2C00DD002C00DD00
(946688569.520000) can0 18FF02EA#2C00D6002C00D600
(946688569.520000) can0 18FF1085#0000000325010025
(946688569.520000) can0 400#0808286A286A0000
(946688569.520000) can0 401#017E000000000000
(946688569.529999) can0 18FF01EA#2E00D8002E00D800
(946688569.529999) can0 18FF02EA#2E00EF002E00EF00
(946688569.539999) can0 18FF01EA#2B00F3002B00F300
(946688569.539999) can0 18FF02EA#2D00F0002D00F000
(946688569.539999) can0 18FF1085#0000000325010025
(946688569.539999) can0 400#0809276628690000
(946688569.539999) can0 401#007F000000000000
(946688569.549999) can0 18FF01EA#2D00DB002D00DB00
(946688569.549999) can0 18FF02EA#2B00E8002B00E800
(946688569.559999) can0 18FF01EA#2E00DB002E00DB00
(946688569.559999) can0 18FF02EA#2D00EE002D00EE00
(946688569.559999) can0 18FF1085#0000000325010025
(946688569.559999) can0 400#0909276528690000
(946688569.559999) can0 401#007F000000000000
(946688569.569999) can0 18FF01EA#2D00FA002D00FA00
(946688569.569999) can0 18FF02EA#2E00F2002E00F200
(946688569.579999) can0 18FF01EA#2C00F4002C00F400
(946688569.579999) can0 18FF02EA#2F00FB002F00FB00
(946688569.579999) can0 18FF1085#0000000325010025
(946688569.579999) can0 400#0708286428640000
(946688569.579999) can0 401#007F000000000000
(946688569.589999) can0 18FF01EA#2D0000012D000001
(946688569.589999) can0 18FF02EA#2E0013012E001301
(946688569.599999) can0 18FF01EA#2C000A012C000A01
(946688569.599999) can0 18FF02EA#2D000C012D000C01
(946688569.599999) can0 18FF1085#0000000326010026
(946688569.599999) can0 400#0A0B286427610000
(946688569.599999) can0 401#017E000000000000
(946688569.609999) can0 18FF01EA#2F0013012F001301
(946688569.609999) can0 18FF02EA#2F0013012F001301
(946688569.609999) can0 19B30007#00005E20AC850000
(946688569.609999) can0 19B30100#D7D7D7D7D7D7D7D7
(946688569.619999) can0 18FF01EA#2E0018012E001801
(946688569.619999) can0 18FF02EA#2D0013012D001301
(946688569.619999) can0 18FF1085#0000000326010026
(946688569.619999) can0 400#08092767276A0000
(946688569.619999) can0 401#017F000000000000
(946688569.629999) can0 18FF01EA#2C0023012C002301
(946688569.629999) can0 18FF02EA#2F0004012F000401
(946688569.639999) can0 18FF01EA#2D0011012D001101
(946688569.639999) can0 18FF02EA#2D002C012D002C01
(946688569.639999) can0 18FF1085#0000000326010026
(946688569.639999) can0 400#090B286228670000
(946688569.639999) can0 401#007F000000000000
(946688569.649999) can0 18FF01EA#2E002E012E002E01
(946688569.649999) can0 18FF02EA#2D002C012D002C01
(946688569.659999) can0 18FF01EA#2D0037012D003701
(946688569.659999) can0 18FF02EA#2F002F012F002F01
(946688569.659999) can0 18FF1085#0000000326010026
(946688569.659999) can0 400#0B09276627620000
(946688569.659999) can0 401#007E000000000000
(946688569.669999) can0 18FF01EA#3000250130002501
(946688569.669999) can0 18FF02EA#2F002E012F002E01
(946688569.679999) can0 18FF01EA#2E0038012E003801
(946688569.679999) can0 18FF02EA#2D0035012D003501
(946688569.679999) can0 18FF1085#0000000326010026
(946688569.679999) can0 400#0B0B276327620000
(946688569.679999) can0 401#007E000000000000
(946688569.689999) can0 18FF01EA#3000410130004101
(946688569.689999) can0 18FF02EA#2F0035012F003501
(946688569.699999) can0 18FF01EA#2C0052012C005201
(946688569.699999) can0 18FF02EA#2E004A012E004A01
(946688569.699999) can0 18FF1085#0000000326010026
(946688569.699999) can0 400#090C276B28660000
(946688569.699999) can0 401#007E000000000000
(946688569.709999) can0 18FF01EA#2D0043012D004301
(946688569.709999) can0 18FF02EA#2E003F012E003F01
(946688569.709999) can0 19B30007#00005E20AC860000
(946688569.709999) can0 19B30100#D7D7D7D7D7D7D7D7
(946688569.719999) can0 18FF01EA#2D004C012D004C01
(946688569.719999) can0 18FF02EA#2E003D012E003D01
(946688569.719999) can0 18FF1085#0000000327010027
(946688569.719999) can0 400#0A0A276B286A0000
(946688569.719999) can0 401#017F000000000000
(946688569.729999) can0 18FF01EA#2E0052012E005201
(946688569.729999) can0 18FF02EA#2F0048012F004801
(946688569.739999) can0 18FF01EA#2E006B012E006B01
(946688569.739999) can0 18FF02EA#2F0052012F005201
(946688569.739999) can0 18FF1085#0000000327010027
(946688569.739999) can0 400#0A0B286A27690000
(946688569.739999) can0 401#007E000000000000
(946688569.749999) can0 18FF01EA#2F0072012F007201
(946688569.749999) can0 18FF02EA#2E0053012E005301
(946688569.759999) can0 18FF01EA#2E005C012E005C01
(946688569.759999) can0 18FF02EA#2E0078012E007801
(946688569.759999) can0 18FF1085#0000000327010027
(946688569.759999) can0 400#0B0C276B27690000
(946688569.759999) can0 401#017F000000000000
(946688569.769999) can0 18FF01EA#3000680130006801
(946688569.769999) can0 18FF02EA#2F0064012F006401
(946688569.779999) can0 18FF01EA#2E0061012E006101
(946688569.779999) can0 18FF02EA#31006B0131006B01
(946688569.779999) can0 18FF1085#0000000327010027
(946688569.779999) can0 400#0E0D2762286B0000
(946688569.779999) can0 401#017E000000000000
(946688569.789999) can0 18FF01EA#2D006E012D006E01
(946688569.789999) can0 18FF02EA#3000840130008401
(946688569.799999) can0 18FF01EA#30008C0130008C01
(946688569.799999) can0 18FF02EA#2F0085012F008501
(946688569.799999) can0 18FF1085#0000000327010027
(946688569.799999) can0 400#0E0F276728690000
(946688569.799999) can0 401#017F000000000000
(946688569.809999) can0 18FF01EA#2E008A012E008A01
(946688569.809999) can0 18FF02EA#2F0072012F007201
(946688569.809999) can0 19B30007#00005E20AC880000
(946688569.809999) can0 19B30100#D7D7D7D7D7D7D7D7
(946688569.819999) can0 18FF01EA#2F0093012F009301
(946688569.819999) can0 18FF02EA#2D0080012D008001
(946688569.819999) can0 18FF1085#0000000327010027
(946688569.819999) can0 400#0C0D296227650000
(946688569.819999) can0 401#007F000000000000
(946688569.829999) can0 18FF01EA#2F00A2012F00A201
(946688569.829999) can0 18FF02EA#2F0097012F009701
(946688569.839999) can0 18FF01EA#2E008D012E008D01
(946688569.839999) can0 18FF02EA#3000810130008101
(946688569.839999) can0 18FF1085#0000000327010027
(946688569.839999) can0 400#100F286227660000
(946688569.839999) can0 401#007E000000000000
(946688569.849999) can0 18FF01EA#31009D0131009D01
(946688569.849999) can0 18FF02EA#30008D0130008D01
(946688569.859999) can0 18FF01EA#2F009D012F009D01
(946688569.859999) can0 18FF02EA#3000900130009001
(946688569.859999) can0 18FF1085#0000000327010027
(946688569.859999) can0 400#100E276528660000
(946688569.859999) can0 401#017F000000000000
(946688569.869999) can0 18FF01EA#2D00B1012D00B101
(946688569.869999) can0 18FF02EA#3100B9013100B901
(946688569.879999) can0 18FF01EA#30009A0130009A01
(946688569.879999) can0 18FF02EA#3000A7013000A701
(946688569.879999) can0 18FF1085#0000000327010027
(946688569.879999) can0 400#0E0F2863276B0000
(946688569.879999) can0 401#017E000000000000
(946688569.889999) can0 18FF01EA#2E00BB012E00BB01
(946688569.889999) can0 18FF02EA#2E00AA012E00AA01
(946688569.899999) can0 18FF01EA#2D00C6012D00C601
(946688569.899999) can0 18FF02EA#3000BA013000BA01
(946688569.899999) can0 18FF1085#0000000327010027
(946688569.899999) can0 400#0F11276528680000
(946688569.899999) can0 401#007F000000000000
(946688569.909999) can0 18FF01EA#3100B4013100B401
(946688569.909999) can0 18FF02EA#3000B5013000B501
(946688569.909999) can0 19B30007#00005E20AC890000
(946688569.909999) can0 19B30100#D7D7D7D7D7D7D7D7
(946688569.919999) can0 18FF01EA#3000CB013000CB01
(946688569.919999) can0 18FF02EA#2F00BA012F00BA01
(946688569.919999) can0 18FF1085#0000000327010027
(946688569.919999) can0 400#1212276327660000
(946688569.919999) can0 401#007F000000000000
(946688569.929999) can0 18FF01EA#3100BF013100BF01
(946688569.929999) can0 18FF02EA#2E00DA012E00DA01
(946688569.939999) can0 18FF01EA#3100D6013100D601
(946688569.939999) can0 18FF02EA#2F00CB012F00CB01
(946688569.939999) can0 18FF1085#0000000327010027
(946688569.939999) can0 400#1110276827640000
(946688569.939999) can0 401#007E000000000000
(946688569.949999) can0 18FF01EA#2E00C2012E00C201
(946688569.949999) can0 18FF02EA#2D00E3012D00E301
(946688569.959999) can0 18FF01EA#3000D9013000D901
(946688569.959999) can0 18FF02EA#3100E7013100E701
(946688569.959999) can0 18FF1085#0000000327010027
(946688569.959999) can0 400#12122865286C0000
(946688569.959999) can0 401#007F000000000000
(946688569.969999) can0 18FF01EA#2E00D5012E00D501
(946688569.969999) can0 18FF02EA#3100DF013100DF01
(946688569.979999) can0 18FF01EA#2D00DD012D00DD01
(946688569.979999) can0 18FF02EA#3000DF013000DF01
(946688569.979999) can0 18FF1085#0000000327010027
(946688569.979999) can0 400#1013276B276B0000
(946688569.979999) can0 401#017E000000000000
(946688569.989999) can0 18FF01EA#2E00F2012E00F201
(946688569.989999) can0 18FF02EA#2E00FD012E00FD01
(946688569.999999) can0 18FF01EA#2E00F1012E00F101
(946688569.999999) can0 18FF02EA#2E00EF012E00EF01
(946688569.999999) can0 18FF1085#0000000327010027
(946688569.999999) can0 400#1312276B28640000
(946688569.999999) can0 401#017E000000000000
(946688570.009999) can0 18FF01EA#3100F1013100F101
(946688570.009999) can0 18FF02EA#3100FA013100FA01
(946688570.009999) can0 19B30007#00005E20AC8A0000
(946688570.009999) can0 19B30100#D7D7D7D7D7D7D7D7
(946688570.019999) can0 18FF01EA#3000FE013000FE01
(946688570.019999) can0 18FF02EA#3000010230000102
(946688570.019999) can0 18FF1085#0000000327010027
(946688570.019999) can0 400#1211276A28680000
(946688570.019999) can0 401#007E000000000000
(946688570.029999) can0 18FF01EA#2F000A022F000A02
(946688570.029999) can0 18FF02EA#31000F0231000F02
(946688570.039999) can0 18FF01EA#2F0012022F001202
(946688570.039999) can0 18FF02EA#3000110230001102
(946688570.039999) can0 18FF1085#0000000327010027
(946688570.039999) can0 400#11122866276C0000
(946688570.039999) can0 401#007F000000000000
(946688570.049999) can0 18FF01EA#3000FB013000FB01
(946688570.049999) can0 18FF02EA#3100FC013100FC01
(946688570.059999) can0 18FF01EA#3100060231000602
(946688570.059999) can0 18FF02EA#3100230231002302
(946688570.059999) can0 18FF1085#0000000327010027
(946688570.059999) can0 400#1312276428690000
(946688570.059999) can0 401#007E000000000000
(946688570.069999) can0 18FF01EA#2F0011022F001102
(946688570.069999) can0 18FF02EA#2E0011022E001102
(946688570.079999) can0 18FF01EA#2D0029022D002902
(946688570.079999) can0 18FF02EA#3000250230002502
(946688570.079999) can0 18FF1085#0000000327010027
(946688570.079999) can0 400#1415286B27670000
(946688570.079999) can0 401#007F000000000000
(946688570.089999) can0 18FF01EA#3100200231002002
(946688570.089999) can0 18FF02EA#2F0013022F001302
(946688570.099999) can0 18FF01EA#2F002D022F002D02
(946688570.099999) can0 18FF02EA#30001C0230001C02
(946688570.099999) can0 18FF1085#0000000327010027
(946688570.099999) can0 400#1414286928660000
(946688570.099999) can0 401#007E000000000000
(946688570.109999) can0 18FF01EA#31002C0231002C02
(946688570.109999) can0 18FF02EA#3100390231003902
(946688570.109999) can0 19B30007#00005E20AC8B0000
(946688570.109999) can0 19B30100#D7D7D7D7D7D7D7D7
(946688570.119999) can0 18FF01EA#2E0026022E002602
(946688570.119999) can0 18FF02EA#3000430230004302
(946688570.119999) can0 18FF1085#0000000327010027
(946688570.119999) can0 400#1516286627650000
(946688570.119999) can0 401#017F000000000000
(946688570.129999) can0 18FF01EA#3000330230003302
(946688570.129999) can0 18FF02EA#3000430230004302
(946688570.139999) can0 18FF01EA#30003D0230003D02
(946688570.139999) can0 18FF02EA#2E0053022E005302
(946688570.139999) can0 18FF1085#0000000327010027
(946688570.139999) can0 400#1613276428690000
(946688570.139999) can0 401#017F000000000000
(946688570.149999) can0 18FF01EA#3000460230004602
(946688570.149999) can0 18FF02EA#3100350231003502
(946688570.159999) can0 18FF01EA#30003F0230003F02
(946688570.159999) can0 18FF02EA#3000430230004302
(946688570.159999) can0 18FF1085#0000000327010027
(946688570.159999) can0 400#1415286D28670000
(946688570.159999) can0 401#017E000000000000
(946688570.169999) can0 18FF01EA#3100550231005502
(946688570.169999) can0 18FF02EA#2E0054022E005402
(946688570.179999) can0 18FF01EA#2F0048022F004802
(946688570.179999) can0 18FF02EA#3000490230004902
(946688570.179999) can0 18FF1085#0000000327010027
(946688570.179999) can0 400#15142866286D0000
(946688570.179999) can0 401#007E000000000000
(946688570.189999) can0 18FF01EA#30004B0230004B02
(946688570.189999) can0 18FF02EA#3000650230006502
(946688570.199999) can0 18FF01EA#3000560230005602
(946688570.199999) can0 18FF02EA#2E0076022E007602
(946688570.199999) can0 18FF1085#0000000327010027
(946688570.199999) can0 400#1814286B286C0000
(946688570.199999) can0 401#007E000000000000
(946688570.209999) can0 18FF01EA#2F005E022F005E02
(946688570.209999) can0 18FF02EA#2F0059022F005902
(946688570.209999) can0 19B30007#00005E20AC8D0000
(946688570.209999) can0 19B30100#D7D7D7D7D7D7D7D7
(946688570.219999) can0 18FF01EA#2D007A022D007A02
(946688570.219999) can0 18FF02EA#2E0081022E008102
(946688570.219999) can0 18FF1085#0000000327010027
(946688570.219999) can0 400#1816286B27660000
(946688570.219999) can0 401#017E000000000000
(946688570.229999) can0 18FF01EA#2F0073022F007302
(946688570.229999) can0 18FF02EA#30006C0230006C02
(946688570.239999) can0 18FF01EA#3000720230007202
(946688570.239999) can0 18FF02EA#2E0069022E006902
(946688570.239999) can0 18FF1085#0000000327010027
(946688570.239999) can0 400#1515276A28680000
(946688570.239999) can0 401#007F000000000000
(946688570.249999) can0 18FF01EA#2F008E022F008E02
(946688570.249999) can0 18FF02EA#2E0088022E008802
(946688570.259999) can0 18FF01EA#2F0077022F007702
(946688570.259999) can0 18FF02EA#3000980230009802
(946688570.259999) can0 18FF1085#0000000327010027
(946688570.259999) can0 400#1815276E27640000
(946688570.259999) can0 401#017F000000000000
(946688570.269999) can0 18FF01EA#30008F0230008F02
(946688570.269999) can0 18FF02EA#31009D0231009D02
(946688570.279999) can0 18FF01EA#2F009D022F009D02
(946688570.279999) can0 18FF02EA#2F009D022F009D02
(946688570.279999) can0 18FF1085#0000000327010027
(946688570.279999) can0 400#1716276C28670000
(946688570.279999) can0 401#017E000000000000
(946688570.289999) can0 18FF01EA#2D008E022D008E02
(946688570.289999) can0 18FF02EA#30008E0230008E02
(946688570.299999) can0 18FF01EA#3000AB023000AB02
(946688570.299999) can0 18FF02EA#2E009C022E009C02
(946688570.299999) can0 18FF1085#0000000327010027
(946688570.299999) can0 400#1619286E276C0000
(946688570.299999) can0 401#007F000000000000
(946688570.309999) can0 18FF01EA#2F00A9022F00A902
(946688570.309999) can0 18FF02EA#2F00A9022F00A902
(946688570.309999) can0 19B30007#00005E20AC8E0000
(946688570.309999) can0 19B30100#D7D7D7D7D7D7D7D7
(946688570.319999) can0 18FF01EA#31009F0231009F02
(946688570.319999) can0 18FF02EA#3100B1023100B102
(946688570.319999) can0 18FF1085#0000000327010027
(946688570.319999) can0 400#1616286D27690000
(946688570.319999) can0 401#007E000000000000
(946688570.329999) can0 18FF01EA#2F0097022F009702
(946688570.329999) can0 18FF02EA#2F009A022F009A02
(946688570.339999) can0 18FF01EA#2F00BC022F00BC02
(946688570.339999) can0 18FF02EA#31009C0231009C02
(946688570.339999) can0 18FF1085#0000000327010027
(946688570.339999) can0 400#1A18276927680000
(946688570.339999) can0 401#007E000000000000
(946688570.349999) can0 18FF01EA#2D00A9022D00A902
(946688570.349999) can0 18FF02EA#2E00C6022E00C602
(946688570.359999) can0 18FF01EA#3000AC023000AC02
(946688570.359999) can0 18FF02EA#3100A8023100A802
(946688570.359999) can0 18FF1085#0000000327010027
(946688570.359999) can0 400#191A2867286C0000
(946688570.359999) can0 401#007E000000000000
(946688570.369999) can0 18FF01EA#3100AF023100AF02
(946688570.369999) can0 18FF02EA#3000BC023000BC02
(946688570.379999) can0 18FF01EA#3100D0023100D002
(946688570.379999) can0 18FF02EA#3100CC023100CC02
(946688570.379999) can0 18FF1085#0000000327010027
(946688570.379999) can0 400#1A1B276D286D0000
(946688570.379999) can0 401#017F000000000000
(946688570.389999) can0 18FF01EA#2F00BB022F00BB02
(946688570.389999) can0 18FF02EA#2E00C7022E00C702
(946688570.399999) can0 18FF01EA#2F00CE022F00CE02
(946688570.399999) can0 18FF02EA#2F00C1022F00C102
(946688570.399999) can0 18FF1085#0000000327010027
(946688570.399999) can0 400#1B19276E286C0000
(946688570.399999) can0 401#007E000000000000
(946688570.409999) can0 18FF01EA#3100C6023100C602
(946688570.409999) can0 18FF02EA#2E00E2022E00E202
(946688570.409999) can0 19B30007#00005E20AC8F0000
(946688570.409999) can0 19B30100#D7D7D7D7D7D7D7D7
(946688570.419999) can0 18FF01EA#3100CA023100CA02
(946688570.419999) can0 18FF02EA#2E00ED022E00ED02
(946688570.419999) can0 18FF1085#0000000327010027
(946688570.419999) can0 400#1B19276B27690000
(946688570.419999) can0 401#007F000000000000
(946688570.429999) can0 18FF01EA#2F00DF022F00DF02
(946688570.429999) can0 18FF02EA#2F00E7022F00E702
(946688570.439999) can0 18FF01EA#3100EC023100EC02
(946688570.439999) can0 18FF02EA#2E00E2022E00E202
(946688570.439999) can0 18FF1085#0000000327010027
(946688570.439999) can0 400#1C1C286B276D0000
(946688570.439999) can0 401#007F000000000000
(946688570.449999) can0 18FF01EA#3000F3023000F302
(946688570.449999) can0 18FF02EA#2E00E1022E00E102
(946688570.459999) can0 18FF01EA#2E00F6022E00F602
(946688570.459999) can0 18FF02EA#2F00DE022F00DE02
(946688570.459999) can0 18FF1085#0000000327010027
(946688570.459999) can0 400#1C19286D286C0000
(946688570.459999) can0 401#007E000000000000
(946688570.469999) can0 18FF01EA#2E00E3022E00E302
(946688570.469999) can0 18FF02EA#3100EA023100EA02
(946688570.479999) can0 18FF01EA#2F00EA022F00EA02
(946688570.479999) can0 18FF02EA#3000E9023000E902
(946688570.479999) can0 18FF1085#0000000327010027
(946688570.479999) can0 400#1B1B276927670000
(946688570.479999) can0 401#007E000000000000
(946688570.489999) can0 18FF01EA#2F0013032F001303
(946688570.489999) can0 18FF02EA#2F00EF022F00EF02
(946688570.499999) can0 18FF01EA#3100020331000203
(946688570.499999) can0 18FF02EA#3000000330000003
(946688570.499999) can0 18FF1085#0000000327010027
(946688570.499999) can0 400#1A1B276928680000
(946688570.499999) can0 401#007E000000000000
(946688570.509999) can0 18FF01EA#2F0003032F000303
(946688570.509999) can0 18FF02EA#3000160330001603
(946688570.509999) can0 19B30007#00005E20AC900000
(946688570.509999) can0 19B30100#D7D7D7D7D7D7D7D7
(946688570.519999) can0 18FF01EA#2F0007032F000703
(946688570.519999) can0 18FF02EA#30000E0330000E03
(946688570.519999) can0 18FF1085#0000000327010027
(946688570.519999) can0 400#1D1A286C286B0000
(946688570.519999) can0 401#007F000000000000
(946688570.529999) can0 18FF01EA#2F001C032F001C03
(946688570.529999) can0 18FF02EA#2E0020032E002003
(946688570.539999) can0 18FF01EA#2F001F032F001F03
(946688570.539999) can0 18FF02EA#3000100330001003
(946688570.539999) can0 18FF1085#0000000327010027
(946688570.539999) can0 400#1D1D286E286A0000
(946688570.539999) can0 401#007F000000000000
(946688570.549999) can0 18FF01EA#2E0031032E003103
(946688570.549999) can0 18FF02EA#2F0019032F001903
(946688570.559999) can0 18FF01EA#2F0026032F002603
(946688570.559999) can0 18FF02EA#3100330331003303
(946688570.559999) can0 18FF1085#0000000327010027
(946688570.559999) can0 400#1D1D286A286F0000
(946688570.559999) can0 401#007F000000000000
(946688570.569999) can0 18FF01EA#2E0019032E001903
(946688570.569999) can0 18FF02EA#30003A0330003A03
(946688570.579998) can0 18FF01EA#2E003D032E003D03
(946688570.579998) can0 18FF02EA#30002B0330002B03
(946688570.579998) can0 18FF1085#0000000327010027
(946688570.579998) can0 400#1C1B286D28670000
(946688570.579998) can0 401#007E000000000000
(946688570.589998) can0 18FF01EA#2E002F032E002F03
(946688570.589998) can0 18FF02EA#31002E0331002E03
(946688570.599998) can0 18FF01EA#31002B0331002B03
(946688570.599998) can0 18FF02EA#2F0040032F004003
(946688570.599998) can0 18FF1085#0000000327010027
(946688570.599998) can0 400#1F1E276B27680000
(946688570.599998) can0 401#007E000000000000
(946688570.609998) can0 18FF01EA#2E0040032E004003
(946688570.609998) can0 18FF02EA#2F0048032F004803
(946688570.609998) can0 19B30007#00005E20AC910000
(946688570.609998) can0 19B30100#D7D7D7D7D7D7D7D7
(946688570.619998) can0 18FF01EA#2E0036032E003603
(946688570.619998) can0 18FF02EA#3100410331004103
(946688570.619998) can0 18FF1085#0000000327010027
(946688570.619998) can0 400#1E1F2767286E0000
(946688570.619998) can0 401#007F000000000000
(946688570.629998) can0 18FF01EA#2E0040032E004003
(946688570.629998) can0 18FF02EA#30004C0330004C03
(946688570.639998) can0 18FF01EA#30005B0330005B03
(946688570.639998) can0 18FF02EA#2F0046032F004603
(946688570.639998) can0 18FF1085#0000000327010027
(946688570.639998) can0 400#1F1D296E286C0000
(946688570.639998) can0 401#007F000000000000
(946688570.649998) can0 18FF01EA#3100560331005603
(946688570.649998) can0 18FF02EA#3100450331004503
(946688570.659998) can0 18FF01EA#3000460330004603
(946688570.659998) can0 18FF02EA#3000490330004903
(946688570.659998) can0 18FF1085#0000000327010027
(946688570.659998) can0 400#1F1D286A286C0000
(946688570.659998) can0 401#017E000000000000
(946688570.669998) can0 18FF01EA#2F006C032F006C03
(946688570.669998) can0 18FF02EA#3100660331006603
(946688570.679998) can0 18FF01EA#2F006B032F006B03
(946688570.679998) can0 18FF02EA#31006B0331006B03
(946688570.679998) can0 18FF1085#0000000327010027
(946688570.679998) can0 400#1E1E286627690000
(946688570.679998) can0 401#007F000000000000
(946688570.689998) can0 18FF01EA#3000590330005903
(946688570.689998) can0 18FF02EA#3000580330005803
(946688570.699998) can0 18FF01EA#31005B0331005B03
(946688570.699998) can0 18FF02EA#2F005C032F005C03
(946688570.699998) can0 18FF1085#0000000327010027
(946688570.699998) can0 400#211E276B276D0000
(946688570.699998) can0 401#007F000000000000
(946688570.709998) can0 18FF01EA#31005E0331005E03
(946688570.709998) can0 18FF02EA#2F005C032F005C03
(946688570.709998) can0 19B30007#00005E20AC920000
(946688570.709998) can0 19B30100#D7D7D7D7D7D7D7D7
(946688570.719998) can0 18FF01EA#2F0075032F007503
(946688570.719998) can0 18FF02EA#30007C0330007C03
(946688570.719998) can0 18FF1085#0000000327010027
(946688570.719998) can0 400#1F1E277028700000
(946688570.719998) can0 401#007E000000000000
(946688570.729998) can0 18FF01EA#2E006C032E006C03
(946688570.729998) can0 18FF02EA#30008B0330008B03
(946688570.739998) can0 18FF01EA#30007E0330007E03
(946688570.739998) can0 18FF02EA#3100820331008203
(946688570.739998) can0 18FF1085#0000000327010027
(946688570.739998) can0 400#201F286C28690000
(946688570.739998) can0 401#017F000000000000
(946688570.749998) can0 18FF01EA#30007B0330007B03
(946688570.749998) can0 18FF02EA#31007A0331007A03
(946688570.759998) can0 18FF01EA#30008D0330008D03
(946688570.759998) can0 18FF02EA#2E008D032E008D03
(946688570.759998) can0 18FF1085#0000000327010027
(946688570.759998) can0 400#211F296F286E0000
(946688570.759998) can0 401#007F000000000000
(946688570.769998) can0 18FF01EA#3000920330009203
(946688570.769998) can0 18FF02EA#2F0086032F008603
(946688570.779998) can0 18FF01EA#3100990331009903
(946688570.779998) can0 18FF02EA#3000A0033000A003
(946688570.779998) can0 18FF1085#0000000327010027
(946688570.779998) can0 400#2121276B286F0000
(946688570.779998) can0 401#017E000000000000
(946688570.789998) can0 18FF01EA#2F00A4032F00A403
(946688570.789998) can0 18FF02EA#2F009B032F009B03
(946688570.799998) can0 18FF01EA#2E009B032E009B03
(946688570.799998) can0 18FF02EA#3100880331008803
(946688570.799998) can0 18FF1085#0000000327010027
(946688570.799998) can0 400#2022276C28680000
(946688570.799998) can0 401#007F000000000000
(946688570.809998) can0 18FF01EA#2E0099032E009903
(946688570.809998) can0 18FF02EA#2F009C032F009C03
(946688570.809998) can0 19B30007#00005E20AC930000
(946688570.809998) can0 19B30100#D7D7D7D7D7D7D7D7
(946688570.819998) can0 18FF01EA#2E0099032E009903
(946688570.819998) can0 18FF02EA#2F00B6032F00B603
(946688570.819998) can0 18FF1085#0000000327010027
(946688570.819998) can0 400#2123286F28680000
(946688570.819998) can0 401#007E000000000000
(946688570.829998) can0 18FF01EA#2F00A9032F00A903
(946688570.829998) can0 18FF02EA#31009A0331009A03
(946688570.839998) can0 18FF01EA#2E00BE032E00BE03
(946688570.839998) can0 18FF02EA#31009E0331009E03
(946688570.839998) can0 18FF1085#0000000327010027
(946688570.839998) can0 400#2320276C276E0000
(946688570.839998) can0 401#007E000000000000
(946688570.849998) can0 18FF01EA#3100A9033100A903
(946688570.849998) can0 18FF02EA#2F00BF032F00BF03
(946688570.859998) can0 18FF01EA#2F00A5032F00A503
(946688570.859998) can0 18FF02EA#3100C2033100C203
(946688570.859998) can0 18FF1085#0000000327010027
(946688570.859998) can0 400#20222868286A0000
(946688570.859998) can0 401#007E000000000000
(946688570.869998) can0 18FF01EA#2E00CD032E00CD03
(946688570.869998) can0 18FF02EA#3100B4033100B403
(946688570.879998) can0 18FF01EA#3000BA033000BA03
(946688570.879998) can0 18FF02EA#2F00C7032F00C703
(946688570.879998) can0 18FF1085#0000000327010027
(946688570.879998) can0 400#2122286B286C0000
(946688570.879998) can0 401#017E000000000000
(946688570.889998) can0 18FF01EA#2E00B9032E00B903
(946688570.889998) can0 18FF02EA#3100BE033100BE03
(946688570.899998) can0 18FF01EA#3100CC033100CC03
(946688570.899998) can0 18FF02EA#3000CD033000CD03
(946688570.899998) can0 18FF1085#0000000327010027
(946688570.899998) can0 400#2324276A286A0000
(946688570.899998) can0 401#007F000000000000
(946688570.909998) can0 18FF01EA#2F00CC032F00CC03
(946688570.909998) can0 18FF02EA#2F00DE032F00DE03
(946688570.909998) can0 19B30007#00005E20AB940000
(946688570.909998) can0 19B30100#D6D6D6D6D6D6D6D6
(946688570.919998) can0 18FF01EA#2E00CB032E00CB03
(946688570.919998) can0 18FF02EA#2F00DC032F00DC03
(946688570.919998) can0 18FF1085#0000000327010027
(946688570.919998) can0 400#2223276B276E0000
(946688570.919998) can0 401#007F000000000000
(946688570.929998) can0 18FF01EA#2E00E4032E00E403
(946688570.929998) can0 18FF02EA#3000DF033000DF03
(946688570.939998) can0 18FF01EA#3000E0033000E003
(946688570.939998) can0 18FF02EA#2F00D2032F00D203
(946688570.939998) can0 18FF1085#0000000327010027
(946688570.939998) can0 400#24242768286D0000
(946688570.939998) can0 401#007F000000000000
(946688570.949998) can0 18FF01EA#3000E5033000E503
(946688570.949998) can0 18FF02EA#2E00D6032E00D603
(946688570.959998) can0 18FF01EA#2E00E8032E00E803
(946688570.959998) can0 18FF02EA#2E00E2032E00E203
(946688570.959998) can0 18FF1085#0000000327010027
(946688570.959998) can0 400#25232869286A0000
(946688570.959998) can0 401#007F000000000000
(946688570.969998) can0 18FF01EA#2E00DE032E00DE03
(946688570.969998) can0 18FF02EA#3100E3033100E303
(946688570.979998) can0 18FF01EA#3000F9033000F903
(946688570.979998) can0 18FF02EA#3100E4033100E403
(946688570.979998) can0 18FF1085#0000000327010027
(946688570.979998) can0 400#2524276827690000
(946688570.979998) can0 401#017E000000000000
(946688570.989998) can0 18FF01EA#3100F7033100F703
(946688570.989998) can0 18FF02EA#2E00E4032E00E403
(946688571.009998) can0 18FF01EA#2E00F5032E00F503
(946688571.009998) can0 18FF02EA#3100EF033100EF03
(946688571.009998) can0 18FF1085#0000000327010027
(946688571.009998) can0 400#2424276D286C0000
(946688571.009998) can0 401#007E000000000000
(946688571.019998) can0 19B30007#00005E20AB950000
(946688571.019998) can0 19B30100#D6D6D6D6D6D6D6D6
(946688571.029998) can0 18FF01EA#3100F2033100F203
(946688571.029998) can0 18FF02EA#3100FD033100FD03
(946688571.039998) can0 18FF1085#0000000327010027
(946688571.039998) can0 400#2625276B296B0000
(946688571.039998) can0 401#007F000000000000
(946688571.049998) can0 18FF01EA#2F0002042F000204
(946688571.049998) can0 18FF02EA#2E0015042E001504
(946688571.069998) can0 18FF01EA#2F0024042F002404
(946688571.069998) can0 18FF02EA#30001B0430001B04
(946688571.069998) can0 18FF1085#0000000327010027
(946688571.069998) can0 400#2527286F276D0000
(946688571.069998) can0 401#007F000000000000
(946688571.089998) can0 18FF01EA#2F0031042F003104
(946688571.089998) can0 18FF02EA#2E001E042E001E04
(946688571.099998) can0 18FF1085#0000000327010027
(946688571.099998) can0 400#26242871286F0000
(946688571.099998) can0 401#017E000000000000
(946688571.109998) can0 18FF01EA#2F0031042F003104
(946688571.109998) can0 18FF02EA#2E001F042E001F04
(946688571.129998) can0 18FF01EA#2E0034042E003404
(946688571.129998) can0 18FF02EA#31001D0431001D04
(946688571.129998) can0 18FF1085#0000000327010027
(946688571.129998) can0 400#2526276A276B0000
(946688571.129998) can0 401#017E000000000000
(946688571.129998) can0 19B30007#00005E20AB960000
(946688571.129998) can0 19B30100#D6D6D6D6D6D6D6D6
(946688571.149998) can0 18FF01EA#2E003B042E003B04
(946688571.149998) can0 18FF02EA#2F0048042F004804
(946688571.159998) can0 18FF1085#0000000327010027
(946688571.159998) can0 400#2727287228700000
(946688571.159998) can0 401#017E000000000000
(946688571.169998) can0 18FF01EA#2E0049042E004904
(946688571.169998) can0 18FF02EA#2F002C042F002C04
(946688571.189998) can0 18FF01EA#3000350430003504
(946688571.189998) can0 18FF02EA#3100450431004504
(946688571.189998) can0 18FF1085#0000000327010027
(946688571.189998) can0 400#2729276A286C0000
(946688571.189998) can0 401#007E000000000000
(946688571.209998) can0 18FF01EA#2E0048042E004804
(946688571.209998) can0 18FF02EA#2F003D042F003D04
(946688571.219998) can0 18FF1085#0000000327010027
(946688571.219998) can0 400#2728286F286F0000
(946688571.219998) can0 401#007E000000000000
(946688571.229998) can0 18FF01EA#31006C0431006C04
(946688571.229998) can0 18FF02EA#2E0066042E006604
(946688571.239998) can0 19B30007#00005E20AB970000
(946688571.239998) can0 19B30100#D6D6D6D6D6D6D6D6
(946688571.249998) can0 18FF01EA#30006B0430006B04
(946688571.249998) can0 18FF02EA#31006D0431006D04
(946688571.249998) can0 18FF1085#0000000327010027
(946688571.249998) can0 400#2827276C29710000
(946688571.249998) can0 401#007E000000000000
(946688571.269998) can0 18FF01EA#2E005C042E005C04
(946688571.269998) can0 18FF02EA#2F0057042F005704
(946688571.279998) can0 18FF1085#0000000327010027
(946688571.279998) can0 400#272B2872286A0000
(946688571.279998) can0 401#007E000000000000
(946688571.289998) can0 18FF01EA#2F006E042F006E04
(946688571.289998) can0 18FF02EA#3100680431006804
(946688571.309998) can0 18FF01EA#31008B0431008B04
(946688571.309998) can0 18FF02EA#3100890431008904
(946688571.309998) can0 18FF1085#0000000327010027
(946688571.309998) can0 400#2A28286A276F0000
(946688571.309998) can0 401#017F000000000000
(946688571.329998) can0 18FF01EA#2E008D042E008D04
(946688571.329998) can0 18FF02EA#2E0095042E009504
(946688571.339998) can0 18FF1085#0000000327010027
(946688571.339998) can0 400#2828286A296D0000
(946688571.339998) can0 401#007F000000000000
(946688571.349998) can0 18FF01EA#3100790431007904
(946688571.349998) can0 18FF02EA#2F008B042F008B04
(946688571.349998) can0 19B30007#00005E20AB980000
(946688571.349998) can0 19B30100#D6D6D6D6D6D6D6D6
(946688571.369998) can0 18FF01EA#3000930430009304
(946688571.369998) can0 18FF02EA#3100920431009204
(946688571.369998) can0 18FF1085#0000000327010027
(946688571.369998) can0 400#2B2B286C286D0000
(946688571.369998) can0 401#007F000000000000
(946688571.389998) can0 18FF01EA#2E0095042E009504
(946688571.389998) can0 18FF02EA#2E009A042E009A04
(946688571.399998) can0 18FF1085#0000000327010027
(946688571.399998) can0 400#2B2C286929730000
(946688571.399998) can0 401#007F000000000000
(946688571.409998) can0 18FF01EA#3000AA043000AA04
(946688571.409998) can0 18FF02EA#2F00B1042F00B104
(946688571.429998) can0 18FF01EA#2E00AF042E00AF04
(946688571.429998) can0 18FF02EA#2F00B5042F00B504
(946688571.429998) can0 18FF1085#0000000327010027
(946688571.429998) can0 400#2C2C276C286A0000
(946688571.429998) can0 401#017E000000000000
(946688571.449998) can0 18FF01EA#2E00B7042E00B704
(946688571.449998) can0 18FF02EA#3100C1043100C104
(946688571.459998) can0 18FF1085#0000000327010027
(946688571.459998) can0 400#2C2A286A27710000
(946688571.459998) can0 401#007F000000000000
(946688571.459998) can0 19B30007#00005E20AB990000
(946688571.459998) can0 19B30100#D6D6D6D6D6D6D6D6
(946688571.469998) can0 18FF01EA#3100AA043100AA04
(946688571.469998) can0 18FF02EA#2E00B9042E00B904
(946688571.489998) can0 18FF01EA#2F00BF042F00BF04
(946688571.489998) can0 18FF02EA#3000CF043000CF04
(946688571.489998) can0 18FF1085#0000000327010027
(946688571.489998) can0 400#2D2D286A28710000
(946688571.489998) can0 401#017E000000000000
(946688571.509998) can0 18FF01EA#2F00C7042F00C704
(946688571.509998) can0 18FF02EA#3000BB043000BB04
(946688571.519998) can0 18FF1085#0000000327010027
(946688571.519998) can0 400#2C2C286E28710000
(946688571.519998) can0 401#017F000000000000
(946688571.529998) can0 18FF01EA#3000CD043000CD04
(946688571.529998) can0 18FF02EA#3000D4043000D404
(946688571.549998) can0 18FF01EA#3100DE043100DE04
(946688571.549998) can0 18FF02EA#2E00DF042E00DF04
(946688571.549998) can0 18FF1085#0000000327010027
(946688571.549998) can0 400#2D2B286A286A0000
(946688571.549998) can0 401#007E000000000000
(946688571.569998) can0 18FF01EA#3000D5043000D504
(946688571.569998) can0 18FF02EA#3000E9043000E904
(946688571.569998) can0 19B30007#00005E20AB9A0000
(946688571.569998) can0 19B30100#D6D6D6D6D6D6D6D6
(946688571.579998) can0 18FF1085#0000000327010027
(946688571.579998) can0 400#2C2F2773286E0000
(946688571.579998) can0 401#007F000000000000
(946688571.589998) can0 18FF01EA#2E00EC042E00EC04
(946688571.589998) can0 18FF02EA#2E00D4042E00D404
(946688571.609998) can0 18FF01EA#2F00E2042F00E204
(946688571.609998) can0 18FF02EA#2E00ED042E00ED04
(946688571.609998) can0 18FF1085#0000000327010027
(946688571.609998) can0 400#2F2C2771276B0000
(946688571.609998) can0 401#017E000000000000
(946688571.629997) can0 18FF01EA#2E00FF042E00FF04
(946688571.629997) can0 18FF02EA#2E00DF042E00DF04
(946688571.639997) can0 18FF1085#0000000327010027
(946688571.639997) can0 400#2D2E287028730000
(946688571.639997) can0 401#007E000000000000
(946688571.649997) can0 18FF01EA#3000FD043000FD04
(946688571.649997) can0 18FF02EA#2F0007052F000705
(946688571.669997) can0 18FF01EA#2E0004052E000405
(946688571.669997) can0 18FF02EA#3000030530000305
(946688571.669997) can0 18FF1085#0000000327010027
(946688571.669997) can0 400#2F2F287427700000
(946688571.669997) can0 401#007E000000000000
(946688571.679997) can0 19B30007#00005E20AB9B0000
(946688571.679997) can0 19B30100#D6D6D6D6D6D6D6D6
(946688571.689997) can0 18FF01EA#2E00FA042E00FA04
(946688571.689997) can0 18FF02EA#3100020531000205
(946688571.699997) can0 18FF1085#0000000327010027
(946688571.699997) can0 400#2F2F276E276F0000
(946688571.699997) can0 401#007E000000000000
(946688571.709997) can0 18FF01EA#2E0019052E001905
(946688571.709997) can0 18FF02EA#31000B0531000B05
(946688571.729997) can0 18FF01EA#2E0018052E001805
(946688571.729997) can0 18FF02EA#30001A0530001A05
(946688571.729997) can0 18FF1085#0000000327010027
(946688571.729997) can0 400#2D2D286D286C0000
(946688571.729997) can0 401#007F000000000000
(946688571.749997) can0 18FF01EA#3000080530000805
(946688571.749997) can0 18FF02EA#2E002E052E002E05
(946688571.759997) can0 18FF1085#0000000327010027
(946688571.759997) can0 400#2E2D2773296C0000
(946688571.759997) can0 401#017F000000000000
(946688571.769997) can0 18FF01EA#2F0031052F003105
(946688571.769997) can0 18FF02EA#2E0017052E001705
(946688571.789997) can0 18FF01EA#2F003C052F003C05
(946688571.789997) can0 18FF02EA#2F0025052F002505
(946688571.789997) can0 18FF1085#0000000327010027
(946688571.789997) can0 400#312F276E276D0000
(946688571.789997) can0 401#007F000000000000
(946688571.789997) can0 19B30007#00005E20AB9B0000
(946688571.789997) can0 19B30100#D6D6D6D6D6D6D6D6
(946688571.809997) can0 18FF01EA#31002E0531002E05
(946688571.809997) can0 18FF02EA#3000330530003305
(946688571.819997) can0 18FF1085#0000000327010027
(946688571.819997) can0 400#322F2772276E0000
(946688571.819997) can0 401#007F000000000000
(946688571.829997) can0 18FF01EA#2E0026052E002605
(946688571.829997) can0 18FF02EA#3100270531002705
(946688571.849997) can0 18FF01EA#2E004D052E004D05
(946688571.849997) can0 18FF02EA#3100390531003905
(946688571.849997) can0 18FF1085#0000000327010027
(946688571.849997) can0 400#3131276E28720000
(946688571.849997) can0 401#007E000000000000
(946688571.869997) can0 18FF01EA#3100460531004605
(946688571.869997) can0 18FF02EA#3000440530004405
(946688571.879997) can0 18FF1085#0000000327010027
(946688571.879997) can0 400#3130286B27700000
(946688571.879997) can0 401#007F000000000000
(946688571.889997) can0 18FF01EA#2E004A052E004A05
(946688571.889997) can0 18FF02EA#2E0059052E005905
(946688571.899997) can0 19B30007#00005E20AB9C0000
(946688571.899997) can0 19B30100#D6D6D6D6D6D6D6D6
(946688571.909997) can0 18FF01EA#2E0040052E004005
(946688571.909997) can0 18FF02EA#2F0051052F005105
(946688571.909997) can0 18FF1085#0000000327010027
(946688571.909997) can0 400#3231276D28720000
(946688571.909997) can0 401#017F000000000000
(946688571.929997) can0 18FF01EA#31004D0531004D05
(946688571.929997) can0 18FF02EA#2F0060052F006005
(946688571.939997) can0 18FF1085#0000000327010027
(946688571.939997) can0 400#30322772286D0000
(946688571.939997) can0 401#007F000000000000
(946688571.949997) can0 18FF01EA#2F005A052F005A05
(946688571.949997) can0 18FF02EA#3000680530006805
(946688571.969997) can0 18FF01EA#2F0066052F006605
(946688571.969997) can0 18FF02EA#3000570530005705
(946688571.969997) can0 18FF1085#0000000327010027
(946688571.969997) can0 400#3130286F29740000
(946688571.969997) can0 401#017F000000000000
(946688571.989997) can0 18FF01EA#3100660531006605
(946688571.989997) can0 18FF02EA#3000760530007605
(946688571.999997) can0 18FF1085#0000000327010027
(946688571.999997) can0 400#31312871286B0000
(946688571.999997) can0 401#007F000000000000
(946688572.009997) can0 18FF01EA#30007D0530007D05
(946688572.009997) can0 18FF02EA#3100730531007305
(946688572.009997) can0 19B30007#00005E20AB9D0000
(946688572.009997) can0 19B30100#D6D6D6D6D6D6D6D6
(946688572.029997) can0 18FF01EA#3100630531006305
(946688572.029997) can0 18FF02EA#31006B0531006B05
(946688572.029997) can0 18FF1085#0000000327010027
(946688572.029997) can0 400#33312875276F0000
(946688572.029997) can0 401#007E000000000000
(946688572.049997) can0 18FF01EA#2E008C052E008C05
(946688572.049997) can0 18FF02EA#31008A0531008A05
(946688572.059997) can0 18FF1085#0000000327010027
(946688572.059997) can0 400#34332771276C0000
(946688572.059997) can0 401#007E000000000000
(946688572.069997) can0 18FF01EA#2E0084052E008405
(946688572.069997) can0 18FF02EA#31007F0531007F05
(946688572.089997) can0 18FF01EA#30008A0530008A05
(946688572.089997) can0 18FF02EA#31007F0531007F05
(946688572.089997) can0 18FF1085#0000000327010027
(946688572.089997) can0 400#34312775286E0000
(946688572.089997) can0 401#007F000000000000
(946688572.109997) can0 18FF01EA#3100A0053100A005
(946688572.109997) can0 18FF02EA#30007B0530007B05
(946688572.119997) can0 18FF1085#0000000327010027
(946688572.119997) can0 400#3432277327700000
(946688572.119997) can0 401#007E000000000000
(946688572.119997) can0 19B30007#00005E20AB9E0000
(946688572.119997) can0 19B30100#D6D6D6D6D6D6D6D6
(946688572.129997) can0 18FF01EA#3000970530009705
(946688572.129997) can0 18FF02EA#3100A2053100A205
(946688572.149997) can0 18FF01EA#2F009A052F009A05
(946688572.149997) can0 18FF02EA#3000890530008905
(946688572.149997) can0 18FF1085#0000000327010027
(946688572.149997) can0 400#32332870296E0000
(946688572.149997) can0 401#007F000000000000
(946688572.169997) can0 18FF01EA#2F009B052F009B05
(946688572.169997) can0 18FF02EA#3000AB053000AB05
(946688572.179997) can0 18FF1085#0000000327010027
(946688572.179997) can0 400#3434277328720000
(946688572.179997) can0 401#007E000000000000
(946688572.189997) can0 18FF01EA#2F0094052F009405
(946688572.189997) can0 18FF02EA#3100940531009405
(946688572.209997) can0 18FF01EA#3000B6053000B605
(946688572.209997) can0 18FF02EA#2F00B4052F00B405
(946688572.209997) can0 18FF1085#0000000327010027
(946688572.209997) can0 400#3435276C276C0000
(946688572.209997) can0 401#007F000000000000
(946688572.229997) can0 18FF01EA#31009C0531009C05
(946688572.229997) can0 18FF02EA#3100B0053100B005
(946688572.229997) can0 19B30007#00005E20AB9E0000
(946688572.229997) can0 19B30100#D6D6D6D6D6D6D6D6
(946688572.239997) can0 18FF1085#0000000327010027
(946688572.239997) can0 400#35362873276C0000
(946688572.239997) can0 401#007F000000000000
(946688572.249997) can0 18FF01EA#2E00C7052E00C705
(946688572.249997) can0 18FF02EA#2E00C0052E00C005
(946688572.269997) can0 18FF01EA#3100B9053100B905
(946688572.269997) can0 18FF02EA#2F00A7052F00A705
(946688572.269997) can0 18FF1085#0000000327010027
(946688572.269997) can0 400#33372874296D0000
(946688572.269997) can0 401#007F000000000000
(946688572.289997) can0 18FF01EA#3100AB053100AB05
(946688572.289997) can0 18FF02EA#3000C6053000C605
(946688572.299997) can0 18FF1085#0000000327010027
(946688572.299997) can0 400#3435287528710000
(946688572.299997) can0 401#007F000000000000
(946688572.309997) can0 18FF01EA#3100B7053100B705
(946688572.309997) can0 18FF02EA#3000BD053000BD05
(946688572.329997) can0 18FF01EA#2F00D6052F00D605
(946688572.329997) can0 18FF02EA#2E00CB052E00CB05
(946688572.329997) can0 18FF1085#0000000327010027
(946688572.329997) can0 400#3637287427700000
(946688572.329997) can0 401#017E000000000000
(946688572.339997) can0 19B30007#00005E20AB9F0000
(946688572.339997) can0 19B30100#D6D6D6D6D6D6D6D6
(946688572.349997) can0 18FF01EA#2E00D5052E00D505
(946688572.349997) can0 18FF02EA#3100C0053100C005
(946688572.359997) can0 18FF1085#0000000327010027
(946688572.359997) can0 400#3735276F28710000
(946688572.359997) can0 401#007E000000000000
(946688572.369997) can0 18FF01EA#2F00DB052F00DB05
(946688572.369997) can0 18FF02EA#3000DE053000DE05
(946688572.389997) can0 18FF01EA#3000C5053000C505
(946688572.389997) can0 18FF02EA#3000D2053000D205
(946688572.389997) can0 18FF1085#0000000327010027
(946688572.389997) can0 400#3537277028740000
(946688572.389997) can0 401#017E000000000000
(946688572.409997) can0 18FF01EA#3000D2053000D205
(946688572.409997) can0 18FF02EA#2F00D8052F00D805
(946688572.419997) can0 18FF1085#0000000327010027
(946688572.419997) can0 400#35352870286F0000
(946688572.419997) can0 401#007E000000000000
(946688572.429997) can0 18FF01EA#2F00DC052F00DC05
(946688572.429997) can0 18FF02EA#2F00D8052F00D805
(946688572.449997) can0 18FF01EA#3000EC053000EC05
(946688572.449997) can0 18FF02EA#2F00E9052F00E905
(946688572.449997) can0 18FF1085#0000000327010027
(946688572.449997) can0 400#3838286C276F0000
(946688572.449997) can0 401#007E000000000000
(946688572.449997) can0 19B30007#00005E20ABA00000
(946688572.449997) can0 19B30100#D6D6D6D6D6D6D6D6
(946688572.469997) can0 18FF01EA#3000FD053000FD05
(946688572.469997) can0 18FF02EA#2F00E9052F00E905
(946688572.479997) can0 18FF1085#0000000327010027
(946688572.479997) can0 400#3636287228720000
(946688572.479997) can0 401#007F000000000000
(946688572.489997) can0 18FF01EA#3100E7053100E705
(946688572.489997) can0 18FF02EA#2F00EC052F00EC05
(946688572.509997) can0 18FF01EA#3100E8053100E805
(946688572.509997) can0 18FF02EA#2E00E2052E00E205
(946688572.509997) can0 18FF1085#0000000327010027
(946688572.509997) can0 400#36382976286D0000
(946688572.509997) can0 401#007E000000000000
(946688572.529997) can0 18FF01EA#31000E0631000E06
(946688572.529997) can0 18FF02EA#2F00FB052F00FB05
(946688572.539997) can0 18FF1085#0000000327010027
(946688572.539997) can0 400#37382873296E0000
(946688572.539997) can0 401#017E000000000000
(946688572.549997) can0 18FF01EA#3100F6053100F605
(946688572.549997) can0 18FF02EA#2E00ED052E00ED05
(946688572.559997) can0 19B30007#00005E20ABA00000
(946688572.559997) can0 19B30100#D6D6D6D6D6D6D6D6
(946688572.569997) can0 18FF01EA#30000A0630000A06
(946688572.569997) can0 18FF02EA#3000150630001506
(946688572.569997) can0 18FF1085#0000000327010027
(946688572.569997) can0 400#3638277428740000
(946688572.569997) can0 401#017F000000000000
(946688572.589997) can0 18FF01EA#2F00FC052F00FC05
(946688572.589997) can0 18FF02EA#30001B0630001B06
(946688572.599997) can0 18FF1085#0000000327010027
(946688572.599997) can0 400#3938297028710000
(946688572.599997) can0 401#017E000000000000
(946688572.609997) can0 18FF01EA#3100020631000206
(946688572.609997) can0 18FF02EA#3100210631002106
(946688572.629997) can0 18FF01EA#3100010631000106
(946688572.629997) can0 18FF02EA#2E0007062E000706
(946688572.629997) can0 18FF1085#0000000327010027
(946688572.629997) can0 400#39362872286D0000
(946688572.629997) can0 401#017F000000000000
(946688572.649997) can0 18FF01EA#3000060630000606
(946688572.649997) can0 18FF02EA#3000190630001906
(946688572.659997) can0 18FF1085#0000000327010027
(946688572.659997) can0 400#3737277027750000
(946688572.659997) can0 401#007E000000000000
(946688572.669997) can0 18FF01EA#3100110631001106
(946688572.669997) can0 18FF02EA#3000190630001906
(946688572.669997) can0 19B30007#00005E20ABA10000
(946688572.669997) can0 19B30100#D6D6D6D6D6D6D6D6
(946688572.689996) can0 18FF01EA#2F0015062F001506
(946688572.689996) can0 18FF02EA#3000110630001106
(946688572.689996) can0 18FF1085#0000000327010027
(946688572.689996) can0 400#3A3A287328740000
(946688572.689996) can0 401#007F000000000000
(946688572.709996) can0 18FF01EA#30002C0630002C06
(946688572.709996) can0 18FF02EA#2E002C062E002C06
(946688572.719996) can0 18FF1085#0000000327010027
(946688572.719996) can0 400#3838286D276D0000
(946688572.719996) can0 401#007E000000000000
(946688572.729996) can0 18FF01EA#3000250630002506
(946688572.729996) can0 18FF02EA#3000200630002006
(946688572.749996) can0 18FF01EA#2F0037062F003706
(946688572.749996) can0 18FF02EA#2F0035062F003506
(946688572.749996) can0 18FF1085#0000000327010027
(946688572.749996) can0 400#393A2771286E0000
(946688572.749996) can0 401#007F000000000000
(946688572.769996) can0 18FF01EA#2E0023062E002306
(946688572.769996) can0 18FF02EA#3000200630002006
(946688572.779996) can0 18FF1085#0000000327010027
(946688572.779996) can0 400#393A287127710000
(946688572.779996) can0 401#007F000000000000
(946688572.779996) can0 19B30007#00005E20ABA10000
(946688572.779996) can0 19B30100#D6D6D6D6D6D6D6D6
(946688572.789996) can0 18FF01EA#2F0044062F004406
(946688572.789996) can0 18FF02EA#3100290631002906
(946688572.809996) can0 18FF01EA#3000360630003606
(946688572.809996) can0 18FF02EA#2E002F062E002F06
(946688572.809996) can0 18FF1085#0000000327010027
(946688572.809996) can0 400#3938297127740000
(946688572.809996) can0 401#007F000000000000
(946688572.829996) can0 18FF01EA#2F0036062F003606
(946688572.829996) can0 18FF02EA#30003E0630003E06
(946688572.839996) can0 18FF1085#0000000327010027
(946688572.839996) can0 400#3A3A276E27720000
(946688572.839996) can0 401#007F000000000000
(946688572.849996) can0 18FF01EA#2E0048062E004806
(946688572.849996) can0 18FF02EA#30003C0630003C06
(946688572.869996) can0 18FF01EA#31003B0631003B06
(946688572.869996) can0 18FF02EA#30005A0630005A06
(946688572.869996) can0 18FF1085#0000000327010027
(946688572.869996) can0 400#393C297329710000
(946688572.869996) can0 401#007F000000000000
(946688572.889996) can0 18FF01EA#2F0039062F003906
(946688572.889996) can0 18FF02EA#30004F0630004F06
(946688572.889996) can0 19B30007#00005E20ABA20000
(946688572.889996) can0 19B30100#D6D6D6D6D6D6D6D6
(946688572.899996) can0 18FF1085#0000000327010027
(946688572.899996) can0 400#3838286F28770000
(946688572.899996) can0 401#007E000000000000
(946688572.909996) can0 18FF01EA#2F0049062F004906
(946688572.909996) can0 18FF02EA#2E004E062E004E06
(946688572.929996) can0 18FF01EA#3000500630005006
(946688572.929996) can0 18FF02EA#2E004C062E004C06
(946688572.929996) can0 18FF1085#0000000327010027
(946688572.929996) can0 400#3A39287727760000
(946688572.929996) can0 401#007F000000000000
(946688572.949996) can0 18FF01EA#31005E0631005E06
(946688572.949996) can0 18FF02EA#31004B0631004B06
(946688572.959996) can0 18FF1085#0000000327010027
(946688572.959996) can0 400#3939287628720000
(946688572.959996) can0 401#007F000000000000
(946688572.969996) can0 18FF01EA#3000540630005406
(946688572.969996) can0 18FF02EA#2F0057062F005706
(946688572.989996) can0 18FF01EA#31006B0631006B06
(946688572.989996) can0 18FF02EA#31005F0631005F06
(946688572.989996) can0 18FF1085#0000000327010027
(946688572.989996) can0 400#3B3A287229760000
(946688572.989996) can0 401#007F000000000000
(946688572.999996) can0 19B30007#00005E20ABA20000
(946688572.999996) can0 19B30100#D6D6D6D6D6D6D6D6
(946688573.009996) can0 18FF01EA#3100730631007306
(946688573.009996) can0 18FF02EA#3000710630007106
(946688573.009996) can0 18FF1085#0000000327010027
(946688573.009996) can0 400#3B39297327730000
(946688573.009996) can0 401#007F000000000000
(946688573.029996) can0 18FF01EA#2F0058062F005806
(946688573.029996) can0 18FF02EA#3000560630005606
(946688573.039996) can0 18FF1085#0000000327010027
(946688573.039996) can0 400#3B3C297429720000
(946688573.039996) can0 401#007F000000000000
(946688573.049996) can0 18FF01EA#2F006B062F006B06
(946688573.049996) can0 18FF02EA#2E007A062E007A06
(946688573.069996) can0 18FF01EA#2E0075062E007506
(946688573.069996) can0 18FF02EA#2F005A062F005A06
(946688573.069996) can0 18FF1085#0000000327010027
(946688573.069996) can0 400#3D3A287228710000
(946688573.069996) can0 401#007E000000000000
(946688573.089996) can0 18FF01EA#3100780631007806
(946688573.089996) can0 18FF02EA#2F0074062F007406
(946688573.099996) can0 18FF1085#0000000327010027
(946688573.099996) can0 400#3C3B277229710000
(946688573.099996) can0 401#007E000000000000
(946688573.109996) can0 18FF01EA#3000670630006706
(946688573.109996) can0 18FF02EA#30007B0630007B06
(946688573.109996) can0 19B30007#00005E20ABA30000
(946688573.109996) can0 19B30100#D6D6D6D6D6D6D6D6
(946688573.129996) can0 18FF01EA#2E0068062E006806
(946688573.129996) can0 18FF02EA#3100700631007006
(946688573.129996) can0 18FF1085#0000000327010027
(946688573.129996) can0 400#3D3A287727760000
(946688573.129996) can0 401#007F000000000000
(946688573.149996) can0 18FF01EA#2F0084062F008406
(946688573.149996) can0 18FF02EA#2F008D062F008D06
(946688573.159996) can0 18FF1085#0000000327010027
(946688573.159996) can0 400#3D3E287628770000
(946688573.159996) can0 401#007E000000000000
(946688573.169996) can0 18FF01EA#31006C0631006C06
(946688573.169996) can0 18FF02EA#2E007E062E007E06
(946688573.189996) can0 18FF01EA#31008D0631008D06
(946688573.189996) can0 18FF02EA#30008E0630008E06
(946688573.189996) can0 18FF1085#0000000327010027
(946688573.189996) can0 400#3A3C277628700000
(946688573.189996) can0 401#007F000000000000
(946688573.209996) can0 18FF01EA#2E0074062E007406
(946688573.209996) can0 18FF02EA#2F0093062F009306
(946688573.219996) can0 18FF1085#0000000327010027
(946688573.219996) can0 400#3C3D287329770000
(946688573.219996) can0 401#007F000000000000
(946688573.219996) can0 19B30007#00005E20ABA30000
(946688573.219996) can0 19B30100#D6D6D6D6D6D6D6D6
(946688573.229996) can0 18FF01EA#3100840631008406
(946688573.229996) can0 18FF02EA#3100790631007906
(946688573.249996) can0 18FF01EA#3100830631008306
(946688573.249996) can0 18FF02EA#2E0090062E009006
(946688573.249996) can0 18FF1085#0000000327010027
(946688573.249996) can0 400#3D3C277428760000
(946688573.249996) can0 401#007E000000000000
(946688573.269996) can0 18FF01EA#3000A4063000A406
(946688573.269996) can0 18FF02EA#3000930630009306
(946688573.279996) can0 18FF1085#0000000327010027
(946688573.279996) can0 400#3D3E286F286F0000
(946688573.279996) can0 401#017E000000000000
(946688573.289996) can0 18FF01EA#3100900631009006
(946688573.289996) can0 18FF02EA#3100810631008106
(946688573.309996) can0 18FF01EA#3000990630009906
(946688573.309996) can0 18FF02EA#2F00A3062F00A306
(946688573.309996) can0 18FF1085#0000000327010027
(946688573.309996) can0 400#3C3D296E28750000
(946688573.309996) can0 401#007F000000000000
(946688573.329996) can0 18FF01EA#2F009B062F009B06
(946688573.329996) can0 18FF02EA#31008A0631008A06
(946688573.329996) can0 19B30007#00005E20ABA30000
(946688573.329996) can0 19B30100#D6D6D6D6D6D6D6D6
(946688573.339996) can0 18FF1085#0000000327010027
(946688573.339996) can0 400#3D3C287028730000
(946688573.339996) can0 401#017E000000000000
(946688573.349996) can0 18FF01EA#30009F0630009F06
(946688573.349996) can0 18FF02EA#3100B0063100B006
(946688573.369996) can0 18FF01EA#2E0099062E009906
(946688573.369996) can0 18FF02EA#2F00A7062F00A706
(946688573.369996) can0 18FF1085#0000000327010027
(946688573.369996) can0 400#3F3F287129730000
(946688573.369996) can0 401#007F000000000000
(946688573.389996) can0 18FF01EA#2F0092062F009206
(946688573.389996) can0 18FF02EA#3000A5063000A506
(946688573.399996) can0 18FF1085#0000000327010027
(946688573.399996) can0 400#3F3C297628710000
(946688573.399996) can0 401#007F000000000000
(946688573.409996) can0 18FF01EA#2F00B3062F00B306
(946688573.409996) can0 18FF02EA#31009E0631009E06
(946688573.429996) can0 18FF01EA#3000A9063000A906
(946688573.429996) can0 18FF02EA#3000AB063000AB06
(946688573.429996) can0 18FF1085#0000000327010027
(946688573.429996) can0 400#3E3F296F27730000
(946688573.429996) can0 401#017E000000000000
(946688573.439996) can0 19B30007#00005E20ABA40000
(946688573.439996) can0 19B30100#D6D6D6D6D6D6D6D6
(946688573.449996) can0 18FF01EA#2F00BD062F00BD06
(946688573.449996) can0 18FF02EA#2F009A062F009A06
(946688573.459996) can0 18FF1085#0000000327010027
(946688573.459996) can0 400#3E3E287228730000
(946688573.459996) can0 401#007E000000000000
(946688573.469996) can0 18FF01EA#2F009C062F009C06
(946688573.469996) can0 18FF02EA#3100A5063100A506
(946688573.489996) can0 18FF01EA#2E00BA062E00BA06
(946688573.489996) can0 18FF02EA#3000C6063000C606
(946688573.489996) can0 18FF1085#0000000327010027
(946688573.489996) can0 400#3F3F286E28710000
(946688573.489996) can0 401#007F000000000000
(946688573.509996) can0 18FF01EA#3100B7063100B706
(946688573.509996) can0 18FF02EA#2F00A4062F00A406
(946688573.519996) can0 18FF1085#0000000327010027
(946688573.519996) can0 400#3C3F287428720000
(946688573.519996) can0 401#017F000000000000
(946688573.529996) can0 18FF01EA#2E00B5062E00B506
(946688573.529996) can0 18FF02EA#3100A9063100A906
(946688573.549996) can0 18FF01EA#3000B3063000B306
(946688573.549996) can0 18FF02EA#3000AA063000AA06
(946688573.549996) can0 18FF1085#0000000327010027
(946688573.549996) can0 400#3E3E286F28710000
(946688573.549996) can0 401#007E000000000000
(946688573.549996) can0 19B30007#00005E20ABA40000
(946688573.549996) can0 19B30100#D6D6D6D6D6D6D6D6
(946688573.569996) can0 18FF01EA#3000BE063000BE06
(946688573.569996) can0 18FF02EA#2F00CD062F00CD06
(946688573.579996) can0 18FF1085#0000000327010027
(946688573.579996) can0 400#3E40297327710000
(946688573.579996) can0 401#017E000000000000
(946688573.589996) can0 18FF01EA#2E00CA062E00CA06
(946688573.589996) can0 18FF02EA#3000C9063000C906
(946688573.609996) can0 18FF01EA#2F00B6062F00B606
(946688573.609996) can0 18FF02EA#2F00D4062F00D406
(946688573.609996) can0 18FF1085#0000000327010027
(946688573.609996) can0 400#403E297827740000
(946688573.609996) can0 401#007E000000000000
(946688573.629996) can0 18FF01EA#3000CC063000CC06
(946688573.629996) can0 18FF02EA#2F00BA062F00BA06
(946688573.639996) can0 18FF1085#0000000327010027
(946688573.639996) can0 400#3D3E287328740000
(946688573.639996) can0 401#007E000000000000
(946688573.649996) can0 18FF01EA#3100C6063100C606
(946688573.649996) can0 18FF02EA#2E00C4062E00C406
(946688573.659996) can0 19B30007#00005E20ABA40000
(946688573.659996) can0 19B30100#D6D6D6D6D6D6D6D6
(946688573.669996) can0 18FF01EA#3100D7063100D706
(946688573.669996) can0 18FF02EA#3100DF063100DF06
(946688573.669996) can0 18FF1085#0000000327010027
(946688573.669996) can0 400#3E3F2870296F0000
(946688573.669996) can0 401#007F000000000000
(946688573.689996) can0 18FF01EA#3100DE063100DE06
(946688573.689996) can0 18FF02EA#2F00BD062F00BD06
(946688573.699996) can0 18FF1085#0000000327010027
(946688573.699996) can0 400#413E276F28700000
(946688573.699996) can0 401#007E000000000000
(946688573.709996) can0 18FF01EA#2E00C1062E00C106
(946688573.709996) can0 18FF02EA#2F00E1062F00E106
(946688573.729995) can0 18FF01EA#3000E2063000E206
(946688573.729995) can0 18FF02EA#3100D6063100D606
(946688573.729995) can0 18FF1085#0000000327010027
(946688573.729995) can0 400#3F3F286F27750000
(946688573.729995) can0 401#007F000000000000
(946688573.749995) can0 18FF01EA#2E00C9062E00C906
(946688573.749995) can0 18FF02EA#2E00D4062E00D406
(946688573.759995) can0 18FF1085#0000000327010027
(946688573.759995) can0 400#3F3E297428710000
(946688573.759995) can0 401#007E000000000000
(946688573.769995) can0 18FF01EA#2F00CD062F00CD06
(946688573.769995) can0 18FF02EA#2F00CB062F00CB06
(946688573.769995) can0 19B30007#00005E20ABA50000
(946688573.769995) can0 19B30100#D6D6D6D6D6D6D6D6
(946688573.789995) can0 18FF01EA#3000DD063000DD06
(946688573.789995) can0 18FF02EA#2E00D2062E00D206
(946688573.789995) can0 18FF1085#0000000327010027
(946688573.789995) can0 400#3F3F2874276F0000
(946688573.789995) can0 401#017F000000000000
(946688573.809995) can0 18FF01EA#3000EB063000EB06
(946688573.809995) can0 18FF02EA#2E00D5062E00D506
(946688573.819995) can0 18FF1085#0000000327010027
(946688573.819995) can0 400#3F3E277428760000
(946688573.819995) can0 401#017E000000000000
(946688573.829995) can0 18FF01EA#3000DC063000DC06
(946688573.829995) can0 18FF02EA#3000ED063000ED06
(946688573.849995) can0 18FF01EA#2F00E9062F00E906
(946688573.849995) can0 18FF02EA#2F00E6062F00E606
(946688573.849995) can0 18FF1085#0000000327010027
(946688573.849995) can0 400#4140297529740000
(946688573.849995) can0 401#007F000000000000
(946688573.869995) can0 18FF01EA#2E00F9062E00F906
(946688573.869995) can0 18FF02EA#3100DE063100DE06
(946688573.879995) can0 18FF1085#0000000327010027
(946688573.879995) can0 400#403F2871296F0000
(946688573.879995) can0 401#017F000000000000
(946688573.879995) can0 19B30007#00005E20ABA50000
(946688573.879995) can0 19B30100#D6D6D6D6D6D6D6D6
(946688573.889995) can0 18FF01EA#3000E0063000E006
(946688573.889995) can0 18FF02EA#3100E5063100E506
(946688573.909995) can0 18FF01EA#2F00F5062F00F506
(946688573.909995) can0 18FF02EA#2F00EF062F00EF06
(946688573.909995) can0 18FF1085#0000000327010027
(946688573.909995) can0 400#4241287028730000
(946688573.909995) can0 401#007E000000000000
(946688573.929995) can0 18FF01EA#3100EB063100EB06
(946688573.929995) can0 18FF02EA#3100DB063100DB06
(946688573.939995) can0 18FF1085#0000000327010027
(946688573.939995) can0 400#403E2771286F0000
(946688573.939995) can0 401#017E000000000000
(946688573.949995) can0 18FF01EA#2F00F8062F00F806
(946688573.949995) can0 18FF02EA#2F00F6062F00F606
(946688573.969995) can0 18FF01EA#2F00F0062F00F006
(946688573.969995) can0 18FF02EA#2E0002072E000207
(946688573.969995) can0 18FF1085#0000000327010027
(946688573.969995) can0 400#3E3F287529700000
(946688573.969995) can0 401#007E000000000000
(946688573.989995) can0 18FF01EA#3100F9063100F906
(946688573.989995) can0 18FF02EA#2E0006072E000607
(946688573.989995) can0 19B30007#00005E20ABA50000
(946688573.989995) can0 19B30100#D6D6D6D6D6D6D6D6
(946688573.999995) can0 18FF1085#0000000327010027
(946688573.999995) can0 400#423F287528770000
(946688573.999995) can0 401#007F000000000000
(946688574.009995) can0 18FF01EA#3000F8063000F806
(946688574.009995) can0 18FF02EA#2F00E6062F00E606
(946688574.029995) can0 18FF01EA#2F00F4062F00F406
(946688574.029995) can0 18FF02EA#3000F5063000F506
(946688574.029995) can0 18FF1085#0000000327010027
(946688574.029995) can0 400#403F297228760000
(946688574.029995) can0 401#0081000000000000
(946688574.049995) can0 18FF01EA#2C00F2062C00F206
(946688574.049995) can0 18FF02EA#2F00FE062F00FE06
(946688574.059995) can0 18FF1085#0000000325010025
(946688574.059995) can0 400#403F297728760000
(946688574.059995) can0 401#0086000000000000
(946688574.069995) can0 18FF01EA#2D0007072D000707
(946688574.069995) can0 18FF02EA#2D0003072D000307
(946688574.089995) can0 18FF01EA#2B00F9062B00F906
(946688574.089995) can0 18FF02EA#2B0007072B000707
(946688574.089995) can0 18FF1085#0000000324010024
(946688574.089995) can0 400#3F3F297129750000
(946688574.089995) can0 401#0188000000000000
(946688574.099995) can0 19B30007#00005E20ABA20000
(946688574.099995) can0 19B30100#D6D6D6D6D6D6D6D6
(946688574.109995) can0 18FF01EA#2A00F0062A00F006
(946688574.109995) can0 18FF02EA#2A00F9062A00F906
(946688574.119995) can0 18FF1085#0000000323010023
(946688574.119995) can0 400#4141287727700000
(946688574.119995) can0 401#008A000000000000
(946688574.129995) can0 18FF01EA#2A0003072A000307
(946688574.129995) can0 18FF02EA#2800F5062800F506
(946688574.149995) can0 18FF01EA#2800060728000607
(946688574.149995) can0 18FF02EA#28000C0728000C07
(946688574.149995) can0 18FF1085#0000000322010022
(946688574.149995) can0 400#3F41287628760000
(946688574.149995) can0 401#008C000000000000
(946688574.169995) can0 18FF01EA#29000A0729000A07
(946688574.169995) can0 18FF02EA#2800ED062800ED06
(946688574.179995) can0 18FF1085#0000000322010022
(946688574.179995) can0 400#3F42277328750000
(946688574.179995) can0 401#018E000000000000
(946688574.189995) can0 18FF01EA#27000F0727000F07
(946688574.189995) can0 18FF02EA#2800F3062800F306
(946688574.209995) can0 18FF01EA#28000C0728000C07
(946688574.209995) can0 18FF02EA#2700060727000607
(946688574.209995) can0 18FF1085#0000000321010021
(946688574.209995) can0 400#4040287829730000
(946688574.209995) can0 401#0090000000000000
(946688574.209995) can0 19B30007#00005E20AB9F0000
(946688574.209995) can0 19B30100#D6D6D6D6D6D6D6D6
(946688574.229995) can0 18FF01EA#2700120727001207
(946688574.229995) can0 18FF02EA#2600FD062600FD06
(946688574.239995) can0 18FF1085#0000000321010021
(946688574.239995) can0 400#4141287229710000
(946688574.239995) can0 401#0092000000000000
(946688574.249995) can0 18FF01EA#2800120728001207
(946688574.249995) can0 18FF02EA#2800010728000107
(946688574.269995) can0 18FF01EA#2800FA062800FA06
(946688574.269995) can0 18FF02EA#2600F5062600F506
(946688574.269995) can0 18FF1085#0000000320010020
(946688574.269995) can0 400#4142287529720000
(946688574.269995) can0 401#0192000000000000
(946688574.289995) can0 18FF01EA#2500100725001007
(946688574.289995) can0 18FF02EA#27000B0727000B07
(946688574.299995) can0 18FF1085#0000000320010020
(946688574.299995) can0 400#4042287728740000
(946688574.299995) can0 401#0093000000000000
(946688574.309995) can0 18FF01EA#28000A0728000A07
(946688574.309995) can0 18FF02EA#2400ED062400ED06
(946688574.319995) can0 19B30007#00005E20AB9E0000
(946688574.319995) can0 19B30100#D6D6D6D6D6D6D6D6
(946688574.329995) can0 18FF01EA#2500F2062500F206
(946688574.329995) can0 18FF02EA#2700F8062700F806
(946688574.329995) can0 18FF1085#000000031F01001F
(946688574.329995) can0 400#4241287727730000
(946688574.329995) can0 401#0194000000000000
(946688574.349995) can0 18FF01EA#28000E0728000E07
(946688574.349995) can0 18FF02EA#2400F5062400F506
(946688574.359995) can0 18FF1085#000000031F01001F
(946688574.359995) can0 400#43412970276F0000
(946688574.359995) can0 401#0095000000000000
(946688574.369995) can0 18FF01EA#2500040725000407
(946688574.369995) can0 18FF02EA#2500FD062500FD06
(946688574.389995) can0 18FF01EA#2600FD062600FD06
(946688574.389995) can0 18FF02EA#2500F7062500F706
(946688574.389995) can0 18FF1085#000000031F01001F
(946688574.389995) can0 400#4042297129700000
(946688574.389995) can0 401#0095000000000000
(946688574.409995) can0 18FF01EA#2500090725000907
(946688574.409995) can0 18FF02EA#2500080725000807
(946688574.419995) can0 18FF1085#000000031F01001F
(946688574.419995) can0 400#4140296F296F0000
(946688574.419995) can0 401#0195000000000000
(946688574.429995) can0 18FF01EA#25000A0725000A07
(946688574.429995) can0 18FF02EA#2400EF062400EF06
(946688574.429995) can0 19B30007#00005E20AB9D0000
(946688574.429995) can0 19B30100#D6D6D6D6D6D6D6D6
(946688574.449995) can0 18FF01EA#26000B0726000B07
(946688574.449995) can0 18FF02EA#2400010724000107
(946688574.449995) can0 18FF1085#000000031F01001F
(946688574.449995) can0 400#4141287428770000
(946688574.449995) can0 401#0096000000000000
(946688574.469995) can0 18FF01EA#2400E9062400E906
(946688574.469995) can0 18FF02EA#26000A0726000A07
(946688574.479995) can0 18FF1085#000000031E01001E
(946688574.479995) can0 400#3F40277727710000
(946688574.479995) can0 401#0096000000000000
(946688574.489995) can0 18FF01EA#2300EA062300EA06
(946688574.489995) can0 18FF02EA#25000F0725000F07
(946688574.509995) can0 18FF01EA#2600010726000107
(946688574.509995) can0 18FF02EA#2500ED062500ED06
(946688574.509995) can0 18FF1085#000000031E01001E
(946688574.509995) can0 400#4142287629700000
(946688574.509995) can0 401#0096000000000000
(946688574.529995) can0 18FF01EA#2300FF062300FF06
(946688574.529995) can0 18FF02EA#2300080723000807
(946688574.539995) can0 18FF1085#000000031E01001E
(946688574.539995) can0 400#4240297328720000
(946688574.539995) can0 401#0196000000000000
(946688574.539995) can0 19B30007#00005E20AB9C0000
(946688574.539995) can0 19B30100#D6D6D6D6D6D6D6D6
(946688574.549995) can0 18FF01EA#2400050724000507
(946688574.549995) can0 18FF02EA#2500EC062500EC06
(946688574.569995) can0 18FF01EA#2400070724000707
(946688574.569995) can0 18FF02EA#2600070726000707
(946688574.569995) can0 18FF1085#000000031E01001E
(946688574.569995) can0 400#4042277328740000
(946688574.569995) can0 401#0095000000000000
(946688574.589995) can0 18FF01EA#2300F9062300F906
(946688574.589995) can0 18FF02EA#2600070726000707
(946688574.599995) can0 18FF1085#000000031E01001E
(946688574.599995) can0 400#403E296F29730000
(946688574.599995) can0 401#0195000000000000
(946688574.609995) can0 18FF01EA#2500EF062500EF06
(946688574.609995) can0 18FF02EA#2400000724000007
(946688574.629995) can0 18FF01EA#2600EB062600EB06
(946688574.629995) can0 18FF02EA#2400EF062400EF06
(946688574.629995) can0 18FF1085#000000031E01001E
(946688574.629995) can0 400#3F41287029710000
(946688574.629995) can0 401#0196000000000000
(946688574.649995) can0 18FF01EA#2200070722000707
(946688574.649995) can0 18FF02EA#2400FE062400FE06
(946688574.649995) can0 19B30007#00005E20AB9C0000
(946688574.649995) can0 19B30100#D6D6D6D6D6D6D6D6
(946688574.659995) can0 18FF1085#000000031E01001E
(946688574.659995) can0 400#42402975286F0000
(946688574.659995) can0 401#0096000000000000
(946688574.669995) can0 18FF01EA#2400E6062400E606
(946688574.669995) can0 18FF02EA#2600060726000607
(946688574.689995) can0 18FF01EA#2300E7062300E706
(946688574.689995) can0 18FF02EA#2300060723000607
(946688574.689995) can0 18FF1085#000000031E01001E
(946688574.689995) can0 400#4142287528700000
(946688574.689995) can0 401#0096000000000000
(946688574.709995) can0 18FF01EA#2300070723000707
(946688574.709995) can0 18FF02EA#2400E6062400E606
(946688574.719995) can0 18FF1085#000000031E01001E
(946688574.719995) can0 400#3F3F287628700000
(946688574.719995) can0 401#0197000000000000
(946688574.729995) can0 18FF01EA#2600060726000607
(946688574.729995) can0 18FF02EA#2300060723000607
(946688574.749995) can0 18FF01EA#2300F6062300F606
(946688574.749995) can0 18FF02EA#2300EE062300EE06
(946688574.749995) can0 18FF1085#000000031E01001E
(946688574.749995) can0 400#413F297128730000
(946688574.749995) can0 401#0096000000000000
(946688574.759995) can0 19B30007#00005E20AB9C0000
(946688574.759995) can0 19B30100#D6D6D6D6D6D6D6D6
(946688574.769994) can0 18FF01EA#2400050724000507
(946688574.769994) can0 18FF02EA#2400FE062400FE06
(946688574.779994) can0 18FF1085#000000031E01001E
(946688574.779994) can0 400#4040277128760000
(946688574.779994) can0 401#0097000000000000
(946688574.789994) can0 18FF01EA#2300E1062300E106
(946688574.789994) can0 18FF02EA#2400EE062400EE06
(946688574.809994) can0 18FF01EA#2300DC062300DC06
(946688574.809994) can0 18FF02EA#2200F4062200F406
(946688574.809994) can0 18FF1085#000000031E01001E
(946688574.809994) can0 400#413F287129770000
(946688574.809994) can0 401#0097000000000000
(946688574.829994) can0 18FF01EA#2400F3062400F306
(946688574.829994) can0 18FF02EA#2300FB062300FB06
(946688574.839994) can0 18FF1085#000000031E01001E
(946688574.839994) can0 400#4141287128710000
(946688574.839994) can0 401#0096000000000000
(946688574.849994) can0 18FF01EA#2300EC062300EC06
(946688574.849994) can0 18FF02EA#2400E7062400E706
(946688574.869994) can0 18FF01EA#2500ED062500ED06
(946688574.869994) can0 18FF02EA#2400FC062400FC06
(946688574.869994) can0 18FF1085#000000031E01001E
(946688574.869994) can0 400#3F42287229740000
(946688574.869994) can0 401#0097000000000000
(946688574.869994) can0 19B30007#00005E20AB9C0000
(946688574.869994) can0 19B30100#D6D6D6D6D6D6D6D6
(946688574.889994) can0 18FF01EA#2400E9062400E906
(946688574.889994) can0 18FF02EA#2400E7062400E706
(946688574.899994) can0 18FF1085#000000031E01001E
(946688574.899994) can0 400#4241296F29720000
(946688574.899994) can0 401#0097000000000000
(946688574.909994) can0 18FF01EA#2200FB062200FB06
(946688574.909994) can0 18FF02EA#2200D9062200D906
(946688574.929994) can0 18FF01EA#2500ED062500ED06
(946688574.929994) can0 18FF02EA#2400D8062400D806
(946688574.929994) can0 18FF1085#000000031E01001E
(946688574.929994) can0 400#3F3F276F28750000
(946688574.929994) can0 401#0196000000000000
(946688574.949994) can0 18FF01EA#2400D7062400D706
(946688574.949994) can0 18FF02EA#2500E8062500E806
(946688574.959994) can0 18FF1085#000000031E01001E
(946688574.959994) can0 400#403E2973296F0000
(946688574.959994) can0 401#0096000000000000
(946688574.969994) can0 18FF01EA#2400ED062400ED06
(946688574.969994) can0 18FF02EA#2600E0062600E006
(946688574.979994) can0 19B30007#00005E20AB9C0000
(946688574.979994) can0 19B30100#D6D6D6D6D6D6D6D6
(946688574.989994) can0 18FF01EA#2200E5062200E506
(946688574.989994) can0 18FF02EA#2400F2062400F206
(946688574.989994) can0 18FF1085#000000031E01001E
(946688574.989994) can0 400#3F3E297228770000
(946688574.989994) can0 401#0096000000000000
(946688575.009994) can0 18FF01EA#2400F3062400F306
(946688575.009994) can0 18FF02EA#2400DA062400DA06
(946688575.019994) can0 18FF1085#000000031E01001E
(946688575.019994) can0 400#3F402775286F0000
(946688575.019994) can0 401#0096000000000000
(946688575.029994) can0 18FF01EA#2400E9062400E906
(946688575.029994) can0 18FF02EA#2300DD062300DD06
(946688575.049994) can0 18FF01EA#2400E6062400E606
(946688575.049994) can0 18FF02EA#2400F3062400F306
(946688575.049994) can0 18FF1085#000000031E01001E
(946688575.049994) can0 400#413F287429720000
(946688575.049994) can0 401#0098000000000000
(946688575.069994) can0 18FF01EA#2400E9062400E906
(946688575.069994) can0 18FF02EA#2200E3062200E306
(946688575.079994) can0 18FF1085#000000031E01001E
(946688575.079994) can0 400#3F3E287228720000
(946688575.079994) can0 401#0097000000000000
(946688575.089994) can0 18FF01EA#2500DC062500DC06
(946688575.089994) can0 18FF02EA#2400E5062400E506
(946688575.089994) can0 19B30007#00005E20AB9C0000
(946688575.089994) can0 19B30100#D6D6D6D6D6D6D6D6
(946688575.109994) can0 18FF01EA#2300F5062300F506
(946688575.109994) can0 18FF02EA#2200F2062200F206
(946688575.109994) can0 18FF1085#000000031E01001E
(946688575.109994) can0 400#403E287127720000
(946688575.109994) can0 401#0096000000000000
(946688575.129994) can0 18FF01EA#2300DA062300DA06
(946688575.129994) can0 18FF02EA#2400F0062400F006
(946688575.139994) can0 18FF1085#000000031E01001E
(946688575.139994) can0 400#403E297627740000
(946688575.139994) can0 401#0097000000000000
(946688575.149994) can0 18FF01EA#2600F0062600F006
(946688575.149994) can0 18FF02EA#2400DB062400DB06
(946688575.169994) can0 18FF01EA#2400D1062400D106
(946688575.169994) can0 18FF02EA#2300EE062300EE06
(946688575.169994) can0 18FF1085#000000031E01001E
(946688575.169994) can0 400#403F287427740000
(946688575.169994) can0 401#0197000000000000
(946688575.189994) can0 18FF01EA#2400DB062400DB06
(946688575.189994) can0 18FF02EA#2200DB062200DB06
(946688575.199994) can0 18FF1085#000000031E01001E
(946688575.199994) can0 400#403E297729770000
(946688575.199994) can0 401#0097000000000000
(946688575.199994) can0 19B30007#00005E20AB9C0000
(946688575.199994) can0 19B30100#D6D6D6D6D6D6D6D6
(946688575.209994) can0 18FF01EA#2200E3062200E306
(946688575.209994) can0 18FF02EA#2200E9062200E906
(946688575.229994) can0 18FF01EA#2200E3062200E306
(946688575.229994) can0 18FF02EA#2500E8062500E806
(946688575.229994) can0 18FF1085#000000031E01001E
(946688575.229994) can0 400#3E3E286F28720000
(946688575.229994) can0 401#0096000000000000
(946688575.249994) can0 18FF01EA#2300D4062300D406
(946688575.249994) can0 18FF02EA#2300EA062300EA06
(946688575.259994) can0 18FF1085#000000031E01001E
(946688575.259994) can0 400#3E40297028740000
(946688575.259994) can0 401#0097000000000000
(946688575.269994) can0 18FF01EA#2200D8062200D806
(946688575.269994) can0 18FF02EA#2200CC062200CC06
(946688575.289994) can0 18FF01EA#2200EB062200EB06
(946688575.289994) can0 18FF02EA#2300DA062300DA06
(946688575.289994) can0 18FF1085#000000031E01001E
(946688575.289994) can0 400#3E3E297828720000
(946688575.289994) can0 401#0097000000000000
(946688575.309994) can0 18FF01EA#2500DF062500DF06
(946688575.309994) can0 18FF02EA#2200CE062200CE06
(946688575.309994) can0 19B30007#00005E20AB9B0000
(946688575.309994) can0 19B30100#D6D6D6D6D6D6D6D6
(946688575.319994) can0 18FF1085#000000031E01001E
(946688575.319994) can0 400#4141297227780000
(946688575.319994) can0 401#0096000000000000
(946688575.329994) can0 18FF01EA#2200ED062200ED06
(946688575.329994) can0 18FF02EA#2500D2062500D206
(946688575.349994) can0 18FF01EA#2300E7062300E706
(946688575.349994) can0 18FF02EA#2500DE062500DE06
(946688575.349994) can0 18FF1085#000000031E01001E
(946688575.349994) can0 400#41402972296F0000
(946688575.349994) can0 401#0096000000000000
(946688575.369994) can0 18FF01EA#2400E4062400E406
(946688575.369994) can0 18FF02EA#2200E5062200E506
(946688575.379994) can0 18FF1085#000000031E01001E
(946688575.379994) can0 400#3F41297629700000
(946688575.379994) can0 401#0197000000000000
(946688575.389994) can0 18FF01EA#2300DE062300DE06
(946688575.389994) can0 18FF02EA#2500E2062500E206
(946688575.409994) can0 18FF01EA#2500F0062500F006
(946688575.409994) can0 18FF02EA#2200D2062200D206
(946688575.409994) can0 18FF1085#000000031E01001E
(946688575.409994) can0 400#413E297427730000
(946688575.409994) can0 401#0196000000000000
(946688575.419994) can0 19B30007#00005E20AB9B0000
(946688575.419994) can0 19B30100#D6D6D6D6D6D6D6D6
(946688575.429994) can0 18FF01EA#2400CC062400CC06
(946688575.429994) can0 18FF02EA#2500ED062500ED06
(946688575.439994) can0 18FF1085#000000031E01001E
(946688575.439994) can0 400#4041277727770000
(946688575.439994) can0 401#0196000000000000
(946688575.449994) can0 18FF01EA#2300D2062300D206
(946688575.449994) can0 18FF02EA#2400E1062400E106
(946688575.469994) can0 18FF01EA#2200C7062200C706
(946688575.469994) can0 18FF02EA#2300D2062300D206
(946688575.469994) can0 18FF1085#000000031E01001E
(946688575.469994) can0 400#3F40297329700000
(946688575.469994) can0 401#0096000000000000
(946688575.489994) can0 18FF01EA#2300CA062300CA06
(946688575.489994) can0 18FF02EA#2400E3062400E306
(946688575.499994) can0 18FF1085#000000031E01001E
(946688575.499994) can0 400#4040287128780000
(946688575.499994) can0 401#0096000000000000
(946688575.509994) can0 18FF01EA#2500E6062500E606
(946688575.509994) can0 18FF02EA#2400EB062400EB06
(946688575.529994) can0 18FF01EA#2400C7062400C706
(946688575.529994) can0 18FF02EA#2400CB062400CB06
(946688575.529994) can0 18FF1085#000000031E01001E
(946688575.529994) can0 400#3E40296F276E0000
(946688575.529994) can0 401#0096000000000000
(946688575.529994) can0 19B30007#00005E20AB9B0000
(946688575.529994) can0 19B30100#D6D6D6D6D6D6D6D6
(946688575.549994) can0 18FF01EA#2200DF062200DF06
(946688575.549994) can0 18FF02EA#2200DE062200DE06
(946688575.559994) can0 18FF1085#000000031E01001E
(946688575.559994) can0 400#4040297429720000
(946688575.559994) can0 401#0096000000000000
(946688575.569994) can0 18FF01EA#2400C4062400C406
(946688575.569994) can0 18FF02EA#2500DF062500DF06
(946688575.589994) can0 18FF01EA#2200D4062200D406
(946688575.589994) can0 18FF02EA#2200E8062200E806
(946688575.589994) can0 18FF1085#000000031E01001E
(946688575.589994) can0 400#403D286F27780000
(946688575.589994) can0 401#0097000000000000
(946688575.609994) can0 18FF01EA#2500C3062500C306
(946688575.609994) can0 18FF02EA#2500D2062500D206
(946688575.619994) can0 18FF1085#000000031E01001E
(946688575.619994) can0 400#3E40297029780000
(946688575.619994) can0 401#0097000000000000
(946688575.629994) can0 18FF01EA#2300DE062300DE06
(946688575.629994) can0 18FF02EA#2400C3062400C306
(946688575.639994) can0 19B30007#00005E20AB9B0000
(946688575.639994) can0 19B30100#D6D6D6D6D6D6D6D6
(946688575.649994) can0 18FF01EA#2500D8062500D806
(946688575.649994) can0 18FF02EA#2200D5062200D506
(946688575.649994) can0 18FF1085#000000031E01001E
(946688575.649994) can0 400#4040287528700000
(946688575.649994) can0 401#0097000000000000
(946688575.669994) can0 18FF01EA#2400CE062400CE06
(946688575.669994) can0 18FF02EA#2400E4062400E406
(946688575.679994) can0 18FF1085#000000031E01001E
(946688575.679994) can0 400#3F40297827780000
(946688575.679994) can0 401#0096000000000000
(946688575.689994) can0 18FF01EA#2400CB062400CB06
(946688575.689994) can0 18FF02EA#2300E7062300E706
(946688575.709994) can0 18FF01EA#2300E2062300E206
(946688575.709994) can0 18FF02EA#2500D5062500D506
(946688575.709994) can0 18FF1085#000000031E01001E
(946688575.709994) can0 400#413F2971286F0000
(946688575.709994) can0 401#0096000000000000
(946688575.729994) can0 18FF01EA#2300E3062300E306
(946688575.729994) can0 18FF02EA#2300D1062300D106
(946688575.739994) can0 18FF1085#000000031E01001E
(946688575.739994) can0 400#3D3F297328720000
(946688575.739994) can0 401#0097000000000000
(946688575.749994) can0 18FF01EA#2200CF062200CF06
(946688575.749994) can0 18FF02EA#2500D6062500D606
(946688575.749994) can0 19B30007#00005E20AB9B0000
(946688575.749994) can0 19B30100#D6D6D6D6D6D6D6D6
(946688575.769994) can0 18FF01EA#2400D1062400D106
(946688575.769994) can0 18FF02EA#2300BF062300BF06
(946688575.769994) can0 18FF1085#000000031E01001E
(946688575.769994) can0 400#3E40286F28710000
(946688575.769994) can0 401#0097000000000000
(946688575.789994) can0 18FF01EA#2300C7062300C706
(946688575.789994) can0 18FF02EA#2400E5062400E506
(946688575.799994) can0 18FF1085#000000031E01001E
(946688575.799994) can0 400#3F3F277029750000
(946688575.799994) can0 401#0097000000000000
(946688575.809994) can0 18FF01EA#2400C6062400C606
(946688575.809994) can0 18FF02EA#2200DD062200DD06
(946688575.829993) can0 18FF01EA#2400C5062400C506
(946688575.829993) can0 18FF02EA#2400E0062400E006
(946688575.829993) can0 18FF1085#000000031E01001E
(946688575.829993) can0 400#3F3E297129730000
(946688575.829993) can0 401#0097000000000000
(946688575.849993) can0 18FF01EA#2500BE062500BE06
(946688575.849993) can0 18FF02EA#2200C7062200C706
(946688575.859993) can0 18FF1085#000000031E01001E
(946688575.859993) can0 400#403E287727750000
(946688575.859993) can0 401#0096000000000000
(946688575.859993) can0 19B30007#00005E20AB9B0000
(946688575.859993) can0 19B30100#D6D6D6D6D6D6D6D6
(946688575.869993) can0 18FF01EA#2400DE062400DE06
(946688575.869993) can0 18FF02EA#2200C3062200C306
(946688575.889993) can0 18FF01EA#2300D2062300D206
(946688575.889993) can0 18FF02EA#2200D8062200D806
(946688575.889993) can0 18FF1085#000000031E01001E
(946688575.889993) can0 400#3E3F287229740000
(946688575.889993) can0 401#0096000000000000
(946688575.909993) can0 18FF01EA#2200BD062200BD06
(946688575.909993) can0 18FF02EA#2200CA062200CA06
(946688575.919993) can0 18FF1085#000000031E01001E
(946688575.919993) can0 400#403F297828710000
(946688575.919993) can0 401#0197000000000000
(946688575.929993) can0 18FF01EA#2300CC062300CC06
(946688575.929993) can0 18FF02EA#2300BD062300BD06
(946688575.949993) can0 18FF01EA#2200C5062200C506
(946688575.949993) can0 18FF02EA#2400D7062400D706
(946688575.949993) can0 18FF1085#000000031E01001E
(946688575.949993) can0 400#3E41297629750000
(946688575.949993) can0 401#0095000000000000
(946688575.969993) can0 18FF01EA#2400BF062400BF06
(946688575.969993) can0 18FF02EA#2300C6062300C606
(946688575.969993) can0 19B30007#00005E20AB9B0000
(946688575.969993) can0 19B30100#D6D6D6D6D6D6D6D6
(946688575.979993) can0 18FF1085#000000031E01001E
(946688575.979993) can0 400#4040287128720000
(946688575.979993) can0 401#0097000000000000
(946688575.989993) can0 18FF01EA#2300C7062300C706
(946688575.989993) can0 18FF02EA#2500C2062500C206
(946688576.009993) can0 18FF01EA#2500BE062500BE06
(946688576.009993) can0 18FF02EA#2500CE062500CE06
(946688576.009993) can0 18FF1085#000000031E01001E
(946688576.009993) can0 400#4040297329730000
(946688576.009993) can0 401#0096000000000000
(946688576.029993) can0 18FF01EA#2200C7062200C706
(946688576.029993) can0 18FF02EA#2300CA062300CA06
(946688576.039993) can0 18FF1085#000000031E01001E
(946688576.039993) can0 400#413F287029760000
(946688576.039993) can0 401#0197000000000000
(946688576.049993) can0 18FF01EA#2500DF062500DF06
(946688576.049993) can0 18FF02EA#2200C8062200C806
(946688576.069993) can0 18FF01EA#2500CA062500CA06
(946688576.069993) can0 18FF02EA#2400C8062400C806
(946688576.069993) can0 18FF1085#000000031E01001E
(946688576.069993) can0 400#3E3F287328770000
(946688576.069993) can0 401#0097000000000000
(946688576.079993) can0 19B30007#00005E20AB9B0000
(946688576.079993) can0 19B30100#D6D6D6D6D6D6D6D6
(946688576.089993) can0 18FF01EA#2300CF062300CF06
(946688576.089993) can0 18FF02EA#2400C1062400C106
(946688576.099993) can0 18FF1085#000000031E01001E
(946688576.099993) can0 400#3E3F297227750000
(946688576.099993) can0 401#0097000000000000
(946688576.109993) can0 18FF01EA#2400C0062400C006
(946688576.109993) can0 18FF02EA#2500C1062500C106
(946688576.129993) can0 18FF01EA#2200D2062200D206
(946688576.129993) can0 18FF02EA#2400D1062400D106
(946688576.129993) can0 18FF1085#000000031E01001E
(946688576.129993) can0 400#3E41286E28770000
(946688576.129993) can0 401#0096000000000000
(946688576.149993) can0 18FF01EA#2200D8062200D806
(946688576.149993) can0 18FF02EA#2200BE062200BE06
(946688576.159993) can0 18FF1085#000000031E01001E
(946688576.159993) can0 400#3D3D287329710000
(946688576.159993) can0 401#0097000000000000
(946688576.169993) can0 18FF01EA#2400B7062400B706
(946688576.169993) can0 18FF02EA#2400C0062400C006
(946688576.189993) can0 18FF01EA#2200CE062200CE06
(946688576.189993) can0 18FF02EA#2500B9062500B906
(946688576.189993) can0 18FF1085#000000031E01001E
(946688576.189993) can0 400#403E287129770000
(946688576.189993) can0 401#0196000000000000
(946688576.189993) can0 19B30007#00005E20AB9B0000
(946688576.189993) can0 19B30100#D6D6D6D6D6D6D6D6
(946688576.209993) can0 18FF01EA#2400D6062400D606
(946688576.209993) can0 18FF02EA#2400B5062400B506
(946688576.219993) can0 18FF1085#000000031E01001E
(946688576.219993) can0 400#3D3E297829710000
(946688576.219993) can0 401#0196000000000000
(946688576.229993) can0 18FF01EA#2500D8062500D806
(946688576.229993) can0 18FF02EA#2400BE062400BE06
(946688576.249993) can0 18FF01EA#2300BD062300BD06
(946688576.249993) can0 18FF02EA#2400B8062400B806
(946688576.249993) can0 18FF1085#000000031E01001E
(946688576.249993) can0 400#3E40297428730000
(946688576.249993) can0 401#0095000000000000
(946688576.269993) can0 18FF01EA#2200DA062200DA06
(946688576.269993) can0 18FF02EA#2500C7062500C706
(946688576.279993) can0 18FF1085#000000031E01001E
(946688576.279993) can0 400#3E3D296F27720000
(946688576.279993) can0 401#0097000000000000
(946688576.289993) can0 18FF01EA#2300B4062300B406
(946688576.289993) can0 18FF02EA#2400D9062400D906
(946688576.299993) can0 19B30007#00005E20AB9B0000
(946688576.299993) can0 19B30100#D6D6D6D6D6D6D6D6
(946688576.309993) can0 18FF01EA#2200BA062200BA06
(946688576.309993) can0 18FF02EA#2500B9062500B906
(946688576.309993) can0 18FF1085#000000031E01001E
(946688576.309993) can0 400#3E3E287628740000
(946688576.309993) can0 401#0097000000000000
(946688576.329993) can0 18FF01EA#2500B6062500B606
(946688576.329993) can0 18FF02EA#2300B8062300B806
(946688576.339993) can0 18FF1085#000000031E01001E
(946688576.339993) can0 400#3F3F276E29720000
(946688576.339993) can0 401#0196000000000000
(946688576.349993) can0 18FF01EA#2200B5062200B506
(946688576.349993) can0 18FF02EA#2400B6062400B606
(946688576.369993) can0 18FF01EA#2400D3062400D306
(946688576.369993) can0 18FF02EA#2400D2062400D206
(946688576.369993) can0 18FF1085#000000031E01001E
(946688576.369993) can0 400#3E3D287529730000
(946688576.369993) can0 401#0097000000000000
(946688576.389993) can0 18FF01EA#2300D6062300D606
(946688576.389993) can0 18FF02EA#2400B3062400B306
(946688576.399993) can0 18FF1085#000000031E01001E
(946688576.399993) can0 400#3D40297728760000
(946688576.399993) can0 401#0195000000000000
(946688576.409993) can0 18FF01EA#2400C5062400C506
(946688576.409993) can0 18FF02EA#2200C0062200C006
(946688576.409993) can0 19B30007#00005E20AB9B0000
(946688576.409993) can0 19B30100#D6D6D6D6D6D6D6D6
(946688576.429993) can0 18FF01EA#2200C3062200C306
(946688576.429993) can0 18FF02EA#2200C2062200C206
(946688576.429993) can0 18FF1085#000000031E01001E
(946688576.429993) can0 400#3F3E286F28730000
(946688576.429993) can0 401#0096000000000000
(946688576.449993) can0 18FF01EA#2200B0062200B006
(946688576.449993) can0 18FF02EA#2300CD062300CD06
(946688576.459993) can0 18FF1085#000000031E01001E
(946688576.459993) can0 400#3F40297028730000
(946688576.459993) can0 401#0096000000000000
(946688576.469993) can0 18FF01EA#2500BF062500BF06
(946688576.469993) can0 18FF02EA#2200D6062200D606
(946688576.489993) can0 18FF01EA#2300BD062300BD06
(946688576.489993) can0 18FF02EA#2300C2062300C206
(946688576.489993) can0 18FF1085#000000031E01001E
(946688576.489993) can0 400#403F2874286E0000
(946688576.489993) can0 401#0095000000000000
(946688576.509993) can0 18FF01EA#2400B9062400B906
(946688576.509993) can0 18FF02EA#2200C2062200C206
(946688576.519993) can0 18FF1085#000000031E01001E
(946688576.519993) can0 400#3F3E297529720000
(946688576.519993) can0 401#0096000000000000
(946688576.519993) can0 19B30007#00005E20AB9B0000
(946688576.519993) can0 19B30100#D6D6D6D6D6D6D6D6
(946688576.529993) can0 18FF01EA#2400CE062400CE06
(946688576.529993) can0 18FF02EA#2300C5062300C506
(946688576.549993) can0 18FF01EA#2300B9062300B906
(946688576.549993) can0 18FF02EA#2300CB062300CB06
(946688576.549993) can0 18FF1085#000000031E01001E
(946688576.549993) can0 400#403F297728730000
(946688576.549993) can0 401#0096000000000000
(946688576.569993) can0 18FF01EA#2500CF062500CF06
(946688576.569993) can0 18FF02EA#2200B5062200B506
(946688576.579993) can0 18FF1085#000000031E01001E
(946688576.579993) can0 400#403F287429700000
(946688576.579993) can0 401#0097000000000000
(946688576.589993) can0 18FF01EA#2500B6062500B606
(946688576.589993) can0 18FF02EA#2500CF062500CF06
(946688576.609993) can0 18FF01EA#2300CB062300CB06
(946688576.609993) can0 18FF02EA#2500CF062500CF06
(946688576.609993) can0 18FF1085#000000031E01001E
(946688576.609993) can0 400#3F3F297428720000
(946688576.609993) can0 401#0095000000000000
(946688576.629993) can0 18FF01EA#2200B4062200B406
(946688576.629993) can0 18FF02EA#2500B6062500B606
(946688576.629993) can0 19B30007#00005E20AB9B0000
(946688576.629993) can0 19B30100#D6D6D6D6D6D6D6D6
(946688576.639993) can0 18FF1085#000000031E01001E
(946688576.639993) can0 400#3F3F287429770000
(946688576.639993) can0 401#0095000000000000
(946688576.649993) can0 18FF01EA#2200B8062200B806
(946688576.649993) can0 18FF02EA#2500D3062500D306
(946688576.669993) can0 18FF01EA#2400B5062400B506
(946688576.669993) can0 18FF02EA#2400D0062400D006
(946688576.669993) can0 18FF1085#000000031E01001E
(946688576.669993) can0 400#403D287529760000
(946688576.669993) can0 401#0195000000000000
(946688576.689993) can0 18FF01EA#2400B3062400B306
(946688576.689993) can0 18FF02EA#2300CC062300CC06
(946688576.699993) can0 18FF1085#000000031E01001E
(946688576.699993) can0 400#403F287428720000
(946688576.699993) can0 401#0096000000000000
(946688576.709993) can0 18FF01EA#2200D3062200D306
(946688576.709993) can0 18FF02EA#2500AE062500AE06
(946688576.729993) can0 18FF01EA#2300BA062300BA06
(946688576.729993) can0 18FF02EA#2200AE062200AE06
(946688576.729993) can0 18FF1085#000000031E01001E
(946688576.729993) can0 400#3E3D287728730000
(946688576.729993) can0 401#0096000000000000
(946688576.739993) can0 19B30007#00005E20AB9B0000
(946688576.739993) can0 19B30100#D6D6D6D6D6D6D6D6
(946688576.749993) can0 18FF01EA#2300BA062300BA06
(946688576.749993) can0 18FF02EA#2400C6062400C606
(946688576.759993) can0 18FF1085#000000031E01001E
(946688576.759993) can0 400#403F287128740000
(946688576.759993) can0 401#0196000000000000
(946688576.769993) can0 18FF01EA#2300B0062300B006
(946688576.769993) can0 18FF02EA#2500CC062500CC06
(946688576.789993) can0 18FF01EA#2300BF062300BF06
(946688576.789993) can0 18FF02EA#2300B3062300B306
(946688576.789993) can0 18FF1085#000000031E01001E
(946688576.789993) can0 400#3F40297328710000
(946688576.789993) can0 401#0097000000000000
(946688576.809993) can0 18FF01EA#2400BF062400BF06
(946688576.809993) can0 18FF02EA#2400C0062400C006
(946688576.819993) can0 18FF1085#000000031E01001E
(946688576.819993) can0 400#403E287628720000
(946688576.819993) can0 401#0196000000000000
(946688576.829993) can0 18FF01EA#2300B5062300B506
(946688576.829993) can0 18FF02EA#2400AE062400AE06
(946688576.849993) can0 18FF01EA#2300CB062300CB06
(946688576.849993) can0 18FF02EA#2300C5062300C506
(946688576.849993) can0 18FF1085#000000031E01001E
(946688576.849993) can0 400#3D3F297228710000
(946688576.849993) can0 401#0196000000000000
(946688576.849993) can0 19B30007#00005E20AB9B0000
(946688576.849993) can0 19B30100#D6D6D6D6D6D6D6D6
(946688576.869992) can0 18FF01EA#2400B3062400B306
(946688576.869992) can0 18FF02EA#2400B8062400B806
(946688576.879992) can0 18FF1085#000000031E01001E
(946688576.879992) can0 400#3C3F2874286F0000
(946688576.879992) can0 401#0095000000000000
(946688576.889992) can0 18FF01EA#2400C3062400C306
(946688576.889992) can0 18FF02EA#2400C3062400C306
(946688576.909992) can0 18FF01EA#2400AE062400AE06
(946688576.909992) can0 18FF02EA#2400B4062400B406
(946688576.909992) can0 18FF1085#000000031E01001E
(946688576.909992) can0 400#3E3E286F29770000
(946688576.909992) can0 401#0096000000000000
(946688576.929992) can0 18FF01EA#2200CB062200CB06
(946688576.929992) can0 18FF02EA#2400B5062400B506
(946688576.939992) can0 18FF1085#000000031E01001E
(946688576.939992) can0 400#3E3F287628770000
(946688576.939992) can0 401#0095000000000000
(946688576.949992) can0 18FF01EA#2200CE062200CE06
(946688576.949992) can0 18FF02EA#2200B7062200B706
(946688576.959992) can0 19B30007#00005E20AB9B0000
(946688576.959992) can0 19B30100#D6D6D6D6D6D6D6D6
(946688576.969992) can0 18FF01EA#2200AD062200AD06
(946688576.969992) can0 18FF02EA#2300BC062300BC06
(946688576.969992) can0 18FF1085#000000031E01001E
(946688576.969992) can0 400#3E3D297129710000
(946688576.969992) can0 401#0097000000000000
(946688576.989992) can0 18FF01EA#2400B8062400B806
(946688576.989992) can0 18FF02EA#2500CF062500CF06
(946688576.999992) can0 18FF1085#000000031E01001E
(946688576.999992) can0 400#3D3E297129730000
(946688576.999992) can0 401#0197000000000000
(946688577.009992) can0 18FF01EA#2200BF062200BF06
(946688577.009992) can0 18FF02EA#2200B0062200B006
(946688577.029992) can0 18FF01EA#2300B2062300B206
(946688577.029992) can0 18FF02EA#2200B5062200B506
(946688577.029992) can0 18FF1085#000000031E01001E
(946688577.029992) can0 400#3E3F286E2A730000
(946688577.029992) can0 401#0096000000000000
(946688577.049992) can0 18FF01EA#2200AB062200AB06
(946688577.049992) can0 18FF02EA#2300C0062300C006
(946688577.059992) can0 18FF1085#000000031E01001E
(946688577.059992) can0 400#3F3D286E29710000
(946688577.059992) can0 401#0195000000000000
(946688577.069992) can0 18FF01EA#2500B0062500B006
(946688577.069992) can0 18FF02EA#2200C4062200C406
(946688577.069992) can0 19B30007#00005E20AB9B0000
(946688577.069992) can0 19B30100#D6D6D6D6D6D6D6D6
(946688577.089992) can0 18FF01EA#2500B0062500B006
(946688577.089992) can0 18FF02EA#2500A7062500A706
(946688577.089992) can0 18FF1085#000000031E01001E
(946688577.089992) can0 400#3D3D28742A730000
(946688577.089992) can0 401#0095000000000000
(946688577.109992) can0 18FF01EA#2500CC062500CC06
(946688577.109992) can0 18FF02EA#2500C4062500C406
(946688577.119992) can0 18FF1085#000000031E01001E
(946688577.119992) can0 400#3F3F29762A700000
(946688577.119992) can0 401#0096000000000000
(946688577.129992) can0 18FF01EA#2300BB062300BB06
(946688577.129992) can0 18FF02EA#2500B5062500B506
(946688577.149992) can0 18FF01EA#2500B9062500B906
(946688577.149992) can0 18FF02EA#2300A6062300A606
(946688577.149992) can0 18FF1085#000000031E01001E
(946688577.149992) can0 400#403E2870286F0000
(946688577.149992) can0 401#0097000000000000
(946688577.169992) can0 18FF01EA#2500C5062500C506
(946688577.169992) can0 18FF02EA#2300BB062300BB06
(946688577.179992) can0 18FF1085#000000031E01001E
(946688577.179992) can0 400#3F402872296E0000
(946688577.179992) can0 401#0196000000000000
(946688577.179992) can0 19B30007#00005E20AB9B0000
(946688577.179992) can0 19B30100#D6D6D6D6D6D6D6D6
(946688577.189992) can0 18FF01EA#2500C5062500C506
(946688577.189992) can0 18FF02EA#2400CC062400CC06
(946688577.209992) can0 18FF01EA#2200C1062200C106
(946688577.209992) can0 18FF02EA#2500C1062500C106
(946688577.209992) can0 18FF1085#000000031E01001E
(946688577.209992) can0 400#3D402875296F0000
(946688577.209992) can0 401#0095000000000000
(946688577.229992) can0 18FF01EA#2500CA062500CA06
(946688577.229992) can0 18FF02EA#2300B1062300B106
(946688577.239992) can0 18FF1085#000000031E01001E
(946688577.239992) can0 400#3E3E2876296F0000
(946688577.239992) can0 401#0096000000000000
(946688577.249992) can0 18FF01EA#2400BF062400BF06
(946688577.249992) can0 18FF02EA#2200BD062200BD06
(946688577.269992) can0 18FF01EA#2200A6062200A606
(946688577.269992) can0 18FF02EA#2300BC062300BC06
(946688577.269992) can0 18FF1085#000000031E01001E
(946688577.269992) can0 400#3F3E287428730000
(946688577.269992) can0 401#0096000000000000
(946688577.289992) can0 18FF01EA#2500B9062500B906
(946688577.289992) can0 18FF02EA#2400C9062400C906
(946688577.289992) can0 19B30007#00005E20AB9B0000
(946688577.289992) can0 19B30100#D6D6D6D6D6D6D6D6
(946688577.299992) can0 18FF1085#000000031E01001E
(946688577.299992) can0 400#3F3D296F29750000
(946688577.299992) can0 401#0096000000000000
(946688577.309992) can0 18FF01EA#2300C8062300C806
(946688577.309992) can0 18FF02EA#2400C4062400C406
(946688577.329992) can0 18FF01EA#2500CB062500CB06
(946688577.329992) can0 18FF02EA#2200B8062200B806
(946688577.329992) can0 18FF1085#000000031E01001E
(946688577.329992) can0 400#3C3F287028700000
(946688577.329992) can0 401#0095000000000000
(946688577.349992) can0 18FF01EA#2500C2062500C206
(946688577.349992) can0 18FF02EA#2200B8062200B806
(946688577.359992) can0 18FF1085#000000031E01001E
(946688577.359992) can0 400#3F3E297028740000
(946688577.359992) can0 401#0095000000000000
(946688577.369992) can0 18FF01EA#2400B6062400B606
(946688577.369992) can0 18FF02EA#2400B3062400B306
(946688577.389992) can0 18FF01EA#2200C8062200C806
(946688577.389992) can0 18FF02EA#2400B8062400B806
(946688577.389992) can0 18FF1085#000000031E01001E
(946688577.389992) can0 400#3F3D297229750000
(946688577.389992) can0 401#0197000000000000
(946688577.399992) can0 19B30007#00005E20AB9B0000
(946688577.399992) can0 19B30100#D6D6D6D6D6D6D6D6
(946688577.409992) can0 18FF01EA#2300B2062300B206
(946688577.409992) can0 18FF02EA#2400A8062400A806
(946688577.419992) can0 18FF1085#000000031E01001E
(946688577.419992) can0 400#3D3D297228760000
(946688577.419992) can0 401#0096000000000000
(946688577.429992) can0 18FF01EA#2300A7062300A706
(946688577.429992) can0 18FF02EA#2300B6062300B606
(946688577.449992) can0 18FF01EA#2400C9062400C906
(946688577.449992) can0 18FF02EA#2200BB062200BB06
(946688577.449992) can0 18FF1085#000000031E01001E
(946688577.449992) can0 400#3F3E297529740000
(946688577.449992) can0 401#0096000000000000
(946688577.469992) can0 18FF01EA#2300C0062300C006
(946688577.469992) can0 18FF02EA#2300B4062300B406
(946688577.479992) can0 18FF1085#000000031E01001E
(946688577.479992) can0 400#403F297029730000
(946688577.479992) can0 401#0097000000000000
(946688577.489992) can0 18FF01EA#2400B5062400B506
(946688577.489992) can0 18FF02EA#2400AB062400AB06
(946688577.509992) can0 18FF01EA#2200A9062200A906
(946688577.509992) can0 18FF02EA#2300B6062300B606
(946688577.509992) can0 18FF1085#000000031E01001E
(946688577.509992) can0 400#3F3D297229760000
(946688577.509992) can0 401#0096000000000000
(946688577.509992) can0 19B30007#00005E20AB9B0000
(946688577.509992) can0 19B30100#D6D6D6D6D6D6D6D6
(946688577.529992) can0 18FF01EA#2500C3062500C306
(946688577.529992) can0 18FF02EA#2300AA062300AA06
(946688577.539992) can0 18FF1085#000000031E01001E
(946688577.539992) can0 400#403E287329760000
(946688577.539992) can0 401#0196000000000000
(946688577.549992) can0 18FF01EA#2200A4062200A406
(946688577.549992) can0 18FF02EA#2500AA062500AA06
(946688577.569992) can0 18FF01EA#2300A9062300A906
(946688577.569992) can0 18FF02EA#2400C4062400C406
(946688577.569992) can0 18FF1085#000000031E01001E
(946688577.569992) can0 400#3F40297529730000
(946688577.569992) can0 401#0196000000000000
(946688577.589992) can0 18FF01EA#2500B7062500B706
(946688577.589992) can0 18FF02EA#2200A5062200A506
(946688577.599992) can0 18FF1085#000000031E01001E
(946688577.599992) can0 400#3D3D287129730000
(946688577.599992) can0 401#0095000000000000
(946688577.609992) can0 18FF01EA#2500AB062500AB06
(946688577.609992) can0 18FF02EA#2500B9062500B906
(946688577.619992) can0 19B30007#00005E20AB9B0000
(946688577.619992) can0 19B30100#D6D6D6D6D6D6D6D6
(946688577.629992) can0 18FF01EA#2300A2062300A206
(946688577.629992) can0 18FF02EA#2300C2062300C206
(946688577.629992) can0 18FF1085#000000031E01001E
(946688577.629992) can0 400#3C40287228720000
(946688577.629992) can0 401#0195000000000000
(946688577.649992) can0 18FF01EA#2500C0062500C006
(946688577.649992) can0 18FF02EA#2200BC062200BC06
(946688577.659992) can0 18FF1085#000000031E01001E
(946688577.659992) can0 400#3F3E296E29710000
(946688577.659992) can0 401#0197000000000000
(946688577.669992) can0 18FF01EA#2500C0062500C006
(946688577.669992) can0 18FF02EA#2300B6062300B606
(946688577.689992) can0 18FF01EA#2400AD062400AD06
(946688577.689992) can0 18FF02EA#2300C1062300C106
(946688577.689992) can0 18FF1085#000000031E01001E
(946688577.689992) can0 400#3C3F297629710000
(946688577.689992) can0 401#0096000000000000
(946688577.709992) can0 18FF01EA#2500B0062500B006
(946688577.709992) can0 18FF02EA#2500AF062500AF06
(946688577.719992) can0 18FF1085#000000031E01001E
(946688577.719992) can0 400#3F402973296F0000
(946688577.719992) can0 401#0096000000000000
(946688577.729992) can0 18FF01EA#2300AA062300AA06
(946688577.729992) can0 18FF02EA#2200B6062200B606
(946688577.729992) can0 19B30007#00005E20AB9B0000
(946688577.729992) can0 19B30100#D6D6D6D6D6D6D6D6
(946688577.749992) can0 18FF01EA#2300BE062300BE06
(946688577.749992) can0 18FF02EA#2200C1062200C106
(946688577.749992) can0 18FF1085#000000031E01001E
(946688577.749992) can0 400#3D3C297129730000
(946688577.749992) can0 401#0195000000000000
(946688577.769992) can0 18FF01EA#2200A5062200A506
(946688577.769992) can0 18FF02EA#2500BC062500BC06
(946688577.779992) can0 18FF1085#000000031E01001E
(946688577.779992) can0 400#3E3E296F29740000
(946688577.779992) can0 401#0096000000000000
(946688577.789992) can0 18FF01EA#2400AC062400AC06
(946688577.789992) can0 18FF02EA#2300A5062300A506
(946688577.809992) can0 18FF01EA#2300B4062300B406
(946688577.809992) can0 18FF02EA#2400A7062400A706
(946688577.809992) can0 18FF1085#000000031E01001E
(946688577.809992) can0 400#3F402974296E0000
(946688577.809992) can0 401#0097000000000000
(946688577.829992) can0 18FF01EA#2500A5062500A506
(946688577.829992) can0 18FF02EA#2300BA062300BA06
(946688577.839992) can0 18FF1085#000000031E01001E
(946688577.839992) can0 400#3E3E297328760000
(946688577.839992) can0 401#0196000000000000
(946688577.839992) can0 19B30007#00005E20AB9B0000
(946688577.839992) can0 19B30100#D6D6D6D6D6D6D6D6
(946688577.849992) can0 18FF01EA#2400B5062400B506
(946688577.849992) can0 18FF02EA#2400A5062400A506
(946688577.869992) can0 18FF01EA#2500AA062500AA06
(946688577.869992) can0 18FF02EA#2200B1062200B106
(946688577.869992) can0 18FF1085#000000031E01001E
(946688577.869992) can0 400#3D3D2A7629710000
(946688577.869992) can0 401#0096000000000000
(946688577.889992) can0 18FF01EA#2200B6062200B606
(946688577.889992) can0 18FF02EA#25009F0625009F06
(946688577.899992) can0 18FF1085#000000031E01001E
(946688577.899992) can0 400#3E3C297229710000
(946688577.899992) can0 401#0096000000000000
(946688577.909992) can0 18FF01EA#2300BA062300BA06
(946688577.909992) can0 18FF02EA#2400B2062400B206
(946688577.929991) can0 18FF01EA#2200B0062200B006
(946688577.929991) can0 18FF02EA#2400BA062400BA06
(946688577.929991) can0 18FF1085#000000031E01001E
(946688577.929991) can0 400#3F3F297729760000
(946688577.929991) can0 401#0097000000000000
(946688577.949991) can0 18FF01EA#2300B5062300B506
(946688577.949991) can0 18FF02EA#2500B8062500B806
(946688577.949991) can0 19B30007#00005E20AB9B0000
(946688577.949991) can0 19B30100#D6D6D6D6D6D6D6D6
(946688577.959991) can0 18FF1085#000000031E01001E
(946688577.959991) can0 400#3F3E297229770000
(946688577.959991) can0 401#0096000000000000
(946688577.969991) can0 18FF01EA#2200BF062200BF06
(946688577.969991) can0 18FF02EA#2400BA062400BA06
(946688577.989991) can0 18FF01EA#2400A6062400A606
(946688577.989991) can0 18FF02EA#2400C2062400C206
(946688577.989991) can0 18FF1085#000000031E01001E
(946688577.989991) can0 400#3E3D297528750000
(946688577.989991) can0 401#0197000000000000
(946688578.009991) can0 18FF01EA#2200AB062200AB06
(946688578.009991) can0 18FF02EA#2300BE062300BE06
(946688578.019991) can0 18FF1085#000000031E01001E
(946688578.019991) can0 400#3E3E287529750000
(946688578.019991) can0 401#0096000000000000
(946688578.029991) can0 18FF01EA#2300A4062300A406
(946688578.029991) can0 18FF02EA#2500A7062500A706
(946688578.049991) can0 18FF01EA#2500B9062500B906
(946688578.049991) can0 18FF02EA#2200AC062200AC06
(946688578.049991) can0 18FF1085#000000031E01001E
(946688578.049991) can0 400#403E297029710000
(946688578.049991) can0 401#0097000000000000
(946688578.059991) can0 19B30007#00005E20AB9B0000
(946688578.059991) can0 19B30100#D6D6D6D6D6D6D6D6
(946688578.069991) can0 18FF01EA#2300B7062300B706
(946688578.069991) can0 18FF02EA#2300BF062300BF06
(946688578.079991) can0 18FF1085#000000031E01001E
(946688578.079991) can0 400#3E3D287128710000
(946688578.079991) can0 401#0195000000000000
(946688578.089991) can0 18FF01EA#2200AC062200AC06
(946688578.089991) can0 18FF02EA#2300AE062300AE06
(946688578.109991) can0 18FF01EA#2200BB062200BB06
(946688578.109991) can0 18FF02EA#2200AC062200AC06
(946688578.109991) can0 18FF1085#000000031E01001E
(946688578.109991) can0 400#3E3D297029700000
(946688578.109991) can0 401#0097000000000000
(946688578.129991) can0 18FF01EA#2200A9062200A906
(946688578.129991) can0 18FF02EA#2400A4062400A406
(946688578.139991) can0 18FF1085#000000031E01001E
(946688578.139991) can0 400#3C3D286F2A760000
(946688578.139991) can0 401#0096000000000000
(946688578.149991) can0 18FF01EA#2400BF062400BF06
(946688578.149991) can0 18FF02EA#2500B9062500B906
(946688578.169991) can0 18FF01EA#2400B3062400B306
(946688578.169991) can0 18FF02EA#2300B9062300B906
(946688578.169991) can0 18FF1085#000000031E01001E
(946688578.169991) can0 400#3F3F297428740000
(946688578.169991) can0 401#0196000000000000
(946688578.169991) can0 19B30007#00005E20AB9B0000
(946688578.169991) can0 19B30100#D6D6D6D6D6D6D6D6
(946688578.189991) can0 18FF01EA#24009E0624009E06
(946688578.189991) can0 18FF02EA#2300AB062300AB06
(946688578.199991) can0 18FF1085#000000031E01001E
(946688578.199991) can0 400#3E3D287529710000
(946688578.199991) can0 401#0096000000000000
(946688578.209991) can0 18FF01EA#2400B3062400B306
(946688578.209991) can0 18FF02EA#2200A9062200A906
(946688578.229991) can0 18FF01EA#2300B8062300B806
(946688578.229991) can0 18FF02EA#24009F0624009F06
(946688578.229991) can0 18FF1085#000000031E01001E
(946688578.229991) can0 400#3C3E287229750000
(946688578.229991) can0 401#0095000000000000
(946688578.249991) can0 18FF01EA#2300A0062300A006
(946688578.249991) can0 18FF02EA#2200A9062200A906
(946688578.259991) can0 18FF1085#000000031E01001E
(946688578.259991) can0 400#3D3E287628740000
(946688578.259991) can0 401#0196000000000000
(946688578.269991) can0 18FF01EA#2500B8062500B806
(946688578.269991) can0 18FF02EA#2300BF062300BF06
(946688578.279991) can0 19B30007#00005E20AB9B0000
(946688578.279991) can0 19B30100#D6D6D6D6D6D6D6D6
(946688578.289991) can0 18FF01EA#2500C2062500C206
(946688578.289991) can0 18FF02EA#2300A0062300A006
(946688578.289991) can0 18FF1085#000000031E01001E
(946688578.289991) can0 400#3E3E296F296D0000
(946688578.289991) can0 401#0096000000000000
(946688578.309991) can0 18FF01EA#24009C0624009C06
(946688578.309991) can0 18FF02EA#2200C2062200C206
(946688578.319991) can0 18FF1085#000000031E01001E
(946688578.319991) can0 400#3E3F29702A6E0000
(946688578.319991) can0 401#0095000000000000
(946688578.329991) can0 18FF01EA#2500AC062500AC06
(946688578.329991) can0 18FF02EA#2300B2062300B206
(946688578.349991) can0 18FF01EA#2300B6062300B606
(946688578.349991) can0 18FF02EA#2500BB062500BB06
(946688578.349991) can0 18FF1085#000000031E01001E
(946688578.349991) can0 400#3C3F297329710000
(946688578.349991) can0 401#0195000000000000
(946688578.369991) can0 18FF01EA#22009E0622009E06
(946688578.369991) can0 18FF02EA#2500A4062500A406
(946688578.379991) can0 18FF1085#000000031E01001E
(946688578.379991) can0 400#3D3F287229700000
(946688578.379991) can0 401#0196000000000000
(946688578.389991) can0 18FF01EA#2200AC062200AC06
(946688578.389991) can0 18FF02EA#2300BA062300BA06
(946688578.389991) can0 19B30007#00005E20AB9B0000
(946688578.389991) can0 19B30100#D6D6D6D6D6D6D6D6
(946688578.409991) can0 18FF01EA#2500C1062500C106
(946688578.409991) can0 18FF02EA#2200B5062200B506
(946688578.409991) can0 18FF1085#000000031E01001E
(946688578.409991) can0 400#403F28762A720000
(946688578.409991) can0 401#0097000000000000
(946688578.429991) can0 18FF01EA#2300B9062300B906
(946688578.429991) can0 18FF02EA#24009D0624009D06
(946688578.439991) can0 18FF1085#000000031E01001E
(946688578.439991) can0 400#3F3D2A7728710000
(946688578.439991) can0 401#0095000000000000
(946688578.449991) can0 18FF01EA#2500C0062500C006
(946688578.449991) can0 18FF02EA#2500B0062500B006
(946688578.469991) can0 18FF01EA#25009C0625009C06
(946688578.469991) can0 18FF02EA#2400B6062400B606
(946688578.469991) can0 18FF1085#000000031E01001E
(946688578.469991) can0 400#3E3E297729750000
(946688578.469991) can0 401#0195000000000000
(946688578.489991) can0 18FF01EA#2400C0062400C006
(946688578.489991) can0 18FF02EA#2500B0062500B006
(946688578.499991) can0 18FF1085#000000031E01001E
(946688578.499991) can0 400#3E3C2874286F0000
(946688578.499991) can0 401#0197000000000000
(946688578.499991) can0 19B30007#00005E20AB9B0000
(946688578.499991) can0 19B30100#D6D6D6D6D6D6D6D6
(946688578.509991) can0 18FF01EA#2200B6062200B606
(946688578.509991) can0 18FF02EA#2300A4062300A406
(946688578.529991) can0 18FF01EA#2400AD062400AD06
(946688578.529991) can0 18FF02EA#24009E0624009E06
(946688578.529991) can0 18FF1085#000000031E01001E
(946688578.529991) can0 400#403D296E2A700000
(946688578.529991) can0 401#0096000000000000
(946688578.549991) can0 18FF01EA#2200BD062200BD06
(946688578.549991) can0 18FF02EA#2300AC062300AC06
(946688578.559991) can0 18FF1085#000000031E01001E
(946688578.559991) can0 400#3F40296F29760000
(946688578.559991) can0 401#0096000000000000
(946688578.569991) can0 18FF01EA#2300B0062300B006
(946688578.569991) can0 18FF02EA#2500BF062500BF06
(946688578.589991) can0 18FF01EA#2500A8062500A806
(946688578.589991) can0 18FF02EA#2400AF062400AF06
(946688578.589991) can0 18FF1085#000000031E01001E
(946688578.589991) can0 400#3C3D297529760000
(946688578.589991) can0 401#0196000000000000
(946688578.609991) can0 18FF01EA#2200A4062200A406
(946688578.609991) can0 18FF02EA#2400AA062400AA06
(946688578.609991) can0 19B30007#00005E20AB9B0000
(946688578.609991) can0 19B30100#D6D6D6D6D6D6D6D6
(946688578.619991) can0 18FF1085#000000031E01001E
(946688578.619991) can0 400#3F3C297529710000
(946688578.619991) can0 401#0096000000000000
(946688578.629991) can0 18FF01EA#2500B4062500B406
(946688578.629991) can0 18FF02EA#2200A8062200A806
(946688578.649991) can0 18FF01EA#2300A0062300A006
(946688578.649991) can0 18FF02EA#2300AE062300AE06
(946688578.649991) can0 18FF1085#000000031E01001E
(946688578.649991) can0 400#3F3E286F29740000
(946688578.649991) can0 401#0196000000000000
(946688578.669991) can0 18FF01EA#23009F0623009F06
(946688578.669991) can0 18FF02EA#2400A6062400A606
(946688578.679991) can0 18FF1085#000000031E01001E
(946688578.679991) can0 400#3E3F29722A6E0000
(946688578.679991) can0 401#0095000000000000
(946688578.689991) can0 18FF01EA#24009A0624009A06
(946688578.689991) can0 18FF02EA#2300A7062300A706
(946688578.709991) can0 18FF01EA#23009D0623009D06
(946688578.709991) can0 18FF02EA#2500A5062500A506
(946688578.709991) can0 18FF1085#000000031E01001E
(946688578.709991) can0 400#3F3D2A6F296F0000
(946688578.709991) can0 401#0196000000000000
(946688578.719991) can0 19B30007#00005E20AB9B0000
(946688578.719991) can0 19B30100#D6D6D6D6D6D6D6D6
(946688578.729991) can0 18FF01EA#2500B3062500B306
(946688578.729991) can0 18FF02EA#2300BA062300BA06
(946688578.739991) can0 18FF1085#000000031E01001E
(946688578.739991) can0 400#3C3E296E28700000
(946688578.739991) can0 401#0096000000000000
(946688578.749991) can0 18FF01EA#2400B5062400B506
(946688578.749991) can0 18FF02EA#2200A5062200A506
(946688578.769991) can0 18FF01EA#2300B3062300B306
(946688578.769991) can0 18FF02EA#2200B3062200B306
(946688578.769991) can0 18FF1085#000000031E01001E
(946688578.769991) can0 400#3D3F297128720000
(946688578.769991) can0 401#0197000000000000
(946688578.789991) can0 18FF01EA#2500B4062500B406
(946688578.789991) can0 18FF02EA#2300A7062300A706
(946688578.799991) can0 18FF1085#000000031E01001E
(946688578.799991) can0 400#3C3F2A712A750000
(946688578.799991) can0 401#0095000000000000
(946688578.809991) can0 18FF01EA#2300AD062300AD06
(946688578.809991) can0 18FF02EA#2200B0062200B006
(946688578.829991) can0 18FF01EA#2400A6062400A606
(946688578.829991) can0 18FF02EA#2500B2062500B206
(946688578.829991) can0 18FF1085#000000031E01001E
(946688578.829991) can0 400#3C3C2971286F0000
(946688578.829991) can0 401#0096000000000000
(946688578.829991) can0 19B30007#00005E20AB9B0000
(946688578.829991) can0 19B30100#D6D6D6D6D6D6D6D6
(946688578.849991) can0 18FF01EA#2300BE062300BE06
(946688578.849991) can0 18FF02EA#2300B3062300B306
(946688578.859991) can0 18FF1085#000000031E01001E
(946688578.859991) can0 400#3F3C29732A700000
(946688578.859991) can0 401#0097000000000000
(946688578.869991) can0 18FF01EA#2500B2062500B206
(946688578.869991) can0 18FF02EA#2500A8062500A806
(946688578.889991) can0 18FF01EA#2500A0062500A006
(946688578.889991) can0 18FF02EA#2300B4062300B406
(946688578.889991) can0 18FF1085#000000031E01001E
(946688578.889991) can0 400#3D3C297628750000
(946688578.889991) can0 401#0096000000000000
(946688578.909991) can0 18FF01EA#2200A6062200A606
(946688578.909991) can0 18FF02EA#2500A2062500A206
(946688578.919991) can0 18FF1085#000000031E01001E
(946688578.919991) can0 400#3D3C286E2A6E0000
(946688578.919991) can0 401#0095000000000000
(946688578.929991) can0 18FF01EA#24009E0624009E06
(946688578.929991) can0 18FF02EA#2400AF062400AF06
(946688578.939991) can0 19B30007#00005E20AB9B0000
(946688578.939991) can0 19B30100#D6D6D6D6D6D6D6D6
(946688578.949991) can0 18FF01EA#2500AE062500AE06
(946688578.949991) can0 18FF02EA#2200B2062200B206
(946688578.949991) can0 18FF1085#000000031E01001E
(946688578.949991) can0 400#3E3F2A6E28770000
(946688578.949991) can0 401#0097000000000000
(946688578.969990) can0 18FF01EA#23009A0623009A06
(946688578.969990) can0 18FF02EA#24009F0624009F06
(946688578.979990) can0 18FF1085#000000031E01001E
(946688578.979990) can0 400#3D3D2970296F0000
(946688578.979990) can0 401#0095000000000000
(946688578.989990) can0 18FF01EA#2200B1062200B106
(946688578.989990) can0 18FF02EA#2300BB062300BB06
(946688579.009990) can0 18FF01EA#2200A6062200A606
(946688579.009990) can0 18FF02EA#2400B0062400B006
(946688579.009990) can0 18FF1085#000000031E01001E
(946688579.009990) can0 400#3C3E28762A710000
(946688579.009990) can0 401#0096000000000000
(946688579.029990) can0 18FF01EA#2200B7062200B706
(946688579.029990) can0 18FF02EA#2400B2062400B206
(946688579.039990) can0 18FF1085#000000031E01001E
(946688579.039990) can0 400#3D3D286F29700000
(946688579.039990) can0 401#0095000000000000
(946688579.049990) can0 18FF01EA#23009E0623009E06
(946688579.049990) can0 18FF02EA#2500AA062500AA06
(946688579.049990) can0 19B30007#00005E20AB9B0000
(946688579.049990) can0 19B30100#D6D6D6D6D6D6D6D6
(946688579.069990) can0 18FF01EA#23009A0623009A06
(946688579.069990) can0 18FF02EA#22009B0622009B06
(946688579.069990) can0 18FF1085#000000031E01001E
(946688579.069990) can0 400#3D3D287129720000
(946688579.069990) can0 401#0096000000000000
(946688579.089990) can0 18FF01EA#2200BA062200BA06
(946688579.089990) can0 18FF02EA#2500990625009906
(946688579.099990) can0 18FF1085#000000031E01001E
(946688579.099990) can0 400#3E3E297329740000
(946688579.099990) can0 401#0095000000000000
(946688579.109990) can0 18FF01EA#2300980623009806
(946688579.109990) can0 18FF02EA#2300A3062300A306
(946688579.129990) can0 18FF01EA#2200A4062200A406
(946688579.129990) can0 18FF02EA#2200A8062200A806
(946688579.129990) can0 18FF1085#000000031E01001E
(946688579.129990) can0 400#3D3F28732A710000
(946688579.129990) can0 401#0096000000000000
(946688579.149990) can0 18FF01EA#2500B2062500B206
(946688579.149990) can0 18FF02EA#2200AB062200AB06
(946688579.159990) can0 18FF1085#000000031E01001E
(946688579.159990) can0 400#3D3D2A70286F0000
(946688579.159990) can0 401#0096000000000000
(946688579.159990) can0 19B30007#00005E20AB9B0000
(946688579.159990) can0 19B30100#D6D6D6D6D6D6D6D6
(946688579.169990) can0 18FF01EA#2200B9062200B906
(946688579.169990) can0 18FF02EA#2400B3062400B306
(946688579.189990) can0 18FF01EA#2300AB062300AB06
(946688579.189990) can0 18FF02EA#2200A9062200A906
(946688579.189990) can0 18FF1085#000000031E01001E
(946688579.189990) can0 400#3F3F29772A720000
(946688579.189990) can0 401#0097000000000000
(946688579.209990) can0 18FF01EA#2400A4062400A406
(946688579.209990) can0 18FF02EA#2300960623009606
(946688579.219990) can0 18FF1085#000000031E01001E
(946688579.219990) can0 400#3F3E297028750000
(946688579.219990) can0 401#0096000000000000
(946688579.229990) can0 18FF01EA#2200BC062200BC06
(946688579.229990) can0 18FF02EA#2500960625009606
(946688579.249990) can0 18FF01EA#2300B4062300B406
(946688579.249990) can0 18FF02EA#2200960622009606
(946688579.249990) can0 18FF1085#000000031E01001E
(946688579.249990) can0 400#3F3E2A7629730000
(946688579.249990) can0 401#0095000000000000
(946688579.269990) can0 18FF01EA#2500980625009806
(946688579.269990) can0 18FF02EA#2400AB062400AB06
(946688579.269990) can0 19B30007#00005E20AB9B0000
(946688579.269990) can0 19B30100#D6D6D6D6D6D6D6D6
(946688579.279990) can0 18FF1085#000000031E01001E
(946688579.279990) can0 400#3E3D2A6E29770000
(946688579.279990) can0 401#0096000000000000
(946688579.289990) can0 18FF01EA#2300980623009806
(946688579.289990) can0 18FF02EA#24009F0624009F06
(946688579.309990) can0 18FF01EA#2400B2062400B206
(946688579.309990) can0 18FF02EA#2400A0062400A006
(946688579.309990) can0 18FF1085#000000031E01001E
(946688579.309990) can0 400#3D3D28732A720000
(946688579.309990) can0 401#0096000000000000
(946688579.329990) can0 18FF01EA#2200B1062200B106
(946688579.329990) can0 18FF02EA#2500BD062500BD06
(946688579.339990) can0 18FF1085#000000031E01001E
(946688579.339990) can0 400#3C3C29702A760000
(946688579.339990) can0 401#0196000000000000
(946688579.349990) can0 18FF01EA#2300960623009606
(946688579.349990) can0 18FF02EA#24009E0624009E06
(946688579.369990) can0 18FF01EA#2400B8062400B806
(946688579.369990) can0 18FF02EA#2500AB062500AB06
(946688579.369990) can0 18FF1085#000000031E01001E
(946688579.369990) can0 400#3C3E286E2A6F0000
(946688579.369990) can0 401#0096000000000000
(946688579.379990) can0 19B30007#00005E20AB9B0000
(946688579.379990) can0 19B30100#D6D6D6D6D6D6D6D6
(946688579.389990) can0 18FF01EA#2400BD062400BD06
(946688579.389990) can0 18FF02EA#2300A9062300A906
(946688579.399990) can0 18FF1085#000000031E01001E
(946688579.399990) can0 400#3E3C2872286E0000
(946688579.399990) can0 401#0095000000000000
(946688579.409990) can0 18FF01EA#2500B9062500B906
(946688579.409990) can0 18FF02EA#2500AA062500AA06
(946688579.429990) can0 18FF01EA#2500A8062500A806
(946688579.429990) can0 18FF02EA#2300B1062300B106
(946688579.429990) can0 18FF1085#000000031E01001E
(946688579.429990) can0 400#3E3D297229740000
(946688579.429990) can0 401#0195000000000000
(946688579.449990) can0 18FF01EA#2400AF062400AF06
(946688579.449990) can0 18FF02EA#2200BC062200BC06
(946688579.459990) can0 18FF1085#000000031E01001E
(946688579.459990) can0 400#3D3E287029760000
(946688579.459990) can0 401#0195000000000000
(946688579.469990) can0 18FF01EA#2200980622009806
(946688579.469990) can0 18FF02EA#2200B2062200B206
(946688579.489990) can0 18FF01EA#23009B0623009B06
(946688579.489990) can0 18FF02EA#23009F0623009F06
(946688579.489990) can0 18FF1085#000000031E01001E
(946688579.489990) can0 400#3E3F2A7429720000
(946688579.489990) can0 401#0095000000000000
(946688579.489990) can0 19B30007#00005E20AB9B0000
(946688579.489990) can0 19B30100#D6D6D6D6D6D6D6D6
(946688579.509990) can0 18FF01EA#2400AB062400AB06
(946688579.509990) can0 18FF02EA#2200AB062200AB06
(946688579.519990) can0 18FF1085#000000031E01001E
(946688579.519990) can0 400#3F3D29772A6F0000
(946688579.519990) can0 401#0096000000000000
(946688579.529990) can0 18FF01EA#2200B1062200B106
(946688579.529990) can0 18FF02EA#2500BB062500BB06
(946688579.549990) can0 18FF01EA#2500B6062500B606
(946688579.549990) can0 18FF02EA#2400B2062400B206
(946688579.549990) can0 18FF1085#000000031E01001E
(946688579.549990) can0 400#3D3E28772A730000
(946688579.549990) can0 401#0196000000000000
(946688579.569990) can0 18FF01EA#2300BA062300BA06
(946688579.569990) can0 18FF02EA#2500A3062500A306
(946688579.579990) can0 18FF1085#000000031E01001E
(946688579.579990) can0 400#3F3E2871286E0000
(946688579.579990) can0 401#0095000000000000
(946688579.589990) can0 18FF01EA#2300B6062300B606
(946688579.589990) can0 18FF02EA#2400B6062400B606
(946688579.599990) can0 19B30007#00005E20AB9B0000
(946688579.599990) can0 19B30100#D6D6D6D6D6D6D6D6
(946688579.609990) can0 18FF01EA#2500B1062500B106
(946688579.609990) can0 18FF02EA#2400BA062400BA06
(946688579.609990) can0 18FF1085#000000031E01001E
(946688579.609990) can0 400#3C3D297628740000
(946688579.609990) can0 401#0097000000000000
(946688579.629990) can0 18FF01EA#2200A0062200A006
(946688579.629990) can0 18FF02EA#2400AA062400AA06
(946688579.639990) can0 18FF1085#000000031E01001E
(946688579.639990) can0 400#3E3F2A6E29720000
(946688579.639990) can0 401#0096000000000000
(946688579.649990) can0 18FF01EA#22009C0622009C06
(946688579.649990) can0 18FF02EA#2400A0062400A006
(946688579.669990) can0 18FF01EA#2500A7062500A706
(946688579.669990) can0 18FF02EA#24009B0624009B06
(946688579.669990) can0 18FF1085#000000031E01001E
(946688579.669990) can0 400#3E3F2A6F2A770000
(946688579.669990) can0 401#0196000000000000
(946688579.689990) can0 18FF01EA#2300B4062300B406
(946688579.689990) can0 18FF02EA#22009F0622009F06
(946688579.699990) can0 18FF1085#000000031E01001E
(946688579.699990) can0 400#3C3C29772A700000
(946688579.699990) can0 401#0096000000000000
(946688579.709990) can0 18FF01EA#2400B4062400B406
(946688579.709990) can0 18FF02EA#2500AA062500AA06
(946688579.709990) can0 19B30007#00005E20AB9B0000
(946688579.709990) can0 19B30100#D6D6D6D6D6D6D6D6
(946688579.729990) can0 18FF01EA#2200B9062200B906
(946688579.729990) can0 18FF02EA#2500A9062500A906
(946688579.729990) can0 18FF1085#000000031E01001E
(946688579.729990) can0 400#3D3C297328740000
(946688579.729990) can0 401#0195000000000000
(946688579.749990) can0 18FF01EA#2300970623009706
(946688579.749990) can0 18FF02EA#2500A4062500A406
(946688579.759990) can0 18FF1085#000000031E01001E
(946688579.759990) can0 400#3C3D2A7128760000
(946688579.759990) can0 401#0196000000000000
(946688579.769990) can0 18FF01EA#2200B7062200B706
(946688579.769990) can0 18FF02EA#2200A9062200A906
(946688579.789990) can0 18FF01EA#2300A5062300A506
(946688579.789990) can0 18FF02EA#2200960622009606
(946688579.789990) can0 18FF1085#000000031E01001E
(946688579.789990) can0 400#3E3F2872296E0000
(946688579.789990) can0 401#0097000000000000
(946688579.809990) can0 18FF01EA#2300A3062300A306
(946688579.809990) can0 18FF02EA#2400980624009806
(946688579.819990) can0 18FF1085#000000031E01001E
(946688579.819990) can0 400#3F3D296F29720000
(946688579.819990) can0 401#0096000000000000
(946688579.819990) can0 19B30007#00005E20AB9B0000
(946688579.819990) can0 19B30100#D6D6D6D6D6D6D6D6
(946688579.829990) can0 18FF01EA#2400980624009806
(946688579.829990) can0 18FF02EA#2400B5062400B506
(946688579.849990) can0 18FF01EA#2200B3062200B306
(946688579.849990) can0 18FF02EA#2500A9062500A906
(946688579.849990) can0 18FF1085#000000031E01001E
(946688579.849990) can0 400#3D3E296E2A750000
(946688579.849990) can0 401#0095000000000000
(946688579.869990) can0 18FF01EA#2400A0062400A006
(946688579.869990) can0 18FF02EA#22009A0622009A06
(946688579.879990) can0 18FF1085#000000031E01001E
(946688579.879990) can0 400#3D3D287629730000
(946688579.879990) can0 401#0096000000000000
(946688579.889990) can0 18FF01EA#22009D0622009D06
(946688579.889990) can0 18FF02EA#25009A0625009A06
(946688579.909990) can0 18FF01EA#2300940623009406
(946688579.909990) can0 18FF02EA#2200B3062200B306
(946688579.909990) can0 18FF1085#000000031E01001E
(946688579.909990) can0 400#3E3B2A70286E0000
(946688579.909990) can0 401#0096000000000000
(946688579.929990) can0 18FF01EA#23009E0623009E06
(946688579.929990) can0 18FF02EA#2300A5062300A506
(946688579.929990) can0 19B30007#00005E20AB9B0000
(946688579.929990) can0 19B30100#D6D6D6D6D6D6D6D6
(946688579.939990) can0 18FF1085#000000031E01001E
(946688579.939990) can0 400#3F3F29722A6F0000
(946688579.939990) can0 401#0095000000000000
(946688579.949990) can0 18FF01EA#2500B1062500B106
(946688579.949990) can0 18FF02EA#2500B4062500B406
(946688579.969990) can0 18FF01EA#2400A4062400A406
(946688579.969990) can0 18FF02EA#2300B4062300B406
(946688579.969990) can0 18FF1085#000000031E01001E
(946688579.969990) can0 400#3C3E297428720000
(946688579.969990) can0 401#0096000000000000
(946688579.989990) can0 18FF01EA#24009C0624009C06
(946688579.989990) can0 18FF02EA#2400BB062400BB06
(946688579.999990) can0 18FF1085#000000031E01001E
(946688579.999990) can0 400#3F3D2A7428700000
(946688579.999990) can0 401#0096000000000000
(946688580.009990) can0 18FF01EA#2200AD062200AD06
(946688580.009990) can0 18FF02EA#2500B4062500B406
(946688580.029989) can0 18FF01EA#2200B1062200B106
(946688580.029989) can0 18FF02EA#2400B0062400B006
(946688580.029989) can0 18FF1085#000000031E01001E
(946688580.029989) can0 400#3F3F28732A720000
(946688580.029989) can0 401#0096000000000000
(946688580.039989) can0 19B30007#00005E20AB9B0000
(946688580.039989) can0 19B30100#D6D6D6D6D6D6D6D6
(946688580.049989) can0 18FF01EA#24009C0624009C06
(946688580.049989) can0 18FF02EA#2200B4062200B406
(946688580.059989) can0 18FF1085#000000031E01001E
(946688580.059989) can0 400#3F3E2A7629750000
(946688580.059989) can0 401#0096000000000000
(946688580.069989) can0 18FF01EA#2400A7062400A706
(946688580.069989) can0 18FF02EA#2400990624009906
(946688580.089989) can0 18FF01EA#2300B5062300B506
(946688580.089989) can0 18FF02EA#2200940622009406
(946688580.089989) can0 18FF1085#000000031E01001E
(946688580.089989) can0 400#3D3F287329700000
(946688580.089989) can0 401#0096000000000000
(946688580.109989) can0 18FF01EA#2200A1062200A106
(946688580.109989) can0 18FF02EA#2400A3062400A306
(946688580.119989) can0 18FF1085#000000031E01001E
(946688580.119989) can0 400#3D3E296D29700000
(946688580.119989) can0 401#0095000000000000
(946688580.129989) can0 18FF01EA#2400B4062400B406
(946688580.129989) can0 18FF02EA#2200A3062200A306
(946688580.149989) can0 18FF01EA#2400940624009406
(946688580.149989) can0 18FF02EA#2300950623009506
(946688580.149989) can0 18FF1085#000000031E01001E
(946688580.149989) can0 400#3E3D2873286F0000
(946688580.149989) can0 401#0096000000000000
(946688580.149989) can0 19B30007#00005E20AB9B0000
(946688580.149989) can0 19B30100#D6D6D6D6D6D6D6D6
(946688580.169989) can0 18FF01EA#23009C0623009C06
(946688580.169989) can0 18FF02EA#2500A5062500A506
(946688580.179989) can0 18FF1085#000000031E01001E
(946688580.179989) can0 400#3F3F297028750000
(946688580.179989) can0 401#0197000000000000
(946688580.189989) can0 18FF01EA#2400980624009806
(946688580.189989) can0 18FF02EA#2300970623009706
(946688580.209989) can0 18FF01EA#2500AE062500AE06
(946688580.209989) can0 18FF02EA#23009B0623009B06
(946688580.209989) can0 18FF1085#000000031E01001E
(946688580.209989) can0 400#3C3D2A7529760000
(946688580.209989) can0 401#0095000000000000
(946688580.229989) can0 18FF01EA#2200B7062200B706
(946688580.229989) can0 18FF02EA#2200960622009606
(946688580.239989) can0 18FF1085#000000031E01001E
(946688580.239989) can0 400#3F3D297629750000
(946688580.239989) can0 401#0195000000000000
(946688580.249989) can0 18FF01EA#2200940622009406
(946688580.249989) can0 18FF02EA#2200B9062200B906
(946688580.259989) can0 19B30007#00005E20AB9B0000
(946688580.259989) can0 19B30100#D6D6D6D6D6D6D6D6
(946688580.269989) can0 18FF01EA#2400A4062400A406
(946688580.269989) can0 18FF02EA#2500AF062500AF06
(946688580.269989) can0 18FF1085#000000031E01001E
(946688580.269989) can0 400#3E3F287229720000
(946688580.269989) can0 401#0196000000000000
(946688580.289989) can0 18FF01EA#2400AE062400AE06
(946688580.289989) can0 18FF02EA#23009E0623009E06
(946688580.299989) can0 18FF1085#000000031E01001E
(946688580.299989) can0 400#3D3C287029710000
(946688580.299989) can0 401#0195000000000000
(946688580.309989) can0 18FF01EA#2200B3062200B306
(946688580.309989) can0 18FF02EA#2400B5062400B506
(946688580.329989) can0 18FF01EA#2200BA062200BA06
(946688580.329989) can0 18FF02EA#2400AB062400AB06
(946688580.329989) can0 18FF1085#000000031E01001E
(946688580.329989) can0 400#3C3D2A7529740000
(946688580.329989) can0 401#0095000000000000
(946688580.349989) can0 18FF01EA#2500A6062500A606
(946688580.349989) can0 18FF02EA#2300B2062300B206
(946688580.359989) can0 18FF1085#000000031E01001E
(946688580.359989) can0 400#3C3F2A6F2A730000
(946688580.359989) can0 401#0097000000000000
(946688580.369989) can0 18FF01EA#2300920623009206
(946688580.369989) can0 18FF02EA#22009C0622009C06
(946688580.369989) can0 19B30007#00005E20AB9B0000
(946688580.369989) can0 19B30100#D6D6D6D6D6D6D6D6
(946688580.389989) can0 18FF01EA#2400A7062400A706
(946688580.389989) can0 18FF02EA#2300950623009506
(946688580.389989) can0 18FF1085#000000031E01001E
(946688580.389989) can0 400#3D3D28702A740000
(946688580.389989) can0 401#0095000000000000
(946688580.409989) can0 18FF01EA#2500B6062500B606
(946688580.409989) can0 18FF02EA#2300A6062300A606
(946688580.419989) can0 18FF1085#000000031E01001E
(946688580.419989) can0 400#3D3D296F296E0000
(946688580.419989) can0 401#0096000000000000
(946688580.429989) can0 18FF01EA#2200A7062200A706
(946688580.429989) can0 18FF02EA#2400AF062400AF06
(946688580.449989) can0 18FF01EA#22009F0622009F06
(946688580.449989) can0 18FF02EA#23009A0623009A06
(946688580.449989) can0 18FF1085#000000031E01001E
(946688580.449989) can0 400#3D3E2970296D0000
(946688580.449989) can0 401#0095000000000000
(946688580.469989) can0 18FF01EA#2400B9062400B906
(946688580.469989) can0 18FF02EA#2400940624009406
(946688580.479989) can0 18FF1085#000000031E01001E
(946688580.479989) can0 400#3C3E2A6F2A700000
(946688580.479989) can0 401#0197000000000000
(946688580.479989) can0 19B30007#00005E20AB9B0000
(946688580.479989) can0 19B30100#D6D6D6D6D6D6D6D6
(946688580.489989) can0 18FF01EA#2500A4062500A406
(946688580.489989) can0 18FF02EA#22009E0622009E06
(946688580.509989) can0 18FF01EA#2200AC062200AC06
(946688580.509989) can0 18FF02EA#2500A3062500A306
(946688580.509989) can0 18FF1085#000000031E01001E
(946688580.509989) can0 400#3C3D2A7629730000
(946688580.509989) can0 401#0096000000000000
(946688580.529989) can0 18FF01EA#2400970624009706
(946688580.529989) can0 18FF02EA#2400990624009906
(946688580.539989) can0 18FF1085#000000031E01001E
(946688580.539989) can0 400#3E3E29712A760000
(946688580.539989) can0 401#0096000000000000
(946688580.549989) can0 18FF01EA#2400A9062400A906
(946688580.549989) can0 18FF02EA#2200B5062200B506
(946688580.569989) can0 18FF01EA#2500B9062500B906
(946688580.569989) can0 18FF02EA#2300A6062300A606
(946688580.569989) can0 18FF1085#000000031E01001E
(946688580.569989) can0 400#3D3E2A702A6F0000
(946688580.569989) can0 401#0096000000000000
(946688580.589989) can0 18FF01EA#2300A2062300A206
(946688580.589989) can0 18FF02EA#2300920623009206
(946688580.589989) can0 19B30007#00005E20AB9B0000
(946688580.589989) can0 19B30100#D6D6D6D6D6D6D6D6
(946688580.599989) can0 18FF1085#000000031E01001E
(946688580.599989) can0 400#3E3B28702A770000
(946688580.599989) can0 401#0095000000000000
(946688580.609989) can0 18FF01EA#2400970624009706
(946688580.609989) can0 18FF02EA#23009A0623009A06
(946688580.629989) can0 18FF01EA#2300940623009406
(946688580.629989) can0 18FF02EA#2200980622009806
(946688580.629989) can0 18FF1085#000000031E01001E
(946688580.629989) can0 400#3C3E297428750000
(946688580.629989) can0 401#0095000000000000
(946688580.649989) can0 18FF01EA#2400940624009406
(946688580.649989) can0 18FF02EA#2300AF062300AF06
(946688580.659989) can0 18FF1085#000000031E01001E
(946688580.659989) can0 400#3F3E29762A750000
(946688580.659989) can0 401#0097000000000000
(946688580.669989) can0 18FF01EA#2200B7062200B706
(946688580.669989) can0 18FF02EA#2400A5062400A506
(946688580.689989) can0 18FF01EA#2500A2062500A206
(946688580.689989) can0 18FF02EA#2300A2062300A206
(946688580.689989) can0 18FF1085#000000031E01001E
(946688580.689989) can0 400#3B3F2A72296F0000
(946688580.689989) can0 401#0095000000000000
(946688580.699989) can0 19B30007#00005E20AB9B0000
(946688580.699989) can0 19B30100#D6D6D6D6D6D6D6D6
(946688580.709989) can0 18FF01EA#25009A0625009A06
(946688580.709989) can0 18FF02EA#2200A7062200A706
(946688580.719989) can0 18FF1085#000000031E01001E
(946688580.719989) can0 400#3F3D2976286F0000
(946688580.719989) can0 401#0196000000000000
(946688580.729989) can0 18FF01EA#2300B4062300B406
(946688580.729989) can0 18FF02EA#2400A7062400A706
(946688580.749989) can0 18FF01EA#2500B4062500B406
(946688580.749989) can0 18FF02EA#2400B6062400B606
(946688580.749989) can0 18FF1085#000000031E01001E
(946688580.749989) can0 400#3D3E2976296D0000
(946688580.749989) can0 401#0196000000000000
(946688580.769989) can0 18FF01EA#2400A7062400A706
(946688580.769989) can0 18FF02EA#23009B0623009B06
(946688580.779989) can0 18FF1085#000000031E01001E
(946688580.779989) can0 400#3C3C2A712A730000
(946688580.779989) can0 401#0195000000000000
(946688580.789989) can0 18FF01EA#2300A4062300A406
(946688580.789989) can0 18FF02EA#2200B5062200B506
(946688580.809989) can0 18FF01EA#2500A4062500A406
(946688580.809989) can0 18FF02EA#2200A4062200A406
(946688580.809989) can0 18FF1085#000000031E01001E
(946688580.809989) can0 400#3C3E29752A6D0000
(946688580.809989) can0 401#0096000000000000
(946688580.809989) can0 19B30007#00005E20AB9B0000
(946688580.809989) can0 19B30100#D6D6D6D6D6D6D6D6
(946688580.829989) can0 18FF01EA#23009B0623009B06
(946688580.829989) can0 18FF02EA#2500960625009606
(946688580.839989) can0 18FF1085#000000031E01001E
(946688580.839989) can0 400#3E3D2A772A740000
(946688580.839989) can0 401#0195000000000000
(946688580.849989) can0 18FF01EA#2400AE062400AE06
(946688580.849989) can0 18FF02EA#2300B7062300B706
(946688580.869989) can0 18FF01EA#2300B5062300B506
(946688580.869989) can0 18FF02EA#2200930622009306
(946688580.869989) can0 18FF1085#000000031E01001E
(946688580.869989) can0 400#3D3E2A7328720000
(946688580.869989) can0 401#0095000000000000
(946688580.889989) can0 18FF01EA#23009A0623009A06
(946688580.889989) can0 18FF02EA#2500930625009306
(946688580.899989) can0 18FF1085#000000031E01001E
(946688580.899989) can0 400#3E3E286D286F0000
(946688580.899989) can0 401#0097000000000000
(946688580.909989) can0 18FF01EA#2500970625009706
(946688580.909989) can0 18FF02EA#2400980624009806
(946688580.919989) can0 19B30007#00005E20AB9B0000
(946688580.919989) can0 19B30100#D6D6D6D6D6D6D6D6
(946688580.929989) can0 18FF01EA#2300A4062300A406
(946688580.929989) can0 18FF02EA#2200960622009606
(946688580.929989) can0 18FF1085#000000031E01001E
(946688580.929989) can0 400#3F3D29772A730000
(946688580.929989) can0 401#0097000000000000
(946688580.949989) can0 18FF01EA#2300940623009406
(946688580.949989) can0 18FF02EA#2200AB062200AB06
(946688580.959989) can0 18FF1085#000000031E01001E
(946688580.959989) can0 400#3F3F2972296F0000
(946688580.959989) can0 401#0097000000000000
(946688580.969989) can0 18FF01EA#2500B5062500B506
(946688580.969989) can0 18FF02EA#2300A4062300A406
(946688580.989989) can0 18FF01EA#2400940624009406
(946688580.989989) can0 18FF02EA#2500B2062500B206
(946688580.989989) can0 18FF1085#000000031E01001E
(946688580.989989) can0 400#3C3E29762A720000
(946688580.989989) can0 401#0196000000000000
(946688581.009989) can0 18FF01EA#25009E0625009E06
(946688581.009989) can0 18FF02EA#2200940622009406
(946688581.019989) can0 18FF1085#000000031E01001E
(946688581.019989) can0 400#3D3E2A7429770000
(946688581.019989) can0 401#0097000000000000
(946688581.029989) can0 18FF01EA#2500AB062500AB06
(946688581.029989) can0 18FF02EA#2400B7062400B706
(946688581.029989) can0 19B30007#00005E20AB9B0000
(946688581.029989) can0 19B30100#D6D6D6D6D6D6D6D6
(946688581.049989) can0 18FF01EA#2500A2062500A206
(946688581.049989) can0 18FF02EA#23009A0623009A06
(946688581.049989) can0 18FF1085#000000031E01001E
(946688581.049989) can0 400#3F3E297329760000
(946688581.049989) can0 401#0195000000000000
(946688581.069988) can0 18FF01EA#2200B6062200B606
(946688581.069988) can0 18FF02EA#23009A0623009A06
(946688581.079988) can0 18FF1085#000000031E01001E
(946688581.079988) can0 400#3E3E297029730000
(946688581.079988) can0 401#0095000000000000
(946688581.089988) can0 18FF01EA#22009C0622009C06
(946688581.089988) can0 18FF02EA#2300B4062300B406
(946688581.109988) can0 18FF01EA#2200B3062200B306
(946688581.109988) can0 18FF02EA#2300920623009206
(946688581.109988) can0 18FF1085#000000031E01001E
(946688581.109988) can0 400#3E3F2A71286F0000
(946688581.109988) can0 401#0095000000000000
(946688581.129988) can0 18FF01EA#2200A3062200A306
(946688581.129988) can0 18FF02EA#2500A6062500A606
(946688581.139988) can0 18FF1085#000000031E01001E
(946688581.139988) can0 400#3D3E287029710000
(946688581.139988) can0 401#0097000000000000
(946688581.139988) can0 19B30007#00005E20AB9B0000
(946688581.139988) can0 19B30100#D6D6D6D6D6D6D6D6
(946688581.149988) can0 18FF01EA#2200B8062200B806
(946688581.149988) can0 18FF02EA#23009C0623009C06
(946688581.169988) can0 18FF01EA#2500B0062500B006
(946688581.169988) can0 18FF02EA#2200A0062200A006
(946688581.169988) can0 18FF1085#000000031E01001E
(946688581.169988) can0 400#3D3B29712A6E0000
(946688581.169988) can0 401#0095000000000000
(946688581.189988) can0 18FF01EA#2400AE062400AE06
(946688581.189988) can0 18FF02EA#2300950623009506
(946688581.199988) can0 18FF1085#000000031E01001E
(946688581.199988) can0 400#3E3E28732A720000
(946688581.199988) can0 401#0096000000000000
(946688581.209988) can0 18FF01EA#2500920625009206
(946688581.209988) can0 18FF02EA#2200990622009906
(946688581.229988) can0 18FF01EA#2400A0062400A006
(946688581.229988) can0 18FF02EA#2200A1062200A106
(946688581.229988) can0 18FF1085#000000031E01001E
(946688581.229988) can0 400#3C3C29752A6F0000
(946688581.229988) can0 401#0096000000000000
(946688581.249988) can0 18FF01EA#2300AE062300AE06
(946688581.249988) can0 18FF02EA#23009B0623009B06
(946688581.249988) can0 19B30007#00005E20AB9A0000
(946688581.249988) can0 19B30100#D6D6D6D6D6D6D6D6
(946688581.259988) can0 18FF1085#000000031E01001E
(946688581.259988) can0 400#3F3F2A762A710000
(946688581.259988) can0 401#0096000000000000
(946688581.269988) can0 18FF01EA#2400A1062400A106
(946688581.269988) can0 18FF02EA#2500A1062500A106
(946688581.289988) can0 18FF01EA#2300940623009406
(946688581.289988) can0 18FF02EA#2200960622009606
(946688581.289988) can0 18FF1085#000000031E01001E
(946688581.289988) can0 400#3F3F2A7329750000
(946688581.289988) can0 401#0196000000000000
(946688581.309988) can0 18FF01EA#2300B8062300B806
(946688581.309988) can0 18FF02EA#2500B4062500B406
(946688581.319988) can0 18FF1085#000000031E01001E
(946688581.319988) can0 400#3F3E286F29720000
(946688581.319988) can0 401#0196000000000000
(946688581.329988) can0 18FF01EA#2400AA062400AA06
(946688581.329988) can0 18FF02EA#2400A9062400A906
(946688581.349988) can0 18FF01EA#2500A8062500A806
(946688581.349988) can0 18FF02EA#2200AA062200AA06
(946688581.349988) can0 18FF1085#000000031E01001E
(946688581.349988) can0 400#3F3D297129700000
(946688581.349988) can0 401#0096000000000000
(946688581.359988) can0 19B30007#00005E20AB9A0000
(946688581.359988) can0 19B30100#D6D6D6D6D6D6D6D6
(946688581.369988) can0 18FF01EA#2200AA062200AA06
(946688581.369988) can0 18FF02EA#2400B4062400B406
(946688581.379988) can0 18FF1085#000000031E01001E
(946688581.379988) can0 400#3C3F29772A710000
(946688581.379988) can0 401#0096000000000000
(946688581.389988) can0 18FF01EA#2400970624009706
(946688581.389988) can0 18FF02EA#2300B4062300B406
(946688581.409988) can0 18FF01EA#2300A7062300A706
(946688581.409988) can0 18FF02EA#2500A2062500A206
(946688581.409988) can0 18FF1085#000000031E01001E
(946688581.409988) can0 400#3F3F2A6F29730000
(946688581.409988) can0 401#0095000000000000
(946688581.429988) can0 18FF01EA#2500B7062500B706
(946688581.429988) can0 18FF02EA#2300AF062300AF06
(946688581.439988) can0 18FF1085#000000031E01001E
(946688581.439988) can0 400#3C3F2A6F296F0000
(946688581.439988) can0 401#0095000000000000
(946688581.449988) can0 18FF01EA#2300910623009106
(946688581.449988) can0 18FF02EA#2200B4062200B406
(946688581.469988) can0 18FF01EA#2400960624009606
(946688581.469988) can0 18FF02EA#23009E0623009E06
(946688581.469988) can0 18FF1085#000000031E01001E
(946688581.469988) can0 400#3D3F286D2A760000
(946688581.469988) can0 401#0195000000000000
(946688581.469988) can0 19B30007#00005E20AB9A0000
(946688581.469988) can0 19B30100#D6D6D6D6D6D6D6D6
(946688581.489988) can0 18FF01EA#22009F0622009F06
(946688581.489988) can0 18FF02EA#2400A9062400A906
(946688581.499988) can0 18FF1085#000000031E01001E
(946688581.499988) can0 400#3C3E2A6D296F0000
(946688581.499988) can0 401#0096000000000000
(946688581.509988) can0 18FF01EA#2200A8062200A806
(946688581.509988) can0 18FF02EA#2400930624009306
(946688581.529988) can0 18FF01EA#2500AD062500AD06
(946688581.529988) can0 18FF02EA#2200910622009106
(946688581.529988) can0 18FF1085#000000031E01001E
(946688581.529988) can0 400#3F3C2A712A6E0000
(946688581.529988) can0 401#0097000000000000
(946688581.549988) can0 18FF01EA#2400970624009706
(946688581.549988) can0 18FF02EA#2300AA062300AA06
(946688581.559988) can0 18FF1085#000000031E01001E
(946688581.559988) can0 400#3E3E296F296E0000
(946688581.559988) can0 401#0196000000000000
(946688581.569988) can0 18FF01EA#2200A9062200A906
(946688581.569988) can0 18FF02EA#2300A8062300A806
(946688581.579988) can0 19B30007#00005E20AB9A0000
(946688581.579988) can0 19B30100#D6D6D6D6D6D6D6D6
(946688581.589988) can0 18FF01EA#2400960624009606
(946688581.589988) can0 18FF02EA#2500920625009206
(946688581.589988) can0 18FF1085#000000031E01001E
(946688581.589988) can0 400#3D3E2A7029720000
(946688581.589988) can0 401#0097000000000000
(946688581.609988) can0 18FF01EA#2400970624009706
(946688581.609988) can0 18FF02EA#2200B7062200B706
(946688581.619988) can0 18FF1085#000000031E01001E
(946688581.619988) can0 400#3D3D2A6D2A730000
(946688581.619988) can0 401#0095000000000000
(946688581.629988) can0 18FF01EA#2500B0062500B006
(946688581.629988) can0 18FF02EA#2300B5062300B506
(946688581.649988) can0 18FF01EA#2400B7062400B706
(946688581.649988) can0 18FF02EA#24009A0624009A06
(946688581.649988) can0 18FF1085#000000031E01001E
(946688581.649988) can0 400#3D3E2A7029730000
(946688581.649988) can0 401#0095000000000000
(946688581.669988) can0 18FF01EA#2200A8062200A806
(946688581.669988) can0 18FF02EA#2500980625009806
(946688581.679988) can0 18FF1085#000000031E01001E
(946688581.679988) can0 400#3F3D2971296F0000
(946688581.679988) can0 401#0096000000000000
(946688581.689988) can0 18FF01EA#2400A6062400A606
(946688581.689988) can0 18FF02EA#2400930624009306
(946688581.689988) can0 19B30007#00005E20AB9A0000
(946688581.689988) can0 19B30100#D6D6D6D6D6D6D6D6
(946688581.709988) can0 18FF01EA#2300920623009206
(946688581.709988) can0 18FF02EA#2200A7062200A706
(946688581.709988) can0 18FF1085#000000031E01001E
(946688581.709988) can0 400#3C3D296E28730000
(946688581.709988) can0 401#0096000000000000
(946688581.729988) can0 18FF01EA#25009F0625009F06
(946688581.729988) can0 18FF02EA#2500A5062500A506
(946688581.739988) can0 18FF1085#000000031E01001E
(946688581.739988) can0 400#3B3E2A712A720000
(946688581.739988) can0 401#0196000000000000
(946688581.749988) can0 18FF01EA#2400AA062400AA06
(946688581.749988) can0 18FF02EA#2200A8062200A806
(946688581.769988) can0 18FF01EA#2200AA062200AA06
(946688581.769988) can0 18FF02EA#23009C0623009C06
(946688581.769988) can0 18FF1085#000000031E01001E
(946688581.769988) can0 400#3D3E29752A720000
(946688581.769988) can0 401#0097000000000000
(946688581.789988) can0 18FF01EA#2500A5062500A506
(946688581.789988) can0 18FF02EA#25009F0625009F06
(946688581.799988) can0 18FF1085#000000031E01001E
(946688581.799988) can0 400#3F3E29742A700000
(946688581.799988) can0 401#0097000000000000
(946688581.799988) can0 19B30007#00005E20AB9A0000
(946688581.799988) can0 19B30100#D6D6D6D6D6D6D6D6
(946688581.809988) can0 18FF01EA#2500970625009706
(946688581.809988) can0 18FF02EA#2300AD062300AD06
(946688581.829988) can0 18FF01EA#2500B1062500B106
(946688581.829988) can0 18FF02EA#2500B6062500B606
(946688581.829988) can0 18FF1085#000000031E01001E
(946688581.829988) can0 400#3F3F2A7629710000
(946688581.829988) can0 401#0196000000000000
(946688581.849988) can0 18FF01EA#2200980622009806
(946688581.849988) can0 18FF02EA#2500AE062500AE06
(946688581.859988) can0 18FF1085#000000031E01001E
(946688581.859988) can0 400#3C3E29742A6E0000
(946688581.859988) can0 401#0196000000000000
(946688581.869988) can0 18FF01EA#2400A6062400A606
(946688581.869988) can0 18FF02EA#2400AF062400AF06
(946688581.889988) can0 18FF01EA#2300940623009406
(946688581.889988) can0 18FF02EA#2400990624009906
(946688581.889988) can0 18FF1085#000000031E01001E
(946688581.889988) can0 400#3E3F2A7229770000
(946688581.889988) can0 401#0096000000000000
(946688581.909988) can0 18FF01EA#23009A0623009A06
(946688581.909988) can0 18FF02EA#24009F0624009F06
(946688581.909988) can0 19B30007#00005E20AB9A0000
(946688581.909988) can0 19B30100#D6D6D6D6D6D6D6D6
(946688581.919988) can0 18FF1085#000000031E01001E
(946688581.919988) can0 400#3C3D2A6D2A760000
(946688581.919988) can0 401#0096000000000000
(946688581.929988) can0 18FF01EA#2300A7062300A706
(946688581.929988) can0 18FF02EA#2500AE062500AE06
(946688581.949988) can0 18FF01EA#2500960625009606
(946688581.949988) can0 18FF02EA#2400B6062400B606
(946688581.949988) can0 18FF1085#000000031E01001E
(946688581.949988) can0 400#3F3E297429740000
(946688581.949988) can0 401#0096000000000000
(946688581.969988) can0 18FF01EA#2500A3062500A306
(946688581.969988) can0 18FF02EA#2200A1062200A106
(946688581.979988) can0 18FF1085#000000031E01001E
(946688581.979988) can0 400#3D3F297129710000
(946688581.979988) can0 401#0096000000000000
(946688581.989988) can0 18FF01EA#2400A3062400A306
(946688581.989988) can0 18FF02EA#2200A5062200A506
(946688582.009988) can0 18FF01EA#2200950622009506
(946688582.009988) can0 18FF02EA#2300930623009306
(946688582.009988) can0 18FF1085#000000031E01001E
(946688582.009988) can0 400#3D3E29732A730000
(946688582.009988) can0 401#0095000000000000
(946688582.019988) can0 19B30007#00005E20AB9A0000
(946688582.019988) can0 19B30100#D6D6D6D6D6D6D6D6
(946688582.029988) can0 18FF01EA#2200B7062200B706
(946688582.029988) can0 18FF02EA#2400A5062400A506
(946688582.039988) can0 18FF1085#000000031E01001E
(946688582.039988) can0 400#3E3E2A7629760000
(946688582.039988) can0 401#0095000000000000
(946688582.049988) can0 18FF01EA#2300B3062300B306
(946688582.049988) can0 18FF02EA#2500AA062500AA06
(946688582.069988) can0 18FF01EA#2500960625009606
(946688582.069988) can0 18FF02EA#2400B4062400B406
(946688582.069988) can0 18FF1085#000000031E01001E
(946688582.069988) can0 400#3D3C2A742A720000
(946688582.069988) can0 401#0095000000000000
(946688582.089988) can0 18FF01EA#2500B7062500B706
(946688582.089988) can0 18FF02EA#2400B3062400B306
(946688582.099988) can0 18FF1085#000000031E01001E
(946688582.099988) can0 400#3E3C296F2A750000
(946688582.099988) can0 401#0095000000000000
(946688582.109987) can0 18FF01EA#2300A7062300A706
(946688582.109987) can0 18FF02EA#2200A7062200A706
(946688582.129987) can0 18FF01EA#24009F0624009F06
(946688582.129987) can0 18FF02EA#2200A3062200A306
(946688582.129987) can0 18FF1085#000000031E01001E
(946688582.129987) can0 400#3E3C297029700000
(946688582.129987) can0 401#0196000000000000
(946688582.129987) can0 19B30007#00005E20AB9A0000
(946688582.129987) can0 19B30100#D6D6D6D6D6D6D6D6
(946688582.149987) can0 18FF01EA#24009D0624009D06
(946688582.149987) can0 18FF02EA#2400AD062400AD06
(946688582.159987) can0 18FF1085#000000031E01001E
(946688582.159987) can0 400#3F3E297629740000
(946688582.159987) can0 401#0096000000000000
(946688582.169987) can0 18FF01EA#2300950623009506
(946688582.169987) can0 18FF02EA#2300AF062300AF06
(946688582.189987) can0 18FF01EA#2300B4062300B406
(946688582.189987) can0 18FF02EA#2400970624009706
(946688582.189987) can0 18FF1085#000000031E01001E
(946688582.189987) can0 400#3D3D2A7429710000
(946688582.189987) can0 401#0096000000000000
(946688582.209987) can0 18FF01EA#2200A8062200A806
(946688582.209987) can0 18FF02EA#2400A1062400A106
(946688582.219987) can0 18FF1085#000000031E01001E
(946688582.219987) can0 400#3D3D28762A6E0000
(946688582.219987) can0 401#0196000000000000
(946688582.229987) can0 18FF01EA#2400900624009006
(946688582.229987) can0 18FF02EA#25009B0625009B06
(946688582.239987) can0 19B30007#00005E20AB9A0000
(946688582.239987) can0 19B30100#D6D6D6D6D6D6D6D6
(946688582.249987) can0 18FF01EA#2200A4062200A406
(946688582.249987) can0 18FF02EA#2300A5062300A506
(946688582.249987) can0 18FF1085#000000031E01001E
(946688582.249987) can0 400#3F3E2A72296D0000
(946688582.249987) can0 401#0096000000000000
(946688582.269987) can0 18FF01EA#2200970622009706
(946688582.269987) can0 18FF02EA#2400B6062400B606
(946688582.279987) can0 18FF1085#000000031E01001E
(946688582.279987) can0 400#3D3E296E2A720000
(946688582.279987) can0 401#0095000000000000
(946688582.289987) can0 18FF01EA#2300980623009806
(946688582.289987) can0 18FF02EA#2200AD062200AD06
(946688582.309987) can0 18FF01EA#2200AE062200AE06
(946688582.309987) can0 18FF02EA#2400AF062400AF06
(946688582.309987) can0 18FF1085#000000031E01001E
(946688582.309987) can0 400#3D3F296D29740000
(946688582.309987) can0 401#0095000000000000
(946688582.329987) can0 18FF01EA#2400A4062400A406
(946688582.329987) can0 18FF02EA#2400A7062400A706
(946688582.339987) can0 18FF1085#000000031E01001E
(946688582.339987) can0 400#3D3C2A762A750000
(946688582.339987) can0 401#0195000000000000
(946688582.349987) can0 18FF01EA#2200B0062200B006
(946688582.349987) can0 18FF02EA#24009F0624009F06
(946688582.349987) can0 19B30007#00005E20AB9A0000
(946688582.349987) can0 19B30100#D6D6D6D6D6D6D6D6
(946688582.369987) can0 18FF01EA#2300B6062300B606
(946688582.369987) can0 18FF02EA#24008F0624008F06
(946688582.369987) can0 18FF1085#000000031E01001E
(946688582.369987) can0 400#3E3E2A732A730000
(946688582.369987) can0 401#0196000000000000
(946688582.389987) can0 18FF01EA#2300AD062300AD06
(946688582.389987) can0 18FF02EA#24009B0624009B06
(946688582.399987) can0 18FF1085#000000031E01001E
(946688582.399987) can0 400#3D3C2A762A700000
(946688582.399987) can0 401#0096000000000000
(946688582.409987) can0 18FF01EA#25009E0625009E06
(946688582.409987) can0 18FF02EA#2200950622009506
(946688582.429987) can0 18FF01EA#2200B1062200B106
(946688582.429987) can0 18FF02EA#2200A9062200A906
(946688582.429987) can0 18FF1085#000000031E01001E
(946688582.429987) can0 400#3E3F297629730000
(946688582.429987) can0 401#0095000000000000
(946688582.449987) can0 18FF01EA#2300B0062300B006
(946688582.449987) can0 18FF02EA#2400AA062400AA06
(946688582.459987) can0 18FF1085#000000031E01001E
(946688582.459987) can0 400#3C3B2A71296F0000
(946688582.459987) can0 401#0096000000000000
(946688582.459987) can0 19B30007#00005E20AB9A0000
(946688582.459987) can0 19B30100#D6D6D6D6D6D6D6D6
(946688582.469987) can0 18FF01EA#2300B5062300B506
(946688582.469987) can0 18FF02EA#23009A0623009A06
(946688582.489987) can0 18FF01EA#24009B0624009B06
(946688582.489987) can0 18FF02EA#2200B4062200B406
(946688582.489987) can0 18FF1085#000000031E01001E
(946688582.489987) can0 400#3E3E2A7329700000
(946688582.489987) can0 401#0095000000000000
(946688582.509987) can0 18FF01EA#2300A6062300A606
(946688582.509987) can0 18FF02EA#2500B7062500B706
(946688582.519987) can0 18FF1085#000000031E01001E
(946688582.519987) can0 400#3C3F296E296D0000
(946688582.519987) can0 401#0196000000000000
(946688582.529987) can0 18FF01EA#2200930622009306
(946688582.529987) can0 18FF02EA#23009A0623009A06
(946688582.549987) can0 18FF01EA#2300960623009606
(946688582.549987) can0 18FF02EA#24009D0624009D06
(946688582.549987) can0 18FF1085#000000031E01001E
(946688582.549987) can0 400#3D3C2A732A700000
(946688582.549987) can0 401#0096000000000000
(946688582.569987) can0 18FF01EA#2200A3062200A306
(946688582.569987) can0 18FF02EA#2300920623009206
(946688582.569987) can0 19B30007#00005E20AB9A0000
(946688582.569987) can0 19B30100#D6D6D6D6D6D6D6D6
(946688582.579987) can0 18FF1085#000000031E01001E
(946688582.579987) can0 400#3D3F2A73296F0000
(946688582.579987) can0 401#0195000000000000
(946688582.589987) can0 18FF01EA#2500A8062500A806
(946688582.589987) can0 18FF02EA#22009B0622009B06
(946688582.609987) can0 18FF01EA#2500A5062500A506
(946688582.609987) can0 18FF02EA#2200A0062200A006
(946688582.609987) can0 18FF1085#000000031E01001E
(946688582.609987) can0 400#3D3D296E296F0000
(946688582.609987) can0 401#0096000000000000
(946688582.629987) can0 18FF01EA#2500A0062500A006
(946688582.629987) can0 18FF02EA#2200AD062200AD06
(946688582.639987) can0 18FF1085#000000031E01001E
(946688582.639987) can0 400#3E3E297029720000
(946688582.639987) can0 401#0097000000000000
(946688582.649987) can0 18FF01EA#2400AF062400AF06
(946688582.649987) can0 18FF02EA#2500A7062500A706
(946688582.669987) can0 18FF01EA#2500B7062500B706
(946688582.669987) can0 18FF02EA#2400A0062400A006
(946688582.669987) can0 18FF1085#000000031E01001E
(946688582.669987) can0 400#3C3F2A6E29740000
(946688582.669987) can0 401#0096000000000000
(946688582.679987) can0 19B30007#00005E20AB9A0000
(946688582.679987) can0 19B30100#D6D6D6D6D6D6D6D6
(946688582.689987) can0 18FF01EA#25009A0625009A06
(946688582.689987) can0 18FF02EA#2300900623009006
(946688582.699987) can0 18FF1085#000000031E01001E
(946688582.699987) can0 400#3E3D29742A720000
(946688582.699987) can0 401#0095000000000000
(946688582.709987) can0 18FF01EA#2500AB062500AB06
(946688582.709987) can0 18FF02EA#2300960623009606
(946688582.729987) can0 18FF01EA#2500A4062500A406
(946688582.729987) can0 18FF02EA#2300A7062300A706
(946688582.729987) can0 18FF1085#000000031E01001E
(946688582.729987) can0 400#3F3F2A6E29720000
(946688582.729987) can0 401#0095000000000000
(946688582.749987) can0 18FF01EA#2400A4062400A406
(946688582.749987) can0 18FF02EA#2500B0062500B006
(946688582.759987) can0 18FF1085#000000031E01001E
(946688582.759987) can0 400#3E3E29772A770000
(946688582.759987) can0 401#0095000000000000
(946688582.769987) can0 18FF01EA#2400970624009706
(946688582.769987) can0 18FF02EA#2500AE062500AE06
(946688582.789987) can0 18FF01EA#2200AF062200AF06
(946688582.789987) can0 18FF02EA#2300980623009806
(946688582.789987) can0 18FF1085#000000031E01001E
(946688582.789987) can0 400#3B3F2A7229720000
(946688582.789987) can0 401#0096000000000000
(946688582.789987) can0 19B30007#00005E20AB9A0000
(946688582.789987) can0 19B30100#D6D6D6D6D6D6D6D6
(946688582.809987) can0 18FF01EA#2500AB062500AB06
(946688582.809987) can0 18FF02EA#2500960625009606
(946688582.819987) can0 18FF1085#000000031E01001E
(946688582.819987) can0 400#3C3E2A7229750000
(946688582.819987) can0 401#0095000000000000
(946688582.829987) can0 18FF01EA#2200A0062200A006
(946688582.829987) can0 18FF02EA#2200A7062200A706
(946688582.849987) can0 18FF01EA#2400A4062400A406
(946688582.849987) can0 18FF02EA#2300AB062300AB06
(946688582.849987) can0 18FF1085#000000031E01001E
(946688582.849987) can0 400#3C3D2973296F0000
(946688582.849987) can0 401#0097000000000000
(946688582.869987) can0 18FF01EA#2500A1062500A106
(946688582.869987) can0 18FF02EA#2500900625009006
(946688582.879987) can0 18FF1085#000000031E01001E
(946688582.879987) can0 400#3C3C2A732A6D0000
(946688582.879987) can0 401#0196000000000000
(946688582.889987) can0 18FF01EA#2200950622009506
(946688582.889987) can0 18FF02EA#24009C0624009C06
(946688582.899987) can0 19B30007#00005E20AB9A0000
(946688582.899987) can0 19B30100#D6D6D6D6D6D6D6D6
(946688582.909987) can0 18FF01EA#2200A8062200A806
(946688582.909987) can0 18FF02EA#2300A5062300A506
(946688582.909987) can0 18FF1085#000000031E01001E
(946688582.909987) can0 400#3F3C297629720000
(946688582.909987) can0 401#0095000000000000
(946688582.929987) can0 18FF01EA#2200B5062200B506
(946688582.929987) can0 18FF02EA#25009E0625009E06
(946688582.939987) can0 18FF1085#000000031E01001E
(946688582.939987) can0 400#3C3F2A7729710000
(946688582.939987) can0 401#0095000000000000
(946688582.949987) can0 18FF01EA#2300A7062300A706
(946688582.949987) can0 18FF02EA#22009C0622009C06
(946688582.969987) can0 18FF01EA#2300930623009306
(946688582.969987) can0 18FF02EA#2500AC062500AC06
(946688582.969987) can0 18FF1085#000000031E01001E
(946688582.969987) can0 400#3B3F29752A740000
(946688582.969987) can0 401#0096000000000000
(946688582.989987) can0 18FF01EA#2500B3062500B306
(946688582.989987) can0 18FF02EA#23009D0623009D06
(946688582.999987) can0 18FF1085#000000031E01001E
(946688582.999987) can0 400#3E3F29752A760000
(946688582.999987) can0 401#0096000000000000
(946688583.009987) can0 18FF01EA#2500A5062500A506
(946688583.009987) can0 18FF02EA#2300A1062300A106
(946688583.009987) can0 19B30007#00005E20AB9A0000
(946688583.009987) can0 19B30100#D6D6D6D6D6D6D6D6
(946688583.029987) can0 18FF01EA#2300AB062300AB06
(946688583.029987) can0 18FF02EA#23009B0623009B06
(946688583.029987) can0 18FF1085#000000031E01001E
(946688583.029987) can0 400#3D3E296D2A760000
(946688583.029987) can0 401#0196000000000000
(946688583.049987) can0 18FF01EA#2500900625009006
(946688583.049987) can0 18FF02EA#2400920624009206
(946688583.059987) can0 18FF1085#000000031E01001E
(946688583.059987) can0 400#3E3C2A73296E0000
(946688583.059987) can0 401#0095000000000000
(946688583.069987) can0 18FF01EA#2400A8062400A806
(946688583.069987) can0 18FF02EA#22009B0622009B06
(946688583.089987) can0 18FF01EA#2500B0062500B006
(946688583.089987) can0 18FF02EA#2400900624009006
(946688583.089987) can0 18FF1085#000000031E01001E
(946688583.089987) can0 400#3C3F2B7129700000
(946688583.089987) can0 401#0195000000000000
(946688583.109987) can0 18FF01EA#24008F0624008F06
(946688583.109987) can0 18FF02EA#2400A2062400A206
(946688583.119987) can0 18FF1085#000000031E01001E
(946688583.119987) can0 400#3F3E296E29750000
(946688583.119987) can0 401#0096000000000000
(946688583.119987) can0 19B30007#00005E20AB9A0000
(946688583.119987) can0 19B30100#D6D6D6D6D6D6D6D6
(946688583.129987) can0 18FF01EA#2500920625009206
(946688583.129987) can0 18FF02EA#2200900622009006
(946688583.149987) can0 18FF01EA#25009A0625009A06
(946688583.149987) can0 18FF02EA#2200A4062200A406
(946688583.149987) can0 18FF1085#000000031E01001E
(946688583.149987) can0 400#3E3C2A7329770000
(946688583.149987) can0 401#0095000000000000
(946688583.169986) can0 18FF01EA#23009E0623009E06
(946688583.169986) can0 18FF02EA#23008F0623008F06
(946688583.179986) can0 18FF1085#000000031E01001E
(946688583.179986) can0 400#3C3D2A7429730000
(946688583.179986) can0 401#0095000000000000
(946688583.189986) can0 18FF01EA#2300A1062300A106
(946688583.189986) can0 18FF02EA#2300970623009706
(946688583.209986) can0 18FF01EA#2500950625009506
(946688583.209986) can0 18FF02EA#2200A0062200A006
(946688583.209986) can0 18FF1085#000000031E01001E
(946688583.209986) can0 400#3E3C2A7229740000
(946688583.209986) can0 401#0096000000000000
(946688583.229986) can0 18FF01EA#2300970623009706
(946688583.229986) can0 18FF02EA#2200910622009106
(946688583.229986) can0 19B30007#00005E20AB9A0000
(946688583.229986) can0 19B30100#D6D6D6D6D6D6D6D6
(946688583.239986) can0 18FF1085#000000031E01001E
(946688583.239986) can0 400#3C3E29772A710000
(946688583.239986) can0 401#0095000000000000
(946688583.249986) can0 18FF01EA#2300920623009206
(946688583.249986) can0 18FF02EA#2200A9062200A906
(946688583.269986) can0 18FF01EA#2500A1062500A106
(946688583.269986) can0 18FF02EA#2200AA062200AA06
(946688583.269986) can0 18FF1085#000000031E01001E
(946688583.269986) can0 400#3C3E2A702A770000
(946688583.269986) can0 401#0097000000000000
(946688583.289986) can0 18FF01EA#2300970623009706
(946688583.289986) can0 18FF02EA#2500AA062500AA06
(946688583.299986) can0 18FF1085#000000031E01001E
(946688583.299986) can0 400#3D3C297229750000
(946688583.299986) can0 401#0096000000000000
(946688583.309986) can0 18FF01EA#23008F0623008F06
(946688583.309986) can0 18FF02EA#2400910624009106
(946688583.329986) can0 18FF01EA#2500A1062500A106
(946688583.329986) can0 18FF02EA#2400A0062400A006
(946688583.329986) can0 18FF1085#000000031E01001E
(946688583.329986) can0 400#3D3C2A7729750000
(946688583.329986) can0 401#0195000000000000
(946688583.339986) can0 19B30007#00005E20AB9A0000
(946688583.339986) can0 19B30100#D6D6D6D6D6D6D6D6
(946688583.349986) can0 18FF01EA#2200B2062200B206
(946688583.349986) can0 18FF02EA#2400900624009006
(946688583.359986) can0 18FF1085#000000031E01001E
(946688583.359986) can0 400#3E3D2A732A740000
(946688583.359986) can0 401#0196000000000000
(946688583.369986) can0 18FF01EA#24009F0624009F06
(946688583.369986) can0 18FF02EA#2300990623009906
(946688583.389986) can0 18FF01EA#22009D0622009D06
(946688583.389986) can0 18FF02EA#2300AC062300AC06
(946688583.389986) can0 18FF1085#000000031E01001E
(946688583.389986) can0 400#3F3D297329770000
(946688583.389986) can0 401#0096000000000000
(946688583.409986) can0 18FF01EA#2500940625009406
(946688583.409986) can0 18FF02EA#2500930625009306
(946688583.419986) can0 18FF1085#000000031E01001E
(946688583.419986) can0 400#3C3E2A7029710000
(946688583.419986) can0 401#0096000000000000
(946688583.429986) can0 18FF01EA#23008F0623008F06
(946688583.429986) can0 18FF02EA#24008F0624008F06
(946688583.449986) can0 18FF01EA#2200950622009506
(946688583.449986) can0 18FF02EA#2400AE062400AE06
(946688583.449986) can0 18FF1085#000000031E01001E
(946688583.449986) can0 400#3E3E2A7129740000
(946688583.449986) can0 401#0095000000000000
(946688583.449986) can0 19B30007#00005E20AB9A0000
(946688583.449986) can0 19B30100#D6D6D6D6D6D6D6D6
(946688583.469986) can0 18FF01EA#2400A8062400A806
(946688583.469986) can0 18FF02EA#22009F0622009F06
(946688583.479986) can0 18FF1085#000000031E01001E
(946688583.479986) can0 400#3E3F2A722A720000
(946688583.479986) can0 401#0096000000000000
(946688583.489986) can0 18FF01EA#2300A4062300A406
(946688583.489986) can0 18FF02EA#2200950622009506
(946688583.509986) can0 18FF01EA#2500990625009906
(946688583.509986) can0 18FF02EA#2500A7062500A706
(946688583.509986) can0 18FF1085#000000031E01001E
(946688583.509986) can0 400#3F3D2976296D0000
(946688583.509986) can0 401#0195000000000000
(946688583.529986) can0 18FF01EA#24009F0624009F06
(946688583.529986) can0 18FF02EA#25009E0625009E06
(946688583.539986) can0 18FF1085#000000031E01001E
(946688583.539986) can0 400#3C3C2A712A740000
(946688583.539986) can0 401#0096000000000000
(946688583.549986) can0 18FF01EA#2400B2062400B206
(946688583.549986) can0 18FF02EA#2200A2062200A206
(946688583.559986) can0 19B30007#00005E20AB9A0000
(946688583.559986) can0 19B30100#D6D6D6D6D6D6D6D6
(946688583.569986) can0 18FF01EA#2300B3062300B306
(946688583.569986) can0 18FF02EA#2400AB062400AB06
(946688583.569986) can0 18FF1085#000000031E01001E
(946688583.569986) can0 400#3C3D2A7429730000
(946688583.569986) can0 401#0196000000000000
(946688583.589986) can0 18FF01EA#2200A1062200A106
(946688583.589986) can0 18FF02EA#2400AA062400AA06
(946688583.599986) can0 18FF1085#000000031E01001E
(946688583.599986) can0 400#3D3E2A6E29720000
(946688583.599986) can0 401#0196000000000000
(946688583.609986) can0 18FF01EA#22009E0622009E06
(946688583.609986) can0 18FF02EA#2400980624009806
(946688583.629986) can0 18FF01EA#2400A7062400A706
(946688583.629986) can0 18FF02EA#24009C0624009C06
(946688583.629986) can0 18FF1085#000000031E01001E
(946688583.629986) can0 400#3D3F29732B720000
(946688583.629986) can0 401#0096000000000000
(946688583.649986) can0 18FF01EA#2500A1062500A106
(946688583.649986) can0 18FF02EA#2200A1062200A106
(946688583.659986) can0 18FF1085#000000031E01001E
(946688583.659986) can0 400#3D3D29762A700000
(946688583.659986) can0 401#0096000000000000
(946688583.669986) can0 18FF01EA#2500AC062500AC06
(946688583.669986) can0 18FF02EA#2300A0062300A006
(946688583.669986) can0 19B30007#00005E20AB9A0000
(946688583.669986) can0 19B30100#D6D6D6D6D6D6D6D6
(946688583.689986) can0 18FF01EA#2400A8062400A806
(946688583.689986) can0 18FF02EA#2200A2062200A206
(946688583.689986) can0 18FF1085#000000031E01001E
(946688583.689986) can0 400#3E3F297329710000
(946688583.689986) can0 401#0196000000000000
(946688583.709986) can0 18FF01EA#2300AE062300AE06
(946688583.709986) can0 18FF02EA#2200970622009706
(946688583.719986) can0 18FF1085#000000031E01001E
(946688583.719986) can0 400#3E3F297329700000
(946688583.719986) can0 401#0096000000000000
(946688583.729986) can0 18FF01EA#2300A8062300A806
(946688583.729986) can0 18FF02EA#2300B5062300B506
(946688583.749986) can0 18FF01EA#2200AD062200AD06
(946688583.749986) can0 18FF02EA#2200AC062200AC06
(946688583.749986) can0 18FF1085#000000031E01001E
(946688583.749986) can0 400#3D3F2A7429700000
(946688583.749986) can0 401#0195000000000000
(946688583.769986) can0 18FF01EA#2500900625009006
(946688583.769986) can0 18FF02EA#23009E0623009E06
(946688583.779986) can0 18FF1085#000000031E01001E
(946688583.779986) can0 400#3F3E2A7029750000
(946688583.779986) can0 401#0096000000000000
(946688583.779986) can0 19B30007#00005E20AB9A0000
(946688583.779986) can0 19B30100#D6D6D6D6D6D6D6D6
(946688583.789986) can0 18FF01EA#2200A9062200A906
(946688583.789986) can0 18FF02EA#2300A9062300A906
(946688583.809986) can0 18FF01EA#24009F0624009F06
(946688583.809986) can0 18FF02EA#2300AF062300AF06
(946688583.809986) can0 18FF1085#000000031E01001E
(946688583.809986) can0 400#3C3B2A702A720000
(946688583.809986) can0 401#0195000000000000
(946688583.829986) can0 18FF01EA#22009F0622009F06
(946688583.829986) can0 18FF02EA#2400A0062400A006
(946688583.839986) can0 18FF1085#000000031E01001E
(946688583.839986) can0 400#3D3C297529730000
(946688583.839986) can0 401#0097000000000000
(946688583.849986) can0 18FF01EA#2200A9062200A906
(946688583.849986) can0 18FF02EA#23009C0623009C06
(946688583.869986) can0 18FF01EA#2300B4062300B406
(946688583.869986) can0 18FF02EA#2200A5062200A506
(946688583.869986) can0 18FF1085#000000031E01001E
(946688583.869986) can0 400#3D3C2A732A750000
(946688583.869986) can0 401#0095000000000000
(946688583.889986) can0 18FF01EA#2400960624009606
(946688583.889986) can0 18FF02EA#2300A4062300A406
(946688583.889986) can0 19B30007#00005E20AB9A0000
(946688583.889986) can0 19B30100#D6D6D6D6D6D6D6D6
(946688583.899986) can0 18FF1085#000000031E01001E
(946688583.899986) can0 400#3E3D29742A6D0000
(946688583.899986) can0 401#0196000000000000
(946688583.909986) can0 18FF01EA#2300B4062300B406
(946688583.909986) can0 18FF02EA#2200980622009806
(946688583.929986) can0 18FF01EA#22008F0622008F06
(946688583.929986) can0 18FF02EA#2200B3062200B306
(946688583.929986) can0 18FF1085#000000031E01001E
(946688583.929986) can0 400#3B3F2A7029740000
(946688583.929986) can0 401#0196000000000000
(946688583.949986) can0 18FF01EA#2200AD062200AD06
(946688583.949986) can0 18FF02EA#2200B5062200B506
(946688583.959986) can0 18FF1085#000000031E01001E
(946688583.959986) can0 400#3F3C297629760000
(946688583.959986) can0 401#0195000000000000
(946688583.969986) can0 18FF01EA#2300A4062300A406
(946688583.969986) can0 18FF02EA#25009A0625009A06
(946688583.989986) can0 18FF01EA#2200B5062200B506
(946688583.989986) can0 18FF02EA#2400A5062400A506
(946688583.989986) can0 18FF1085#000000031E01001E
(946688583.989986) can0 400#3B3D2A712A6E0000
(946688583.989986) can0 401#0095000000000000
(946688583.999986) can0 19B30007#00005E20AB9A0000
(946688583.999986) can0 19B30100#D6D6D6D6D6D6D6D6
(946688584.009986) can0 18FF01EA#2200950622009506
(946688584.009986) can0 18FF02EA#2200A2062200A206
(946688584.019986) can0 18FF1085#000000031E01001E
(946688584.019986) can0 400#3D3D2A762A6E0000
(946688584.019986) can0 401#0095000000000000
(946688584.029986) can0 18FF01EA#2500950625009506
(946688584.029986) can0 18FF02EA#2300AF062300AF06
(946688584.049986) can0 18FF01EA#2500A7062500A706
(946688584.049986) can0 18FF02EA#22009A0622009A06
(946688584.049986) can0 18FF1085#000000031E01001E
(946688584.049986) can0 400#3D3C2A762A730000
(946688584.049986) can0 401#0096000000000000
(946688584.069986) can0 18FF01EA#23009B0623009B06
(946688584.069986) can0 18FF02EA#2300B0062300B006
(946688584.079986) can0 18FF1085#000000031E01001E
(946688584.079986) can0 400#3E3E29762A750000
(946688584.079986) can0 401#0195000000000000
(946688584.089986) can0 18FF01EA#2200B2062200B206
(946688584.089986) can0 18FF02EA#2200A3062200A306
(946688584.109986) can0 18FF01EA#24009C0624009C06
(946688584.109986) can0 18FF02EA#2200900622009006
(946688584.109986) can0 18FF1085#000000031E01001E
(946688584.109986) can0 400#3C3C2A6F2A760000
(946688584.109986) can0 401#0096000000000000
(946688584.109986) can0 19B30007#00005E20AB9A0000
(946688584.109986) can0 19B30100#D6D6D6D6D6D6D6D6
(946688584.129986) can0 18FF01EA#2200A8062200A806
(946688584.129986) can0 18FF02EA#2300A1062300A106
(946688584.139986) can0 18FF1085#000000031E01001E
(946688584.139986) can0 400#3C3C2A752A6E0000
(946688584.139986) can0 401#0095000000000000
(946688584.149986) can0 18FF01EA#2200A8062200A806
(946688584.149986) can0 18FF02EA#22009F0622009F06
(946688584.169986) can0 18FF01EA#2400A0062400A006
(946688584.169986) can0 18FF02EA#2300B2062300B206
(946688584.169986) can0 18FF1085#000000031E01001E
(946688584.169986) can0 400#3C3F2A742B6F0000
(946688584.169986) can0 401#0197000000000000
(946688584.189986) can0 18FF01EA#2300AF062300AF06
(946688584.189986) can0 18FF02EA#2300AC062300AC06
(946688584.199986) can0 18FF1085#000000031E01001E
(946688584.199986) can0 400#3C3F2B752A770000
(946688584.199986) can0 401#0096000000000000
(946688584.209985) can0 18FF01EA#2500950625009506
(946688584.209985) can0 18FF02EA#2300AB062300AB06
(946688584.219985) can0 19B30007#00005E20AB9A0000
(946688584.219985) can0 19B30100#D6D6D6D6D6D6D6D6
(946688584.229985) can0 18FF01EA#2200AD062200AD06
(946688584.229985) can0 18FF02EA#2400B0062400B006
(946688584.229985) can0 18FF1085#000000031E01001E
(946688584.229985) can0 400#3C3E297429750000
(946688584.229985) can0 401#0097000000000000
(946688584.249985) can0 18FF01EA#23009B0623009B06
(946688584.249985) can0 18FF02EA#2400A0062400A006
(946688584.259985) can0 18FF1085#000000031E01001E
(946688584.259985) can0 400#3C3C29712A760000
(946688584.259985) can0 401#0096000000000000
(946688584.269985) can0 18FF01EA#22009E0622009E06
(946688584.269985) can0 18FF02EA#2300970623009706
(946688584.289985) can0 18FF01EA#25009B0625009B06
(946688584.289985) can0 18FF02EA#24009A0624009A06
(946688584.289985) can0 18FF1085#000000031E01001E
(946688584.289985) can0 400#3C3F29742A710000
(946688584.289985) can0 401#0096000000000000
(946688584.309985) can0 18FF01EA#2500920625009206
(946688584.309985) can0 18FF02EA#2200940622009406
(946688584.319985) can0 18FF1085#000000031E01001E
(946688584.319985) can0 400#3C3C2A7129750000
(946688584.319985) can0 401#0195000000000000
(946688584.329985) can0 18FF01EA#2300AB062300AB06
(946688584.329985) can0 18FF02EA#2200B6062200B606
(946688584.329985) can0 19B30007#00005E20AB9A0000
(946688584.329985) can0 19B30100#D6D6D6D6D6D6D6D6
(946688584.349985) can0 18FF01EA#2200910622009106
(946688584.349985) can0 18FF02EA#23008F0623008F06
(946688584.349985) can0 18FF1085#000000031E01001E
(946688584.349985) can0 400#3E3D2A76296E0000
(946688584.349985) can0 401#0095000000000000
(946688584.369985) can0 18FF01EA#2500940625009406
(946688584.369985) can0 18FF02EA#25009E0625009E06
(946688584.379985) can0 18FF1085#000000031E01001E
(946688584.379985) can0 400#3B3D2A752B6F0000
(946688584.379985) can0 401#0195000000000000
(946688584.389985) can0 18FF01EA#2400B6062400B606
(946688584.389985) can0 18FF02EA#22008F0622008F06
(946688584.409985) can0 18FF01EA#2200970622009706
(946688584.409985) can0 18FF02EA#23009E0623009E06
(946688584.409985) can0 18FF1085#000000031E01001E
(946688584.409985) can0 400#3D3E297129770000
(946688584.409985) can0 401#0095000000000000
(946688584.429985) can0 18FF01EA#2200B2062200B206
(946688584.429985) can0 18FF02EA#2300A4062300A406
(946688584.439985) can0 18FF1085#000000031E01001E
(946688584.439985) can0 400#3C3F2A7529720000
(946688584.439985) can0 401#0095000000000000
(946688584.439985) can0 19B30007#00005E20AB9A0000
(946688584.439985) can0 19B30100#D6D6D6D6D6D6D6D6
(946688584.449985) can0 18FF01EA#2400A8062400A806
(946688584.449985) can0 18FF02EA#2300A8062300A806
(946688584.469985) can0 18FF01EA#23009F0623009F06
(946688584.469985) can0 18FF02EA#22009D0622009D06
(946688584.469985) can0 18FF1085#000000031E01001E
(946688584.469985) can0 400#3D3C2A742B760000
(946688584.469985) can0 401#0195000000000000
(946688584.489985) can0 18FF01EA#2400990624009906
(946688584.489985) can0 18FF02EA#2200A3062200A306
(946688584.499985) can0 18FF1085#000000031E01001E
(946688584.499985) can0 400#3D3E29752A710000
(946688584.499985) can0 401#0095000000000000
(946688584.509985) can0 18FF01EA#25009A0625009A06
(946688584.509985) can0 18FF02EA#25008F0625008F06
(946688584.529985) can0 18FF01EA#2400970624009706
(946688584.529985) can0 18FF02EA#2500A0062500A006
(946688584.529985) can0 18FF1085#000000031E01001E
(946688584.529985) can0 400#3D3F29732A730000
(946688584.529985) can0 401#0096000000000000
(946688584.549985) can0 18FF01EA#2300B5062300B506
(946688584.549985) can0 18FF02EA#2300980623009806
(946688584.549985) can0 19B30007#00005E20AB9A0000
(946688584.549985) can0 19B30100#D6D6D6D6D6D6D6D6
(946688584.559985) can0 18FF1085#000000031E01001E
(946688584.559985) can0 400#3F3C2B762A760000
(946688584.559985) can0 401#0095000000000000
(946688584.569985) can0 18FF01EA#23009E0623009E06
(946688584.569985) can0 18FF02EA#2200AD062200AD06
(946688584.589985) can0 18FF01EA#2500A1062500A106
(946688584.589985) can0 18FF02EA#2300AD062300AD06
(946688584.589985) can0 18FF1085#000000031E01001E
(946688584.589985) can0 400#3F3C2A6D29760000
(946688584.589985) can0 401#0096000000000000
(946688584.609985) can0 18FF01EA#2400A9062400A906
(946688584.609985) can0 18FF02EA#2400AB062400AB06
(946688584.619985) can0 18FF1085#000000031E01001E
(946688584.619985) can0 400#3F3E2A7729740000
(946688584.619985) can0 401#0095000000000000
(946688584.629985) can0 18FF01EA#2500A3062500A306
(946688584.629985) can0 18FF02EA#2500A9062500A906
(946688584.649985) can0 18FF01EA#2200A9062200A906
(946688584.649985) can0 18FF02EA#2400A2062400A206
(946688584.649985) can0 18FF1085#000000031E01001E
(946688584.649985) can0 400#3C3D2B6F29750000
(946688584.649985) can0 401#0096000000000000
(946688584.659985) can0 19B30007#00005E20AB9A0000
(946688584.659985) can0 19B30100#D6D6D6D6D6D6D6D6
(946688584.669985) can0 18FF01EA#2400AA062400AA06
(946688584.669985) can0 18FF02EA#25009A0625009A06
(946688584.679985) can0 18FF1085#000000031E01001E
(946688584.679985) can0 400#3D3E2A6F2A750000
(946688584.679985) can0 401#0095000000000000
(946688584.689985) can0 18FF01EA#2500AF062500AF06
(946688584.689985) can0 18FF02EA#2200990622009906
(946688584.709985) can0 18FF01EA#2500AC062500AC06
(946688584.709985) can0 18FF02EA#2300980623009806
(946688584.709985) can0 18FF1085#000000031E01001E
(946688584.709985) can0 400#3F3C2A6F296D0000
(946688584.709985) can0 401#0095000000000000
(946688584.729985) can0 18FF01EA#2200B1062200B106
(946688584.729985) can0 18FF02EA#2400AF062400AF06
(946688584.739985) can0 18FF1085#000000031E01001E
(946688584.739985) can0 400#3C3D29762A770000
(946688584.739985) can0 401#0196000000000000
(946688584.749985) can0 18FF01EA#2500AB062500AB06
(946688584.749985) can0 18FF02EA#2300920623009206
(946688584.769985) can0 18FF01EA#2500AE062500AE06
(946688584.769985) can0 18FF02EA#22008F0622008F06
(946688584.769985) can0 18FF1085#000000031E01001E
(946688584.769985) can0 400#3B3D29712A760000
(946688584.769985) can0 401#0096000000000000
(946688584.769985) can0 19B30007#00005E20AB9A0000
(946688584.769985) can0 19B30100#D6D6D6D6D6D6D6D6
(946688584.789985) can0 18FF01EA#2200910622009106
(946688584.789985) can0 18FF02EA#2200980622009806
(946688584.799985) can0 18FF1085#000000031E01001E
(946688584.799985) can0 400#3E3D2A702A760000
(946688584.799985) can0 401#0196000000000000
(946688584.809985) can0 18FF01EA#2400990624009906
(946688584.809985) can0 18FF02EA#24009D0624009D06
(946688584.829985) can0 18FF01EA#24008E0624008E06
(946688584.829985) can0 18FF02EA#24009A0624009A06
(946688584.829985) can0 18FF1085#000000031E01001E
(946688584.829985) can0 400#3D3E297229750000
(946688584.829985) can0 401#0095000000000000
(946688584.849985) can0 18FF01EA#2200A1062200A106
(946688584.849985) can0 18FF02EA#2400A2062400A206
(946688584.859985) can0 18FF1085#000000031E01001E
(946688584.859985) can0 400#3E3E2B6D2B6D0000
(946688584.859985) can0 401#0096000000000000
(946688584.869985) can0 18FF01EA#2500A0062500A006
(946688584.869985) can0 18FF02EA#2300A6062300A606
(946688584.879985) can0 19B30007#00005E20AB9A0000
(946688584.879985) can0 19B30100#D6D6D6D6D6D6D6D6
(946688584.889985) can0 18FF01EA#2200940622009406
(946688584.889985) can0 18FF02EA#2400940624009406
(946688584.889985) can0 18FF1085#000000031E01001E
(946688584.889985) can0 400#3D3F29762A700000
(946688584.889985) can0 401#0095000000000000
(946688584.909985) can0 18FF01EA#2500980625009806
(946688584.909985) can0 18FF02EA#2200AE062200AE06
(946688584.919985) can0 18FF1085#000000031E01001E
(946688584.919985) can0 400#3E3F2A7229770000
(946688584.919985) can0 401#0096000000000000
(946688584.929985) can0 18FF01EA#2400B3062400B306
(946688584.929985) can0 18FF02EA#2500B5062500B506
(946688584.949985) can0 18FF01EA#25009D0625009D06
(946688584.949985) can0 18FF02EA#2300AF062300AF06
(946688584.949985) can0 18FF1085#000000031E01001E
(946688584.949985) can0 400#3C3F296F2A6D0000
(946688584.949985) can0 401#0096000000000000
(946688584.969985) can0 18FF01EA#2400AC062400AC06
(946688584.969985) can0 18FF02EA#2300AF062300AF06
(946688584.979985) can0 18FF1085#000000031E01001E
(946688584.979985) can0 400#3B3F2A6F2A750000
(946688584.979985) can0 401#0095000000000000
(946688584.989985) can0 18FF01EA#2200980622009806
(946688584.989985) can0 18FF02EA#2500AC062500AC06
(946688584.989985) can0 19B30007#00005E20AB9A0000
(946688584.989985) can0 19B30100#D6D6D6D6D6D6D6D6
(946688585.009985) can0 18FF01EA#2400A7062400A706
(946688585.009985) can0 18FF02EA#2200B5062200B506
(946688585.009985) can0 18FF1085#000000031E01001E
(946688585.009985) can0 400#3C3F2B752A750000
(946688585.009985) can0 401#0195000000000000
(946688585.019985) can0 18FF01EA#2300990623009906
(946688585.019985) can0 18FF02EA#2300920623009206
(946688585.029985) can0 18FF01EA#2200AB062200AB06
(946688585.029985) can0 18FF02EA#2400A7062400A706
(946688585.029985) can0 18FF1085#000000031E01001E
(946688585.029985) can0 400#3E3B297129700000
(946688585.029985) can0 401#0096000000000000
(946688585.039985) can0 18FF01EA#2500B2062500B206
(946688585.039985) can0 18FF02EA#22008E0622008E06
(946688585.049985) can0 18FF01EA#24009A0624009A06
(946688585.049985) can0 18FF02EA#2300900623009006
(946688585.049985) can0 18FF1085#000000031E01001E
(946688585.049985) can0 400#3F3F2B762A740000
(946688585.049985) can0 401#0196000000000000
(946688585.059985) can0 18FF01EA#22009E0622009E06
(946688585.059985) can0 18FF02EA#24009B0624009B06
(946688585.069985) can0 18FF01EA#23009B0623009B06
(946688585.069985) can0 18FF02EA#2400A2062400A206
(946688585.069985) can0 18FF1085#000000031E01001E
(946688585.069985) can0 400#3E3C2A7029740000
(946688585.069985) can0 401#0095000000000000
(946688585.079985) can0 18FF01EA#2500A1062500A106
(946688585.079985) can0 18FF02EA#2300A9062300A906
(946688585.089985) can0 18FF01EA#24008F0624008F06
(946688585.089985) can0 18FF02EA#2300A5062300A506
(946688585.089985) can0 18FF1085#000000031E01001E
(946688585.089985) can0 400#3F3F29772A6D0000
(946688585.089985) can0 401#0195000000000000
(946688585.089985) can0 19B30007#00005E20AB9A0000
(946688585.089985) can0 19B30100#D6D6D6D6D6D6D6D6
(946688585.099985) can0 18FF01EA#2500AB062500AB06
(946688585.099985) can0 18FF02EA#23009A0623009A06
(946688585.109985) can0 18FF01EA#2400B4062400B406
(946688585.109985) can0 18FF02EA#24009F0624009F06
(946688585.109985) can0 18FF1085#000000031E01001E
(946688585.109985) can0 400#3F3C2A6E2A750000
(946688585.109985) can0 401#0095000000000000
(946688585.119985) can0 18FF01EA#2500AA062500AA06
(946688585.119985) can0 18FF02EA#22009F0622009F06
(946688585.129985) can0 18FF01EA#22009B0622009B06
(946688585.129985) can0 18FF02EA#2300B3062300B306
(946688585.129985) can0 18FF1085#000000031E01001E
(946688585.129985) can0 400#3E3F2A6E2A6F0000
(946688585.129985) can0 401#0196000000000000
(946688585.139985) can0 18FF01EA#2400920624009206
(946688585.139985) can0 18FF02EA#2300B3062300B306
(946688585.149985) can0 18FF01EA#23009E0623009E06
(946688585.149985) can0 18FF02EA#2300990623009906
(946688585.149985) can0 18FF1085#000000031E01001E
(946688585.149985) can0 400#3C3B2B6D29720000
(946688585.149985) can0 401#0195000000000000
(946688585.159985) can0 18FF01EA#2500A1062500A106
(946688585.159985) can0 18FF02EA#22009F0622009F06
(946688585.169985) can0 18FF01EA#2500A9062500A906
(946688585.169985) can0 18FF02EA#2200A0062200A006
(946688585.169985) can0 18FF1085#000000031E01001E
(946688585.169985) can0 400#3F3C2A752A720000
(946688585.169985) can0 401#0196000000000000
(946688585.179985) can0 18FF01EA#2300A3062300A306
(946688585.179985) can0 18FF02EA#2200A7062200A706
(946688585.189985) can0 18FF01EA#2400A4062400A406
(946688585.189985) can0 18FF02EA#22009C0622009C06
(946688585.189985) can0 18FF1085#000000031E01001E
(946688585.189985) can0 400#3C3C29732A700000
(946688585.189985) can0 401#0095000000000000
(946688585.189985) can0 19B30007#00005E20AB9A0000
(946688585.189985) can0 19B30100#D6D6D6D6D6D6D6D6
(946688585.199985) can0 18FF01EA#2500AC062500AC06
(946688585.199985) can0 18FF02EA#2500A3062500A306
(946688585.209985) can0 18FF01EA#2400AB062400AB06
(946688585.209985) can0 18FF02EA#2300900623009006
(946688585.209985) can0 18FF1085#000000031E01001E
(946688585.209985) can0 400#3C3F2A752A710000
(946688585.209985) can0 401#0096000000000000
(946688585.219985) can0 18FF01EA#2400A1062400A106
(946688585.219985) can0 18FF02EA#24008F0624008F06
(946688585.229985) can0 18FF01EA#2200B1062200B106
(946688585.229985) can0 18FF02EA#2200980622009806
(946688585.229985) can0 18FF1085#000000031E01001E
(946688585.229985) can0 400#3E3E2B6F2A6F0000
(946688585.229985) can0 401#0095000000000000
(946688585.239985) can0 18FF01EA#25009C0625009C06
(946688585.239985) can0 18FF02EA#2300930623009306
(946688585.249985) can0 18FF01EA#2300A5062300A506
(946688585.249985) can0 18FF02EA#22009B0622009B06
(946688585.249985) can0 18FF1085#000000031E01001E
(946688585.249985) can0 400#3D3E296D29700000
(946688585.249985) can0 401#0096000000000000
(946688585.259984) can0 18FF01EA#2500A0062500A006
(946688585.259984) can0 18FF02EA#2400AB062400AB06
(946688585.269984) can0 18FF01EA#22009F0622009F06
(946688585.269984) can0 18FF02EA#23008F0623008F06
(946688585.269984) can0 18FF1085#000000031E01001E
(946688585.269984) can0 400#3D3B29742B730000
(946688585.269984) can0 401#0196000000000000
(946688585.279984) can0 18FF01EA#23009F0623009F06
(946688585.279984) can0 18FF02EA#25009A0625009A06
(946688585.289984) can0 18FF01EA#22008F0622008F06
(946688585.289984) can0 18FF02EA#2300AC062300AC06
(946688585.289984) can0 18FF1085#000000031E01001E
(946688585.289984) can0 400#3F3D29702A770000
(946688585.289984) can0 401#0096000000000000
(946688585.289984) can0 19B30007#00005E20AB9A0000
(946688585.289984) can0 19B30100#D6D6D6D6D6D6D6D6
(946688585.299984) can0 18FF01EA#2300B1062300B106
(946688585.299984) can0 18FF02EA#2300B4062300B406
(946688585.309984) can0 18FF01EA#2300910623009106
(946688585.309984) can0 18FF02EA#2300AD062300AD06
(946688585.309984) can0 18FF1085#000000031E01001E
(946688585.309984) can0 400#3E3E2B722A6F0000
(946688585.309984) can0 401#0096000000000000
(946688585.319984) can0 18FF01EA#2300910623009106
(946688585.319984) can0 18FF02EA#2300980623009806
(946688585.329984) can0 18FF01EA#23008F0623008F06
(946688585.329984) can0 18FF02EA#2300B0062300B006
(946688585.329984) can0 18FF1085#000000031E01001E
(946688585.329984) can0 400#3D3C2B7229730000
(946688585.329984) can0 401#0095000000000000
(946688585.339984) can0 18FF01EA#2400920624009206
(946688585.339984) can0 18FF02EA#2400A4062400A406
(946688585.349984) can0 18FF01EA#24009F0624009F06
(946688585.349984) can0 18FF02EA#25008E0625008E06
(946688585.349984) can0 18FF1085#000000031E01001E
(946688585.349984) can0 400#3F3E2B702A750000
(946688585.349984) can0 401#0196000000000000
(946688585.359984) can0 18FF01EA#2400930624009306
(946688585.359984) can0 18FF02EA#2400AA062400AA06
(946688585.369984) can0 18FF01EA#2300B3062300B306
(946688585.369984) can0 18FF02EA#2300B1062300B106
(946688585.369984) can0 18FF1085#000000031E01001E
(946688585.369984) can0 400#3C3B2A6F2B710000
(946688585.369984) can0 401#0096000000000000
(946688585.379984) can0 18FF01EA#2500960625009606
(946688585.379984) can0 18FF02EA#2400940624009406
(946688585.389984) can0 18FF01EA#2400AE062400AE06
(946688585.389984) can0 18FF02EA#2300B3062300B306
(946688585.389984) can0 18FF1085#000000031E01001E
(946688585.389984) can0 400#3F3D29732A6D0000
(946688585.389984) can0 401#0095000000000000
(946688585.389984) can0 19B30007#00005E20AB9A0000
(946688585.389984) can0 19B30100#D6D6D6D6D6D6D6D6
(946688585.399984) can0 18FF01EA#2400AC062400AC06
(946688585.399984) can0 18FF02EA#22009F0622009F06
(946688585.409984) can0 18FF01EA#2200AA062200AA06
(946688585.409984) can0 18FF02EA#2500AA062500AA06
(946688585.409984) can0 18FF1085#000000031E01001E
(946688585.409984) can0 400#3F3C29702A6D0000
(946688585.409984) can0 401#0095000000000000
(946688585.419984) can0 18FF01EA#2400910624009106
(946688585.419984) can0 18FF02EA#2400A6062400A606
(946688585.429984) can0 18FF01EA#2500AE062500AE06
(946688585.429984) can0 18FF02EA#2500910625009106
(946688585.429984) can0 18FF1085#000000031E01001E
(946688585.429984) can0 400#3D3F2B6D29750000
(946688585.429984) can0 401#0096000000000000
(946688585.439984) can0 18FF01EA#2300990623009906
(946688585.439984) can0 18FF02EA#2300A6062300A606
(946688585.449984) can0 18FF01EA#2200B2062200B206
(946688585.449984) can0 18FF02EA#2200AE062200AE06
(946688585.449984) can0 18FF1085#000000031E01001E
(946688585.449984) can0 400#3D3E2A6D2B760000
(946688585.449984) can0 401#0195000000000000
(946688585.459984) can0 18FF01EA#2300A0062300A006
(946688585.459984) can0 18FF02EA#2500A1062500A106
(946688585.469984) can0 18FF01EA#2300A9062300A906
(946688585.469984) can0 18FF02EA#2400AD062400AD06
(946688585.469984) can0 18FF1085#000000031E01001E
(946688585.469984) can0 400#3C3E2A6F2A710000
(946688585.469984) can0 401#0096000000000000
(946688585.479984) can0 18FF01EA#2500970625009706
(946688585.479984) can0 18FF02EA#2500A4062500A406
(946688585.489984) can0 18FF01EA#25008F0625008F06
(946688585.489984) can0 18FF02EA#24008E0624008E06
(946688585.489984) can0 18FF1085#000000031E01001E
(946688585.489984) can0 400#3C3C2B7529700000
(946688585.489984) can0 401#0095000000000000
(946688585.489984) can0 19B30007#00005E20AB9A0000
(946688585.489984) can0 19B30100#D6D6D6D6D6D6D6D6
(946688585.499984) can0 18FF01EA#23009D0623009D06
(946688585.499984) can0 18FF02EA#2400A1062400A106
(946688585.509984) can0 18FF01EA#23009A0623009A06
(946688585.509984) can0 18FF02EA#2400B6062400B606
(946688585.509984) can0 18FF1085#000000031E01001E
(946688585.509984) can0 400#3E3F2A722A6D0000
(946688585.509984) can0 401#0096000000000000
(946688585.519984) can0 18FF01EA#22009B0622009B06
(946688585.519984) can0 18FF02EA#2200B1062200B106
(946688585.529984) can0 18FF01EA#2500B2062500B206
(946688585.529984) can0 18FF02EA#2200A4062200A406
(946688585.529984) can0 18FF1085#000000031E01001E
(946688585.529984) can0 400#3F3C2A722A6E0000
(946688585.529984) can0 401#0095000000000000
(946688585.539984) can0 18FF01EA#2300B4062300B406
(946688585.539984) can0 18FF02EA#24009E0624009E06
(946688585.549984) can0 18FF01EA#2200AC062200AC06
(946688585.549984) can0 18FF02EA#2300A7062300A706
(946688585.549984) can0 18FF1085#000000031E01001E
(946688585.549984) can0 400#3D3D2A732B760000
(946688585.549984) can0 401#0096000000000000
(946688585.559984) can0 18FF01EA#24009F0624009F06
(946688585.559984) can0 18FF02EA#2300AA062300AA06
(946688585.569984) can0 18FF01EA#2400AF062400AF06
(946688585.569984) can0 18FF02EA#2400940624009406
(946688585.569984) can0 18FF1085#000000031E01001E
(946688585.569984) can0 400#3D3D2A6D2A6E0000
(946688585.569984) can0 401#0095000000000000
(946688585.579984) can0 18FF01EA#2200980622009806
(946688585.579984) can0 18FF02EA#2200A7062200A706
(946688585.589984) can0 18FF01EA#2400AE062400AE06
(946688585.589984) can0 18FF02EA#2300930623009306
(946688585.589984) can0 18FF1085#000000031E01001E
(946688585.589984) can0 400#3D3D2A772A6D0000
(946688585.589984) can0 401#0096000000000000
(946688585.589984) can0 19B30007#00005E20AB9A0000
(946688585.589984) can0 19B30100#D6D6D6D6D6D6D6D6
(946688585.599984) can0 18FF01EA#23009C0623009C06
(946688585.599984) can0 18FF02EA#22008F0622008F06
(946688585.609984) can0 18FF01EA#2300A4062300A406
(946688585.609984) can0 18FF02EA#2200950622009506
(946688585.609984) can0 18FF1085#000000031E01001E
(946688585.609984) can0 400#3E3C2A752A6F0000
(946688585.609984) can0 401#0096000000000000
(946688585.619984) can0 18FF01EA#25009F0625009F06
(946688585.619984) can0 18FF02EA#2500A7062500A706
(946688585.629984) can0 18FF01EA#2300B0062300B006
(946688585.629984) can0 18FF02EA#2200940622009406
(946688585.629984) can0 18FF1085#000000031E01001E
(946688585.629984) can0 400#3C3F2B74296D0000
(946688585.629984) can0 401#0195000000000000
(946688585.639984) can0 18FF01EA#2200A6062200A606
(946688585.639984) can0 18FF02EA#2300A7062300A706
(946688585.649984) can0 18FF01EA#2200AE062200AE06
(946688585.649984) can0 18FF02EA#25009E0625009E06
(946688585.649984) can0 18FF1085#000000031E01001E
(946688585.649984) can0 400#3E3D2B722A750000
(946688585.649984) can0 401#0096000000000000
(946688585.659984) can0 18FF01EA#2300AC062300AC06
(946688585.659984) can0 18FF02EA#22009E0622009E06
(946688585.669984) can0 18FF01EA#2300B3062300B306
(946688585.669984) can0 18FF02EA#2300AD062300AD06
(946688585.669984) can0 18FF1085#000000031E01001E
(946688585.669984) can0 400#3F3C2A7229700000
(946688585.669984) can0 401#0096000000000000
(946688585.679984) can0 18FF01EA#22009F0622009F06
(946688585.679984) can0 18FF02EA#2200A0062200A006
(946688585.689984) can0 18FF01EA#25009E0625009E06
(946688585.689984) can0 18FF02EA#2200AD062200AD06
(946688585.689984) can0 18FF1085#000000031E01001E
(946688585.689984) can0 400#3F3C29752A770000
(946688585.689984) can0 401#0095000000000000
(946688585.689984) can0 19B30007#00005E20AB9A0000
(946688585.689984) can0 19B30100#D6D6D6D6D6D6D6D6
(946688585.699984) can0 18FF01EA#2500B0062500B006
(946688585.699984) can0 18FF02EA#2500A0062500A006
(946688585.709984) can0 18FF01EA#25008E0625008E06
(946688585.709984) can0 18FF02EA#2400940624009406
(946688585.709984) can0 18FF1085#000000031E01001E
(946688585.709984) can0 400#3D3D2A752A710000
(946688585.709984) can0 401#0096000000000000
(946688585.719984) can0 18FF01EA#2500B3062500B306
(946688585.719984) can0 18FF02EA#2300920623009206
(946688585.729984) can0 18FF01EA#2300B3062300B306
(946688585.729984) can0 18FF02EA#2200B5062200B506
(946688585.729984) can0 18FF1085#000000031E01001E
(946688585.729984) can0 400#3C3C2A722A760000
(946688585.729984) can0 401#0096000000000000
(946688585.739984) can0 18FF01EA#2200AD062200AD06
(946688585.739984) can0 18FF02EA#2400910624009106
(946688585.749984) can0 18FF01EA#2400920624009206
(946688585.749984) can0 18FF02EA#2500AD062500AD06
(946688585.749984) can0 18FF1085#000000031E01001E
(946688585.749984) can0 400#3C3F2B732A720000
(946688585.749984) can0 401#0096000000000000
(946688585.759984) can0 18FF01EA#2500AD062500AD06
(946688585.759984) can0 18FF02EA#2200980622009806
(946688585.769984) can0 18FF01EA#2300A0062300A006
(946688585.769984) can0 18FF02EA#22009E0622009E06
(946688585.769984) can0 18FF1085#000000031E01001E
(946688585.769984) can0 400#3E3C2A6F2A6E0000
(946688585.769984) can0 401#0097000000000000
(946688585.779984) can0 18FF01EA#2200B3062200B306
(946688585.779984) can0 18FF02EA#2500A4062500A406
(946688585.789984) can0 18FF01EA#2400B1062400B106
(946688585.789984) can0 18FF02EA#2300A6062300A606
(946688585.789984) can0 18FF1085#000000031E01001E
(946688585.789984) can0 400#3C3C2B6F2A700000
(946688585.789984) can0 401#0095000000000000
(946688585.789984) can0 19B30007#00005E20AB9A0000
(946688585.789984) can0 19B30100#D6D6D6D6D6D6D6D6
(946688585.799984) can0 18FF01EA#2300AE062300AE06
(946688585.799984) can0 18FF02EA#2300AA062300AA06
(946688585.809984) can0 18FF01EA#24008F0624008F06
(946688585.809984) can0 18FF02EA#2400930624009306
(946688585.809984) can0 18FF1085#000000031E01001E
(946688585.809984) can0 400#3E3C296E2A6F0000
(946688585.809984) can0 401#0196000000000000
(946688585.819984) can0 18FF01EA#2300970623009706
(946688585.819984) can0 18FF02EA#23009C0623009C06
(946688585.829984) can0 18FF01EA#2200AE062200AE06
(946688585.829984) can0 18FF02EA#2300A2062300A206
(946688585.829984) can0 18FF1085#000000031E01001E
(946688585.829984) can0 400#3F3D2B6F29710000
(946688585.829984) can0 401#0095000000000000
(946688585.839984) can0 18FF01EA#2400B5062400B506
(946688585.839984) can0 18FF02EA#2500B3062500B306
(946688585.849984) can0 18FF01EA#2500A0062500A006
(946688585.849984) can0 18FF02EA#2200950622009506
(946688585.849984) can0 18FF1085#000000031E01001E
(946688585.849984) can0 400#3C3C296D2A740000
(946688585.849984) can0 401#0095000000000000
(946688585.859984) can0 18FF01EA#2300AD062300AD06
(946688585.859984) can0 18FF02EA#2500A9062500A906
(946688585.869984) can0 18FF01EA#2200AE062200AE06
(946688585.869984) can0 18FF02EA#25009B0625009B06
(946688585.869984) can0 18FF1085#000000031E01001E
(946688585.869984) can0 400#3E3E2B742B740000
(946688585.869984) can0 401#0096000000000000
(946688585.879984) can0 18FF01EA#25009B0625009B06
(946688585.879984) can0 18FF02EA#2400A3062400A306
(946688585.889984) can0 18FF01EA#2400A6062400A606
(946688585.889984) can0 18FF02EA#22009D0622009D06
(946688585.889984) can0 18FF1085#000000031E01001E
(946688585.889984) can0 400#3C3F2A762B700000
(946688585.889984) can0 401#0096000000000000
(946688585.889984) can0 19B30007#00005E20AB9A0000
(946688585.889984) can0 19B30100#D6D6D6D6D6D6D6D6
(946688585.899984) can0 18FF01EA#24008F0624008F06
(946688585.899984) can0 18FF02EA#2200920622009206
(946688585.909984) can0 18FF01EA#2300A5062300A506
(946688585.909984) can0 18FF02EA#2300AE062300AE06
(946688585.909984) can0 18FF1085#000000031E01001E
(946688585.909984) can0 400#3E3C2A7029720000
(946688585.909984) can0 401#0096000000000000
(946688585.919984) can0 18FF01EA#25008E0625008E06
(946688585.919984) can0 18FF02EA#22009C0622009C06
(946688585.929984) can0 18FF01EA#2300990623009906
(946688585.929984) can0 18FF02EA#2500AB062500AB06
(946688585.929984) can0 18FF1085#000000031E01001E
(946688585.929984) can0 400#3F3F2A742A6D0000
(946688585.929984) can0 401#0095000000000000
(946688585.939984) can0 18FF01EA#2300970623009706
(946688585.939984) can0 18FF02EA#25009F0625009F06
(946688585.949984) can0 18FF01EA#2500960625009606
(946688585.949984) can0 18FF02EA#2500A4062500A406
(946688585.949984) can0 18FF1085#000000031E01001E
(946688585.949984) can0 400#3F3D2B712B730000
(946688585.949984) can0 401#0095000000000000
(946688585.959984) can0 18FF01EA#2300A1062300A106
(946688585.959984) can0 18FF02EA#2300A3062300A306
(946688585.969984) can0 18FF01EA#25009A0625009A06
(946688585.969984) can0 18FF02EA#2500A0062500A006
(946688585.969984) can0 18FF1085#000000031E01001E
(946688585.969984) can0 400#3C3B2A742B730000
(946688585.969984) can0 401#0196000000000000
(946688585.979984) can0 18FF01EA#2400A4062400A406
(946688585.979984) can0 18FF02EA#2400AC062400AC06
(946688585.989984) can0 18FF01EA#2500980625009806
(946688585.989984) can0 18FF02EA#2500A0062500A006
(946688585.989984) can0 18FF1085#000000031E01001E
(946688585.989984) can0 400#3E3B2A7329720000
(946688585.989984) can0 401#0096000000000000
(946688585.989984) can0 19B30007#00005E20AB9A0000
(946688585.989984) can0 19B30100#D6D6D6D6D6D6D6D6
(946688585.999984) can0 18FF01EA#2200910622009106
(946688585.999984) can0 18FF02EA#2400B0062400B006
(946688586.009984) can0 18FF01EA#2300930623009306
(946688586.009984) can0 18FF02EA#2200AB062200AB06
(946688586.009984) can0 18FF1085#000000031E01001E
(946688586.009984) can0 400#3D3E2A712A740000
(946688586.009984) can0 401#0096000000000000
(946688586.019984) can0 18FF01EA#2200A1062200A106
(946688586.019984) can0 18FF02EA#23009E0623009E06
(946688586.029984) can0 18FF01EA#2200960622009606
(946688586.029984) can0 18FF02EA#25009B0625009B06
(946688586.029984) can0 18FF1085#000000031E01001E
(946688586.029984) can0 400#3D3C2B702A730000
(946688586.029984) can0 401#0095000000000000
(946688586.039984) can0 18FF01EA#22008E0622008E06
(946688586.039984) can0 18FF02EA#2400AE062400AE06
(946688586.049984) can0 18FF01EA#2300AA062300AA06
(946688586.049984) can0 18FF02EA#25008F0625008F06
(946688586.049984) can0 18FF1085#000000031E01001E
(946688586.049984) can0 400#3F3E2A702A710000
(946688586.049984) can0 401#0095000000000000
(946688586.059984) can0 18FF01EA#2200AE062200AE06
(946688586.059984) can0 18FF02EA#2400B5062400B506
(946688586.069984) can0 18FF01EA#2400A3062400A306
(946688586.069984) can0 18FF02EA#2300A2062300A206
(946688586.069984) can0 18FF1085#000000031E01001E
(946688586.069984) can0 400#3E3D2B6F2B730000
(946688586.069984) can0 401#0196000000000000
(946688586.079984) can0 18FF01EA#25009B0625009B06
(946688586.079984) can0 18FF02EA#2500AC062500AC06
(946688586.089984) can0 18FF01EA#2500960625009606
(946688586.089984) can0 18FF02EA#2400A2062400A206
(946688586.089984) can0 18FF1085#000000031E01001E
(946688586.089984) can0 400#3C3E2A6D296E0000
(946688586.089984) can0 401#0096000000000000
(946688586.089984) can0 19B30007#00005E20AB9A0000
(946688586.089984) can0 19B30100#D6D6D6D6D6D6D6D6
(946688586.099984) can0 18FF01EA#2400B2062400B206
(946688586.099984) can0 18FF02EA#2200AC062200AC06
(946688586.109984) can0 18FF01EA#2400B1062400B106
(946688586.109984) can0 18FF02EA#2500B0062500B006
(946688586.109984) can0 18FF1085#000000031E01001E
(946688586.109984) can0 400#3D3E2A6E2B6E0000
(946688586.109984) can0 401#0097000000000000
(946688586.119984) can0 18FF01EA#2500B4062500B406
(946688586.119984) can0 18FF02EA#2500A1062500A106
(946688586.129984) can0 18FF01EA#23009A0623009A06
(946688586.129984) can0 18FF02EA#2500AB062500AB06
(946688586.129984) can0 18FF1085#000000031E01001E
(946688586.129984) can0 400#3E3E2B752A710000
(946688586.129984) can0 401#0195000000000000
(946688586.139984) can0 18FF01EA#2500A0062500A006
(946688586.139984) can0 18FF02EA#2500AA062500AA06
(946688586.149984) can0 18FF01EA#2500A9062500A906
(946688586.149984) can0 18FF02EA#2400A1062400A106
(946688586.149984) can0 18FF1085#000000031E01001E
(946688586.149984) can0 400#3F3F2B71296D0000
(946688586.149984) can0 401#0095000000000000
(946688586.159984) can0 18FF01EA#2200B0062200B006
(946688586.159984) can0 18FF02EA#23008E0623008E06
(946688586.169984) can0 18FF01EA#2300920623009206
(946688586.169984) can0 18FF02EA#2300940623009406
(946688586.169984) can0 18FF1085#000000031E01001E
(946688586.169984) can0 400#3C3C2A6E2A700000
(946688586.169984) can0 401#0096000000000000
(946688586.179984) can0 18FF01EA#2300950623009506
(946688586.179984) can0 18FF02EA#2300940623009406
(946688586.189984) can0 18FF01EA#2400A9062400A906
(946688586.189984) can0 18FF02EA#2300980623009806
(946688586.189984) can0 18FF1085#000000031E01001E
(946688586.189984) can0 400#3E3F2B772A700000
(946688586.189984) can0 401#0095000000000000
(946688586.189984) can0 19B30007#00005E20AB9A0000
(946688586.189984) can0 19B30100#D6D6D6D6D6D6D6D6
(946688586.199984) can0 18FF01EA#2200960622009606
(946688586.199984) can0 18FF02EA#24008E0624008E06
(946688586.209984) can0 18FF01EA#2200A6062200A606
(946688586.209984) can0 18FF02EA#2300AF062300AF06
(946688586.209984) can0 18FF1085#000000031E01001E
(946688586.209984) can0 400#3D3E2B742B700000
(946688586.209984) can0 401#0096000000000000
(946688586.219984) can0 18FF01EA#2400A1062400A106
(946688586.219984) can0 18FF02EA#2300AC062300AC06
(946688586.229984) can0 18FF01EA#2200AD062200AD06
(946688586.229984) can0 18FF02EA#2200A4062200A406
(946688586.229984) can0 18FF1085#000000031E01001E
(946688586.229984) can0 400#3C3F2A722A6D0000
(946688586.229984) can0 401#0095000000000000
(946688586.239984) can0 18FF01EA#2300970623009706
(946688586.239984) can0 18FF02EA#2500A7062500A706
(946688586.249984) can0 18FF01EA#2200A3062200A306
(946688586.249984) can0 18FF02EA#2200AF062200AF06
(946688586.249984) can0 18FF1085#000000031E01001E
(946688586.249984) can0 400#3C3F29762A760000
(946688586.249984) can0 401#0095000000000000
(946688586.259984) can0 18FF01EA#25009B0625009B06
(946688586.259984) can0 18FF02EA#2300B2062300B206
(946688586.269984) can0 18FF01EA#2400B5062400B506
(946688586.269984) can0 18FF02EA#2500910625009106
(946688586.269984) can0 18FF1085#000000031E01001E
(946688586.269984) can0 400#3F3E2B742B6F0000
(946688586.269984) can0 401#0096000000000000
(946688586.279984) can0 18FF01EA#24009A0624009A06
(946688586.279984) can0 18FF02EA#2400A6062400A606
(946688586.289984) can0 18FF01EA#2200930622009306
(946688586.289984) can0 18FF02EA#2400A4062400A406
(946688586.289984) can0 18FF1085#000000031E01001E
(946688586.289984) can0 400#3D3D2976296D0000
(946688586.289984) can0 401#0096000000000000
(946688586.289984) can0 19B30007#00005E20AB9A0000
(946688586.289984) can0 19B30100#D6D6D6D6D6D6D6D6
(946688586.299984) can0 18FF01EA#2200A2062200A206
(946688586.299984) can0 18FF02EA#24009F0624009F06
(946688586.309983) can0 18FF01EA#2200B1062200B106
(946688586.309983) can0 18FF02EA#2200AC062200AC06
(946688586.309983) can0 18FF1085#000000031E01001E
(946688586.309983) can0 400#3C3F2A6E2A6E0000
(946688586.309983) can0 401#0095000000000000
(946688586.319983) can0 18FF01EA#2400B1062400B106
(946688586.319983) can0 18FF02EA#2500B5062500B506
(946688586.329983) can0 18FF01EA#2400B1062400B106
(946688586.329983) can0 18FF02EA#2500B5062500B506
(946688586.329983) can0 18FF1085#000000031E01001E
(946688586.329983) can0 400#3C3D29722B750000
(946688586.329983) can0 401#0095000000000000
(946688586.339983) can0 18FF01EA#2500A2062500A206
(946688586.339983) can0 18FF02EA#2200A2062200A206
(946688586.349983) can0 18FF01EA#2500A2062500A206
(946688586.349983) can0 18FF02EA#2400A4062400A406
(946688586.349983) can0 18FF1085#000000031E01001E
(946688586.349983) can0 400#3D3E29752A6E0000
(946688586.349983) can0 401#0095000000000000
(946688586.359983) can0 18FF01EA#2200980622009806
(946688586.359983) can0 18FF02EA#2500A3062500A306
(946688586.369983) can0 18FF01EA#2500A6062500A606
(946688586.369983) can0 18FF02EA#2500A6062500A606
(946688586.369983) can0 18FF1085#000000031E01001E
(946688586.369983) can0 400#3E3E2A6F2B750000
(946688586.369983) can0 401#0096000000000000
(946688586.379983) can0 18FF01EA#22009D0622009D06
(946688586.379983) can0 18FF02EA#2500A1062500A106
(946688586.389983) can0 18FF01EA#2500A0062500A006
(946688586.389983) can0 18FF02EA#22009C0622009C06
(946688586.389983) can0 18FF1085#000000031E01001E
(946688586.389983) can0 400#3F3D2A742A6E0000
(946688586.389983) can0 401#0195000000000000
(946688586.389983) can0 19B30007#00005E20AB9A0000
(946688586.389983) can0 19B30100#D6D6D6D6D6D6D6D6
(946688586.399983) can0 18FF01EA#2300AD062300AD06
(946688586.399983) can0 18FF02EA#22008F0622008F06
(946688586.409983) can0 18FF01EA#2500940625009406
(946688586.409983) can0 18FF02EA#2200A4062200A406
(946688586.409983) can0 18FF1085#000000031E01001E
(946688586.409983) can0 400#3D3E297629730000
(946688586.409983) can0 401#0096000000000000
(946688586.419983) can0 18FF01EA#2300970623009706
(946688586.419983) can0 18FF02EA#2400B4062400B406
(946688586.429983) can0 18FF01EA#2400A3062400A306
(946688586.429983) can0 18FF02EA#2300AE062300AE06
(946688586.429983) can0 18FF1085#000000031E01001E
(946688586.429983) can0 400#3E3E2975296E0000
(946688586.429983) can0 401#0195000000000000
(946688586.439983) can0 18FF01EA#2200AB062200AB06
(946688586.439983) can0 18FF02EA#2500A7062500A706
(946688586.449983) can0 18FF01EA#2200980622009806
(946688586.449983) can0 18FF02EA#2300AA062300AA06
(946688586.449983) can0 18FF1085#000000031E01001E
(946688586.449983) can0 400#3C3F2B722B750000
(946688586.449983) can0 401#0197000000000000
(946688586.459983) can0 18FF01EA#2400970624009706
(946688586.459983) can0 18FF02EA#23009C0623009C06
(946688586.469983) can0 18FF01EA#2500B1062500B106
(946688586.469983) can0 18FF02EA#2400A9062400A906
(946688586.469983) can0 18FF1085#000000031E01001E
(946688586.469983) can0 400#3C3D2A772B710000
(946688586.469983) can0 401#0195000000000000
(946688586.479983) can0 18FF01EA#2300A5062300A506
(946688586.479983) can0 18FF02EA#2500A3062500A306
(946688586.489983) can0 18FF01EA#2300980623009806
(946688586.489983) can0 18FF02EA#2200A3062200A306
(946688586.489983) can0 18FF1085#000000031E01001E
(946688586.489983) can0 400#3C3D29742A740000
(946688586.489983) can0 401#0196000000000000
(946688586.489983) can0 19B30007#00005E20AB9A0000
(946688586.489983) can0 19B30100#D6D6D6D6D6D6D6D6
(946688586.499983) can0 18FF01EA#2200AE062200AE06
(946688586.499983) can0 18FF02EA#2300930623009306
(946688586.509983) can0 18FF01EA#2500930625009306
(946688586.509983) can0 18FF02EA#2200A0062200A006
(946688586.509983) can0 18FF1085#000000031E01001E
(946688586.509983) can0 400#3F3E2A752A740000
(946688586.509983) can0 401#0196000000000000
(946688586.519983) can0 18FF01EA#2300920623009206
(946688586.519983) can0 18FF02EA#2300A7062300A706
(946688586.529983) can0 18FF01EA#2300940623009406
(946688586.529983) can0 18FF02EA#23009C0623009C06
(946688586.529983) can0 18FF1085#000000031E01001E
(946688586.529983) can0 400#3D3E2A742B6E0000
(946688586.529983) can0 401#0096000000000000
(946688586.539983) can0 18FF01EA#2500940625009406
(946688586.539983) can0 18FF02EA#23008E0623008E06
(946688586.549983) can0 18FF01EA#2200A5062200A506
(946688586.549983) can0 18FF02EA#2400B1062400B106
(946688586.549983) can0 18FF1085#000000031E01001E
(946688586.549983) can0 400#3C3C2B6D2A710000
(946688586.549983) can0 401#0096000000000000
(946688586.559983) can0 18FF01EA#2300950623009506
(946688586.559983) can0 18FF02EA#2200B1062200B106
(946688586.569983) can0 18FF01EA#2300AD062300AD06
(946688586.569983) can0 18FF02EA#22009A0622009A06
(946688586.569983) can0 18FF1085#000000031E01001E
(946688586.569983) can0 400#3D3C2A722A720000
(946688586.569983) can0 401#0096000000000000
(946688586.579983) can0 18FF01EA#2500A8062500A806
(946688586.579983) can0 18FF02EA#2500910625009106
(946688586.589983) can0 18FF01EA#2400970624009706
(946688586.589983) can0 18FF02EA#2300900623009006
(946688586.589983) can0 18FF1085#000000031E01001E
(946688586.589983) can0 400#3F3C29752A710000
(946688586.589983) can0 401#0096000000000000
(946688586.589983) can0 19B30007#00005E20AB9A0000
(946688586.589983) can0 19B30100#D6D6D6D6D6D6D6D6
(946688586.599983) can0 18FF01EA#2400A2062400A206
(946688586.599983) can0 18FF02EA#2400A6062400A606
(946688586.609983) can0 18FF01EA#2500A4062500A406
(946688586.609983) can0 18FF02EA#2200A2062200A206
(946688586.609983) can0 18FF1085#000000031E01001E
(946688586.609983) can0 400#3D3D2976296D0000
(946688586.609983) can0 401#0096000000000000
(946688586.619983) can0 18FF01EA#2500970625009706
(946688586.619983) can0 18FF02EA#2200AE062200AE06
(946688586.629983) can0 18FF01EA#2400920624009206
(946688586.629983) can0 18FF02EA#2300900623009006
(946688586.629983) can0 18FF1085#000000031E01001E
(946688586.629983) can0 400#3E3C297029700000
(946688586.629983) can0 401#0096000000000000
(946688586.639983) can0 18FF01EA#2300A8062300A806
(946688586.639983) can0 18FF02EA#2300930623009306
(946688586.649983) can0 18FF01EA#2400A9062400A906
(946688586.649983) can0 18FF02EA#2500990625009906
(946688586.649983) can0 18FF1085#000000031E01001E
(946688586.649983) can0 400#3E3E2974296D0000
(946688586.649983) can0 401#0095000000000000
(946688586.659983) can0 18FF01EA#2300A5062300A506
(946688586.659983) can0 18FF02EA#2200A9062200A906
(946688586.669983) can0 18FF01EA#2500990625009906
(946688586.669983) can0 18FF02EA#2200B2062200B206
(946688586.669983) can0 18FF1085#000000031E01001E
(946688586.669983) can0 400#3E3F2B6F296D0000
(946688586.669983) can0 401#0097000000000000
(946688586.679983) can0 18FF01EA#22009F0622009F06
(946688586.679983) can0 18FF02EA#22008E0622008E06
(946688586.689983) can0 18FF01EA#2500A6062500A606
(946688586.689983) can0 18FF02EA#25008F0625008F06
(946688586.689983) can0 18FF1085#000000031E01001E
(946688586.689983) can0 400#3E3C2B6D2B730000
(946688586.689983) can0 401#0195000000000000
(946688586.689983) can0 19B30007#00005E20AB9A0000
(946688586.689983) can0 19B30100#D6D6D6D6D6D6D6D6
(946688586.699983) can0 18FF01EA#2300A2062300A206
(946688586.699983) can0 18FF02EA#24009A0624009A06
(946688586.709983) can0 18FF01EA#23009B0623009B06
(946688586.709983) can0 18FF02EA#2200A7062200A706
(946688586.709983) can0 18FF1085#000000031E01001E
(946688586.709983) can0 400#3D3F2A6F2A6D0000
(946688586.709983) can0 401#0195000000000000
(946688586.719983) can0 18FF01EA#2300A7062300A706
(946688586.719983) can0 18FF02EA#2200AE062200AE06
(946688586.729983) can0 18FF01EA#2500A8062500A806
(946688586.729983) can0 18FF02EA#2400AA062400AA06
(946688586.729983) can0 18FF1085#000000031E01001E
(946688586.729983) can0 400#3D3C2A722B710000
(946688586.729983) can0 401#0095000000000000
(946688586.739983) can0 18FF01EA#23009C0623009C06
(946688586.739983) can0 18FF02EA#23009E0623009E06
(946688586.749983) can0 18FF01EA#2400AD062400AD06
(946688586.749983) can0 18FF02EA#2500AC062500AC06
(946688586.749983) can0 18FF1085#000000031E01001E
(946688586.749983) can0 400#3D3C2A722A6F0000
(946688586.749983) can0 401#0096000000000000
(946688586.759983) can0 18FF01EA#2300AB062300AB06
(946688586.759983) can0 18FF02EA#23009E0623009E06
(946688586.769983) can0 18FF01EA#2500920625009206
(946688586.769983) can0 18FF02EA#2300980623009806
(946688586.769983) can0 18FF1085#000000031E01001E
(946688586.769983) can0 400#3E3D2A732A730000
(946688586.769983) can0 401#0096000000000000
(946688586.779983) can0 18FF01EA#2300900623009006
(946688586.779983) can0 18FF02EA#2400AE062400AE06
(946688586.789983) can0 18FF01EA#2300AC062300AC06
(946688586.789983) can0 18FF02EA#2400920624009206
(946688586.789983) can0 18FF1085#000000031E01001E
(946688586.789983) can0 400#3C3D2A762B710000
(946688586.789983) can0 401#0095000000000000
(946688586.789983) can0 19B30007#00005E20AB9A0000
(946688586.789983) can0 19B30100#D6D6D6D6D6D6D6D6
(946688586.799983) can0 18FF01EA#2300A1062300A106
(946688586.799983) can0 18FF02EA#2400AB062400AB06
(946688586.809983) can0 18FF01EA#2200910622009106
(946688586.809983) can0 18FF02EA#2500B2062500B206
(946688586.809983) can0 18FF1085#000000031E01001E
(946688586.809983) can0 400#3E3F2B6F2B700000
(946688586.809983) can0 401#0096000000000000
(946688586.819983) can0 18FF01EA#24009D0624009D06
(946688586.819983) can0 18FF02EA#2200B5062200B506
(946688586.829983) can0 18FF01EA#2300AC062300AC06
(946688586.829983) can0 18FF02EA#2500970625009706
(946688586.829983) can0 18FF1085#000000031E01001E
(946688586.829983) can0 400#3C3F29722A6D0000
(946688586.829983) can0 401#0095000000000000
(946688586.839983) can0 18FF01EA#2400AB062400AB06
(946688586.839983) can0 18FF02EA#2300A0062300A006
(946688586.849983) can0 18FF01EA#2300AD062300AD06
(946688586.849983) can0 18FF02EA#2400B5062400B506
(946688586.849983) can0 18FF1085#000000031E01001E
(946688586.849983) can0 400#3F3D2A6E2A750000
(946688586.849983) can0 401#0096000000000000
(946688586.859983) can0 18FF01EA#23009D0623009D06
(946688586.859983) can0 18FF02EA#2200970622009706
(946688586.869983) can0 18FF01EA#25009C0625009C06
(946688586.869983) can0 18FF02EA#22009C0622009C06
(946688586.869983) can0 18FF1085#000000031E01001E
(946688586.869983) can0 400#3F3C2A6F2A6D0000
(946688586.869983) can0 401#0195000000000000
(946688586.879983) can0 18FF01EA#2500B2062500B206
(946688586.879983) can0 18FF02EA#2400A3062400A306
(946688586.889983) can0 18FF01EA#2500990625009906
(946688586.889983) can0 18FF02EA#2300900623009006
(946688586.889983) can0 18FF1085#000000031E01001E
(946688586.889983) can0 400#3B3F2A6E2B720000
(946688586.889983) can0 401#0095000000000000
(946688586.889983) can0 19B30007#00005E20AB9A0000
(946688586.889983) can0 19B30100#D6D6D6D6D6D6D6D6
(946688586.899983) can0 18FF01EA#2200AF062200AF06
(946688586.899983) can0 18FF02EA#25009E0625009E06
(946688586.909983) can0 18FF01EA#2200990622009906
(946688586.909983) can0 18FF02EA#2500920625009206
(946688586.909983) can0 18FF1085#000000031E01001E
(946688586.909983) can0 400#3B3F2B732B740000
(946688586.909983) can0 401#0096000000000000
(946688586.919983) can0 18FF01EA#2300AB062300AB06
(946688586.919983) can0 18FF02EA#2200B1062200B106
(946688586.929983) can0 18FF01EA#2200A5062200A506
(946688586.929983) can0 18FF02EA#2300AF062300AF06
(946688586.929983) can0 18FF1085#000000031E01001E
(946688586.929983) can0 400#3E3C29722A750000
(946688586.929983) can0 401#0096000000000000
(946688586.939983) can0 18FF01EA#2400A8062400A806
(946688586.939983) can0 18FF02EA#2500B3062500B306
(946688586.949983) can0 18FF01EA#2200920622009206
(946688586.949983) can0 18FF02EA#2500A3062500A306
(946688586.949983) can0 18FF1085#000000031E01001E
(946688586.949983) can0 400#3E3D2A6E2A760000
(946688586.949983) can0 401#0095000000000000
(946688586.959983) can0 18FF01EA#2500900625009006
(946688586.959983) can0 18FF02EA#2400AA062400AA06
(946688586.969983) can0 18FF01EA#2300930623009306
(946688586.969983) can0 18FF02EA#2500980625009806
(946688586.969983) can0 18FF1085#000000031E01001E
(946688586.969983) can0 400#3F3D2A6D2B720000
(946688586.969983) can0 401#0095000000000000
(946688586.979983) can0 18FF01EA#2400B3062400B306
(946688586.979983) can0 18FF02EA#23008E0623008E06
(946688586.989983) can0 18FF01EA#23009C0623009C06
(946688586.989983) can0 18FF02EA#2300AB062300AB06
(946688586.989983) can0 18FF1085#000000031E01001E
(946688586.989983) can0 400#3F3D2A732A750000
(946688586.989983) can0 401#0096000000000000
(946688586.989983) can0 19B30007#00005E20AB9A0000
(946688586.989983) can0 19B30100#D6D6D6D6D6D6D6D6
(946688586.999983) can0 18FF01EA#2300950623009506
(946688586.999983) can0 18FF02EA#2500970625009706
(946688587.009983) can0 18FF01EA#23009C0623009C06
(946688587.009983) can0 18FF02EA#22009F0622009F06
(946688587.009983) can0 18FF1085#000000031E01001E
(946688587.009983) can0 400#3E3E2A742B710000
(946688587.009983) can0 401#0096000000000000
(946688587.019983) can0 18FF01EA#22009B0622009B06
(946688587.019983) can0 18FF02EA#2200AB062200AB06
(946688587.029983) can0 18FF01EA#2300A0062300A006
(946688587.029983) can0 18FF02EA#24009F0624009F06
(946688587.029983) can0 18FF1085#000000031E01001E
(946688587.029983) can0 400#3D3C2B6F2A740000
(946688587.029983) can0 401#0095000000000000
(946688587.039983) can0 18FF01EA#2200970622009706
(946688587.039983) can0 18FF02EA#2200950622009506
(946688587.049983) can0 18FF01EA#2200B3062200B306
(946688587.049983) can0 18FF02EA#2200940622009406
(946688587.049983) can0 18FF1085#000000031E01001E
(946688587.049983) can0 400#3C3D2A752A6D0000
(946688587.049983) can0 401#0095000000000000
(946688587.059983) can0 18FF01EA#25009F0625009F06
(946688587.059983) can0 18FF02EA#2500990625009906
(946688587.069983) can0 18FF01EA#2400AC062400AC06
(946688587.069983) can0 18FF02EA#2400A2062400A206
(946688587.069983) can0 18FF1085#000000031E01001E
(946688587.069983) can0 400#3B3F2B6E2B700000
(946688587.069983) can0 401#0096000000000000
(946688587.079983) can0 18FF01EA#2400AC062400AC06
(946688587.079983) can0 18FF02EA#2400B3062400B306
(946688587.089983) can0 18FF01EA#2400930624009306
(946688587.089983) can0 18FF02EA#23009F0623009F06
(946688587.089983) can0 18FF1085#000000031E01001E
(946688587.089983) can0 400#3C3D2B6F2A700000
(946688587.089983) can0 401#0196000000000000
(946688587.089983) can0 19B30007#00005E20AB9A0000
(946688587.089983) can0 19B30100#D6D6D6D6D6D6D6D6
(946688587.099983) can0 18FF01EA#2500B5062500B506
(946688587.099983) can0 18FF02EA#2500920625009206
(946688587.109983) can0 18FF01EA#2400920624009206
(946688587.109983) can0 18FF02EA#2200960622009606
(946688587.109983) can0 18FF1085#000000031E01001E
(946688587.109983) can0 400#3E3C29752A6F0000
(946688587.109983) can0 401#0195000000000000
(946688587.119983) can0 18FF01EA#2300A7062300A706
(946688587.119983) can0 18FF02EA#25009D0625009D06
(946688587.129983) can0 18FF01EA#22009D0622009D06
(946688587.129983) can0 18FF02EA#2200B4062200B406
(946688587.129983) can0 18FF1085#000000031E01001E
(946688587.129983) can0 400#3C3D2A74296E0000
(946688587.129983) can0 401#0096000000000000
(946688587.139983) can0 18FF01EA#2200980622009806
(946688587.139983) can0 18FF02EA#2400A6062400A606
(946688587.149983) can0 18FF01EA#22009F0622009F06
(946688587.149983) can0 18FF02EA#2200AA062200AA06
(946688587.149983) can0 18FF1085#000000031E01001E
(946688587.149983) can0 400#3E3D2970296D0000
(946688587.149983) can0 401#0095000000000000
(946688587.159983) can0 18FF01EA#2300A5062300A506
(946688587.159983) can0 18FF02EA#23009D0623009D06
(946688587.169983) can0 18FF01EA#2500A4062500A406
(946688587.169983) can0 18FF02EA#2300B5062300B506
(946688587.169983) can0 18FF1085#000000031E01001E
(946688587.169983) can0 400#3D3D2A722A730000
(946688587.169983) can0 401#0095000000000000
(946688587.179983) can0 18FF01EA#2400A5062400A506
(946688587.179983) can0 18FF02EA#2300B4062300B406
(946688587.189983) can0 18FF01EA#2500970625009706
(946688587.189983) can0 18FF02EA#2200AD062200AD06
(946688587.189983) can0 18FF1085#000000031E01001E
(946688587.189983) can0 400#3D3E29722A720000
(946688587.189983) can0 401#0096000000000000
(946688587.189983) can0 19B30007#00005E20AB9A0000
(946688587.189983) can0 19B30100#D6D6D6D6D6D6D6D6
(946688587.199983) can0 18FF01EA#2400920624009206
(946688587.199983) can0 18FF02EA#22009D0622009D06
(946688587.209983) can0 18FF01EA#2200980622009806
(946688587.209983) can0 18FF02EA#2400AF062400AF06
(946688587.209983) can0 18FF1085#000000031E01001E
(946688587.209983) can0 400#3D3E2A712B6F0000
(946688587.209983) can0 401#0096000000000000
(946688587.219983) can0 18FF01EA#23009C0623009C06
(946688587.219983) can0 18FF02EA#2200AE062200AE06
(946688587.229983) can0 18FF01EA#25009E0625009E06
(946688587.229983) can0 18FF02EA#25009C0625009C06
(946688587.229983) can0 18FF1085#000000031E01001E
(946688587.229983) can0 400#3C3F2A732B6D0000
(946688587.229983) can0 401#0095000000000000
(946688587.239983) can0 18FF01EA#2500A2062500A206
(946688587.239983) can0 18FF02EA#2300A4062300A406
(946688587.249983) can0 18FF01EA#2200960622009606
(946688587.249983) can0 18FF02EA#2200AA062200AA06
(946688587.249983) can0 18FF1085#000000031E01001E
(946688587.249983) can0 400#3D3C2A722A730000
(946688587.249983) can0 401#0096000000000000
(946688587.259983) can0 18FF01EA#25009B0625009B06
(946688587.259983) can0 18FF02EA#2300920623009206
(946688587.269983) can0 18FF01EA#24009E0624009E06
(946688587.269983) can0 18FF02EA#2500B1062500B106
(946688587.269983) can0 18FF1085#000000031E01001E
(946688587.269983) can0 400#3C3F2B752B740000
(946688587.269983) can0 401#0096000000000000
(946688587.279983) can0 18FF01EA#2300B3062300B306
(946688587.279983) can0 18FF02EA#2400980624009806
(946688587.289983) can0 18FF01EA#2300980623009806
(946688587.289983) can0 18FF02EA#2200B3062200B306
(946688587.289983) can0 18FF1085#000000031E01001E
(946688587.289983) can0 400#3C3F2B742B710000
(946688587.289983) can0 401#0195000000000000
(946688587.289983) can0 19B30007#00005E20AB9A0000
(946688587.289983) can0 19B30100#D6D6D6D6D6D6D6D6
(946688587.299983) can0 18FF01EA#2300980623009806
(946688587.299983) can0 18FF02EA#2300AC062300AC06
(946688587.309983) can0 18FF01EA#2200960622009606
(946688587.309983) can0 18FF02EA#2300990623009906
(946688587.309983) can0 18FF1085#000000031E01001E
(946688587.309983) can0 400#3F3F2A732A6F0000
(946688587.309983) can0 401#0095000000000000
(946688587.319983) can0 18FF01EA#2300AE062300AE06
(946688587.319983) can0 18FF02EA#2500B5062500B506
(946688587.329983) can0 18FF01EA#2400A9062400A906
(946688587.329983) can0 18FF02EA#2300900623009006
(946688587.329983) can0 18FF1085#000000031E01001E
(946688587.329983) can0 400#3E3E2B6D2B740000
(946688587.329983) can0 401#0096000000000000
(946688587.339983) can0 18FF01EA#2300A0062300A006
(946688587.339983) can0 18FF02EA#2400930624009306
(946688587.349983) can0 18FF01EA#2500910625009106
(946688587.349983) can0 18FF02EA#2200A5062200A506
(946688587.349983) can0 18FF1085#000000031E01001E
(946688587.349983) can0 400#3F3D2A732B750000
(946688587.349983) can0 401#0096000000000000
(946688587.359982) can0 18FF01EA#2400950624009506
(946688587.359982) can0 18FF02EA#2200A3062200A306
(946688587.369982) can0 18FF01EA#2400AB062400AB06
(946688587.369982) can0 18FF02EA#2200AB062200AB06
(946688587.369982) can0 18FF1085#000000031E01001E
(946688587.369982) can0 400#3F3F29752B6E0000
(946688587.369982) can0 401#0196000000000000
(946688587.379982) can0 18FF01EA#2400AA062400AA06
(946688587.379982) can0 18FF02EA#2200A6062200A606
(946688587.389982) can0 18FF01EA#22009F0622009F06
(946688587.389982) can0 18FF02EA#2500A3062500A306
(946688587.389982) can0 18FF1085#000000031E01001E
(946688587.389982) can0 400#3F3D2B752A760000
(946688587.389982) can0 401#0095000000000000
(946688587.389982) can0 19B30007#00005E20AB9A0000
(946688587.389982) can0 19B30100#D6D6D6D6D6D6D6D6
(946688587.399982) can0 18FF01EA#2300AC062300AC06
(946688587.399982) can0 18FF02EA#2200B1062200B106
(946688587.409982) can0 18FF01EA#2300940623009406
(946688587.409982) can0 18FF02EA#2400B3062400B306
(946688587.409982) can0 18FF1085#000000031E01001E
(946688587.409982) can0 400#3F3C29752B6E0000
(946688587.409982) can0 401#0195000000000000
(946688587.419982) can0 18FF01EA#2400A6062400A606
(946688587.419982) can0 18FF02EA#24008F0624008F06
(946688587.429982) can0 18FF01EA#2400A6062400A606
(946688587.429982) can0 18FF02EA#2400970624009706
(946688587.429982) can0 18FF1085#000000031E01001E
(946688587.429982) can0 400#3E3E2A712A730000
(946688587.429982) can0 401#0095000000000000
(946688587.439982) can0 18FF01EA#2200B0062200B006
(946688587.439982) can0 18FF02EA#24009D0624009D06
(946688587.449982) can0 18FF01EA#2400B4062400B406
(946688587.449982) can0 18FF02EA#25009D0625009D06
(946688587.449982) can0 18FF1085#000000031E01001E
(946688587.449982) can0 400#3E3D2A6D2A6F0000
(946688587.449982) can0 401#0196000000000000
(946688587.459982) can0 18FF01EA#25009B0625009B06
(946688587.459982) can0 18FF02EA#2300A3062300A306
(946688587.469982) can0 18FF01EA#2300990623009906
(946688587.469982) can0 18FF02EA#2300A9062300A906
(946688587.469982) can0 18FF1085#000000031E01001E
(946688587.469982) can0 400#3D3E2A742B720000
(946688587.469982) can0 401#0095000000000000
(946688587.479982) can0 18FF01EA#2200A9062200A906
(946688587.479982) can0 18FF02EA#2300A9062300A906
(946688587.489982) can0 18FF01EA#2200A8062200A806
(946688587.489982) can0 18FF02EA#2300970623009706
(946688587.489982) can0 18FF1085#000000031E01001E
(946688587.489982) can0 400#3D3D2B742A740000
(946688587.489982) can0 401#0095000000000000
(946688587.489982) can0 19B30007#00005E20AB9A0000
(946688587.489982) can0 19B30100#D6D6D6D6D6D6D6D6
(946688587.499982) can0 18FF01EA#24009F0624009F06
(946688587.499982) can0 18FF02EA#2200980622009806
(946688587.509982) can0 18FF01EA#2300B4062300B406
(946688587.509982) can0 18FF02EA#2300B3062300B306
(946688587.509982) can0 18FF1085#000000031E01001E
(946688587.509982) can0 400#3F3E2B762B740000
(946688587.509982) can0 401#0096000000000000
(946688587.519982) can0 18FF01EA#2400990624009906
(946688587.519982) can0 18FF02EA#2400B2062400B206
(946688587.529982) can0 18FF01EA#2400B5062400B506
(946688587.529982) can0 18FF02EA#2200A6062200A606
(946688587.529982) can0 18FF1085#000000031E01001E
(946688587.529982) can0 400#3D3D29702A6F0000
(946688587.529982) can0 401#0096000000000000
(946688587.539982) can0 18FF01EA#25009A0625009A06
(946688587.539982) can0 18FF02EA#2400B5062400B506
(946688587.549982) can0 18FF01EA#24008F0624008F06
(946688587.549982) can0 18FF02EA#2400950624009506
(946688587.549982) can0 18FF1085#000000031E01001E
(946688587.549982) can0 400#3E3D2A732B760000
(946688587.549982) can0 401#0095000000000000
(946688587.559982) can0 18FF01EA#2400900624009006
(946688587.559982) can0 18FF02EA#24008F0624008F06
(946688587.569982) can0 18FF01EA#2500A5062500A506
(946688587.569982) can0 18FF02EA#2200950622009506
(946688587.569982) can0 18FF1085#000000031E01001E
(946688587.569982) can0 400#3C3F2A6F2A6E0000
(946688587.569982) can0 401#0096000000000000
(946688587.579982) can0 18FF01EA#22009D0622009D06
(946688587.579982) can0 18FF02EA#2400910624009106
(946688587.589982) can0 18FF01EA#23009F0623009F06
(946688587.589982) can0 18FF02EA#25009F0625009F06
(946688587.589982) can0 18FF1085#000000031E01001E
(946688587.589982) can0 400#3F3F29752B710000
(946688587.589982) can0 401#0096000000000000
(946688587.589982) can0 19B30007#00005E20AB9A0000
(946688587.589982) can0 19B30100#D6D6D6D6D6D6D6D6
(946688587.599982) can0 18FF01EA#2500A5062500A506
(946688587.599982) can0 18FF02EA#2400920624009206
(946688587.609982) can0 18FF01EA#2400A0062400A006
(946688587.609982) can0 18FF02EA#2500AD062500AD06
(946688587.609982) can0 18FF1085#000000031E01001E
(946688587.609982) can0 400#3C3F2A6F2A760000
(946688587.609982) can0 401#0096000000000000
(946688587.619982) can0 18FF01EA#2300B2062300B206
(946688587.619982) can0 18FF02EA#2500990625009906
(946688587.629982) can0 18FF01EA#25009B0625009B06
(946688587.629982) can0 18FF02EA#2400AF062400AF06
(946688587.629982) can0 18FF1085#000000031E01001E
(946688587.629982) can0 400#3F3D2A702B710000
(946688587.629982) can0 401#0095000000000000
(946688587.639982) can0 18FF01EA#24009C0624009C06
(946688587.639982) can0 18FF02EA#2200B5062200B506
(946688587.649982) can0 18FF01EA#2500920625009206
(946688587.649982) can0 18FF02EA#23009A0623009A06
(946688587.649982) can0 18FF1085#000000031E01001E
(946688587.649982) can0 400#3C3C2B6E2B740000
(946688587.649982) can0 401#0095000000000000
(946688587.659982) can0 18FF01EA#2400970624009706
(946688587.659982) can0 18FF02EA#2200B3062200B306
(946688587.669982) can0 18FF01EA#2400A0062400A006
(946688587.669982) can0 18FF02EA#2500A0062500A006
(946688587.669982) can0 18FF1085#000000031E01001E
(946688587.669982) can0 400#3F3C2A712A6F0000
(946688587.669982) can0 401#0196000000000000
(946688587.679982) can0 18FF01EA#2200990622009906
(946688587.679982) can0 18FF02EA#2400A8062400A806
(946688587.689982) can0 18FF01EA#2300A0062300A006
(946688587.689982) can0 18FF02EA#2300980623009806
(946688587.689982) can0 18FF1085#000000031E01001E
(946688587.689982) can0 400#3E3C2B6E2B750000
(946688587.689982) can0 401#0095000000000000
(946688587.689982) can0 19B30007#00005E20AB9A0000
(946688587.689982) can0 19B30100#D6D6D6D6D6D6D6D6
(946688587.699982) can0 18FF01EA#2500AD062500AD06
(946688587.699982) can0 18FF02EA#22008E0622008E06
(946688587.709982) can0 18FF01EA#2200990622009906
(946688587.709982) can0 18FF02EA#24009A0624009A06
(946688587.709982) can0 18FF1085#000000031E01001E
(946688587.709982) can0 400#3E3F2A702A710000
(946688587.709982) can0 401#0095000000000000
(946688587.719982) can0 18FF01EA#2200AB062200AB06
(946688587.719982) can0 18FF02EA#22008F0622008F06
(946688587.729982) can0 18FF01EA#23009C0623009C06
(946688587.729982) can0 18FF02EA#2200AB062200AB06
(946688587.729982) can0 18FF1085#000000031E01001E
(946688587.729982) can0 400#3C3F2A752A760000
(946688587.729982) can0 401#0195000000000000
(946688587.739982) can0 18FF01EA#2400AA062400AA06
(946688587.739982) can0 18FF02EA#2400A0062400A006
(946688587.749982) can0 18FF01EA#22009E0622009E06
(946688587.749982) can0 18FF02EA#2400980624009806
(946688587.749982) can0 18FF1085#000000031E01001E
(946688587.749982) can0 400#3F3D2B6D2A6D0000
(946688587.749982) can0 401#0095000000000000
(946688587.759982) can0 18FF01EA#2500920625009206
(946688587.759982) can0 18FF02EA#22008E0622008E06
(946688587.769982) can0 18FF01EA#23009A0623009A06
(946688587.769982) can0 18FF02EA#2200B4062200B406
(946688587.769982) can0 18FF1085#000000031E01001E
(946688587.769982) can0 400#3C3D2B762B6D0000
(946688587.769982) can0 401#0096000000000000
(946688587.779982) can0 18FF01EA#2300B4062300B406
(946688587.779982) can0 18FF02EA#25008F0625008F06
(946688587.789982) can0 18FF01EA#2300900623009006
(946688587.789982) can0 18FF02EA#2300A9062300A906
(946688587.789982) can0 18FF1085#000000031E01001E
(946688587.789982) can0 400#3C3E2B712B730000
(946688587.789982) can0 401#0096000000000000
(946688587.789982) can0 19B30007#00005E20AB9A0000
(946688587.789982) can0 19B30100#D6D6D6D6D6D6D6D6
(946688587.799982) can0 18FF01EA#2200B5062200B506
(946688587.799982) can0 18FF02EA#2400A2062400A206
(946688587.809982) can0 18FF01EA#2400AA062400AA06
(946688587.809982) can0 18FF02EA#2200AF062200AF06
(946688587.809982) can0 18FF1085#000000031E01001E
(946688587.809982) can0 400#3D3E2A6E2B6E0000
(946688587.809982) can0 401#0095000000000000
(946688587.819982) can0 18FF01EA#2400910624009106
(946688587.819982) can0 18FF02EA#23009B0623009B06
(946688587.829982) can0 18FF01EA#2300B4062300B406
(946688587.829982) can0 18FF02EA#2200B0062200B006
(946688587.829982) can0 18FF1085#000000031E01001E
(946688587.829982) can0 400#3D3C2B752A750000
(946688587.829982) can0 401#0095000000000000
(946688587.839982) can0 18FF01EA#24008E0624008E06
(946688587.839982) can0 18FF02EA#22009D0622009D06
(946688587.849982) can0 18FF01EA#2300AF062300AF06
(946688587.849982) can0 18FF02EA#2400AB062400AB06
(946688587.849982) can0 18FF1085#000000031E01001E
(946688587.849982) can0 400#3D3F2A722B750000
(946688587.849982) can0 401#0095000000000000
(946688587.859982) can0 18FF01EA#2400AA062400AA06
(946688587.859982) can0 18FF02EA#22008E0622008E06
(946688587.869982) can0 18FF01EA#2500AE062500AE06
(946688587.869982) can0 18FF02EA#2400A4062400A406
(946688587.869982) can0 18FF1085#000000031E01001E
(946688587.869982) can0 400#3D3D2B732A700000
(946688587.869982) can0 401#0096000000000000
(946688587.879982) can0 18FF01EA#2400AF062400AF06
(946688587.879982) can0 18FF02EA#2300A2062300A206
(946688587.889982) can0 18FF01EA#23009F0623009F06
(946688587.889982) can0 18FF02EA#2500900625009006
(946688587.889982) can0 18FF1085#000000031E01001E
(946688587.889982) can0 400#3C3D2A762B6D0000
(946688587.889982) can0 401#0096000000000000
(946688587.889982) can0 19B30007#00005E20AB9A0000
(946688587.889982) can0 19B30100#D6D6D6D6D6D6D6D6
(946688587.899982) can0 18FF01EA#24009F0624009F06
(946688587.899982) can0 18FF02EA#2200990622009906
(946688587.909982) can0 18FF01EA#24009B0624009B06
(946688587.909982) can0 18FF02EA#2300970623009706
(946688587.909982) can0 18FF1085#000000031E01001E
(946688587.909982) can0 400#3C3C2B742B760000
(946688587.909982) can0 401#0096000000000000
(946688587.919982) can0 18FF01EA#2400920624009206
(946688587.919982) can0 18FF02EA#2300AF062300AF06
(946688587.929982) can0 18FF01EA#22009D0622009D06
(946688587.929982) can0 18FF02EA#2400B4062400B406
(946688587.929982) can0 18FF1085#000000031E01001E
(946688587.929982) can0 400#3E3D2A6D2B6F0000
(946688587.929982) can0 401#0196000000000000
(946688587.939982) can0 18FF01EA#2200B5062200B506
(946688587.939982) can0 18FF02EA#2300A0062300A006
(946688587.949982) can0 18FF01EA#22009A0622009A06
(946688587.949982) can0 18FF02EA#2300A8062300A806
(946688587.949982) can0 18FF1085#000000031E01001E
(946688587.949982) can0 400#3D3F2B702A730000
(946688587.949982) can0 401#0096000000000000
(946688587.959982) can0 18FF01EA#2500B0062500B006
(946688587.959982) can0 18FF02EA#2500AA062500AA06
(946688587.969982) can0 18FF01EA#25009E0625009E06
(946688587.969982) can0 18FF02EA#2200AE062200AE06
(946688587.969982) can0 18FF1085#000000031E01001E
(946688587.969982) can0 400#3F3E2A702A6D0000
(946688587.969982) can0 401#0195000000000000
(946688587.979982) can0 18FF01EA#2400A2062400A206
(946688587.979982) can0 18FF02EA#2500900625009006
(946688587.989982) can0 18FF01EA#2500A3062500A306
(946688587.989982) can0 18FF02EA#2200AB062200AB06
(946688587.989982) can0 18FF1085#000000031E01001E
(946688587.989982) can0 400#3D3C2A732A6F0000
(946688587.989982) can0 401#0196000000000000
(946688587.989982) can0 19B30007#00005E20AB9A0000
(946688587.989982) can0 19B30100#D6D6D6D6D6D6D6D6
(946688587.999982) can0 18FF01EA#25009D0625009D06
(946688587.999982) can0 18FF02EA#2500AF062500AF06
(946688588.009982) can0 18FF01EA#2200AE062200AE06
(946688588.009982) can0 18FF02EA#2400B2062400B206
(946688588.009982) can0 18FF1085#000000031E01001E
(946688588.009982) can0 400#3D3E2B732A740000
(946688588.009982) can0 401#0195000000000000
(946688588.019982) can0 18FF01EA#2400A9062400A906
(946688588.019982) can0 18FF02EA#2500AC062500AC06
(946688588.029982) can0 18FF01EA#2500B1062500B106
(946688588.029982) can0 18FF02EA#2200AB062200AB06
(946688588.029982) can0 18FF1085#000000031E01001E
(946688588.029982) can0 400#3E3F2A6D2B6D0000
(946688588.029982) can0 401#0095000000000000
(946688588.039982) can0 18FF01EA#2500A1062500A106
(946688588.039982) can0 18FF02EA#2300A5062300A506
(946688588.049982) can0 18FF01EA#2400AA062400AA06
(946688588.049982) can0 18FF02EA#2400A7062400A706
(946688588.049982) can0 18FF1085#000000031E01001E
(946688588.049982) can0 400#3E3D2B762A6D0000
(946688588.049982) can0 401#0195000000000000
(946688588.059982) can0 18FF01EA#2300960623009606
(946688588.059982) can0 18FF02EA#25008F0625008F06
(946688588.069982) can0 18FF01EA#23008F0623008F06
(946688588.069982) can0 18FF02EA#2500930625009306
(946688588.069982) can0 18FF1085#000000031E01001E
(946688588.069982) can0 400#3C3C2B6F2A6F0000
(946688588.069982) can0 401#0196000000000000
(946688588.079982) can0 18FF01EA#2200900622009006
(946688588.079982) can0 18FF02EA#2200A3062200A306
(946688588.089982) can0 18FF01EA#2300970623009706
(946688588.089982) can0 18FF02EA#24009C0624009C06
(946688588.089982) can0 18FF1085#000000031E01001E
(946688588.089982) can0 400#3D3E2A712B700000
(946688588.089982) can0 401#0097000000000000
(946688588.089982) can0 19B30007#00005E20AB9A0000
(946688588.089982) can0 19B30100#D6D6D6D6D6D6D6D6
(946688588.099982) can0 18FF01EA#24009D0624009D06
(946688588.099982) can0 18FF02EA#2400930624009306
(946688588.109982) can0 18FF01EA#22009A0622009A06
(946688588.109982) can0 18FF02EA#2200AB062200AB06
(946688588.109982) can0 18FF1085#000000031E01001E
(946688588.109982) can0 400#3C3E2A702A750000
(946688588.109982) can0 401#0096000000000000
(946688588.119982) can0 18FF01EA#2200A8062200A806
(946688588.119982) can0 18FF02EA#24009F0624009F06
(946688588.129982) can0 18FF01EA#2200B5062200B506
(946688588.129982) can0 18FF02EA#2500A5062500A506
(946688588.129982) can0 18FF1085#000000031E01001E
(946688588.129982) can0 400#3C3F2A722B730000
(946688588.129982) can0 401#0195000000000000
(946688588.139982) can0 18FF01EA#2200930622009306
(946688588.139982) can0 18FF02EA#2200AB062200AB06
(946688588.149982) can0 18FF01EA#2500AE062500AE06
(946688588.149982) can0 18FF02EA#2400A1062400A106
(946688588.149982) can0 18FF1085#000000031E01001E
(946688588.149982) can0 400#3E3E2A702B730000
(946688588.149982) can0 401#0196000000000000
(946688588.159982) can0 18FF01EA#2200980622009806
(946688588.159982) can0 18FF02EA#25009F0625009F06
(946688588.169982) can0 18FF01EA#23009A0623009A06
(946688588.169982) can0 18FF02EA#2300AE062300AE06
(946688588.169982) can0 18FF1085#000000031E01001E
(946688588.169982) can0 400#3C3D2A712A760000
(946688588.169982) can0 401#0095000000000000
(946688588.179982) can0 18FF01EA#2500B3062500B306
(946688588.179982) can0 18FF02EA#24009F0624009F06
(946688588.189982) can0 18FF01EA#22008E0622008E06
(946688588.189982) can0 18FF02EA#2300A7062300A706
(946688588.189982) can0 18FF1085#000000031E01001E
(946688588.189982) can0 400#3C3D2A702A6F0000
(946688588.189982) can0 401#0096000000000000
(946688588.189982) can0 19B30007#00005E20AB9A0000
(946688588.189982) can0 19B30100#D6D6D6D6D6D6D6D6
(946688588.199982) can0 18FF01EA#24009D0624009D06
(946688588.199982) can0 18FF02EA#2500B4062500B406
(946688588.209982) can0 18FF01EA#2400AE062400AE06
(946688588.209982) can0 18FF02EA#2200A9062200A906
(946688588.209982) can0 18FF1085#000000031E01001E
(946688588.209982) can0 400#3C3F2B722A760000
(946688588.209982) can0 401#0095000000000000
(946688588.219982) can0 18FF01EA#2300A5062300A506
(946688588.219982) can0 18FF02EA#22008E0622008E06
(946688588.229982) can0 18FF01EA#2400A4062400A406
(946688588.229982) can0 18FF02EA#2300AD062300AD06
(946688588.229982) can0 18FF1085#000000031E01001E
(946688588.229982) can0 400#3B3F2B6F2B720000
(946688588.229982) can0 401#0096000000000000
(946688588.239982) can0 18FF01EA#2300900623009006
(946688588.239982) can0 18FF02EA#2200A2062200A206
(946688588.249982) can0 18FF01EA#2300900623009006
(946688588.249982) can0 18FF02EA#2300B2062300B206
(946688588.249982) can0 18FF1085#000000031E01001E
(946688588.249982) can0 400#3C3E2A7429700000
(946688588.249982) can0 401#0196000000000000
(946688588.259982) can0 18FF01EA#2400960624009606
(946688588.259982) can0 18FF02EA#2500980625009806
(946688588.269982) can0 18FF01EA#2400910624009106
(946688588.269982) can0 18FF02EA#2500A9062500A906
(946688588.269982) can0 18FF1085#000000031E01001E
(946688588.269982) can0 400#3D3C2B712B740000
(946688588.269982) can0 401#0096000000000000
(946688588.279982) can0 18FF01EA#2200900622009006
(946688588.279982) can0 18FF02EA#2400950624009506
(946688588.289982) can0 18FF01EA#2500B2062500B206
(946688588.289982) can0 18FF02EA#23009B0623009B06
(946688588.289982) can0 18FF1085#000000031E01001E
(946688588.289982) can0 400#3C3E2A762B6F0000
(946688588.289982) can0 401#0196000000000000
(946688588.289982) can0 19B30007#00005E20AB9A0000
(946688588.289982) can0 19B30100#D6D6D6D6D6D6D6D6
(946688588.299982) can0 18FF01EA#2300A5062300A506
(946688588.299982) can0 18FF02EA#22009F0622009F06
(946688588.309982) can0 18FF01EA#22009C0622009C06
(946688588.309982) can0 18FF02EA#2500A6062500A606
(946688588.309982) can0 18FF1085#000000031E01001E
(946688588.309982) can0 400#3D3E2B702B760000
(946688588.309982) can0 401#0095000000000000
(946688588.319982) can0 18FF01EA#2400A6062400A606
(946688588.319982) can0 18FF02EA#25009D0625009D06
(946688588.329982) can0 18FF01EA#2300B1062300B106
(946688588.329982) can0 18FF02EA#2500970625009706
(946688588.329982) can0 18FF1085#000000031E01001E
(946688588.329982) can0 400#3E3F2B722A6F0000
(946688588.329982) can0 401#0096000000000000
(946688588.339982) can0 18FF01EA#2300900623009006
(946688588.339982) can0 18FF02EA#2500AD062500AD06
(946688588.349982) can0 18FF01EA#23008F0623008F06
(946688588.349982) can0 18FF02EA#2300A7062300A706
(946688588.349982) can0 18FF1085#000000031E01001E
(946688588.349982) can0 400#3D3D2B742A760000
(946688588.349982) can0 401#0096000000000000
(946688588.359982) can0 18FF01EA#2500A7062500A706
(946688588.359982) can0 18FF02EA#22009E0622009E06
(946688588.369982) can0 18FF01EA#2400950624009506
(946688588.369982) can0 18FF02EA#2200A9062200A906
(946688588.369982) can0 18FF1085#000000031E01001E
(946688588.369982) can0 400#3B3C2A6E2B730000
(946688588.369982) can0 401#0096000000000000
(946688588.379982) can0 18FF01EA#2300A1062300A106
(946688588.379982) can0 18FF02EA#2300960623009606
(946688588.389982) can0 18FF01EA#2400B4062400B406
(946688588.389982) can0 18FF02EA#2400960624009606
(946688588.389982) can0 18FF1085#000000031E01001E
(946688588.389982) can0 400#3C3E2A722A760000
(946688588.389982) can0 401#0095000000000000
(946688588.389982) can0 19B30007#00005E20AB9A0000
(946688588.389982) can0 19B30100#D6D6D6D6D6D6D6D6
(946688588.399981) can0 18FF01EA#2300B2062300B206
(946688588.399981) can0 18FF02EA#2500B1062500B106
(946688588.409981) can0 18FF01EA#2400A2062400A206
(946688588.409981) can0 18FF02EA#2200A1062200A106
(946688588.409981) can0 18FF1085#000000031E01001E
(946688588.409981) can0 400#3C3F2A712B6E0000
(946688588.409981) can0 401#0196000000000000
(946688588.419981) can0 18FF01EA#2500AF062500AF06
(946688588.419981) can0 18FF02EA#2500970625009706
(946688588.429981) can0 18FF01EA#2400A3062400A306
(946688588.429981) can0 18FF02EA#2300940623009406
(946688588.429981) can0 18FF1085#000000031E01001E
(946688588.429981) can0 400#3F3D2B762B6E0000
(946688588.429981) can0 401#0196000000000000
(946688588.439981) can0 18FF01EA#2400A2062400A206
(946688588.439981) can0 18FF02EA#25009E0625009E06
(946688588.449981) can0 18FF01EA#2400A9062400A906
(946688588.449981) can0 18FF02EA#25009D0625009D06
(946688588.449981) can0 18FF1085#000000031E01001E
(946688588.449981) can0 400#3C3B2B742A730000
(946688588.449981) can0 401#0096000000000000
(946688588.459981) can0 18FF01EA#2200A4062200A406
(946688588.459981) can0 18FF02EA#2500950625009506
(946688588.469981) can0 18FF01EA#2300AD062300AD06
(946688588.469981) can0 18FF02EA#2400A5062400A506
(946688588.469981) can0 18FF1085#000000031E01001E
(946688588.469981) can0 400#3D3D2B6F2A760000
(946688588.469981) can0 401#0095000000000000
(946688588.479981) can0 18FF01EA#2300A2062300A206
(946688588.479981) can0 18FF02EA#2400B1062400B106
(946688588.489981) can0 18FF01EA#2300960623009606
(946688588.489981) can0 18FF02EA#2300940623009406
(946688588.489981) can0 18FF1085#000000031E01001E
(946688588.489981) can0 400#3F3E2A752B6E0000
(946688588.489981) can0 401#0195000000000000
(946688588.489981) can0 19B30007#00005E20AB9A0000
(946688588.489981) can0 19B30100#D6D6D6D6D6D6D6D6
(946688588.499981) can0 18FF01EA#2200A7062200A706
(946688588.499981) can0 18FF02EA#2400A0062400A006
(946688588.509981) can0 18FF01EA#2200920622009206
(946688588.509981) can0 18FF02EA#2500900625009006
(946688588.509981) can0 18FF1085#000000031E01001E
(946688588.509981) can0 400#3D3B2B712B6F0000
(946688588.509981) can0 401#0096000000000000
(946688588.519981) can0 18FF01EA#25009B0625009B06
(946688588.519981) can0 18FF02EA#2300B3062300B306
(946688588.529981) can0 18FF01EA#2400960624009606
(946688588.529981) can0 18FF02EA#2300A5062300A506
(946688588.529981) can0 18FF1085#000000031E01001E
(946688588.529981) can0 400#3E3D2B702B730000
(946688588.529981) can0 401#0096000000000000
(946688588.539981) can0 18FF01EA#2200960622009606
(946688588.539981) can0 18FF02EA#2200950622009506
(946688588.549981) can0 18FF01EA#2200A0062200A006
(946688588.549981) can0 18FF02EA#24009D0624009D06
(946688588.549981) can0 18FF1085#000000031E01001E
(946688588.549981) can0 400#3F3E2B6F2A6E0000
(946688588.549981) can0 401#0096000000000000
(946688588.559981) can0 18FF01EA#2200AB062200AB06
(946688588.559981) can0 18FF02EA#2300A4062300A406
(946688588.569981) can0 18FF01EA#2400940624009406
(946688588.569981) can0 18FF02EA#2400A8062400A806
(946688588.569981) can0 18FF1085#000000031E01001E
(946688588.569981) can0 400#3F3D2B712B750000
(946688588.569981) can0 401#0195000000000000
(946688588.579981) can0 18FF01EA#2400B1062400B106
(946688588.579981) can0 18FF02EA#2400A1062400A106
(946688588.589981) can0 18FF01EA#2200A9062200A906
(946688588.589981) can0 18FF02EA#2300A6062300A606
(946688588.589981) can0 18FF1085#000000031E01001E
(946688588.589981) can0 400#3C3E2B742B6D0000
(946688588.589981) can0 401#0196000000000000
(946688588.589981) can0 19B30007#00005E20AB9A0000
(946688588.589981) can0 19B30100#D6D6D6D6D6D6D6D6
(946688588.599981) can0 18FF01EA#2400930624009306
(946688588.599981) can0 18FF02EA#2300AA062300AA06
(946688588.609981) can0 18FF01EA#2500A9062500A906
(946688588.609981) can0 18FF02EA#2200B5062200B506
(946688588.609981) can0 18FF1085#000000031E01001E
(946688588.609981) can0 400#3C3C2B6D2A740000
(946688588.609981) can0 401#0196000000000000
(946688588.619981) can0 18FF01EA#2300AB062300AB06
(946688588.619981) can0 18FF02EA#2300AC062300AC06
(946688588.629981) can0 18FF01EA#23009B0623009B06
(946688588.629981) can0 18FF02EA#2300970623009706
(946688588.629981) can0 18FF1085#000000031E01001E
(946688588.629981) can0 400#3B3D2B762B760000
(946688588.629981) can0 401#0096000000000000
(946688588.639981) can0 18FF01EA#2200A2062200A206
(946688588.639981) can0 18FF02EA#2300980623009806
(946688588.649981) can0 18FF01EA#2300A9062300A906
(946688588.649981) can0 18FF02EA#2400B5062400B506
(946688588.649981) can0 18FF1085#000000031E01001E
(946688588.649981) can0 400#3D3C2A742A6D0000
(946688588.649981) can0 401#0196000000000000
(946688588.659981) can0 18FF01EA#2200960622009606
(946688588.659981) can0 18FF02EA#22009B0622009B06
(946688588.669981) can0 18FF01EA#2400A9062400A906
(946688588.669981) can0 18FF02EA#25009A0625009A06
(946688588.669981) can0 18FF1085#000000031E01001E
(946688588.669981) can0 400#3E3F2B712B700000
(946688588.669981) can0 401#0095000000000000
(946688588.679981) can0 18FF01EA#2200A4062200A406
(946688588.679981) can0 18FF02EA#2500AB062500AB06
(946688588.689981) can0 18FF01EA#2400940624009406
(946688588.689981) can0 18FF02EA#2200950622009506
(946688588.689981) can0 18FF1085#000000031E01001E
(946688588.689981) can0 400#3B3D2B762B760000
(946688588.689981) can0 401#0195000000000000
(946688588.689981) can0 19B30007#00005E20AB9A0000
(946688588.689981) can0 19B30100#D6D6D6D6D6D6D6D6
(946688588.699981) can0 18FF01EA#2300990623009906
(946688588.699981) can0 18FF02EA#2200A6062200A606
(946688588.709981) can0 18FF01EA#2300A7062300A706
(946688588.709981) can0 18FF02EA#22009B0622009B06
(946688588.709981) can0 18FF1085#000000031E01001E
(946688588.709981) can0 400#3D3D2A702A760000
(946688588.709981) can0 401#0096000000000000
(946688588.719981) can0 18FF01EA#23009F0623009F06
(946688588.719981) can0 18FF02EA#25009A0625009A06
(946688588.729981) can0 18FF01EA#2300930623009306
(946688588.729981) can0 18FF02EA#2200950622009506
(946688588.729981) can0 18FF1085#000000031E01001E
(946688588.729981) can0 400#3E3F2A6D2A760000
(946688588.729981) can0 401#0096000000000000
(946688588.739981) can0 18FF01EA#2400A1062400A106
(946688588.739981) can0 18FF02EA#2500A3062500A306
(946688588.749981) can0 18FF01EA#24008F0624008F06
(946688588.749981) can0 18FF02EA#2400AA062400AA06
(946688588.749981) can0 18FF1085#000000031E01001E
(946688588.749981) can0 400#3E3F2B702A720000
(946688588.749981) can0 401#0196000000000000
(946688588.759981) can0 18FF01EA#2200A5062200A506
(946688588.759981) can0 18FF02EA#2500B5062500B506
(946688588.769981) can0 18FF01EA#2200AA062200AA06
(946688588.769981) can0 18FF02EA#24009D0624009D06
(946688588.769981) can0 18FF1085#000000031E01001E
(946688588.769981) can0 400#3C3F2A6F2A750000
(946688588.769981) can0 401#0095000000000000
(946688588.779981) can0 18FF01EA#2300B4062300B406
(946688588.779981) can0 18FF02EA#2200910622009106
(946688588.789981) can0 18FF01EA#2200B2062200B206
(946688588.789981) can0 18FF02EA#2300A4062300A406
(946688588.789981) can0 18FF1085#000000031E01001E
(946688588.789981) can0 400#3C3D2B742A710000
(946688588.789981) can0 401#0096000000000000
(946688588.789981) can0 19B30007#00005E20AB9A0000
(946688588.789981) can0 19B30100#D6D6D6D6D6D6D6D6
(946688588.799981) can0 18FF01EA#2500B5062500B506
(946688588.799981) can0 18FF02EA#2500AF062500AF06
(946688588.809981) can0 18FF01EA#23009E0623009E06
(946688588.809981) can0 18FF02EA#2300A8062300A806
(946688588.809981) can0 18FF1085#000000031E01001E
(946688588.809981) can0 400#3E3D2A6E2A6E0000
(946688588.809981) can0 401#0196000000000000
(946688588.819981) can0 18FF01EA#2400970624009706
(946688588.819981) can0 18FF02EA#2400B1062400B106
(946688588.829981) can0 18FF01EA#23009B0623009B06
(946688588.829981) can0 18FF02EA#2300AE062300AE06
(946688588.829981) can0 18FF1085#000000031E01001E
(946688588.829981) can0 400#3C3E2A712A700000
(946688588.829981) can0 401#0195000000000000
(946688588.839981) can0 18FF01EA#2500A6062500A606
(946688588.839981) can0 18FF02EA#2300B0062300B006
(946688588.849981) can0 18FF01EA#2500910625009106
(946688588.849981) can0 18FF02EA#2400B5062400B506
(946688588.849981) can0 18FF1085#000000031E01001E
(946688588.849981) can0 400#3E3F2B732A6E0000
(946688588.849981) can0 401#0195000000000000
(946688588.859981) can0 18FF01EA#2400B2062400B206
(946688588.859981) can0 18FF02EA#2400990624009906
(946688588.869981) can0 18FF01EA#2200B0062200B006
(946688588.869981) can0 18FF02EA#2200B4062200B406
(946688588.869981) can0 18FF1085#000000031E01001E
(946688588.869981) can0 400#3E3E2B712A710000
(946688588.869981) can0 401#0095000000000000
(946688588.879981) can0 18FF01EA#2200A2062200A206
(946688588.879981) can0 18FF02EA#24009D0624009D06
(946688588.889981) can0 18FF01EA#24009A0624009A06
(946688588.889981) can0 18FF02EA#2400B5062400B506
(946688588.889981) can0 18FF1085#000000031E01001E
(946688588.889981) can0 400#3F3C2A752C750000
(946688588.889981) can0 401#0096000000000000
(946688588.889981) can0 19B30007#00005E20AB9A0000
(946688588.889981) can0 19B30100#D6D6D6D6D6D6D6D6
(946688588.899981) can0 18FF01EA#2400AD062400AD06
(946688588.899981) can0 18FF02EA#2500A1062500A106
(946688588.909981) can0 18FF01EA#2300920623009206
(946688588.909981) can0 18FF02EA#2400B3062400B306
(946688588.909981) can0 18FF1085#000000031E01001E
(946688588.909981) can0 400#3C3B2A6E2A6F0000
(946688588.909981) can0 401#0195000000000000
(946688588.919981) can0 18FF01EA#2300A0062300A006
(946688588.919981) can0 18FF02EA#2400910624009106
(946688588.929981) can0 18FF01EA#22009C0622009C06
(946688588.929981) can0 18FF02EA#2500990625009906
(946688588.929981) can0 18FF1085#000000031E01001E
(946688588.929981) can0 400#3C3E2A752A700000
(946688588.929981) can0 401#0096000000000000
(946688588.939981) can0 18FF01EA#22009B0622009B06
(946688588.939981) can0 18FF02EA#2500990625009906
(946688588.949981) can0 18FF01EA#2400990624009906
(946688588.949981) can0 18FF02EA#2400A4062400A406
(946688588.949981) can0 18FF1085#000000031E01001E
(946688588.949981) can0 400#3F3F2A6E2A730000
(946688588.949981) can0 401#0095000000000000
(946688588.959981) can0 18FF01EA#2500A6062500A606
(946688588.959981) can0 18FF02EA#2500B3062500B306
(946688588.969981) can0 18FF01EA#2300A9062300A906
(946688588.969981) can0 18FF02EA#2200AF062200AF06
(946688588.969981) can0 18FF1085#000000031E01001E
(946688588.969981) can0 400#3F3C2B742B740000
(946688588.969981) can0 401#0196000000000000
(946688588.979981) can0 18FF01EA#23009B0623009B06
(946688588.979981) can0 18FF02EA#2500A8062500A806
(946688588.989981) can0 18FF01EA#2200970622009706
(946688588.989981) can0 18FF02EA#2400AE062400AE06
(946688588.989981) can0 18FF1085#000000031E01001E
(946688588.989981) can0 400#3F3D2A762B6F0000
(946688588.989981) can0 401#0096000000000000
(946688588.989981) can0 19B30007#00005E20AB9A0000
(946688588.989981) can0 19B30100#D6D6D6D6D6D6D6D6
(946688588.999981) can0 18FF01EA#23008F0623008F06
(946688588.999981) can0 18FF02EA#23008E0623008E06
(946688589.009981) can0 18FF01EA#24009C0624009C06
(946688589.009981) can0 18FF02EA#2300AE062300AE06
(946688589.009981) can0 18FF1085#000000031E01001E
(946688589.009981) can0 400#3E3D2B742B730000
(946688589.009981) can0 401#0094000000000000
(946688589.019981) can0 18FF01EA#2300990623009906
(946688589.019981) can0 18FF02EA#2300AD062300AD06
(946688589.029981) can0 18FF01EA#2400AA062400AA06
(946688589.029981) can0 18FF02EA#2300AB062300AB06
(946688589.029981) can0 18FF1085#000000031E01001E
(946688589.029981) can0 400#3F3E2B702B750000
(946688589.029981) can0 401#0092000000000000
(946688589.039981) can0 18FF01EA#2200910622009106
(946688589.039981) can0 18FF02EA#2400A1062400A106
(946688589.049981) can0 18FF01EA#2200A6062200A606
(946688589.049981) can0 18FF02EA#2400AC062400AC06
(946688589.049981) can0 18FF1085#000000031E01001E
(946688589.049981) can0 400#3F3C2B6E2B700000
(946688589.049981) can0 401#008F000000000000
(946688589.059981) can0 18FF01EA#2500AC062500AC06
(946688589.059981) can0 18FF02EA#22009B0622009B06
(946688589.069981) can0 18FF01EA#2400940624009406
(946688589.069981) can0 18FF02EA#2200950622009506
(946688589.069981) can0 18FF1085#000000031E01001E
(946688589.069981) can0 400#3E3C2B722A740000
(946688589.069981) can0 401#008D000000000000
(946688589.079981) can0 18FF01EA#2300A1062300A106
(946688589.079981) can0 18FF02EA#2300B5062300B506
(946688589.089981) can0 18FF01EA#24009B0624009B06
(946688589.089981) can0 18FF02EA#2300A0062300A006
(946688589.089981) can0 18FF1085#000000031E01001E
(946688589.089981) can0 400#3C3E2A712A710000
(946688589.089981) can0 401#018B000000000000
(946688589.089981) can0 19B30007#00005E20AB9A0000
(946688589.089981) can0 19B30100#D6D6D6D6D6D6D6D6
(946688589.099981) can0 18FF01EA#2300A9062300A906
(946688589.099981) can0 18FF02EA#2300950623009506
(946688589.109981) can0 18FF01EA#2400A5062400A506
(946688589.109981) can0 18FF02EA#2300AE062300AE06
(946688589.109981) can0 18FF1085#000000031E01001E
(946688589.109981) can0 400#3D3D2A702B6C0000
(946688589.109981) can0 401#008B000000000000
(946688589.119981) can0 18FF01EA#2300970623009706
(946688589.119981) can0 18FF02EA#2500980625009806
(946688589.129981) can0 18FF01EA#2400A9062400A906
(946688589.129981) can0 18FF02EA#2200940622009406
(946688589.129981) can0 18FF1085#000000031E01001E
(946688589.129981) can0 400#3E3D2A6D2B700000
(946688589.129981) can0 401#0189000000000000
(946688589.139981) can0 18FF01EA#2200AF062200AF06
(946688589.139981) can0 18FF02EA#2300AA062300AA06
(946688589.149981) can0 18FF01EA#2200A7062200A706
(946688589.149981) can0 18FF02EA#2400B4062400B406
(946688589.149981) can0 18FF1085#000000031E01001E
(946688589.149981) can0 400#3C3E2B712A760000
(946688589.149981) can0 401#0087000000000000
(946688589.159981) can0 18FF01EA#2400B4062400B406
(946688589.159981) can0 18FF02EA#2500A7062500A706
(946688589.169981) can0 18FF01EA#2300990623009906
(946688589.169981) can0 18FF02EA#22008E0622008E06
(946688589.169981) can0 18FF1085#000000031E01001E
(946688589.169981) can0 400#3D3C2B752A750000
(946688589.169981) can0 401#0187000000000000
(946688589.179981) can0 18FF01EA#25009F0625009F06
(946688589.179981) can0 18FF02EA#2500B4062500B406
(946688589.189981) can0 18FF01EA#2500A8062500A806
(946688589.189981) can0 18FF02EA#2500B2062500B206
(946688589.189981) can0 18FF1085#000000031E01001E
(946688589.189981) can0 400#3D3C2A732B6F0000
(946688589.189981) can0 401#0085000000000000
(946688589.189981) can0 19B30007#00005E20AB9A0000
(946688589.189981) can0 19B30100#D6D6D6D6D6D6D6D6
(946688589.199981) can0 18FF01EA#2400950624009506
(946688589.199981) can0 18FF02EA#2400A5062400A506
(946688589.209981) can0 18FF01EA#2200920622009206
(946688589.209981) can0 18FF02EA#2200A9062200A906
(946688589.209981) can0 18FF1085#000000031E01001E
(946688589.209981) can0 400#3E3D2B762B700000
(946688589.209981) can0 401#0186000000000000
(946688589.219981) can0 18FF01EA#2300AD062300AD06
(946688589.219981) can0 18FF02EA#2500A3062500A306
(946688589.229981) can0 18FF01EA#2200B0062200B006
(946688589.229981) can0 18FF02EA#2300900623009006
(946688589.229981) can0 18FF1085#000000031E01001E
(946688589.229981) can0 400#3D3F2A6E2B740000
(946688589.229981) can0 401#0084000000000000
(946688589.239981) can0 18FF01EA#25009C0625009C06
(946688589.239981) can0 18FF02EA#2500B2062500B206
(946688589.249981) can0 18FF01EA#2400AE062400AE06
(946688589.249981) can0 18FF02EA#2200A5062200A506
(946688589.249981) can0 18FF1085#000000031E01001E
(946688589.249981) can0 400#3C3F2B702A700000
(946688589.249981) can0 401#0182000000000000
(946688589.259981) can0 18FF01EA#2500A1062500A106
(946688589.259981) can0 18FF02EA#2300970623009706
(946688589.269981) can0 18FF01EA#2200B2062200B206
(946688589.269981) can0 18FF02EA#2400970624009706
(946688589.269981) can0 18FF1085#000000031E01001E
(946688589.269981) can0 400#3C3D2B6F2A720000
(946688589.269981) can0 401#0084000000000000
(946688589.279981) can0 18FF01EA#2200A8062200A806
(946688589.279981) can0 18FF02EA#2400A5062400A506
(946688589.289981) can0 18FF01EA#2300B5062300B506
(946688589.289981) can0 18FF02EA#2300960623009606
(946688589.289981) can0 18FF1085#000000031E01001E
(946688589.289981) can0 400#3C3E2B6D2A6F0000
(946688589.289981) can0 401#0081000000000000
(946688589.289981) can0 19B30007#00005E20AB9A0000
(946688589.289981) can0 19B30100#D6D6D6D6D6D6D6D6
(946688589.299981) can0 18FF01EA#2200920622009206
(946688589.299981) can0 18FF02EA#2300A7062300A706
(946688589.309981) can0 18FF01EA#2400A0062400A006
(946688589.309981) can0 18FF02EA#2500AB062500AB06
(946688589.309981) can0 18FF1085#000000031E01001E
(946688589.309981) can0 400#3C3C2B712B6E0000
(946688589.309981) can0 401#0082000000000000
(946688589.319981) can0 18FF01EA#2400940624009406
(946688589.319981) can0 18FF02EA#2300A8062300A806
(946688589.329981) can0 18FF01EA#2200B2062200B206
(946688589.329981) can0 18FF02EA#2400B4062400B406
(946688589.329981) can0 18FF1085#000000031E01001E
(946688589.329981) can0 400#3F3F2B732A760000
(946688589.329981) can0 401#0081000000000000
(946688589.339981) can0 18FF01EA#2500B4062500B406
(946688589.339981) can0 18FF02EA#25008E0625008E06
(946688589.349981) can0 18FF01EA#25008E0625008E06
(946688589.349981) can0 18FF02EA#2300A5062300A506
(946688589.349981) can0 18FF1085#000000031E01001E
(946688589.349981) can0 400#3C3F2A742B740000
(946688589.349981) can0 401#0180000000000000
(946688589.359981) can0 18FF01EA#2500900625009006
(946688589.359981) can0 18FF02EA#2400AF062400AF06
(946688589.369981) can0 18FF01EA#2500AF062500AF06
(946688589.369981) can0 18FF02EA#2400AF062400AF06
(946688589.369981) can0 18FF1085#000000031E01001E
(946688589.369981) can0 400#3C3F2B752A6E0000
(946688589.369981) can0 401#0180000000000000
(946688589.379981) can0 18FF01EA#22009C0622009C06
(946688589.379981) can0 18FF02EA#22009C0622009C06
(946688589.389981) can0 18FF01EA#2300AB062300AB06
(946688589.389981) can0 18FF02EA#2500920625009206
(946688589.389981) can0 18FF1085#000000031E01001E
(946688589.389981) can0 400#3E3E2B702B6D0000
(946688589.389981) can0 401#0081000000000000
(946688589.389981) can0 19B30007#00005E20AB9A0000
(946688589.389981) can0 19B30100#D6D6D6D6D6D6D6D6
(946688589.399981) can0 18FF01EA#23009A0623009A06
(946688589.399981) can0 18FF02EA#2500910625009106
(946688589.409981) can0 18FF01EA#2500A4062500A406
(946688589.409981) can0 18FF02EA#2300A0062300A006
(946688589.409981) can0 18FF1085#000000031E01001E
(946688589.409981) can0 400#3E3D2A6D2B6F0000
(946688589.409981) can0 401#0081000000000000
(946688589.419981) can0 18FF01EA#22008E0622008E06
(946688589.419981) can0 18FF02EA#2500A6062500A606
(946688589.429981) can0 18FF01EA#25009F0625009F06
(946688589.429981) can0 18FF02EA#2400A2062400A206
(946688589.429981) can0 18FF1085#000000031E01001E
(946688589.429981) can0 400#3D3C2A752B740000
(946688589.429981) can0 401#0081000000000000
(946688589.439981) can0 18FF01EA#2500B4062500B406
(946688589.439981) can0 18FF02EA#25008F0625008F06
(946688589.449980) can0 18FF01EA#22008F0622008F06
(946688589.449980) can0 18FF02EA#2200970622009706
(946688589.449980) can0 18FF1085#000000031E01001E
(946688589.449980) can0 400#3C3C2B702B6D0000
(946688589.449980) can0 401#0080000000000000
(946688589.459980) can0 18FF01EA#2400900624009006
(946688589.459980) can0 18FF02EA#2400940624009406
(946688589.469980) can0 18FF01EA#22009A0622009A06
(946688589.469980) can0 18FF02EA#25009D0625009D06
(946688589.469980) can0 18FF1085#000000031E01001E
(946688589.469980) can0 400#3C3D2B6F2B740000
(946688589.469980) can0 401#0080000000000000
(946688589.479980) can0 18FF01EA#22009A0622009A06
(946688589.479980) can0 18FF02EA#2500970625009706
(946688589.489980) can0 18FF01EA#24009F0624009F06
(946688589.489980) can0 18FF02EA#2200B3062200B306
(946688589.489980) can0 18FF1085#000000031E01001E
(946688589.489980) can0 400#3D3D2B752A740000
(946688589.489980) can0 401#017F000000000000
(946688589.489980) can0 19B30007#00005E20AB9A0000
(946688589.489980) can0 19B30100#D6D6D6D6D6D6D6D6
(946688589.499980) can0 18FF01EA#24009B0624009B06
(946688589.499980) can0 18FF02EA#2500A9062500A906
(946688589.509980) can0 18FF01EA#24008E0624008E06
(946688589.509980) can0 18FF02EA#24009F0624009F06
(946688589.509980) can0 18FF1085#000000031E01001E
(946688589.509980) can0 400#3D3D2B6D2B760000
(946688589.509980) can0 401#007F000000000000
(946688589.519980) can0 18FF01EA#23009C0623009C06
(946688589.519980) can0 18FF02EA#2500980625009806
(946688589.529980) can0 18FF01EA#2200AD062200AD06
(946688589.529980) can0 18FF02EA#2500B1062500B106
(946688589.529980) can0 18FF1085#000000031E01001E
(946688589.529980) can0 400#3C3E2A712A750000
(946688589.529980) can0 401#007F000000000000
(946688589.539980) can0 18FF01EA#2400990624009906
(946688589.539980) can0 18FF02EA#24009D0624009D06
(946688589.549980) can0 18FF01EA#2200B5062200B506
(946688589.549980) can0 18FF02EA#2200A5062200A506
(946688589.549980) can0 18FF1085#000000031E01001E
(946688589.549980) can0 400#3E3F2B6F2B710000
(946688589.549980) can0 401#017F000000000000
(946688589.559980) can0 18FF01EA#2300990623009906
(946688589.559980) can0 18FF02EA#2500920625009206
(946688589.569980) can0 18FF01EA#2300A9062300A906
(946688589.569980) can0 18FF02EA#2300AF062300AF06
(946688589.569980) can0 18FF1085#000000031E01001E
(946688589.569980) can0 400#3C3E2B6D2B710000
(946688589.569980) can0 401#007F000000000000
(946688589.579980) can0 18FF01EA#2500A4062500A406
(946688589.579980) can0 18FF02EA#2400A5062400A506
(946688589.589980) can0 18FF01EA#2300A5062300A506
(946688589.589980) can0 18FF02EA#2200A6062200A606
(946688589.589980) can0 18FF1085#000000031E01001E
(946688589.589980) can0 400#3E3C2C752A740000
(946688589.589980) can0 401#007E000000000000
(946688589.589980) can0 19B30007#00005E20AB9A0000
(946688589.589980) can0 19B30100#D6D6D6D6D6D6D6D6
(946688589.599980) can0 18FF01EA#2200AF062200AF06
(946688589.599980) can0 18FF02EA#2500A6062500A606
(946688589.609980) can0 18FF01EA#2300980623009806
(946688589.609980) can0 18FF02EA#22009E0622009E06
(946688589.609980) can0 18FF1085#000000031E01001E
(946688589.609980) can0 400#3C3F2C762C700000
(946688589.609980) can0 401#0080000000000000
(946688589.619980) can0 18FF01EA#2300930623009306
(946688589.619980) can0 18FF02EA#2500A7062500A706
(946688589.629980) can0 18FF01EA#2200A2062200A206
(946688589.629980) can0 18FF02EA#2200B5062200B506
(946688589.629980) can0 18FF1085#000000031E01001E
(946688589.629980) can0 400#3E3C2B712A730000
(946688589.629980) can0 401#0080000000000000
(946688589.639980) can0 18FF01EA#24008E0624008E06
(946688589.639980) can0 18FF02EA#2500980625009806
(946688589.649980) can0 18FF01EA#2500AA062500AA06
(946688589.649980) can0 18FF02EA#25009B0625009B06
(946688589.649980) can0 18FF1085#000000031E01001E
(946688589.649980) can0 400#3D3F2B702B740000
(946688589.649980) can0 401#007F000000000000
(946688589.659980) can0 18FF01EA#2500A9062500A906
(946688589.659980) can0 18FF02EA#2200A7062200A706
(946688589.669980) can0 18FF01EA#2500A6062500A606
(946688589.669980) can0 18FF02EA#2300B1062300B106
(946688589.669980) can0 18FF1085#000000031E01001E
(946688589.669980) can0 400#3C3C2B712C760000
(946688589.669980) can0 401#007F000000000000
(946688589.679980) can0 18FF01EA#2400A8062400A806
(946688589.679980) can0 18FF02EA#23009C0623009C06
(946688589.689980) can0 18FF01EA#2300A0062300A006
(946688589.689980) can0 18FF02EA#2300940623009406
(946688589.689980) can0 18FF1085#000000031E01001E
(946688589.689980) can0 400#3C3F2B6F2B720000
(946688589.689980) can0 401#007E000000000000
(946688589.689980) can0 19B30007#00005E20AB9A0000
(946688589.689980) can0 19B30100#D6D6D6D6D6D6D6D6
(946688589.699980) can0 18FF01EA#2200B4062200B406
(946688589.699980) can0 18FF02EA#2500910625009106
(946688589.709980) can0 18FF01EA#25009D0625009D06
(946688589.709980) can0 18FF02EA#2400900624009006
(946688589.709980) can0 18FF1085#000000031E01001E
(946688589.709980) can0 400#3F3E2B732A700000
(946688589.709980) can0 401#007F000000000000
(946688589.719980) can0 18FF01EA#2200940622009406
(946688589.719980) can0 18FF02EA#2400990624009906
(946688589.729980) can0 18FF01EA#2400B2062400B206
(946688589.729980) can0 18FF02EA#2400960624009606
(946688589.729980) can0 18FF1085#000000031E01001E
(946688589.729980) can0 400#3C3C2B702B700000
(946688589.729980) can0 401#0080000000000000
(946688589.739980) can0 18FF01EA#2400900624009006
(946688589.739980) can0 18FF02EA#2200A6062200A606
(946688589.749980) can0 18FF01EA#23009C0623009C06
(946688589.749980) can0 18FF02EA#2400AA062400AA06
(946688589.749980) can0 18FF1085#000000031E01001E
(946688589.749980) can0 400#3E3C2A6E2B6F0000
(946688589.749980) can0 401#017F000000000000
(946688589.759980) can0 18FF01EA#2300AB062300AB06
(946688589.759980) can0 18FF02EA#2500920625009206
(946688589.769980) can0 18FF01EA#2200A8062200A806
(946688589.769980) can0 18FF02EA#25008F0625008F06
(946688589.769980) can0 18FF1085#000000031E01001E
(946688589.769980) can0 400#3C3F2B762A700000
(946688589.769980) can0 401#007E000000000000
(946688589.779980) can0 18FF01EA#2500AB062500AB06
(946688589.779980) can0 18FF02EA#25009F0625009F06
(946688589.789980) can0 18FF01EA#2300B1062300B106
(946688589.789980) can0 18FF02EA#2200A6062200A606
(946688589.789980) can0 18FF1085#000000031E01001E
(946688589.789980) can0 400#3F3D2B752A6C0000
(946688589.789980) can0 401#017F000000000000
(946688589.789980) can0 19B30007#00005E20AB9A0000
(946688589.789980) can0 19B30100#D6D6D6D6D6D6D6D6
(946688589.799980) can0 18FF01EA#2200B3062200B306
(946688589.799980) can0 18FF02EA#2400B4062400B406
(946688589.809980) can0 18FF01EA#2400A1062400A106
(946688589.809980) can0 18FF02EA#2400A2062400A206
(946688589.809980) can0 18FF1085#000000031E01001E
(946688589.809980) can0 400#3E3F2B6D2A6D0000
(946688589.809980) can0 401#007E000000000000
(946688589.819980) can0 18FF01EA#23009D0623009D06
(946688589.819980) can0 18FF02EA#25009E0625009E06
(946688589.829980) can0 18FF01EA#2500AE062500AE06
(946688589.829980) can0 18FF02EA#2400A7062400A706
(946688589.829980) can0 18FF1085#000000031E01001E
(946688589.829980) can0 400#3D3E2B712B760000
(946688589.829980) can0 401#007F000000000000
(946688589.839980) can0 18FF01EA#25008E0625008E06
(946688589.839980) can0 18FF02EA#23008E0623008E06
(946688589.849980) can0 18FF01EA#2200A9062200A906
(946688589.849980) can0 18FF02EA#2200A3062200A306
(946688589.849980) can0 18FF1085#000000031E01001E
(946688589.849980) can0 400#3B3C2A6F2B740000
(946688589.849980) can0 401#0080000000000000
(946688589.859980) can0 18FF01EA#2400A2062400A206
(946688589.859980) can0 18FF02EA#2300B4062300B406
(946688589.869980) can0 18FF01EA#24009C0624009C06
(946688589.869980) can0 18FF02EA#2400AE062400AE06
(946688589.869980) can0 18FF1085#000000031E01001E
(946688589.869980) can0 400#3F3E2C722B760000
(946688589.869980) can0 401#007F000000000000
(946688589.879980) can0 18FF01EA#2300AA062300AA06
(946688589.879980) can0 18FF02EA#2500920625009206
(946688589.889980) can0 18FF01EA#2500900625009006
(946688589.889980) can0 18FF02EA#2200A4062200A406
(946688589.889980) can0 18FF1085#000000031E01001E
(946688589.889980) can0 400#3D3D2A6D2B700000
(946688589.889980) can0 401#0080000000000000
(946688589.889980) can0 19B30007#00005E20AB9A0000
(946688589.889980) can0 19B30100#D6D6D6D6D6D6D6D6
(946688589.899980) can0 18FF01EA#2500920625009206
(946688589.899980) can0 18FF02EA#2500A5062500A506
(946688589.909980) can0 18FF01EA#2200AF062200AF06
(946688589.909980) can0 18FF02EA#2200A4062200A406
(946688589.909980) can0 18FF1085#000000031E01001E
(946688589.909980) can0 400#3D3D2C762B730000
(946688589.909980) can0 401#007E000000000000
(946688589.919980) can0 18FF01EA#2400920624009206
(946688589.919980) can0 18FF02EA#25008F0625008F06
(946688589.929980) can0 18FF01EA#2200B0062200B006
(946688589.929980) can0 18FF02EA#2400910624009106
(946688589.929980) can0 18FF1085#000000031E01001E
(946688589.929980) can0 400#3E3D2B702B6D0000
(946688589.929980) can0 401#007E000000000000
(946688589.939980) can0 18FF01EA#2300A6062300A606
(946688589.939980) can0 18FF02EA#2500B5062500B506
(946688589.949980) can0 18FF01EA#2200A2062200A206
(946688589.949980) can0 18FF02EA#25009E0625009E06
(946688589.949980) can0 18FF1085#000000031E01001E
(946688589.949980) can0 400#3F3B2A762A6F0000
(946688589.949980) can0 401#017F000000000000
(946688589.959980) can0 18FF01EA#2500940625009406
(946688589.959980) can0 18FF02EA#2200AA062200AA06
(946688589.969980) can0 18FF01EA#2500910625009106
(946688589.969980) can0 18FF02EA#22009B0622009B06
(946688589.969980) can0 18FF1085#000000031E01001E
(946688589.969980) can0 400#3E3C2B6F2C700000
(946688589.969980) can0 401#017E000000000000
(946688589.979980) can0 18FF01EA#24009C0624009C06
(946688589.979980) can0 18FF02EA#2500AC062500AC06
(946688589.989980) can0 18FF01EA#2300A0062300A006
(946688589.989980) can0 18FF02EA#2200A3062200A306
(946688589.989980) can0 18FF1085#000000031E01001E
(946688589.989980) can0 400#3D3C2B6F2A720000
(946688589.989980) can0 401#007F000000000000
(946688589.989980) can0 19B30007#00005E20AB9A0000
(946688589.989980) can0 19B30100#D6D6D6D6D6D6D6D6
(946688589.999980) can0 18FF01EA#25008E0625008E06
(946688589.999980) can0 18FF02EA#24009A0624009A06
(946688590.009980) can0 18FF01EA#2200AF062200AF06
(946688590.009980) can0 18FF02EA#2500950625009506
(946688590.009980) can0 18FF1085#000000031E01001E
(946688590.009980) can0 400#3F3E2B752B6D0000
(946688590.009980) can0 401#007E000000000000
(946688590.019980) can0 18FF01EA#22009C0622009C06
(946688590.019980) can0 18FF02EA#2300980623009806
(946688590.029980) can0 18FF01EA#2200AE062200AE06
(946688590.029980) can0 18FF02EA#2400A0062400A006
(946688590.029980) can0 18FF1085#000000031E01001E
(946688590.029980) can0 400#3E3D2B722B730000
(946688590.029980) can0 401#007F000000000000
(946688590.039980) can0 18FF01EA#22009E0622009E06
(946688590.039980) can0 18FF02EA#25009E0625009E06
(946688590.049980) can0 18FF01EA#2200950622009506
(946688590.049980) can0 18FF02EA#2300A7062300A706
(946688590.049980) can0 18FF1085#000000031E01001E
(946688590.049980) can0 400#3C3D2C6C2B6D0000
(946688590.049980) can0 401#017F000000000000
(946688590.059980) can0 18FF01EA#2300A0062300A006
(946688590.059980) can0 18FF02EA#2400A4062400A406
(946688590.069980) can0 18FF01EA#25009D0625009D06
(946688590.069980) can0 18FF02EA#2300900623009006
(946688590.069980) can0 18FF1085#000000031E01001E
(946688590.069980) can0 400#3D3D2A752A6F0000
(946688590.069980) can0 401#007E000000000000
(946688590.079980) can0 18FF01EA#2300920623009206
(946688590.079980) can0 18FF02EA#2500A2062500A206
(946688590.089980) can0 18FF01EA#23009C0623009C06
(946688590.089980) can0 18FF02EA#2500A4062500A406
(946688590.089980) can0 18FF1085#000000031E01001E
(946688590.089980) can0 400#3F3F2A712B740000
(946688590.089980) can0 401#017F000000000000
(946688590.089980) can0 19B30007#00005E20AB9A0000
(946688590.089980) can0 19B30100#D6D6D6D6D6D6D6D6
(946688590.099980) can0 18FF01EA#2500A9062500A906
(946688590.099980) can0 18FF02EA#2300A9062300A906
(946688590.109980) can0 18FF01EA#2500980625009806
(946688590.109980) can0 18FF02EA#2500940625009406
(946688590.109980) can0 18FF1085#000000031E01001E
(946688590.109980) can0 400#3E3D2B6E2A6F0000
(946688590.109980) can0 401#007E000000000000
(946688590.119980) can0 18FF01EA#2200950622009506
(946688590.119980) can0 18FF02EA#2400AD062400AD06
(946688590.129980) can0 18FF01EA#2200B4062200B406
(946688590.129980) can0 18FF02EA#23008E0623008E06
(946688590.129980) can0 18FF1085#000000031E01001E
(946688590.129980) can0 400#3B3E2A752B720000
(946688590.129980) can0 401#017F000000000000
(946688590.139980) can0 18FF01EA#2500990625009906
(946688590.139980) can0 18FF02EA#2500AD062500AD06
(946688590.149980) can0 18FF01EA#22009A0622009A06
(946688590.149980) can0 18FF02EA#2400A1062400A106
(946688590.149980) can0 18FF1085#000000031E01001E
(946688590.149980) can0 400#3C3D2A732C710000
(946688590.149980) can0 401#017F000000000000
(946688590.159980) can0 18FF01EA#2300A2062300A206
(946688590.159980) can0 18FF02EA#24009E0624009E06
(946688590.169980) can0 18FF01EA#2300A5062300A506
(946688590.169980) can0 18FF02EA#2500AC062500AC06
(946688590.169980) can0 18FF1085#000000031E01001E
(946688590.169980) can0 400#3E3D2A742B740000
(946688590.169980) can0 401#017F000000000000
(946688590.179980) can0 18FF01EA#2200920622009206
(946688590.179980) can0 18FF02EA#2400950624009506
(946688590.189980) can0 18FF01EA#2200AB062200AB06
(946688590.189980) can0 18FF02EA#2200910622009106
(946688590.189980) can0 18FF1085#000000031E01001E
(946688590.189980) can0 400#3F3D2A732B6D0000
(946688590.189980) can0 401#007E000000000000
(946688590.189980) can0 19B30007#00005E20AB9A0000
(946688590.189980) can0 19B30100#D6D6D6D6D6D6D6D6
(946688590.199980) can0 18FF01EA#2400AC062400AC06
(946688590.199980) can0 18FF02EA#22008E0622008E06
(946688590.209980) can0 18FF01EA#2200920622009206
(946688590.209980) can0 18FF02EA#2400B5062400B506
(946688590.209980) can0 18FF1085#000000031E01001E
(946688590.209980) can0 400#3D3D2A712B6F0000
(946688590.209980) can0 401#007E000000000000
(946688590.219980) can0 18FF01EA#22009A0622009A06
(946688590.219980) can0 18FF02EA#2500A4062500A406
(946688590.229980) can0 18FF01EA#22009D0622009D06
(946688590.229980) can0 18FF02EA#2500910625009106
(946688590.229980) can0 18FF1085#000000031E01001E
(946688590.229980) can0 400#3D3C2B6D2B6D0000
(946688590.229980) can0 401#007F000000000000
(946688590.239980) can0 18FF01EA#2500A2062500A206
(946688590.239980) can0 18FF02EA#2300B3062300B306
(946688590.249980) can0 18FF01EA#2300AC062300AC06
(946688590.249980) can0 18FF02EA#2200A8062200A806
(946688590.249980) can0 18FF1085#000000031E01001E
(946688590.249980) can0 400#3E3D2A712B750000
(946688590.249980) can0 401#017E000000000000
(946688590.259980) can0 18FF01EA#2500B3062500B306
(946688590.259980) can0 18FF02EA#23009E0623009E06
(946688590.269980) can0 18FF01EA#2400A4062400A406
(946688590.269980) can0 18FF02EA#2200980622009806
(946688590.269980) can0 18FF1085#000000031E01001E
(946688590.269980) can0 400#3D3E2B762B700000
(946688590.269980) can0 401#007E000000000000
(946688590.279980) can0 18FF01EA#2300AE062300AE06
(946688590.279980) can0 18FF02EA#2500AC062500AC06
(946688590.289980) can0 18FF01EA#2500B1062500B106
(946688590.289980) can0 18FF02EA#2200B5062200B506
(946688590.289980) can0 18FF1085#000000031E01001E
(946688590.289980) can0 400#3F3F2B742A730000
(946688590.289980) can0 401#007E000000000000
(946688590.289980) can0 19B30007#00005E20AB9A0000
(946688590.289980) can0 19B30100#D6D6D6D6D6D6D6D6
(946688590.299980) can0 18FF01EA#2400B3062400B306
(946688590.299980) can0 18FF02EA#2200950622009506
(946688590.309980) can0 18FF01EA#22008E0622008E06
(946688590.309980) can0 18FF02EA#2300B5062300B506
(946688590.309980) can0 18FF1085#000000031E01001E
(946688590.309980) can0 400#3C3C2B6D2A6E0000
(946688590.309980) can0 401#017F000000000000
(946688590.319980) can0 18FF01EA#2400970624009706
(946688590.319980) can0 18FF02EA#2300A2062300A206
(946688590.329980) can0 18FF01EA#2300940623009406
(946688590.329980) can0 18FF02EA#2300980623009806
(946688590.329980) can0 18FF1085#000000031E01001E
(946688590.329980) can0 400#3D3B2A752B6E0000
(946688590.329980) can0 401#017E000000000000
(946688590.339980) can0 18FF01EA#2400930624009306
(946688590.339980) can0 18FF02EA#2300910623009106
(946688590.349980) can0 18FF01EA#22009A0622009A06
(946688590.349980) can0 18FF02EA#22009B0622009B06
(946688590.349980) can0 18FF1085#000000031E01001E
(946688590.349980) can0 400#3F3C2A6E2C6E0000
(946688590.349980) can0 401#007F000000000000
(946688590.359980) can0 18FF01EA#2200970622009706
(946688590.359980) can0 18FF02EA#2400970624009706
(946688590.369980) can0 18FF01EA#2500B2062500B206
(946688590.369980) can0 18FF02EA#2400910624009106
(946688590.369980) can0 18FF1085#000000031E01001E
(946688590.369980) can0 400#3E3F2A6D2B740000
(946688590.369980) can0 401#007F000000000000
(946688590.379980) can0 18FF01EA#2200A7062200A706
(946688590.379980) can0 18FF02EA#22009F0622009F06
(946688590.389980) can0 18FF01EA#2500900625009006
(946688590.389980) can0 18FF02EA#2300940623009406
(946688590.389980) can0 18FF1085#000000031E01001E
(946688590.389980) can0 400#3D3E2B6E2A6E0000
(946688590.389980) can0 401#007F000000000000
(946688590.389980) can0 19B30007#00005E20AB9A0000
(946688590.389980) can0 19B30100#D6D6D6D6D6D6D6D6
(946688590.399980) can0 18FF01EA#2300AD062300AD06
(946688590.399980) can0 18FF02EA#25008E0625008E06
(946688590.409980) can0 18FF01EA#23009F0623009F06
(946688590.409980) can0 18FF02EA#2400910624009106
(946688590.409980) can0 18FF1085#000000031E01001E
(946688590.409980) can0 400#3D3D2C742A760000
(946688590.409980) can0 401#007E000000000000
(946688590.419980) can0 18FF01EA#2300A6062300A606
(946688590.419980) can0 18FF02EA#2200A3062200A306
(946688590.429980) can0 18FF01EA#22009A0622009A06
(946688590.429980) can0 18FF02EA#25009C0625009C06
(946688590.429980) can0 18FF1085#000000031E01001E
(946688590.429980) can0 400#3C3D2A722B720000
(946688590.429980) can0 401#007E000000000000
(946688590.439980) can0 18FF01EA#24009A0624009A06
(946688590.439980) can0 18FF02EA#2500A1062500A106
(946688590.449980) can0 18FF01EA#2200AC062200AC06
(946688590.449980) can0 18FF02EA#2400A2062400A206
(946688590.449980) can0 18FF1085#000000031E01001E
(946688590.449980) can0 400#3C3B2C722B730000
(946688590.449980) can0 401#007E000000000000
(946688590.459980) can0 18FF01EA#22009C0622009C06
(946688590.459980) can0 18FF02EA#2400AD062400AD06
(946688590.469980) can0 18FF01EA#2500A2062500A206
(946688590.469980) can0 18FF02EA#2300AB062300AB06
(946688590.469980) can0 18FF1085#000000031E01001E
(946688590.469980) can0 400#3F3E2A752B710000
(946688590.469980) can0 401#017E000000000000
(946688590.479980) can0 18FF01EA#2200990622009906
(946688590.479980) can0 18FF02EA#2200A0062200A006
(946688590.489980) can0 18FF01EA#2300940623009406
(946688590.489980) can0 18FF02EA#2200A4062200A406
(946688590.489980) can0 18FF1085#000000031E01001E
(946688590.489980) can0 400#3D3F2A6C2B760000
(946688590.489980) can0 401#007F000000000000
(946688590.489980) can0 19B30007#00005E20AB9A0000
(946688590.489980) can0 19B30100#D6D6D6D6D6D6D6D6
(946688590.499979) can0 18FF01EA#2200920622009206
(946688590.499979) can0 18FF02EA#2500AA062500AA06
(946688590.509979) can0 18FF01EA#2500920625009206
(946688590.509979) can0 18FF02EA#2400AA062400AA06
(946688590.509979) can0 18FF1085#000000031E01001E
(946688590.509979) can0 400#3D3D2B702C6C0000
(946688590.509979) can0 401#007E000000000000
(946688590.519979) can0 18FF01EA#2200B3062200B306
(946688590.519979) can0 18FF02EA#2200A1062200A106
(946688590.529979) can0 18FF01EA#2400B2062400B206
(946688590.529979) can0 18FF02EA#2500AC062500AC06
(946688590.529979) can0 18FF1085#000000031E01001E
(946688590.529979) can0 400#3C3E2A732B720000
(946688590.529979) can0 401#007E000000000000
(946688590.539979) can0 18FF01EA#2400AF062400AF06
(946688590.539979) can0 18FF02EA#2200A8062200A806
(946688590.549979) can0 18FF01EA#2400910624009106
(946688590.549979) can0 18FF02EA#2400930624009306
(946688590.549979) can0 18FF1085#000000031E01001E
(946688590.549979) can0 400#3F3C2A732A6E0000
(946688590.549979) can0 401#017E000000000000
(946688590.559979) can0 18FF01EA#2300A2062300A206
(946688590.559979) can0 18FF02EA#2400AC062400AC06
(946688590.569979) can0 18FF01EA#2300A6062300A606
(946688590.569979) can0 18FF02EA#2500AA062500AA06
(946688590.569979) can0 18FF1085#000000031E01001E
(946688590.569979) can0 400#3F3E2C732B6E0000
(946688590.569979) can0 401#007F000000000000
(946688590.579979) can0 18FF01EA#2500AF062500AF06
(946688590.579979) can0 18FF02EA#22008F0622008F06
(946688590.589979) can0 18FF01EA#2500A8062500A806
(946688590.589979) can0 18FF02EA#25009E0625009E06
(946688590.589979) can0 18FF1085#000000031E01001E
(946688590.589979) can0 400#3D3C2A6F2A730000
(946688590.589979) can0 401#007F000000000000
(946688590.589979) can0 19B30007#00005E20AB9A0000
(946688590.589979) can0 19B30100#D6D6D6D6D6D6D6D6
(946688590.599979) can0 18FF01EA#2300AF062300AF06
(946688590.599979) can0 18FF02EA#2200A4062200A406
(946688590.609979) can0 18FF01EA#24009A0624009A06
(946688590.609979) can0 18FF02EA#25009F0625009F06
(946688590.609979) can0 18FF1085#000000031E01001E
(946688590.609979) can0 400#3D3D2B702A6E0000
(946688590.609979) can0 401#017F000000000000
(946688590.619979) can0 18FF01EA#2500940625009406
(946688590.619979) can0 18FF02EA#2300970623009706
(946688590.629979) can0 18FF01EA#2500B3062500B306
(946688590.629979) can0 18FF02EA#2400B4062400B406
(946688590.629979) can0 18FF1085#000000031E01001E
(946688590.629979) can0 400#3D3D2B742B700000
(946688590.629979) can0 401#007E000000000000
(946688590.639979) can0 18FF01EA#2500B5062500B506
(946688590.639979) can0 18FF02EA#2400990624009906
(946688590.649979) can0 18FF01EA#2300940623009406
(946688590.649979) can0 18FF02EA#24008E0624008E06
(946688590.649979) can0 18FF1085#000000031E01001E
(946688590.649979) can0 400#3D3E2C6E2B730000
(946688590.649979) can0 401#017E000000000000
(946688590.659979) can0 18FF01EA#2300930623009306
(946688590.659979) can0 18FF02EA#2200A5062200A506
(946688590.669979) can0 18FF01EA#2300920623009206
(946688590.669979) can0 18FF02EA#24009C0624009C06
(946688590.669979) can0 18FF1085#000000031E01001E
(946688590.669979) can0 400#3B3D2A6E2B720000
(946688590.669979) can0 401#007E000000000000
(946688590.679979) can0 18FF01EA#2500A3062500A306
(946688590.679979) can0 18FF02EA#22009F0622009F06
(946688590.689979) can0 18FF01EA#2400A9062400A906
(946688590.689979) can0 18FF02EA#2500900625009006
(946688590.689979) can0 18FF1085#000000031E01001E
(946688590.689979) can0 400#3C3F2A762B730000
(946688590.689979) can0 401#007E000000000000
(946688590.689979) can0 19B30007#00005E20AB9A0000
(946688590.689979) can0 19B30100#D6D6D6D6D6D6D6D6
(946688590.699979) can0 18FF01EA#2500A5062500A506
(946688590.699979) can0 18FF02EA#2200A9062200A906
(946688590.709979) can0 18FF01EA#2300A6062300A606
(946688590.709979) can0 18FF02EA#2500B0062500B006
(946688590.709979) can0 18FF1085#000000031E01001E
(946688590.709979) can0 400#3C3E2A712A710000
(946688590.709979) can0 401#007F000000000000
(946688590.719979) can0 18FF01EA#2500980625009806
(946688590.719979) can0 18FF02EA#2500A8062500A806
(946688590.729979) can0 18FF01EA#2300AD062300AD06
(946688590.729979) can0 18FF02EA#2400A4062400A406
(946688590.729979) can0 18FF1085#000000031E01001E
(946688590.729979) can0 400#3E3C2A6F2B750000
(946688590.729979) can0 401#017F000000000000
(946688590.739979) can0 18FF01EA#25009C0625009C06
(946688590.739979) can0 18FF02EA#2400A7062400A706
(946688590.749979) can0 18FF01EA#2500B0062500B006
(946688590.749979) can0 18FF02EA#2300960623009606
(946688590.749979) can0 18FF1085#000000031E01001E
(946688590.749979) can0 400#3D3F2A762A740000
(946688590.749979) can0 401#007E000000000000
(946688590.759979) can0 18FF01EA#24009A0624009A06
(946688590.759979) can0 18FF02EA#2200A6062200A606
(946688590.769979) can0 18FF01EA#2400B2062400B206
(946688590.769979) can0 18FF02EA#2500B1062500B106
(946688590.769979) can0 18FF1085#000000031E01001E
(946688590.769979) can0 400#3D3C2A6E2C700000
(946688590.769979) can0 401#007F000000000000
(946688590.779979) can0 18FF01EA#2500A9062500A906
(946688590.779979) can0 18FF02EA#2400A1062400A106
(946688590.789979) can0 18FF01EA#25009A0625009A06
(946688590.789979) can0 18FF02EA#2400AA062400AA06
(946688590.789979) can0 18FF1085#000000031E01001E
(946688590.789979) can0 400#3C3F2A712B6C0000
(946688590.789979) can0 401#007E000000000000
(946688590.789979) can0 19B30007#00005E20AB9A0000
(946688590.789979) can0 19B30100#D6D6D6D6D6D6D6D6
(946688590.799979) can0 18FF01EA#2500B4062500B406
(946688590.799979) can0 18FF02EA#22009F0622009F06
(946688590.809979) can0 18FF01EA#2500950625009506
(946688590.809979) can0 18FF02EA#2500B5062500B506
(946688590.809979) can0 18FF1085#000000031E01001E
(946688590.809979) can0 400#3F3C2A762B750000
(946688590.809979) can0 401#007F000000000000
(946688590.819979) can0 18FF01EA#2500B2062500B206
(946688590.819979) can0 18FF02EA#2300B4062300B406
(946688590.829979) can0 18FF01EA#2500B4062500B406
(946688590.829979) can0 18FF02EA#2200990622009906
(946688590.829979) can0 18FF1085#000000031E01001E
(946688590.829979) can0 400#3E3E2B732C720000
(946688590.829979) can0 401#017E000000000000
(946688590.839979) can0 18FF01EA#2300B5062300B506
(946688590.839979) can0 18FF02EA#2400B1062400B106
(946688590.849979) can0 18FF01EA#2400AE062400AE06
(946688590.849979) can0 18FF02EA#2200A1062200A106
(946688590.849979) can0 18FF1085#000000031E01001E
(946688590.849979) can0 400#3F3D2A6E2B6D0000
(946688590.849979) can0 401#007F000000000000
(946688590.859979) can0 18FF01EA#2500B2062500B206
(946688590.859979) can0 18FF02EA#2300A2062300A206
(946688590.869979) can0 18FF01EA#2200A2062200A206
(946688590.869979) can0 18FF02EA#2500AE062500AE06
(946688590.869979) can0 18FF1085#000000031E01001E
(946688590.869979) can0 400#3F3D2B6E2A720000
(946688590.869979) can0 401#0080000000000000
(946688590.879979) can0 18FF01EA#24009A0624009A06
(946688590.879979) can0 18FF02EA#2200960622009606
(946688590.889979) can0 18FF01EA#2300A7062300A706
(946688590.889979) can0 18FF02EA#24009D0624009D06
(946688590.889979) can0 18FF1085#000000031E01001E
(946688590.889979) can0 400#3E3C2A6F2B6F0000
(946688590.889979) can0 401#007F000000000000
(946688590.889979) can0 19B30007#00005E20AB9A0000
(946688590.889979) can0 19B30100#D6D6D6D6D6D6D6D6
(946688590.899979) can0 18FF01EA#2500A7062500A706
(946688590.899979) can0 18FF02EA#2200A6062200A606
(946688590.909979) can0 18FF01EA#23009D0623009D06
(946688590.909979) can0 18FF02EA#2300980623009806
(946688590.909979) can0 18FF1085#000000031E01001E
(946688590.909979) can0 400#3C3D2B6D2A700000
(946688590.909979) can0 401#007E000000000000
(946688590.919979) can0 18FF01EA#22009C0622009C06
(946688590.919979) can0 18FF02EA#2200A2062200A206
(946688590.929979) can0 18FF01EA#2300990623009906
(946688590.929979) can0 18FF02EA#22009B0622009B06
(946688590.929979) can0 18FF1085#000000031E01001E
(946688590.929979) can0 400#3F3C2B702C760000
(946688590.929979) can0 401#007F000000000000
(946688590.939979) can0 18FF01EA#2200B0062200B006
(946688590.939979) can0 18FF02EA#22009C0622009C06
(946688590.949979) can0 18FF01EA#2200B1062200B106
(946688590.949979) can0 18FF02EA#2400AF062400AF06
(946688590.949979) can0 18FF1085#000000031E01001E
(946688590.949979) can0 400#3E3D2A722A760000
(946688590.949979) can0 401#007E000000000000
(946688590.959979) can0 18FF01EA#2300AB062300AB06
(946688590.959979) can0 18FF02EA#2400910624009106
(946688590.969979) can0 18FF01EA#2400AC062400AC06
(946688590.969979) can0 18FF02EA#2200A1062200A106
(946688590.969979) can0 18FF1085#000000031E01001E
(946688590.969979) can0 400#3F3F2B6F2B6F0000
(946688590.969979) can0 401#007E000000000000
(946688590.979979) can0 18FF01EA#2400A3062400A306
(946688590.979979) can0 18FF02EA#2300A9062300A906
(946688590.989979) can0 18FF01EA#2200AD062200AD06
(946688590.989979) can0 18FF02EA#2400960624009606
(946688590.989979) can0 18FF1085#000000031E01001E
(946688590.989979) can0 400#3D3D2A712C710000
(946688590.989979) can0 401#007E000000000000
(946688590.989979) can0 19B30007#00005E20AB9A0000
(946688590.989979) can0 19B30100#D6D6D6D6D6D6D6D6
(946688590.999979) can0 18FF01EA#2200A6062200A606
(946688590.999979) can0 18FF02EA#2300A9062300A906
(946688591.009979) can0 18FF01EA#23009A0623009A06
(946688591.009979) can0 18FF02EA#2400AB062400AB06
(946688591.009979) can0 18FF1085#000000031E01001E
(946688591.009979) can0 400#3C3C2B6C2B730000
(946688591.009979) can0 401#007F000000000000
(946688591.019979) can0 18FF01EA#2500960625009606
(946688591.019979) can0 18FF02EA#2200940622009406
(946688591.029979) can0 18FF01EA#2400B5062400B506
(946688591.029979) can0 18FF02EA#2400A4062400A406
(946688591.029979) can0 18FF1085#000000031E01001E
(946688591.029979) can0 400#3E3E2B752A720000
(946688591.029979) can0 401#007F000000000000
(946688591.039979) can0 18FF01EA#2400910624009106
(946688591.039979) can0 18FF02EA#2500970625009706
(946688591.049979) can0 18FF01EA#2200A7062200A706
(946688591.049979) can0 18FF02EA#24008F0624008F06
(946688591.049979) can0 18FF1085#000000031E01001E
(946688591.049979) can0 400#3C3F2A6F2B750000
(946688591.049979) can0 401#007E000000000000
(946688591.059979) can0 18FF01EA#24009C0624009C06
(946688591.059979) can0 18FF02EA#2300AC062300AC06
(946688591.069979) can0 18FF01EA#2300B5062300B506
(946688591.069979) can0 18FF02EA#2300960623009606
(946688591.069979) can0 18FF1085#000000031E01001E
(946688591.069979) can0 400#3D3B2B6E2A750000
(946688591.069979) can0 401#007E000000000000
(946688591.079979) can0 18FF01EA#2300970623009706
(946688591.079979) can0 18FF02EA#25008E0625008E06
(946688591.089979) can0 18FF01EA#22008E0622008E06
(946688591.089979) can0 18FF02EA#2300B4062300B406
(946688591.089979) can0 18FF1085#000000031E01001E
(946688591.089979) can0 400#3E3C2A712C700000
(946688591.089979) can0 401#007E000000000000
(946688591.089979) can0 19B30007#00005E20AB9A0000
(946688591.089979) can0 19B30100#D6D6D6D6D6D6D6D6
(946688591.099979) can0 18FF01EA#2300A6062300A606
(946688591.099979) can0 18FF02EA#2500AD062500AD06
(946688591.109979) can0 18FF01EA#2400AC062400AC06
(946688591.109979) can0 18FF02EA#2200A0062200A006
(946688591.109979) can0 18FF1085#000000031E01001E
(946688591.109979) can0 400#3D3F2B712A700000
(946688591.109979) can0 401#007F000000000000
(946688591.119979) can0 18FF01EA#24009E0624009E06
(946688591.119979) can0 18FF02EA#2400A7062400A706
(946688591.129979) can0 18FF01EA#2500AD062500AD06
(946688591.129979) can0 18FF02EA#2300AD062300AD06
(946688591.129979) can0 18FF1085#000000031E01001E
(946688591.129979) can0 400#3E3C2A6D2B6D0000
(946688591.129979) can0 401#017E000000000000
(946688591.139979) can0 18FF01EA#2300920623009206
(946688591.139979) can0 18FF02EA#2300B2062300B206
(946688591.149979) can0 18FF01EA#2300B0062300B006
(946688591.149979) can0 18FF02EA#2400940624009406
(946688591.149979) can0 18FF1085#000000031E01001E
(946688591.149979) can0 400#3C3F2A712A710000
(946688591.149979) can0 401#007E000000000000
(946688591.159979) can0 18FF01EA#2500B5062500B506
(946688591.159979) can0 18FF02EA#24009F0624009F06
(946688591.169979) can0 18FF01EA#2200A9062200A906
(946688591.169979) can0 18FF02EA#2200990622009906
(946688591.169979) can0 18FF1085#000000031E01001E
(946688591.169979) can0 400#3C3F2A722A6C0000
(946688591.169979) can0 401#007E000000000000
(946688591.179979) can0 18FF01EA#2200B3062200B306
(946688591.179979) can0 18FF02EA#2200930622009306
(946688591.189979) can0 18FF01EA#2500AD062500AD06
(946688591.189979) can0 18FF02EA#22009F0622009F06
(946688591.189979) can0 18FF1085#000000031E01001E
(946688591.189979) can0 400#3C3C2B742C730000
(946688591.189979) can0 401#007E000000000000
(946688591.189979) can0 19B30007#00005E20AB9A0000
(946688591.189979) can0 19B30100#D6D6D6D6D6D6D6D6
(946688591.199979) can0 18FF01EA#2200A5062200A506
(946688591.199979) can0 18FF02EA#2300B2062300B206
(946688591.209979) can0 18FF01EA#2400B1062400B106
(946688591.209979) can0 18FF02EA#2300A2062300A206
(946688591.209979) can0 18FF1085#000000031E01001E
(946688591.209979) can0 400#3F3C2B6F2C6E0000
(946688591.209979) can0 401#007E000000000000
(946688591.219979) can0 18FF01EA#2400A8062400A806
(946688591.219979) can0 18FF02EA#2400930624009306
(946688591.229979) can0 18FF01EA#2300B5062300B506
(946688591.229979) can0 18FF02EA#2500A6062500A606
(946688591.229979) can0 18FF1085#000000031E01001E
(946688591.229979) can0 400#3D3F2A732C6D0000
(946688591.229979) can0 401#007F000000000000
(946688591.239979) can0 18FF01EA#2400960624009606
(946688591.239979) can0 18FF02EA#2200AC062200AC06
(946688591.249979) can0 18FF01EA#2500940625009406
(946688591.249979) can0 18FF02EA#2200A8062200A806
(946688591.249979) can0 18FF1085#000000031E01001E
(946688591.249979) can0 400#3F3B2B6F2C6E0000
(946688591.249979) can0 401#017E000000000000
(946688591.259979) can0 18FF01EA#2400930624009306
(946688591.259979) can0 18FF02EA#2500AE062500AE06
(946688591.269979) can0 18FF01EA#2500A7062500A706
(946688591.269979) can0 18FF02EA#23008E0623008E06
(946688591.269979) can0 18FF1085#000000031E01001E
(946688591.269979) can0 400#3E3C2A742B700000
(946688591.269979) can0 401#007F000000000000
(946688591.279979) can0 18FF01EA#25009C0625009C06
(946688591.279979) can0 18FF02EA#2200B1062200B106
(946688591.289979) can0 18FF01EA#24009B0624009B06
(946688591.289979) can0 18FF02EA#2400A1062400A106
(946688591.289979) can0 18FF1085#000000031E01001E
(946688591.289979) can0 400#3D3D2C722A700000
(946688591.289979) can0 401#007F000000000000
(946688591.289979) can0 19B30007#00005E20AB9A0000
(946688591.289979) can0 19B30100#D6D6D6D6D6D6D6D6
(946688591.299979) can0 18FF01EA#2400B5062400B506
(946688591.299979) can0 18FF02EA#2300950623009506
(946688591.309979) can0 18FF01EA#25009D0625009D06
(946688591.309979) can0 18FF02EA#24009C0624009C06
(946688591.309979) can0 18FF1085#000000031E01001E
(946688591.309979) can0 400#3C3F2A742C6F0000
(946688591.309979) can0 401#007E000000000000
(946688591.319979) can0 18FF01EA#2300940623009406
(946688591.319979) can0 18FF02EA#2400B5062400B506
(946688591.329979) can0 18FF01EA#2400A7062400A706
(946688591.329979) can0 18FF02EA#25009D0625009D06
(946688591.329979) can0 18FF1085#000000031E01001E
(946688591.329979) can0 400#3D3E2B712B760000
(946688591.329979) can0 401#007E000000000000
(946688591.339979) can0 18FF01EA#2200A9062200A906
(946688591.339979) can0 18FF02EA#2200AF062200AF06
(946688591.349979) can0 18FF01EA#2300AF062300AF06
(946688591.349979) can0 18FF02EA#2500910625009106
(946688591.349979) can0 18FF1085#000000031E01001E
(946688591.349979) can0 400#3C3C2B722A6E0000
(946688591.349979) can0 401#007F000000000000
(946688591.359979) can0 18FF01EA#24009A0624009A06
(946688591.359979) can0 18FF02EA#24009C0624009C06
(946688591.369979) can0 18FF01EA#2500A7062500A706
(946688591.369979) can0 18FF02EA#2500960625009606
(946688591.369979) can0 18FF1085#000000031E01001E
(946688591.369979) can0 400#3E3B2B732A6E0000
(946688591.369979) can0 401#007F000000000000
(946688591.379979) can0 18FF01EA#2400970624009706
(946688591.379979) can0 18FF02EA#2200A3062200A306
(946688591.389979) can0 18FF01EA#2300A6062300A606
(946688591.389979) can0 18FF02EA#2300A8062300A806
(946688591.389979) can0 18FF1085#000000031E01001E
(946688591.389979) can0 400#3D3C2B712B750000
(946688591.389979) can0 401#017F000000000000
(946688591.389979) can0 19B30007#00005E20AB9A0000
(946688591.389979) can0 19B30100#D6D6D6D6D6D6D6D6
(946688591.399979) can0 18FF01EA#2200A0062200A006
(946688591.399979) can0 18FF02EA#2200A1062200A106
(946688591.409979) can0 18FF01EA#2500B5062500B506
(946688591.409979) can0 18FF02EA#2300A5062300A506
(946688591.409979) can0 18FF1085#000000031E01001E
(946688591.409979) can0 400#3C3D2C6E2B760000
(946688591.409979) can0 401#007F000000000000
(946688591.419979) can0 18FF01EA#2500A9062500A906
(946688591.419979) can0 18FF02EA#23009C0623009C06
(946688591.429979) can0 18FF01EA#23009F0623009F06
(946688591.429979) can0 18FF02EA#2400AF062400AF06
(946688591.429979) can0 18FF1085#000000031E01001E
(946688591.429979) can0 400#3D3C2C722B6D0000
(946688591.429979) can0 401#007E000000000000
(946688591.439979) can0 18FF01EA#2500950625009506
(946688591.439979) can0 18FF02EA#2400A8062400A806
(946688591.449979) can0 18FF01EA#2300B3062300B306
(946688591.449979) can0 18FF02EA#2500B0062500B006
(946688591.449979) can0 18FF1085#000000031E01001E
(946688591.449979) can0 400#3E3F2B6D2C740000
(946688591.449979) can0 401#007E000000000000
(946688591.459979) can0 18FF01EA#2400900624009006
(946688591.459979) can0 18FF02EA#25009E0625009E06
(946688591.469979) can0 18FF01EA#2300AE062300AE06
(946688591.469979) can0 18FF02EA#24009B0624009B06
(946688591.469979) can0 18FF1085#000000031E01001E
(946688591.469979) can0 400#3E3B2A732B750000
(946688591.469979) can0 401#017E000000000000
(946688591.479979) can0 18FF01EA#2200B2062200B206
(946688591.479979) can0 18FF02EA#22009D0622009D06
(946688591.489979) can0 18FF01EA#2400AB062400AB06
(946688591.489979) can0 18FF02EA#2400B3062400B306
(946688591.489979) can0 18FF1085#000000031E01001E
(946688591.489979) can0 400#3C3F2B6E2B720000
(946688591.489979) can0 401#007E000000000000
(946688591.489979) can0 19B30007#00005E20AB9A0000
(946688591.489979) can0 19B30100#D6D6D6D6D6D6D6D6
(946688591.499979) can0 18FF01EA#2200AD062200AD06
(946688591.499979) can0 18FF02EA#2200B0062200B006
(946688591.509979) can0 18FF01EA#2200910622009106
(946688591.509979) can0 18FF02EA#2400A9062400A906
(946688591.509979) can0 18FF1085#000000031E01001E
(946688591.509979) can0 400#3D3D2C742B6D0000
(946688591.509979) can0 401#007E000000000000
(946688591.519979) can0 18FF01EA#2300A1062300A106
(946688591.519979) can0 18FF02EA#2200A3062200A306
(946688591.529979) can0 18FF01EA#2400A7062400A706
(946688591.529979) can0 18FF02EA#2400B2062400B206
(946688591.529979) can0 18FF1085#000000031E01001E
(946688591.529979) can0 400#3C3E2B6F2B6D0000
(946688591.529979) can0 401#017F000000000000
(946688591.539979) can0 18FF01EA#2200B4062200B406
(946688591.539979) can0 18FF02EA#2200960622009606
(946688591.549978) can0 18FF01EA#2500AC062500AC06
(946688591.549978) can0 18FF02EA#24009A0624009A06
(946688591.549978) can0 18FF1085#000000031E01001E
(946688591.549978) can0 400#3E3C2A6F2B6D0000
(946688591.549978) can0 401#007E000000000000
(946688591.559978) can0 18FF01EA#2400A3062400A306
(946688591.559978) can0 18FF02EA#2400AC062400AC06
(946688591.569978) can0 18FF01EA#2400A3062400A306
(946688591.569978) can0 18FF02EA#2500990625009906
(946688591.569978) can0 18FF1085#000000031E01001E
(946688591.569978) can0 400#3B3E2C702B6D0000
(946688591.569978) can0 401#007F000000000000
(946688591.579978) can0 18FF01EA#2500B3062500B306
(946688591.579978) can0 18FF02EA#2400AF062400AF06
(946688591.589978) can0 18FF01EA#2400AF062400AF06
(946688591.589978) can0 18FF02EA#24009A0624009A06
(946688591.589978) can0 18FF1085#000000031E01001E
(946688591.589978) can0 400#3C3F2A6C2C700000
(946688591.589978) can0 401#007F000000000000
(946688591.589978) can0 19B30007#00005E20AB9A0000
(946688591.589978) can0 19B30100#D6D6D6D6D6D6D6D6
(946688591.599978) can0 18FF01EA#2200900622009006
(946688591.599978) can0 18FF02EA#2400B4062400B406
(946688591.609978) can0 18FF01EA#2200960622009606
(946688591.609978) can0 18FF02EA#24008E0624008E06
(946688591.609978) can0 18FF1085#000000031E01001E
(946688591.609978) can0 400#3F3C2B722B740000
(946688591.609978) can0 401#017E000000000000
(946688591.619978) can0 18FF01EA#2200910622009106
(946688591.619978) can0 18FF02EA#2300A3062300A306
(946688591.629978) can0 18FF01EA#2500B4062500B406
(946688591.629978) can0 18FF02EA#24009A0624009A06
(946688591.629978) can0 18FF1085#000000031E01001E
(946688591.629978) can0 400#3F3B2B6D2A750000
(946688591.629978) can0 401#017F000000000000
(946688591.639978) can0 18FF01EA#2400970624009706
(946688591.639978) can0 18FF02EA#2500940625009406
(946688591.649978) can0 18FF01EA#2200A5062200A506
(946688591.649978) can0 18FF02EA#22009C0622009C06
(946688591.649978) can0 18FF1085#000000031E01001E
(946688591.649978) can0 400#3F3E2A6D2B700000
(946688591.649978) can0 401#017F000000000000
(946688591.659978) can0 18FF01EA#2400A8062400A806
(946688591.659978) can0 18FF02EA#2300AF062300AF06
(946688591.669978) can0 18FF01EA#2400B5062400B506
(946688591.669978) can0 18FF02EA#22009C0622009C06
(946688591.669978) can0 18FF1085#000000031E01001E
(946688591.669978) can0 400#3F3E2B6F2A750000
(946688591.669978) can0 401#007E000000000000
(946688591.679978) can0 18FF01EA#2500A7062500A706
(946688591.679978) can0 18FF02EA#2500A9062500A906
(946688591.689978) can0 18FF01EA#2500B3062500B306
(946688591.689978) can0 18FF02EA#2400A1062400A106
(946688591.689978) can0 18FF1085#000000031E01001E
(946688591.689978) can0 400#3D3E2C752A6D0000
(946688591.689978) can0 401#007E000000000000
(946688591.689978) can0 19B30007#00005E20AB9A0000
(946688591.689978) can0 19B30100#D6D6D6D6D6D6D6D6
(946688591.699978) can0 18FF01EA#2300930623009306
(946688591.699978) can0 18FF02EA#2400980624009806
(946688591.709978) can0 18FF01EA#2300AF062300AF06
(946688591.709978) can0 18FF02EA#24008F0624008F06
(946688591.709978) can0 18FF1085#000000031E01001E
(946688591.709978) can0 400#3C3D2B712A6E0000
(946688591.709978) can0 401#007E000000000000
(946688591.719978) can0 18FF01EA#22009C0622009C06
(946688591.719978) can0 18FF02EA#2300AE062300AE06
(946688591.729978) can0 18FF01EA#2400AF062400AF06
(946688591.729978) can0 18FF02EA#2300B0062300B006
(946688591.729978) can0 18FF1085#000000031E01001E
(946688591.729978) can0 400#3F3C2C762A750000
(946688591.729978) can0 401#007F000000000000
(946688591.739978) can0 18FF01EA#22008F0622008F06
(946688591.739978) can0 18FF02EA#2200B0062200B006
(946688591.749978) can0 18FF01EA#2300AB062300AB06
(946688591.749978) can0 18FF02EA#2500950625009506
(946688591.749978) can0 18FF1085#000000031E01001E
(946688591.749978) can0 400#3C3D2C742B6E0000
(946688591.749978) can0 401#017E000000000000
(946688591.759978) can0 18FF01EA#2200960622009606
(946688591.759978) can0 18FF02EA#2200980622009806
(946688591.769978) can0 18FF01EA#2200B5062200B506
(946688591.769978) can0 18FF02EA#23009E0623009E06
(946688591.769978) can0 18FF1085#000000031E01001E
(946688591.769978) can0 400#3F3B2B742B700000
(946688591.769978) can0 401#007F000000000000
(946688591.779978) can0 18FF01EA#2500A6062500A606
(946688591.779978) can0 18FF02EA#2400B1062400B106
(946688591.789978) can0 18FF01EA#2500B4062500B406
(946688591.789978) can0 18FF02EA#2300B3062300B306
(946688591.789978) can0 18FF1085#000000031E01001E
(946688591.789978) can0 400#3D3D2A732C740000
(946688591.789978) can0 401#017F000000000000
(946688591.789978) can0 19B30007#00005E20AB9A0000
(946688591.789978) can0 19B30100#D6D6D6D6D6D6D6D6
(946688591.799978) can0 18FF01EA#2200AA062200AA06
(946688591.799978) can0 18FF02EA#2400A5062400A506
(946688591.809978) can0 18FF01EA#2400A9062400A906
(946688591.809978) can0 18FF02EA#2500980625009806
(946688591.809978) can0 18FF1085#000000031E01001E
(946688591.809978) can0 400#3D3B2C6F2B6E0000
(946688591.809978) can0 401#017E000000000000
(946688591.819978) can0 18FF01EA#24009C0624009C06
(946688591.819978) can0 18FF02EA#2400AF062400AF06
(946688591.829978) can0 18FF01EA#2200AD062200AD06
(946688591.829978) can0 18FF02EA#2200900622009006
(946688591.829978) can0 18FF1085#000000031E01001E
(946688591.829978) can0 400#3C3F2B752C760000
(946688591.829978) can0 401#007F000000000000
(946688591.839978) can0 18FF01EA#2200B1062200B106
(946688591.839978) can0 18FF02EA#2500AA062500AA06
(946688591.849978) can0 18FF01EA#2400AD062400AD06
(946688591.849978) can0 18FF02EA#2500A1062500A106
(946688591.849978) can0 18FF1085#000000031E01001E
(946688591.849978) can0 400#3D3D2A702B6E0000
(946688591.849978) can0 401#007E000000000000
(946688591.859978) can0 18FF01EA#2300AD062300AD06
(946688591.859978) can0 18FF02EA#2300930623009306
(946688591.869978) can0 18FF01EA#2200B3062200B306
(946688591.869978) can0 18FF02EA#24009F0624009F06
(946688591.869978) can0 18FF1085#000000031E01001E
(946688591.869978) can0 400#3B3F2B722C700000
(946688591.869978) can0 401#017E000000000000
(946688591.879978) can0 18FF01EA#2300910623009106
(946688591.879978) can0 18FF02EA#2300B4062300B406
(946688591.889978) can0 18FF01EA#2400A9062400A906
(946688591.889978) can0 18FF02EA#2500A5062500A506
(946688591.889978) can0 18FF1085#000000031E01001E
(946688591.889978) can0 400#3E3F2C712B6E0000
(946688591.889978) can0 401#007E000000000000
(946688591.889978) can0 19B30007#00005E20AB9A0000
(946688591.889978) can0 19B30100#D6D6D6D6D6D6D6D6
(946688591.899978) can0 18FF01EA#2200930622009306
(946688591.899978) can0 18FF02EA#2500970625009706
(946688591.909978) can0 18FF01EA#25009A0625009A06
(946688591.909978) can0 18FF02EA#2500AD062500AD06
(946688591.909978) can0 18FF1085#000000031E01001E
(946688591.909978) can0 400#3D3F2B6E2C710000
(946688591.909978) can0 401#007F000000000000
(946688591.919978) can0 18FF01EA#2200A3062200A306
(946688591.919978) can0 18FF02EA#2500960625009606
(946688591.929978) can0 18FF01EA#2500910625009106
(946688591.929978) can0 18FF02EA#2200990622009906
(946688591.929978) can0 18FF1085#000000031E01001E
(946688591.929978) can0 400#3F3F2B742C6D0000
(946688591.929978) can0 401#007F000000000000
(946688591.939978) can0 18FF01EA#2400AF062400AF06
(946688591.939978) can0 18FF02EA#2200980622009806
(946688591.949978) can0 18FF01EA#2400A6062400A606
(946688591.949978) can0 18FF02EA#2400A5062400A506
(946688591.949978) can0 18FF1085#000000031E01001E
(946688591.949978) can0 400#3E3E2B722B750000
(946688591.949978) can0 401#007F000000000000
(946688591.959978) can0 18FF01EA#2300AD062300AD06
(946688591.959978) can0 18FF02EA#2200A7062200A706
(946688591.969978) can0 18FF01EA#2500960625009606
(946688591.969978) can0 18FF02EA#2500920625009206
(946688591.969978) can0 18FF1085#000000031E01001E
(946688591.969978) can0 400#3F3F2B752C6F0000
(946688591.969978) can0 401#007E000000000000
(946688591.979978) can0 18FF01EA#2200A6062200A606
(946688591.979978) can0 18FF02EA#2400AA062400AA06
(946688591.989978) can0 18FF01EA#2500930625009306
(946688591.989978) can0 18FF02EA#2400B3062400B306
(946688591.989978) can0 18FF1085#000000031E01001E
(946688591.989978) can0 400#3E3F2B6C2C760000
(946688591.989978) can0 401#007F000000000000
(946688591.989978) can0 19B30007#00005E20AB9A0000
(946688591.989978) can0 19B30100#D6D6D6D6D6D6D6D6
(946688591.999978) can0 18FF01EA#2500B3062500B306
(946688591.999978) can0 18FF02EA#2300980623009806
(946688592.009978) can0 18FF01EA#22009D0622009D06
(946688592.009978) can0 18FF02EA#2400B4062400B406
(946688592.009978) can0 18FF1085#000000031E01001E
(946688592.009978) can0 400#3F3D2B712C740000
(946688592.009978) can0 401#007E000000000000
(946688592.019978) can0 18FF01EA#2200B4062200B406
(946688592.019978) can0 18FF02EA#23009F0623009F06
(946688592.029978) can0 18FF01EA#2400B3062400B306
(946688592.029978) can0 18FF02EA#2400950624009506
(946688592.029978) can0 18FF1085#000000031E01001E
(946688592.029978) can0 400#3F3C2B762B730000
(946688592.029978) can0 401#007F000000000000
(946688592.039978) can0 18FF01EA#22009D0622009D06
(946688592.039978) can0 18FF02EA#2200B1062200B106
(946688592.049978) can0 18FF01EA#2500A0062500A006
(946688592.049978) can0 18FF02EA#23009B0623009B06
(946688592.049978) can0 18FF1085#000000031E01001E
(946688592.049978) can0 400#3B3D2A702C740000
(946688592.049978) can0 401#007E000000000000
(946688592.059978) can0 18FF01EA#2200A1062200A106
(946688592.059978) can0 18FF02EA#24009E0624009E06
(946688592.069978) can0 18FF01EA#2500B3062500B306
(946688592.069978) can0 18FF02EA#2400AD062400AD06
(946688592.069978) can0 18FF1085#000000031E01001E
(946688592.069978) can0 400#3E3E2C6C2C6E0000
(946688592.069978) can0 401#007E000000000000
(946688592.079978) can0 18FF01EA#25008E0625008E06
(946688592.079978) can0 18FF02EA#2400980624009806
(946688592.089978) can0 18FF01EA#2200B5062200B506
(946688592.089978) can0 18FF02EA#2300B4062300B406
(946688592.089978) can0 18FF1085#000000031E01001E
(946688592.089978) can0 400#3D3D2C712A720000
(946688592.089978) can0 401#007F000000000000
(946688592.089978) can0 19B30007#00005E20AB9A0000
(946688592.089978) can0 19B30100#D6D6D6D6D6D6D6D6
(946688592.099978) can0 18FF01EA#2400B3062400B306
(946688592.099978) can0 18FF02EA#2300990623009906
(946688592.109978) can0 18FF01EA#2200B3062200B306
(946688592.109978) can0 18FF02EA#2200B1062200B106
(946688592.109978) can0 18FF1085#000000031E01001E
(946688592.109978) can0 400#3E3E2C6C2B730000
(946688592.109978) can0 401#007F000000000000
(946688592.119978) can0 18FF01EA#2500AD062500AD06
(946688592.119978) can0 18FF02EA#2200A6062200A606
(946688592.129978) can0 18FF01EA#2500AC062500AC06
(946688592.129978) can0 18FF02EA#23009D0623009D06
(946688592.129978) can0 18FF1085#000000031E01001E
(946688592.129978) can0 400#3C3C2B6E2B6C0000
(946688592.129978) can0 401#007E000000000000
(946688592.139978) can0 18FF01EA#2400B3062400B306
(946688592.139978) can0 18FF02EA#23009F0623009F06
(946688592.149978) can0 18FF01EA#2400A8062400A806
(946688592.149978) can0 18FF02EA#2200910622009106
(946688592.149978) can0 18FF1085#000000031E01001E
(946688592.149978) can0 400#3E3B2C722B730000
(946688592.149978) can0 401#007E000000000000
(946688592.159978) can0 18FF01EA#2200A1062200A106
(946688592.159978) can0 18FF02EA#2400920624009206
(946688592.169978) can0 18FF01EA#2400A3062400A306
(946688592.169978) can0 18FF02EA#24009F0624009F06
(946688592.169978) can0 18FF1085#000000031E01001E
(946688592.169978) can0 400#3C3F2B6D2B730000
(946688592.169978) can0 401#007F000000000000
(946688592.179978) can0 18FF01EA#24009B0624009B06
(946688592.179978) can0 18FF02EA#2300940623009406
(946688592.189978) can0 18FF01EA#25009A0625009A06
(946688592.189978) can0 18FF02EA#2200AE062200AE06
(946688592.189978) can0 18FF1085#000000031E01001E
(946688592.189978) can0 400#3F3B2A742C740000
(946688592.189978) can0 401#007F000000000000
(946688592.189978) can0 19B30007#00005E20AB9A0000
(946688592.189978) can0 19B30100#D6D6D6D6D6D6D6D6
(946688592.199978) can0 18FF01EA#2500950625009506
(946688592.199978) can0 18FF02EA#22008E0622008E06
(946688592.209978) can0 18FF01EA#2400B1062400B106
(946688592.209978) can0 18FF02EA#2300AC062300AC06
(946688592.209978) can0 18FF1085#000000031E01001E
(946688592.209978) can0 400#3D3F2C702A6E0000
(946688592.209978) can0 401#017E000000000000
(946688592.219978) can0 18FF01EA#2200940622009406
(946688592.219978) can0 18FF02EA#2400B4062400B406
(946688592.229978) can0 18FF01EA#2500B1062500B106
(946688592.229978) can0 18FF02EA#2500A5062500A506
(946688592.229978) can0 18FF1085#000000031E01001E
(946688592.229978) can0 400#3B3E2B722A6D0000
(946688592.229978) can0 401#007F000000000000
(946688592.239978) can0 18FF01EA#2400980624009806
(946688592.239978) can0 18FF02EA#2200970622009706
(946688592.249978) can0 18FF01EA#2300B3062300B306
(946688592.249978) can0 18FF02EA#2300A6062300A606
(946688592.249978) can0 18FF1085#000000031E01001E
(946688592.249978) can0 400#3D3E2B6F2A6C0000
(946688592.249978) can0 401#017F000000000000
(946688592.259978) can0 18FF01EA#2500960625009606
(946688592.259978) can0 18FF02EA#23009B0623009B06
(946688592.269978) can0 18FF01EA#2400A0062400A006
(946688592.269978) can0 18FF02EA#2500AA062500AA06
(946688592.269978) can0 18FF1085#000000031E01001E
(946688592.269978) can0 400#3D3F2C732A700000
(946688592.269978) can0 401#007E000000000000
(946688592.279978) can0 18FF01EA#25009C0625009C06
(946688592.279978) can0 18FF02EA#2200970622009706
(946688592.289978) can0 18FF01EA#25009E0625009E06
(946688592.289978) can0 18FF02EA#2500910625009106
(946688592.289978) can0 18FF1085#000000031E01001E
(946688592.289978) can0 400#3E3D2B762A700000
(946688592.289978) can0 401#007E000000000000
(946688592.289978) can0 19B30007#00005E20AB9A0000
(946688592.289978) can0 19B30100#D6D6D6D6D6D6D6D6
(946688592.299978) can0 18FF01EA#23008E0623008E06
(946688592.299978) can0 18FF02EA#2500A8062500A806
(946688592.309978) can0 18FF01EA#23008E0623008E06
(946688592.309978) can0 18FF02EA#2500960625009606
(946688592.309978) can0 18FF1085#000000031E01001E
(946688592.309978) can0 400#3F3D2A742C6D0000
(946688592.309978) can0 401#017F000000000000
(946688592.319978) can0 18FF01EA#2200AC062200AC06
(946688592.319978) can0 18FF02EA#2400B3062400B306
(946688592.329978) can0 18FF01EA#2400B2062400B206
(946688592.329978) can0 18FF02EA#2400900624009006
(946688592.329978) can0 18FF1085#000000031E01001E
(946688592.329978) can0 400#3D3D2B752B6C0000
(946688592.329978) can0 401#007E000000000000
(946688592.339978) can0 18FF01EA#2500920625009206
(946688592.339978) can0 18FF02EA#22009C0622009C06
(946688592.349978) can0 18FF01EA#2300A9062300A906
(946688592.349978) can0 18FF02EA#2400AB062400AB06
(946688592.349978) can0 18FF1085#000000031E01001E
(946688592.349978) can0 400#3D3D2B6D2B700000
(946688592.349978) can0 401#007F000000000000
(946688592.359978) can0 18FF01EA#2500AF062500AF06
(946688592.359978) can0 18FF02EA#24008E0624008E06
(946688592.369978) can0 18FF01EA#2300A4062300A406
(946688592.369978) can0 18FF02EA#2400A7062400A706
(946688592.369978) can0 18FF1085#000000031E01001E
(946688592.369978) can0 400#3E3C2C762B6E0000
(946688592.369978) can0 401#007F000000000000
(946688592.379978) can0 18FF01EA#25009C0625009C06
(946688592.379978) can0 18FF02EA#2400A7062400A706
(946688592.389978) can0 18FF01EA#24009C0624009C06
(946688592.389978) can0 18FF02EA#2500A0062500A006
(946688592.389978) can0 18FF1085#000000031E01001E
(946688592.389978) can0 400#3C3C2A6D2B6E0000
(946688592.389978) can0 401#017E000000000000
(946688592.389978) can0 19B30007#00005E20AB9A0000
(946688592.389978) can0 19B30100#D6D6D6D6D6D6D6D6
(946688592.399978) can0 18FF01EA#22008F0622008F06
(946688592.399978) can0 18FF02EA#2400A6062400A606
(946688592.409978) can0 18FF01EA#22008E0622008E06
(946688592.409978) can0 18FF02EA#2300A7062300A706
(946688592.409978) can0 18FF1085#000000031E01001E
(946688592.409978) can0 400#3F3D2B702B750000
(946688592.409978) can0 401#007F000000000000
(946688592.419978) can0 18FF01EA#23008E0623008E06
(946688592.419978) can0 18FF02EA#2200B5062200B506
(946688592.429978) can0 18FF01EA#23009B0623009B06
(946688592.429978) can0 18FF02EA#2500B1062500B106
(946688592.429978) can0 18FF1085#000000031E01001E
(946688592.429978) can0 400#3C3E2B732B6F0000
(946688592.429978) can0 401#007E000000000000
(946688592.439978) can0 18FF01EA#2300980623009806
(946688592.439978) can0 18FF02EA#2500970625009706
(946688592.449978) can0 18FF01EA#2500A1062500A106
(946688592.449978) can0 18FF02EA#2500A9062500A906
(946688592.449978) can0 18FF1085#000000031E01001E
(946688592.449978) can0 400#3C3D2A6C2C750000
(946688592.449978) can0 401#017E000000000000
(946688592.459978) can0 18FF01EA#2200980622009806
(946688592.459978) can0 18FF02EA#2300B2062300B206
(946688592.469978) can0 18FF01EA#2500B2062500B206
(946688592.469978) can0 18FF02EA#2200B3062200B306
(946688592.469978) can0 18FF1085#000000031E01001E
(946688592.469978) can0 400#3F3F2B6D2B740000
(946688592.469978) can0 401#007F000000000000
(946688592.479978) can0 18FF01EA#23009D0623009D06
(946688592.479978) can0 18FF02EA#2200A7062200A706
(946688592.489978) can0 18FF01EA#2200960622009606
(946688592.489978) can0 18FF02EA#2500A1062500A106
(946688592.489978) can0 18FF1085#000000031E01001E
(946688592.489978) can0 400#3D3C2A6E2A6E0000
(946688592.489978) can0 401#007E000000000000
(946688592.489978) can0 19B30007#00005E20AB9A0000
(946688592.489978) can0 19B30100#D6D6D6D6D6D6D6D6
(946688592.499978) can0 18FF01EA#2200A6062200A606
(946688592.499978) can0 18FF02EA#2400970624009706
(946688592.509978) can0 18FF01EA#2500A9062500A906
(946688592.509978) can0 18FF02EA#25009D0625009D06
(946688592.509978) can0 18FF1085#000000031E01001E
(946688592.509978) can0 400#3C3E2A6E2B6F0000
(946688592.509978) can0 401#007F000000000000
(946688592.519978) can0 18FF01EA#2200AC062200AC06
(946688592.519978) can0 18FF02EA#2200910622009106
(946688592.529978) can0 18FF01EA#2300950623009506
(946688592.529978) can0 18FF02EA#2300960623009606
(946688592.529978) can0 18FF1085#000000031E01001E
(946688592.529978) can0 400#3F3C2C752C720000
(946688592.529978) can0 401#017F000000000000
(946688592.539978) can0 18FF01EA#2300900623009006
(946688592.539978) can0 18FF02EA#2200B2062200B206
(946688592.549978) can0 18FF01EA#2500B4062500B406
(946688592.549978) can0 18FF02EA#2400A8062400A806
(946688592.549978) can0 18FF1085#000000031E01001E
(946688592.549978) can0 400#3D3D2C732B6D0000
(946688592.549978) can0 401#007E000000000000
(946688592.559978) can0 18FF01EA#2200960622009606
(946688592.559978) can0 18FF02EA#2400980624009806
(946688592.569978) can0 18FF01EA#2200920622009206
(946688592.569978) can0 18FF02EA#2500980625009806
(946688592.569978) can0 18FF1085#000000031E01001E
(946688592.569978) can0 400#3D3C2C6E2A6E0000
(946688592.569978) can0 401#007E000000000000
(946688592.579978) can0 18FF01EA#2400B2062400B206
(946688592.579978) can0 18FF02EA#2200990622009906
(946688592.589978) can0 18FF01EA#24009F0624009F06
(946688592.589978) can0 18FF02EA#2400950624009506
(946688592.589978) can0 18FF1085#000000031E01001E
(946688592.589978) can0 400#3F3E2A712C710000
(946688592.589978) can0 401#007F000000000000
(946688592.589978) can0 19B30007#00005E20AB9A0000
(946688592.589978) can0 19B30100#D6D6D6D6D6D6D6D6
(946688592.599977) can0 18FF01EA#24009C0624009C06
(946688592.599977) can0 18FF02EA#2400AC062400AC06
(946688592.609977) can0 18FF01EA#2200940622009406
(946688592.609977) can0 18FF02EA#24008E0624008E06
(946688592.609977) can0 18FF1085#000000031E01001E
(946688592.609977) can0 400#3C3D2C6D2B750000
(946688592.609977) can0 401#007F000000000000
(946688592.619977) can0 18FF01EA#2300B2062300B206
(946688592.619977) can0 18FF02EA#23009F0623009F06
(946688592.629977) can0 18FF01EA#24008F0624008F06
(946688592.629977) can0 18FF02EA#2200950622009506
(946688592.629977) can0 18FF1085#000000031E01001E
(946688592.629977) can0 400#3D3C2C732B750000
(946688592.629977) can0 401#007E000000000000
(946688592.639977) can0 18FF01EA#2200980622009806
(946688592.639977) can0 18FF02EA#2300980623009806
(946688592.649977) can0 18FF01EA#2500A0062500A006
(946688592.649977) can0 18FF02EA#2200A5062200A506
(946688592.649977) can0 18FF1085#000000031E01001E
(946688592.649977) can0 400#3C3E2B6D2B730000
(946688592.649977) can0 401#007F000000000000
(946688592.659977) can0 18FF01EA#2300A5062300A506
(946688592.659977) can0 18FF02EA#2300A9062300A906
(946688592.669977) can0 18FF01EA#2200B0062200B006
(946688592.669977) can0 18FF02EA#2400AE062400AE06
(946688592.669977) can0 18FF1085#000000031E01001E
(946688592.669977) can0 400#3F3D2A752B6E0000
(946688592.669977) can0 401#007F000000000000
(946688592.679977) can0 18FF01EA#2400950624009506
(946688592.679977) can0 18FF02EA#24009C0624009C06
(946688592.689977) can0 18FF01EA#22009F0622009F06
(946688592.689977) can0 18FF02EA#2400A1062400A106
(946688592.689977) can0 18FF1085#000000031E01001E
(946688592.689977) can0 400#3E3E2B702B740000
(946688592.689977) can0 401#007F000000000000
(946688592.689977) can0 19B30007#00005E20AB9A0000
(946688592.689977) can0 19B30100#D6D6D6D6D6D6D6D6
(946688592.699977) can0 18FF01EA#2400A5062400A506
(946688592.699977) can0 18FF02EA#2300AA062300AA06
(946688592.709977) can0 18FF01EA#2400950624009506
(946688592.709977) can0 18FF02EA#2400A1062400A106
(946688592.709977) can0 18FF1085#000000031E01001E
(946688592.709977) can0 400#3D3F2C712B760000
(946688592.709977) can0 401#007E000000000000
(946688592.719977) can0 18FF01EA#2400B3062400B306
(946688592.719977) can0 18FF02EA#2300A7062300A706
(946688592.729977) can0 18FF01EA#2400970624009706
(946688592.729977) can0 18FF02EA#2400A9062400A906
(946688592.729977) can0 18FF1085#000000031E01001E
(946688592.729977) can0 400#3E3C2B752C750000
(946688592.729977) can0 401#007E000000000000
(946688592.739977) can0 18FF01EA#25009F0625009F06
(946688592.739977) can0 18FF02EA#2200B1062200B106
(946688592.749977) can0 18FF01EA#2300940623009406
(946688592.749977) can0 18FF02EA#2300B1062300B106
(946688592.749977) can0 18FF1085#000000031E01001E
(946688592.749977) can0 400#3D3F2B6F2C6D0000
(946688592.749977) can0 401#007F000000000000
(946688592.759977) can0 18FF01EA#2400A3062400A306
(946688592.759977) can0 18FF02EA#2400A5062400A506
(946688592.769977) can0 18FF01EA#2500AE062500AE06
(946688592.769977) can0 18FF02EA#2300A9062300A906
(946688592.769977) can0 18FF1085#000000031E01001E
(946688592.769977) can0 400#3B3E2B742B6C0000
(946688592.769977) can0 401#007E000000000000
(946688592.779977) can0 18FF01EA#2200A9062200A906
(946688592.779977) can0 18FF02EA#2400A3062400A306
(946688592.789977) can0 18FF01EA#2300A4062300A406
(946688592.789977) can0 18FF02EA#2200AF062200AF06
(946688592.789977) can0 18FF1085#000000031E01001E
(946688592.789977) can0 400#3D3E2A722B740000
(946688592.789977) can0 401#017E000000000000
(946688592.789977) can0 19B30007#00005E20AB9A0000
(946688592.789977) can0 19B30100#D6D6D6D6D6D6D6D6
(946688592.799977) can0 18FF01EA#2200A3062200A306
(946688592.799977) can0 18FF02EA#2500B0062500B006
(946688592.809977) can0 18FF01EA#2500AD062500AD06
(946688592.809977) can0 18FF02EA#2500960625009606
(946688592.809977) can0 18FF1085#000000031E01001E
(946688592.809977) can0 400#3B3F2A6F2C730000
(946688592.809977) can0 401#017E000000000000
(946688592.819977) can0 18FF01EA#24008F0624008F06
(946688592.819977) can0 18FF02EA#2400B4062400B406
(946688592.829977) can0 18FF01EA#2500A1062500A106
(946688592.829977) can0 18FF02EA#23009C0623009C06
(946688592.829977) can0 18FF1085#000000031E01001E
(946688592.829977) can0 400#3E3B2A6E2B760000
(946688592.829977) can0 401#007F000000000000
(946688592.839977) can0 18FF01EA#2500AD062500AD06
(946688592.839977) can0 18FF02EA#2500AA062500AA06
(946688592.849977) can0 18FF01EA#2500B0062500B006
(946688592.849977) can0 18FF02EA#2300B2062300B206
(946688592.849977) can0 18FF1085#000000031E01001E
(946688592.849977) can0 400#3C3E2B6E2B6D0000
(946688592.849977) can0 401#007F000000000000
(946688592.859977) can0 18FF01EA#2500AD062500AD06
(946688592.859977) can0 18FF02EA#2500A2062500A206
(946688592.869977) can0 18FF01EA#2500B5062500B506
(946688592.869977) can0 18FF02EA#2200A2062200A206
(946688592.869977) can0 18FF1085#000000031E01001E
(946688592.869977) can0 400#3D3D2C752C700000
(946688592.869977) can0 401#007F000000000000
(946688592.879977) can0 18FF01EA#2300AE062300AE06
(946688592.879977) can0 18FF02EA#2200A0062200A006
(946688592.889977) can0 18FF01EA#2200A6062200A606
(946688592.889977) can0 18FF02EA#2500A3062500A306
(946688592.889977) can0 18FF1085#000000031E01001E
(946688592.889977) can0 400#3C3D2B702C6D0000
(946688592.889977) can0 401#007E000000000000
(946688592.889977) can0 19B30007#00005E20AB9A0000
(946688592.889977) can0 19B30100#D6D6D6D6D6D6D6D6
(946688592.899977) can0 18FF01EA#2500990625009906
(946688592.899977) can0 18FF02EA#2300A3062300A306
(946688592.909977) can0 18FF01EA#25009E0625009E06
(946688592.909977) can0 18FF02EA#2400A4062400A406
(946688592.909977) can0 18FF1085#000000031E01001E
(946688592.909977) can0 400#3F3F2C742C750000
(946688592.909977) can0 401#007F000000000000
(946688592.919977) can0 18FF01EA#2300B0062300B006
(946688592.919977) can0 18FF02EA#2400910624009106
(946688592.929977) can0 18FF01EA#2500B5062500B506
(946688592.929977) can0 18FF02EA#2500B2062500B206
(946688592.929977) can0 18FF1085#000000031E01001E
(946688592.929977) can0 400#3D3C2B6C2C6E0000
(946688592.929977) can0 401#007F000000000000
(946688592.939977) can0 18FF01EA#2400A3062400A306
(946688592.939977) can0 18FF02EA#2500AB062500AB06
(946688592.949977) can0 18FF01EA#2500B0062500B006
(946688592.949977) can0 18FF02EA#22008F0622008F06
(946688592.949977) can0 18FF1085#000000031E01001E
(946688592.949977) can0 400#3E3D2C722B740000
(946688592.949977) can0 401#007F000000000000
(946688592.959977) can0 18FF01EA#22009C0622009C06
(946688592.959977) can0 18FF02EA#22009B0622009B06
(946688592.969977) can0 18FF01EA#23008E0623008E06
(946688592.969977) can0 18FF02EA#2400A1062400A106
(946688592.969977) can0 18FF1085#000000031E01001E
(946688592.969977) can0 400#3C3F2C712B700000
(946688592.969977) can0 401#007F000000000000
(946688592.979977) can0 18FF01EA#2500A5062500A506
(946688592.979977) can0 18FF02EA#2300AF062300AF06
(946688592.989977) can0 18FF01EA#24009C0624009C06
(946688592.989977) can0 18FF02EA#24008F0624008F06
(946688592.989977) can0 18FF1085#000000031E01001E
(946688592.989977) can0 400#3F3D2C732C750000
(946688592.989977) can0 401#007F000000000000
(946688592.989977) can0 19B30007#00005E20AB9A0000
(946688592.989977) can0 19B30100#D6D6D6D6D6D6D6D6
(946688592.999977) can0 18FF01EA#2400B2062400B206
(946688592.999977) can0 18FF02EA#2300910623009106
(946688593.009977) can0 18FF01EA#2400AD062400AD06
(946688593.009977) can0 18FF02EA#2400B5062400B506
(946688593.009977) can0 18FF1085#000000031E01001E
(946688593.009977) can0 400#3E3D2B712B750000
(946688593.009977) can0 401#007E000000000000
(946688593.019977) can0 18FF01EA#2300990623009906
(946688593.019977) can0 18FF02EA#22009B0622009B06
(946688593.029977) can0 18FF01EA#2400A2062400A206
(946688593.029977) can0 18FF02EA#2300AB062300AB06
(946688593.029977) can0 18FF1085#000000031E01001E
(946688593.029977) can0 400#3F3B2B6E2C720000
(946688593.029977) can0 401#007E000000000000
(946688593.039977) can0 18FF01EA#2400930624009306
(946688593.039977) can0 18FF02EA#2500B2062500B206
(946688593.049977) can0 18FF01EA#24009B0624009B06
(946688593.049977) can0 18FF02EA#22009C0622009C06
(946688593.049977) can0 18FF1085#000000031E01001E
(946688593.049977) can0 400#3D3F2C702A700000
(946688593.049977) can0 401#007F000000000000
(946688593.059977) can0 18FF01EA#2400960624009606
(946688593.059977) can0 18FF02EA#2300AD062300AD06
(946688593.069977) can0 18FF01EA#2400AE062400AE06
(946688593.069977) can0 18FF02EA#2300A0062300A006
(946688593.069977) can0 18FF1085#000000031E01001E
(946688593.069977) can0 400#3D3E2C712B720000
(946688593.069977) can0 401#007E000000000000
(946688593.079977) can0 18FF01EA#22009F0622009F06
(946688593.079977) can0 18FF02EA#2500B0062500B006
(946688593.089977) can0 18FF01EA#2200B2062200B206
(946688593.089977) can0 18FF02EA#2500A7062500A706
(946688593.089977) can0 18FF1085#000000031E01001E
(946688593.089977) can0 400#3C3C2B722A710000
(946688593.089977) can0 401#017F000000000000
(946688593.089977) can0 19B30007#00005E20AB9A0000
(946688593.089977) can0 19B30100#D6D6D6D6D6D6D6D6
(946688593.099977) can0 18FF01EA#22009E0622009E06
(946688593.099977) can0 18FF02EA#2500A9062500A906
(946688593.109977) can0 18FF01EA#2500960625009606
(946688593.109977) can0 18FF02EA#2300960623009606
(946688593.109977) can0 18FF1085#000000031E01001E
(946688593.109977) can0 400#3E3C2C712A710000
(946688593.109977) can0 401#007E000000000000
(946688593.119977) can0 18FF01EA#2200960622009606
(946688593.119977) can0 18FF02EA#2500B4062500B406
(946688593.129977) can0 18FF01EA#2200B2062200B206
(946688593.129977) can0 18FF02EA#2400980624009806
(946688593.129977) can0 18FF1085#000000031E01001E
(946688593.129977) can0 400#3E3F2C6D2B6C0000
(946688593.129977) can0 401#007E000000000000
(946688593.139977) can0 18FF01EA#2500A1062500A106
(946688593.139977) can0 18FF02EA#2500920625009206
(946688593.149977) can0 18FF01EA#2500980625009806
(946688593.149977) can0 18FF02EA#2500A1062500A106
(946688593.149977) can0 18FF1085#000000031E01001E
(946688593.149977) can0 400#3E3E2B752C6E0000
(946688593.149977) can0 401#017F000000000000
(946688593.159977) can0 18FF01EA#2400AD062400AD06
(946688593.159977) can0 18FF02EA#2300B3062300B306
(946688593.169977) can0 18FF01EA#2200A5062200A506
(946688593.169977) can0 18FF02EA#2400A4062400A406
(946688593.169977) can0 18FF1085#000000031E01001E
(946688593.169977) can0 400#3E3C2C762B750000
(946688593.169977) can0 401#007E000000000000
(946688593.179977) can0 18FF01EA#2200B1062200B106
(946688593.179977) can0 18FF02EA#2500920625009206
(946688593.189977) can0 18FF01EA#2400990624009906
(946688593.189977) can0 18FF02EA#2500980625009806
(946688593.189977) can0 18FF1085#000000031E01001E
(946688593.189977) can0 400#3E3D2C702B740000
(946688593.189977) can0 401#017F000000000000
(946688593.189977) can0 19B30007#00005E20AB9A0000
(946688593.189977) can0 19B30100#D6D6D6D6D6D6D6D6
(946688593.199977) can0 18FF01EA#2200940622009406
(946688593.199977) can0 18FF02EA#2500960625009606
(946688593.209977) can0 18FF01EA#2300920623009206
(946688593.209977) can0 18FF02EA#2300B4062300B406
(946688593.209977) can0 18FF1085#000000031E01001E
(946688593.209977) can0 400#3D3B2C762C750000
(946688593.209977) can0 401#007F000000000000
(946688593.219977) can0 18FF01EA#25009A0625009A06
(946688593.219977) can0 18FF02EA#2200910622009106
(946688593.229977) can0 18FF01EA#23009A0623009A06
(946688593.229977) can0 18FF02EA#2200990622009906
(946688593.229977) can0 18FF1085#000000031E01001E
(946688593.229977) can0 400#3C3D2B742A700000
(946688593.229977) can0 401#007E000000000000
(946688593.239977) can0 18FF01EA#2500B4062500B406
(946688593.239977) can0 18FF02EA#2400A5062400A506
(946688593.249977) can0 18FF01EA#2300AF062300AF06
(946688593.249977) can0 18FF02EA#2300990623009906
(946688593.249977) can0 18FF1085#000000031E01001E
(946688593.249977) can0 400#3D3F2B712A6D0000
(946688593.249977) can0 401#007E000000000000
(946688593.259977) can0 18FF01EA#2400A9062400A906
(946688593.259977) can0 18FF02EA#2200B4062200B406
(946688593.269977) can0 18FF01EA#2200A8062200A806
(946688593.269977) can0 18FF02EA#2200A2062200A206
(946688593.269977) can0 18FF1085#000000031E01001E
(946688593.269977) can0 400#3D3E2C762B710000
(946688593.269977) can0 401#007E000000000000
(946688593.279977) can0 18FF01EA#22009A0622009A06
(946688593.279977) can0 18FF02EA#2400A8062400A806
(946688593.289977) can0 18FF01EA#2400AD062400AD06
(946688593.289977) can0 18FF02EA#25009C0625009C06
(946688593.289977) can0 18FF1085#000000031E01001E
(946688593.289977) can0 400#3C3C2C752C6C0000
(946688593.289977) can0 401#007F000000000000
(946688593.289977) can0 19B30007#00005E20AB9A0000
(946688593.289977) can0 19B30100#D6D6D6D6D6D6D6D6
(946688593.299977) can0 18FF01EA#2300AC062300AC06
(946688593.299977) can0 18FF02EA#2500920625009206
(946688593.309977) can0 18FF01EA#2300990623009906
(946688593.309977) can0 18FF02EA#23009C0623009C06
(946688593.309977) can0 18FF1085#000000031E01001E
(946688593.309977) can0 400#3F3E2C752C710000
(946688593.309977) can0 401#017F000000000000
(946688593.319977) can0 18FF01EA#2200910622009106
(946688593.319977) can0 18FF02EA#2500930625009306
(946688593.329977) can0 18FF01EA#2500950625009506
(946688593.329977) can0 18FF02EA#2300B3062300B306
(946688593.329977) can0 18FF1085#000000031E01001E
(946688593.329977) can0 400#3E3E2C742B710000
(946688593.329977) can0 401#007E000000000000
(946688593.339977) can0 18FF01EA#2200B2062200B206
(946688593.339977) can0 18FF02EA#2200AB062200AB06
(946688593.349977) can0 18FF01EA#2400A3062400A306
(946688593.349977) can0 18FF02EA#24009E0624009E06
(946688593.349977) can0 18FF1085#000000031E01001E
(946688593.349977) can0 400#3D3C2B6F2B760000
(946688593.349977) can0 401#007F000000000000
(946688593.359977) can0 18FF01EA#2400AB062400AB06
(946688593.359977) can0 18FF02EA#2300940623009406
(946688593.369977) can0 18FF01EA#2500990625009906
(946688593.369977) can0 18FF02EA#2500900625009006
(946688593.369977) can0 18FF1085#000000031E01001E
(946688593.369977) can0 400#3D3C2A712C6C0000
(946688593.369977) can0 401#007E000000000000
(946688593.379977) can0 18FF01EA#2300970623009706
(946688593.379977) can0 18FF02EA#2500B2062500B206
(946688593.389977) can0 18FF01EA#24009C0624009C06
(946688593.389977) can0 18FF02EA#2400A2062400A206
(946688593.389977) can0 18FF1085#000000031E01001E
(946688593.389977) can0 400#3F3F2C702B750000
(946688593.389977) can0 401#007F000000000000
(946688593.389977) can0 19B30007#00005E20AB9A0000
(946688593.389977) can0 19B30100#D6D6D6D6D6D6D6D6
(946688593.399977) can0 18FF01EA#2300A5062300A506
(946688593.399977) can0 18FF02EA#2200920622009206
(946688593.409977) can0 18FF01EA#2300A5062300A506
(946688593.409977) can0 18FF02EA#2500A2062500A206
(946688593.409977) can0 18FF1085#000000031E01001E
(946688593.409977) can0 400#3F3F2B752B750000
(946688593.409977) can0 401#007F000000000000
(946688593.419977) can0 18FF01EA#2200A5062200A506
(946688593.419977) can0 18FF02EA#2500A1062500A106
(946688593.429977) can0 18FF01EA#2400A6062400A606
(946688593.429977) can0 18FF02EA#2200970622009706
(946688593.429977) can0 18FF1085#000000031E01001E
(946688593.429977) can0 400#3C3E2C722B6D0000
(946688593.429977) can0 401#007E000000000000
(946688593.439977) can0 18FF01EA#24008F0624008F06
(946688593.439977) can0 18FF02EA#2500B4062500B406
(946688593.449977) can0 18FF01EA#2400900624009006
(946688593.449977) can0 18FF02EA#2500A0062500A006
(946688593.449977) can0 18FF1085#000000031E01001E
(946688593.449977) can0 400#3D3B2B6F2B6E0000
(946688593.449977) can0 401#007E000000000000
(946688593.459977) can0 18FF01EA#23009B0623009B06
(946688593.459977) can0 18FF02EA#2300A9062300A906
(946688593.469977) can0 18FF01EA#2300900623009006
(946688593.469977) can0 18FF02EA#22009D0622009D06
(946688593.469977) can0 18FF1085#000000031E01001E
(946688593.469977) can0 400#3D3F2C712B730000
(946688593.469977) can0 401#007E000000000000
(946688593.479977) can0 18FF01EA#2300930623009306
(946688593.479977) can0 18FF02EA#2200A6062200A606
(946688593.489977) can0 18FF01EA#23009C0623009C06
(946688593.489977) can0 18FF02EA#22008F0622008F06
(946688593.489977) can0 18FF1085#000000031E01001E
(946688593.489977) can0 400#3D3F2A6F2C750000
(946688593.489977) can0 401#007F000000000000
(946688593.489977) can0 19B30007#00005E20AB9A0000
(946688593.489977) can0 19B30100#D6D6D6D6D6D6D6D6
(946688593.499977) can0 18FF01EA#24009F0624009F06
(946688593.499977) can0 18FF02EA#2400A7062400A706
(946688593.509977) can0 18FF01EA#2300A3062300A306
(946688593.509977) can0 18FF02EA#2500A7062500A706
(946688593.509977) can0 18FF1085#000000031E01001E
(946688593.509977) can0 400#3C3C2C6D2B710000
(946688593.509977) can0 401#007F000000000000
(946688593.519977) can0 18FF01EA#22009B0622009B06
(946688593.519977) can0 18FF02EA#2200A4062200A406
(946688593.529977) can0 18FF01EA#2300970623009706
(946688593.529977) can0 18FF02EA#2200AC062200AC06
(946688593.529977) can0 18FF1085#000000031E01001E
(946688593.529977) can0 400#3E3C2B6C2B730000
(946688593.529977) can0 401#007E000000000000
(946688593.539977) can0 18FF01EA#2500A7062500A706
(946688593.539977) can0 18FF02EA#2200AF062200AF06
(946688593.549977) can0 18FF01EA#2200AB062200AB06
(946688593.549977) can0 18FF02EA#25009E0625009E06
(946688593.549977) can0 18FF1085#000000031E01001E
(946688593.549977) can0 400#3E3E2B722C700000
(946688593.549977) can0 401#007F000000000000
(946688593.559977) can0 18FF01EA#2300A2062300A206
(946688593.559977) can0 18FF02EA#2400920624009206
(946688593.569977) can0 18FF01EA#2500900625009006
(946688593.569977) can0 18FF02EA#23009C0623009C06
(946688593.569977) can0 18FF1085#000000031E01001E
(946688593.569977) can0 400#3D3C2B722B750000
(946688593.569977) can0 401#007E000000000000
(946688593.579977) can0 18FF01EA#2400AF062400AF06
(946688593.579977) can0 18FF02EA#2200B2062200B206
(946688593.589977) can0 18FF01EA#2300A4062300A406
(946688593.589977) can0 18FF02EA#2300B4062300B406
(946688593.589977) can0 18FF1085#000000031E01001E
(946688593.589977) can0 400#3C3D2C732C710000
(946688593.589977) can0 401#007E000000000000
(946688593.589977) can0 19B30007#00005E20AB9A0000
(946688593.589977) can0 19B30100#D6D6D6D6D6D6D6D6
(946688593.599977) can0 18FF01EA#23009D0623009D06
(946688593.599977) can0 18FF02EA#2300B0062300B006
(946688593.609977) can0 18FF01EA#22009D0622009D06
(946688593.609977) can0 18FF02EA#2300920623009206
(946688593.609977) can0 18FF1085#000000031E01001E
(946688593.609977) can0 400#3B3D2C722C720000
(946688593.609977) can0 401#007F000000000000
(946688593.619977) can0 18FF01EA#24009A0624009A06
(946688593.619977) can0 18FF02EA#2300A5062300A506
(946688593.629977) can0 18FF01EA#2200AF062200AF06
(946688593.629977) can0 18FF02EA#2400A6062400A606
(946688593.629977) can0 18FF1085#000000031E01001E
(946688593.629977) can0 400#3F3F2B6F2B6C0000
(946688593.629977) can0 401#007E000000000000
(946688593.639977) can0 18FF01EA#2400930624009306
(946688593.639977) can0 18FF02EA#25009D0625009D06
(946688593.649976) can0 18FF01EA#2400AD062400AD06
(946688593.649976) can0 18FF02EA#2300900623009006
(946688593.649976) can0 18FF1085#000000031E01001E
(946688593.649976) can0 400#3E3C2B762C6F0000
(946688593.649976) can0 401#007F000000000000
(946688593.659976) can0 18FF01EA#24009C0624009C06
(946688593.659976) can0 18FF02EA#2400A5062400A506
(946688593.669976) can0 18FF01EA#25009F0625009F06
(946688593.669976) can0 18FF02EA#2400A2062400A206
(946688593.669976) can0 18FF1085#000000031E01001E
(946688593.669976) can0 400#3E3B2B722C700000
(946688593.669976) can0 401#007F000000000000
(946688593.679976) can0 18FF01EA#2400A2062400A206
(946688593.679976) can0 18FF02EA#2400AC062400AC06
(946688593.689976) can0 18FF01EA#2400990624009906
(946688593.689976) can0 18FF02EA#2300930623009306
(946688593.689976) can0 18FF1085#000000031E01001E
(946688593.689976) can0 400#3E3D2B752C6F0000
(946688593.689976) can0 401#017E000000000000
(946688593.689976) can0 19B30007#00005E20AB9A0000
(946688593.689976) can0 19B30100#D6D6D6D6D6D6D6D6
(946688593.699976) can0 18FF01EA#2300A0062300A006
(946688593.699976) can0 18FF02EA#2500AB062500AB06
(946688593.709976) can0 18FF01EA#2500B4062500B406
(946688593.709976) can0 18FF02EA#24009A0624009A06
(946688593.709976) can0 18FF1085#000000031E01001E
(946688593.709976) can0 400#3F3D2B752A6F0000
(946688593.709976) can0 401#007E000000000000
(946688593.719976) can0 18FF01EA#2400A3062400A306
(946688593.719976) can0 18FF02EA#2300B4062300B406
(946688593.729976) can0 18FF01EA#2500A0062500A006
(946688593.729976) can0 18FF02EA#2400960624009606
(946688593.729976) can0 18FF1085#000000031E01001E
(946688593.729976) can0 400#3C3C2C752B740000
(946688593.729976) can0 401#007F000000000000
(946688593.739976) can0 18FF01EA#2200910622009106
(946688593.739976) can0 18FF02EA#2200B2062200B206
(946688593.749976) can0 18FF01EA#2500960625009606
(946688593.749976) can0 18FF02EA#2500AC062500AC06
(946688593.749976) can0 18FF1085#000000031E01001E
(946688593.749976) can0 400#3C3E2B712B750000
(946688593.749976) can0 401#007F000000000000
(946688593.759976) can0 18FF01EA#2200AF062200AF06
(946688593.759976) can0 18FF02EA#23009A0623009A06
(946688593.769976) can0 18FF01EA#23009D0623009D06
(946688593.769976) can0 18FF02EA#2300A7062300A706
(946688593.769976) can0 18FF1085#000000031E01001E
(946688593.769976) can0 400#3E3D2C6C2B6D0000
(946688593.769976) can0 401#007E000000000000
(946688593.779976) can0 18FF01EA#2300A6062300A606
(946688593.779976) can0 18FF02EA#2200950622009506
(946688593.789976) can0 18FF01EA#2500990625009906
(946688593.789976) can0 18FF02EA#23009E0623009E06
(946688593.789976) can0 18FF1085#000000031E01001E
(946688593.789976) can0 400#3E3F2C6E2B710000
(946688593.789976) can0 401#007F000000000000
(946688593.789976) can0 19B30007#00005E20AB9A0000
(946688593.789976) can0 19B30100#D6D6D6D6D6D6D6D6
(946688593.799976) can0 18FF01EA#2400B3062400B306
(946688593.799976) can0 18FF02EA#2400A2062400A206
(946688593.809976) can0 18FF01EA#2500B1062500B106
(946688593.809976) can0 18FF02EA#2400AE062400AE06
(946688593.809976) can0 18FF1085#000000031E01001E
(946688593.809976) can0 400#3E3F2B712C750000
(946688593.809976) can0 401#017F000000000000
(946688593.819976) can0 18FF01EA#2400A1062400A106
(946688593.819976) can0 18FF02EA#23009F0623009F06
(946688593.829976) can0 18FF01EA#2200B3062200B306
(946688593.829976) can0 18FF02EA#2500920625009206
(946688593.829976) can0 18FF1085#000000031E01001E
(946688593.829976) can0 400#3D3D2A732C6D0000
(946688593.829976) can0 401#017E000000000000
(946688593.839976) can0 18FF01EA#2300B0062300B006
(946688593.839976) can0 18FF02EA#2500A6062500A606
(946688593.849976) can0 18FF01EA#2200A5062200A506
(946688593.849976) can0 18FF02EA#2500A7062500A706
(946688593.849976) can0 18FF1085#000000031E01001E
(946688593.849976) can0 400#3C3C2C762B760000
(946688593.849976) can0 401#007E000000000000
(946688593.859976) can0 18FF01EA#2400950624009506
(946688593.859976) can0 18FF02EA#2300920623009206
(946688593.869976) can0 18FF01EA#2500B0062500B006
(946688593.869976) can0 18FF02EA#2400900624009006
(946688593.869976) can0 18FF1085#000000031E01001E
(946688593.869976) can0 400#3B3E2C6D2C750000
(946688593.869976) can0 401#017E000000000000
(946688593.879976) can0 18FF01EA#25008E0625008E06
(946688593.879976) can0 18FF02EA#2500920625009206
(946688593.889976) can0 18FF01EA#2300920623009206
(946688593.889976) can0 18FF02EA#2400B5062400B506
(946688593.889976) can0 18FF1085#000000031E01001E
(946688593.889976) can0 400#3D3E2C712A6F0000
(946688593.889976) can0 401#007E000000000000
(946688593.889976) can0 19B30007#00005E20AB9A0000
(946688593.889976) can0 19B30100#D6D6D6D6D6D6D6D6
(946688593.899976) can0 18FF01EA#23009E0623009E06
(946688593.899976) can0 18FF02EA#2300A0062300A006
(946688593.909976) can0 18FF01EA#2200A9062200A906
(946688593.909976) can0 18FF02EA#2500A0062500A006
(946688593.909976) can0 18FF1085#000000031E01001E
(946688593.909976) can0 400#3E3D2B6D2C6F0000
(946688593.909976) can0 401#007E000000000000
(946688593.919976) can0 18FF01EA#2200A4062200A406
(946688593.919976) can0 18FF02EA#23009B0623009B06
(946688593.929976) can0 18FF01EA#2500A6062500A606
(946688593.929976) can0 18FF02EA#2300910623009106
(946688593.929976) can0 18FF1085#000000031E01001E
(946688593.929976) can0 400#3F3F2B752C730000
(946688593.929976) can0 401#017F000000000000
(946688593.939976) can0 18FF01EA#2300A3062300A306
(946688593.939976) can0 18FF02EA#2200B0062200B006
(946688593.949976) can0 18FF01EA#2200A3062200A306
(946688593.949976) can0 18FF02EA#2200AC062200AC06
(946688593.949976) can0 18FF1085#000000031E01001E
(946688593.949976) can0 400#3B3E2C6F2A6E0000
(946688593.949976) can0 401#007F000000000000
(946688593.959976) can0 18FF01EA#2300950623009506
(946688593.959976) can0 18FF02EA#22009F0622009F06
(946688593.969976) can0 18FF01EA#2400B3062400B306
(946688593.969976) can0 18FF02EA#2200A6062200A606
(946688593.969976) can0 18FF1085#000000031E01001E
(946688593.969976) can0 400#3D3C2B6F2B6E0000
(946688593.969976) can0 401#007F000000000000
(946688593.979976) can0 18FF01EA#2200940622009406
(946688593.979976) can0 18FF02EA#2500AA062500AA06
(946688593.989976) can0 18FF01EA#2200A1062200A106
(946688593.989976) can0 18FF02EA#24009F0624009F06
(946688593.989976) can0 18FF1085#000000031E01001E
(946688593.989976) can0 400#3D3C2B732B760000
(946688593.989976) can0 401#017E000000000000
(946688593.989976) can0 19B30007#00005E20AB9A0000
(946688593.989976) can0 19B30100#D6D6D6D6D6D6D6D6
(946688593.999976) can0 18FF01EA#2400920624009206
(946688593.999976) can0 18FF02EA#2200900622009006
(946688594.009976) can0 18FF01EA#2500A3062500A306
(946688594.009976) can0 18FF02EA#2200A1062200A106
(946688594.009976) can0 18FF1085#000000031E01001E
(946688594.009976) can0 400#3D3B2C6F2B750000
(946688594.009976) can0 401#017C000000000000
(946688594.019976) can0 18FF01EA#2400AE062400AE06
(946688594.019976) can0 18FF02EA#2200900622009006
(946688594.029976) can0 18FF01EA#2400A4062400A406
(946688594.029976) can0 18FF02EA#2400920624009206
(946688594.029976) can0 18FF1085#000000031E01001E
(946688594.029976) can0 400#3D3E2B6F2B750000
(946688594.029976) can0 401#017B000000000000
(946688594.039976) can0 18FF01EA#2200B2062200B206
(946688594.039976) can0 18FF02EA#22009C0622009C06
(946688594.049976) can0 18FF01EA#2200B2062200B206
(946688594.049976) can0 18FF02EA#2300B3062300B306
(946688594.049976) can0 18FF1085#000000031E01001E
(946688594.049976) can0 400#3D3D2B752B700000
(946688594.049976) can0 401#0179000000000000
(946688594.059976) can0 18FF01EA#22009D0622009D06
(946688594.059976) can0 18FF02EA#2200980622009806
(946688594.069976) can0 18FF01EA#23009F0623009F06
(946688594.069976) can0 18FF02EA#2300A0062300A006
(946688594.069976) can0 18FF1085#000000031E01001E
(946688594.069976) can0 400#3E3F2C742B760000
(946688594.069976) can0 401#0076000000000000
(946688594.079976) can0 18FF01EA#2400990624009906
(946688594.079976) can0 18FF02EA#2400AE062400AE06
(946688594.089976) can0 18FF01EA#2200B1062200B106
(946688594.089976) can0 18FF02EA#2400900624009006
(946688594.089976) can0 18FF1085#000000031E01001E
(946688594.089976) can0 400#3E3C2B712C6F0000
(946688594.089976) can0 401#0075000000000000
(946688594.089976) can0 19B30007#00005E20AB9A0000
(946688594.089976) can0 19B30100#D6D6D6D6D6D6D6D6
(946688594.099976) can0 18FF01EA#2200A5062200A506
(946688594.099976) can0 18FF02EA#2300A1062300A106
(946688594.109976) can0 18FF01EA#2300AC062300AC06
(946688594.109976) can0 18FF02EA#2200A7062200A706
(946688594.109976) can0 18FF1085#000000031E01001E
(946688594.109976) can0 400#3F3F2B752B730000
(946688594.109976) can0 401#0073000000000000
(946688594.119976) can0 18FF01EA#23009D0623009D06
(946688594.119976) can0 18FF02EA#2500A2062500A206
(946688594.129976) can0 18FF01EA#2300930623009306
(946688594.129976) can0 18FF02EA#2200B0062200B006
(946688594.129976) can0 18FF1085#000000031E01001E
(946688594.129976) can0 400#3F3E2B702B750000
(946688594.129976) can0 401#0172000000000000
(946688594.139976) can0 18FF01EA#2400A1062400A106
(946688594.139976) can0 18FF02EA#2300A7062300A706
(946688594.149976) can0 18FF01EA#23009A0623009A06
(946688594.149976) can0 18FF02EA#25009D0625009D06
(946688594.149976) can0 18FF1085#000000031E01001E
(946688594.149976) can0 400#3F3D2B6E2B700000
(946688594.149976) can0 401#0070000000000000
(946688594.159976) can0 18FF01EA#2200B1062200B106
(946688594.159976) can0 18FF02EA#23008F0623008F06
(946688594.169976) can0 18FF01EA#2500A5062500A506
(946688594.169976) can0 18FF02EA#2200900622009006
(946688594.169976) can0 18FF1085#000000031E01001E
(946688594.169976) can0 400#3C3F2B752C6F0000
(946688594.169976) can0 401#006F000000000000
(946688594.179976) can0 18FF01EA#2400970624009706
(946688594.179976) can0 18FF02EA#2300900623009006
(946688594.189976) can0 18FF01EA#22009E0622009E06
(946688594.189976) can0 18FF02EA#2400980624009806
(946688594.189976) can0 18FF1085#000000031E01001E
(946688594.189976) can0 400#3F3B2C762B6D0000
(946688594.189976) can0 401#016F000000000000
(946688594.189976) can0 19B30007#00005E20AB9A0000
(946688594.189976) can0 19B30100#D6D6D6D6D6D6D6D6
(946688594.199976) can0 18FF01EA#2300A3062300A306
(946688594.199976) can0 18FF02EA#2200AC062200AC06
(946688594.209976) can0 18FF01EA#25008F0625008F06
(946688594.209976) can0 18FF02EA#2200B3062200B306
(946688594.209976) can0 18FF1085#000000031E01001E
(946688594.209976) can0 400#3F3F2C702C6D0000
(946688594.209976) can0 401#016D000000000000
(946688594.219976) can0 18FF01EA#2300980623009806
(946688594.219976) can0 18FF02EA#2400AE062400AE06
(946688594.229976) can0 18FF01EA#2500AE062500AE06
(946688594.229976) can0 18FF02EA#2300A5062300A506
(946688594.229976) can0 18FF1085#000000031E01001E
(946688594.229976) can0 400#3F3E2C6D2B710000
(946688594.229976) can0 401#016C000000000000
(946688594.239976) can0 18FF01EA#2200B3062200B306
(946688594.239976) can0 18FF02EA#2200B0062200B006
(946688594.249976) can0 18FF01EA#25008E0625008E06
(946688594.249976) can0 18FF02EA#2500990625009906
(946688594.249976) can0 18FF1085#000000031E01001E
(946688594.249976) can0 400#3D3F2C732C720000
(946688594.249976) can0 401#006C000000000000
(946688594.259976) can0 18FF01EA#2400910624009106
(946688594.259976) can0 18FF02EA#2200A1062200A106
(946688594.269976) can0 18FF01EA#24009D0624009D06
(946688594.269976) can0 18FF02EA#22008F0622008F06
(946688594.269976) can0 18FF1085#000000031E01001E
(946688594.269976) can0 400#3E3E2C702C730000
(946688594.269976) can0 401#016B000000000000
(946688594.279976) can0 18FF01EA#2400AE062400AE06
(946688594.279976) can0 18FF02EA#2200AF062200AF06
(946688594.289976) can0 18FF01EA#2200910622009106
(946688594.289976) can0 18FF02EA#2500910625009106
(946688594.289976) can0 18FF1085#000000031E01001E
(946688594.289976) can0 400#3C3E2B762B750000
(946688594.289976) can0 401#006C000000000000
(946688594.289976) can0 19B30007#00005E20AB9A0000
(946688594.289976) can0 19B30100#D6D6D6D6D6D6D6D6
(946688594.299976) can0 18FF01EA#2500A3062500A306
(946688594.299976) can0 18FF02EA#2400A4062400A406
(946688594.309976) can0 18FF01EA#2200950622009506
(946688594.309976) can0 18FF02EA#2300B5062300B506
(946688594.309976) can0 18FF1085#000000031E01001E
(946688594.309976) can0 400#3B3F2B732C740000
(946688594.309976) can0 401#006B000000000000
(946688594.319976) can0 18FF01EA#2500920625009206
(946688594.319976) can0 18FF02EA#24008E0624008E06
(946688594.329976) can0 18FF01EA#2300AD062300AD06
(946688594.329976) can0 18FF02EA#2400A4062400A406
(946688594.329976) can0 18FF1085#000000031E01001E
(946688594.329976) can0 400#3F3D2B742B720000
(946688594.329976) can0 401#006A000000000000
(946688594.339976) can0 18FF01EA#23009B0623009B06
(946688594.339976) can0 18FF02EA#25009D0625009D06
(946688594.349976) can0 18FF01EA#2400A8062400A806
(946688594.349976) can0 18FF02EA#22009D0622009D06
(946688594.349976) can0 18FF1085#000000031E01001E
(946688594.349976) can0 400#3E3F2B6E2C750000
(946688594.349976) can0 401#016A000000000000
(946688594.359976) can0 18FF01EA#2300AC062300AC06
(946688594.359976) can0 18FF02EA#2300AA062300AA06
(946688594.369976) can0 18FF01EA#2200B5062200B506
(946688594.369976) can0 18FF02EA#2300AC062300AC06
(946688594.369976) can0 18FF1085#000000031E01001E
(946688594.369976) can0 400#3C3C2B742B6F0000
(946688594.369976) can0 401#0069000000000000
(946688594.379976) can0 18FF01EA#2500A1062500A106
(946688594.379976) can0 18FF02EA#2200B0062200B006
(946688594.389976) can0 18FF01EA#23008E0623008E06
(946688594.389976) can0 18FF02EA#2300A6062300A606
(946688594.389976) can0 18FF1085#000000031E01001E
(946688594.389976) can0 400#3C3C2C702B700000
(946688594.389976) can0 401#006A000000000000
(946688594.389976) can0 19B30007#00005E20AB9A0000
(946688594.389976) can0 19B30100#D6D6D6D6D6D6D6D6
(946688594.399976) can0 18FF01EA#25009C0625009C06
(946688594.399976) can0 18FF02EA#2200B2062200B206
(946688594.409976) can0 18FF01EA#2500910625009106
(946688594.409976) can0 18FF02EA#2300AA062300AA06
(946688594.409976) can0 18FF1085#000000031E01001E
(946688594.409976) can0 400#3C3C2C762B700000
(946688594.409976) can0 401#0069000000000000
(946688594.419976) can0 18FF01EA#2500B3062500B306
(946688594.419976) can0 18FF02EA#2300A8062300A806
(946688594.429976) can0 18FF01EA#22008F0622008F06
(946688594.429976) can0 18FF02EA#2300B5062300B506
(946688594.429976) can0 18FF1085#000000031E01001E
(946688594.429976) can0 400#3E3D2C732C750000
(946688594.429976) can0 401#006A000000000000
(946688594.439976) can0 18FF01EA#2200A7062200A706
(946688594.439976) can0 18FF02EA#2300AA062300AA06
(946688594.449976) can0 18FF01EA#2400A0062400A006
(946688594.449976) can0 18FF02EA#2300980623009806
(946688594.449976) can0 18FF1085#000000031E01001E
(946688594.449976) can0 400#3F3B2B6D2C700000
(946688594.449976) can0 401#0069000000000000
(946688594.459976) can0 18FF01EA#2200910622009106
(946688594.459976) can0 18FF02EA#2500990625009906
(946688594.469976) can0 18FF01EA#2500950625009506
(946688594.469976) can0 18FF02EA#2300920623009206
(946688594.469976) can0 18FF1085#000000031E01001E
(946688594.469976) can0 400#3D3E2A702B6D0000
(946688594.469976) can0 401#0069000000000000
(946688594.479976) can0 18FF01EA#2400AD062400AD06
(946688594.479976) can0 18FF02EA#2200960622009606
(946688594.489976) can0 18FF01EA#2500AB062500AB06
(946688594.489976) can0 18FF02EA#2200A8062200A806
(946688594.489976) can0 18FF1085#000000031E01001E
(946688594.489976) can0 400#3F3B2B6F2C700000
(946688594.489976) can0 401#0069000000000000
(946688594.489976) can0 19B30007#00005E20AB9A0000
(946688594.489976) can0 19B30100#D6D6D6D6D6D6D6D6
(946688594.499976) can0 18FF01EA#2200AA062200AA06
(946688594.499976) can0 18FF02EA#2400AB062400AB06
(946688594.509976) can0 18FF01EA#2400B0062400B006
(946688594.509976) can0 18FF02EA#24009A0624009A06
(946688594.509976) can0 18FF1085#000000031E01001E
(946688594.509976) can0 400#3B3D2C712C6F0000
(946688594.509976) can0 401#0069000000000000
(946688594.519976) can0 18FF01EA#25009D0625009D06
(946688594.519976) can0 18FF02EA#2300A8062300A806
(946688594.529976) can0 18FF01EA#2300B4062300B406
(946688594.529976) can0 18FF02EA#2300B3062300B306
(946688594.529976) can0 18FF1085#000000031E01001E
(946688594.529976) can0 400#3E3E2B732B6D0000
(946688594.529976) can0 401#0067000000000000
(946688594.539976) can0 18FF01EA#2300A8062300A806
(946688594.539976) can0 18FF02EA#2500B2062500B206
(946688594.549976) can0 18FF01EA#2200A3062200A306
(946688594.549976) can0 18FF02EA#2500AA062500AA06
(946688594.549976) can0 18FF1085#000000031E01001E
(946688594.549976) can0 400#3C3E2C6F2B6F0000
(946688594.549976) can0 401#0067000000000000
(946688594.559976) can0 18FF01EA#2300A0062300A006
(946688594.559976) can0 18FF02EA#22009E0622009E06
(946688594.569976) can0 18FF01EA#2400970624009706
(946688594.569976) can0 18FF02EA#2200AD062200AD06
(946688594.569976) can0 18FF1085#000000031E01001E
(946688594.569976) can0 400#3F3C2B722C6C0000
(946688594.569976) can0 401#0067000000000000
(946688594.579976) can0 18FF01EA#2400B1062400B106
(946688594.579976) can0 18FF02EA#2200940622009406
(946688594.589976) can0 18FF01EA#2400970624009706
(946688594.589976) can0 18FF02EA#23008E0623008E06
(946688594.589976) can0 18FF1085#000000031E01001E
(946688594.589976) can0 400#3D3E2B752B6D0000
(946688594.589976) can0 401#0068000000000000
(946688594.589976) can0 19B30007#00005E20AB9A0000
(946688594.589976) can0 19B30100#D6D6D6D6D6D6D6D6
(946688594.599976) can0 18FF01EA#2200B1062200B106
(946688594.599976) can0 18FF02EA#2200950622009506
(946688594.609976) can0 18FF01EA#2200B5062200B506
(946688594.609976) can0 18FF02EA#2400A4062400A406
(946688594.609976) can0 18FF1085#000000031E01001E
(946688594.609976) can0 400#3D3F2B6F2C760000
(946688594.609976) can0 401#0067000000000000
(946688594.619976) can0 18FF01EA#2200B5062200B506
(946688594.619976) can0 18FF02EA#2400B5062400B506
(946688594.629976) can0 18FF01EA#2200B0062200B006
(946688594.629976) can0 18FF02EA#2500900625009006
(946688594.629976) can0 18FF1085#000000031E01001E
(946688594.629976) can0 400#3D3D2B762C6C0000
(946688594.629976) can0 401#0068000000000000
(946688594.639976) can0 18FF01EA#2400AC062400AC06
(946688594.639976) can0 18FF02EA#2200AC062200AC06
(946688594.649976) can0 18FF01EA#2200900622009006
(946688594.649976) can0 18FF02EA#2500AD062500AD06
(946688594.649976) can0 18FF1085#000000031E01001E
(946688594.649976) can0 400#3E3C2C722C730000
(946688594.649976) can0 401#0069000000000000
(946688594.659976) can0 18FF01EA#23009C0623009C06
(946688594.659976) can0 18FF02EA#2400A3062400A306
(946688594.669976) can0 18FF01EA#2500AF062500AF06
(946688594.669976) can0 18FF02EA#2300990623009906
(946688594.669976) can0 18FF1085#000000031E01001E
(946688594.669976) can0 400#3E3F2C712B6F0000
(946688594.669976) can0 401#0067000000000000
(946688594.679976) can0 18FF01EA#22009F0622009F06
(946688594.679976) can0 18FF02EA#2200A9062200A906
(946688594.689976) can0 18FF01EA#2300A0062300A006
(946688594.689976) can0 18FF02EA#23008E0623008E06
(946688594.689976) can0 18FF1085#000000031E01001E
(946688594.689976) can0 400#3D3E2B6E2B730000
(946688594.689976) can0 401#0068000000000000
(946688594.689976) can0 19B30007#00005E20AB9A0000
(946688594.689976) can0 19B30100#D6D6D6D6D6D6D6D6
(946688594.699975) can0 18FF01EA#2200980622009806
(946688594.699975) can0 18FF02EA#24009C0624009C06
(946688594.709975) can0 18FF01EA#2500980625009806
(946688594.709975) can0 18FF02EA#2500B3062500B306
(946688594.709975) can0 18FF1085#000000031E01001E
(946688594.709975) can0 400#3B3D2C732B700000
(946688594.709975) can0 401#0167000000000000
(946688594.719975) can0 18FF01EA#2300A3062300A306
(946688594.719975) can0 18FF02EA#2200990622009906
(946688594.729975) can0 18FF01EA#23008E0623008E06
(946688594.729975) can0 18FF02EA#2400A0062400A006
(946688594.729975) can0 18FF1085#000000031E01001E
(946688594.729975) can0 400#3F3F2B742C730000
(946688594.729975) can0 401#0167000000000000
(946688594.739975) can0 18FF01EA#22008F0622008F06
(946688594.739975) can0 18FF02EA#2500A3062500A306
(946688594.749975) can0 18FF01EA#24008E0624008E06
(946688594.749975) can0 18FF02EA#2500A1062500A106
(946688594.749975) can0 18FF1085#000000031E01001E
(946688594.749975) can0 400#3E3E2C742C6D0000
(946688594.749975) can0 401#0168000000000000
(946688594.759975) can0 18FF01EA#2300950623009506
(946688594.759975) can0 18FF02EA#2200A0062200A006
(946688594.769975) can0 18FF01EA#2300AF062300AF06
(946688594.769975) can0 18FF02EA#2300AF062300AF06
(946688594.769975) can0 18FF1085#000000031E01001E
(946688594.769975) can0 400#3E3F2C762C6D0000
(946688594.769975) can0 401#0168000000000000
(946688594.779975) can0 18FF01EA#2300B1062300B106
(946688594.779975) can0 18FF02EA#2500B2062500B206
(946688594.789975) can0 18FF01EA#2300920623009206
(946688594.789975) can0 18FF02EA#2300960623009606
(946688594.789975) can0 18FF1085#000000031E01001E
(946688594.789975) can0 400#3E3C2B6C2B720000
(946688594.789975) can0 401#0168000000000000
(946688594.789975) can0 19B30007#00005E20AB9A0000
(946688594.789975) can0 19B30100#D6D6D6D6D6D6D6D6
(946688594.799975) can0 18FF01EA#2300AA062300AA06
(946688594.799975) can0 18FF02EA#2400A3062400A306
(946688594.809975) can0 18FF01EA#23008F0623008F06
(946688594.809975) can0 18FF02EA#2500A0062500A006
(946688594.809975) can0 18FF1085#000000031E01001E
(946688594.809975) can0 400#3C3E2B722C730000
(946688594.809975) can0 401#0167000000000000
(946688594.819975) can0 18FF01EA#2200A8062200A806
(946688594.819975) can0 18FF02EA#23009C0623009C06
(946688594.829975) can0 18FF01EA#2300A6062300A606
(946688594.829975) can0 18FF02EA#2300A6062300A606
(946688594.829975) can0 18FF1085#000000031E01001E
(946688594.829975) can0 400#3C3D2C752B750000
(946688594.829975) can0 401#0068000000000000
(946688594.839975) can0 18FF01EA#2500A6062500A606
(946688594.839975) can0 18FF02EA#2500AA062500AA06
(946688594.849975) can0 18FF01EA#2300970623009706
(946688594.849975) can0 18FF02EA#24009E0624009E06
(946688594.849975) can0 18FF1085#000000031E01001E
(946688594.849975) can0 400#3C3C2C712B6E0000
(946688594.849975) can0 401#0068000000000000
(946688594.859975) can0 18FF01EA#2200A3062200A306
(946688594.859975) can0 18FF02EA#2400AD062400AD06
(946688594.869975) can0 18FF01EA#2300AC062300AC06
(946688594.869975) can0 18FF02EA#25009A0625009A06
(946688594.869975) can0 18FF1085#000000031E01001E
(946688594.869975) can0 400#3E3D2B742B6F0000
(946688594.869975) can0 401#0067000000000000
(946688594.879975) can0 18FF01EA#2200910622009106
(946688594.879975) can0 18FF02EA#2400940624009406
(946688594.889975) can0 18FF01EA#24009A0624009A06
(946688594.889975) can0 18FF02EA#22009B0622009B06
(946688594.889975) can0 18FF1085#000000031E01001E
(946688594.889975) can0 400#3C3E2B6D2C6D0000
(946688594.889975) can0 401#0068000000000000
(946688594.889975) can0 19B30007#00005E20AB9A0000
(946688594.889975) can0 19B30100#D6D6D6D6D6D6D6D6
(946688594.899975) can0 18FF01EA#24009C0624009C06
(946688594.899975) can0 18FF02EA#25009C0625009C06
(946688594.909975) can0 18FF01EA#2200930622009306
(946688594.909975) can0 18FF02EA#2200AE062200AE06
(946688594.909975) can0 18FF1085#000000031E01001E
(946688594.909975) can0 400#3C3F2C702C6E0000
(946688594.909975) can0 401#0067000000000000
(946688594.919975) can0 18FF01EA#2400B1062400B106
(946688594.919975) can0 18FF02EA#2300960623009606
(946688594.929975) can0 18FF01EA#2500AF062500AF06
(946688594.929975) can0 18FF02EA#2400B5062400B506
(946688594.929975) can0 18FF1085#000000031E01001E
(946688594.929975) can0 400#3D3E2C6C2C740000
(946688594.929975) can0 401#0067000000000000
(946688594.939975) can0 18FF01EA#2500950625009506
(946688594.939975) can0 18FF02EA#2400A4062400A406
(946688594.949975) can0 18FF01EA#2400990624009906
(946688594.949975) can0 18FF02EA#2300AA062300AA06
(946688594.949975) can0 18FF1085#000000031E01001E
(946688594.949975) can0 400#3F3C2B762C720000
(946688594.949975) can0 401#0067000000000000
(946688594.959975) can0 18FF01EA#25009E0625009E06
(946688594.959975) can0 18FF02EA#22008E0622008E06
(946688594.969975) can0 18FF01EA#2500940625009406
(946688594.969975) can0 18FF02EA#2500B1062500B106
(946688594.969975) can0 18FF1085#000000031E01001E
(946688594.969975) can0 400#3E3E2B762B740000
(946688594.969975) can0 401#0068000000000000
(946688594.979975) can0 18FF01EA#2200950622009506
(946688594.979975) can0 18FF02EA#2300930623009306
(946688594.989975) can0 18FF01EA#2400950624009506
(946688594.989975) can0 18FF02EA#2400A9062400A906
(946688594.989975) can0 18FF1085#000000031E01001E
(946688594.989975) can0 400#3E3F2B712C720000
(946688594.989975) can0 401#0168000000000000
(946688594.989975) can0 19B30007#00005E20AB9A0000
(946688594.989975) can0 19B30100#D6D6D6D6D6D6D6D6
(946688594.999975) can0 18FF01EA#2300970623009706
(946688594.999975) can0 18FF02EA#2500980625009806
(946688595.009975) can0 18FF01EA#2300A3062300A306
(946688595.009975) can0 18FF02EA#2400970624009706
(946688595.009975) can0 18FF1085#000000031E01001E
(946688595.009975) can0 400#3E3E2C742C6E0000
(946688595.009975) can0 401#0067000000000000
(946688595.019975) can0 18FF01EA#2500A4062500A406
(946688595.019975) can0 18FF02EA#2300920623009206
(946688595.029975) can0 18FF01EA#2300B4062300B406
(946688595.029975) can0 18FF02EA#2500AA062500AA06
(946688595.029975) can0 18FF1085#000000031E01001E
(946688595.029975) can0 400#3B3D2B742B6F0000
(946688595.029975) can0 401#0068000000000000
(946688595.039975) can0 18FF01EA#2500B1062500B106
(946688595.039975) can0 18FF02EA#2200AA062200AA06
(946688595.049975) can0 18FF01EA#2500AF062500AF06
(946688595.049975) can0 18FF02EA#2400A4062400A406
(946688595.049975) can0 18FF1085#000000031E01001E
(946688595.049975) can0 400#3C3D2B732B720000
(946688595.049975) can0 401#0068000000000000
(946688595.059975) can0 18FF01EA#2300920623009206
(946688595.059975) can0 18FF02EA#2200A6062200A606
(946688595.069975) can0 18FF01EA#23009F0623009F06
(946688595.069975) can0 18FF02EA#24009D0624009D06
(946688595.069975) can0 18FF1085#000000031E01001E
(946688595.069975) can0 400#3F3C2C6C2C700000
(946688595.069975) can0 401#0068000000000000
(946688595.079975) can0 18FF01EA#2400930624009306
(946688595.079975) can0 18FF02EA#2500A2062500A206
(946688595.089975) can0 18FF01EA#2500950625009506
(946688595.089975) can0 18FF02EA#24008E0624008E06
(946688595.089975) can0 18FF1085#000000031E01001E
(946688595.089975) can0 400#3C3E2C702B6E0000
(946688595.089975) can0 401#0167000000000000
(946688595.089975) can0 19B30007#00005E20AB9A0000
(946688595.089975) can0 19B30100#D6D6D6D6D6D6D6D6
(946688595.099975) can0 18FF01EA#24009C0624009C06
(946688595.099975) can0 18FF02EA#2300B0062300B006
(946688595.109975) can0 18FF01EA#2400B1062400B106
(946688595.109975) can0 18FF02EA#2200AF062200AF06
(946688595.109975) can0 18FF1085#000000031E01001E
(946688595.109975) can0 400#3C3F2B732C6F0000
(946688595.109975) can0 401#0067000000000000
(946688595.119975) can0 18FF01EA#2400980624009806
(946688595.119975) can0 18FF02EA#2400A8062400A806
(946688595.129975) can0 18FF01EA#2500A1062500A106
(946688595.129975) can0 18FF02EA#2300970623009706
(946688595.129975) can0 18FF1085#000000031E01001E
(946688595.129975) can0 400#3F3E2C702B700000
(946688595.129975) can0 401#0067000000000000
(946688595.139975) can0 18FF01EA#24009B0624009B06
(946688595.139975) can0 18FF02EA#2400900624009006
(946688595.149975) can0 18FF01EA#2500A0062500A006
(946688595.149975) can0 18FF02EA#2200A9062200A906
(946688595.149975) can0 18FF1085#000000031E01001E
(946688595.149975) can0 400#3F3C2C722C740000
(946688595.149975) can0 401#0168000000000000
(946688595.159975) can0 18FF01EA#23008E0623008E06
(946688595.159975) can0 18FF02EA#2300A0062300A006
(946688595.169975) can0 18FF01EA#2300900623009006
(946688595.169975) can0 18FF02EA#25008F0625008F06
(946688595.169975) can0 18FF1085#000000031E01001E
(946688595.169975) can0 400#3E3C2C742C6C0000
(946688595.169975) can0 401#0067000000000000
(946688595.179975) can0 18FF01EA#2400900624009006
(946688595.179975) can0 18FF02EA#22009F0622009F06
(946688595.189975) can0 18FF01EA#2500980625009806
(946688595.189975) can0 18FF02EA#2500990625009906
(946688595.189975) can0 18FF1085#000000031E01001E
(946688595.189975) can0 400#3C3C2C6E2C720000
(946688595.189975) can0 401#0067000000000000
(946688595.189975) can0 19B30007#00005E20AB9A0000
(946688595.189975) can0 19B30100#D6D6D6D6D6D6D6D6
(946688595.199975) can0 18FF01EA#25008F0625008F06
(946688595.199975) can0 18FF02EA#2200950622009506
(946688595.209975) can0 18FF01EA#2300910623009106
(946688595.209975) can0 18FF02EA#23009B0623009B06
(946688595.209975) can0 18FF1085#000000031E01001E
(946688595.209975) can0 400#3D3D2B752C750000
(946688595.209975) can0 401#0067000000000000
(946688595.219975) can0 18FF01EA#2200AF062200AF06
(946688595.219975) can0 18FF02EA#2300990623009906
(946688595.229975) can0 18FF01EA#2200970622009706
(946688595.229975) can0 18FF02EA#2500930625009306
(946688595.229975) can0 18FF1085#000000031E01001E
(946688595.229975) can0 400#3D3C2B712B6E0000
(946688595.229975) can0 401#0067000000000000
(946688595.239975) can0 18FF01EA#25009C0625009C06
(946688595.239975) can0 18FF02EA#2200AC062200AC06
(946688595.249975) can0 18FF01EA#22009C0622009C06
(946688595.249975) can0 18FF02EA#2300AF062300AF06
(946688595.249975) can0 18FF1085#000000031E01001E
(946688595.249975) can0 400#3C3B2C732B730000
(946688595.249975) can0 401#0168000000000000
(946688595.259975) can0 18FF01EA#2400AB062400AB06
(946688595.259975) can0 18FF02EA#22009D0622009D06
(946688595.269975) can0 18FF01EA#2300970623009706
(946688595.269975) can0 18FF02EA#2500940625009406
(946688595.269975) can0 18FF1085#000000031E01001E
(946688595.269975) can0 400#3F3F2B6F2C6E0000
(946688595.269975) can0 401#0067000000000000
(946688595.279975) can0 18FF01EA#24009B0624009B06
(946688595.279975) can0 18FF02EA#25009D0625009D06
(946688595.289975) can0 18FF01EA#2300AB062300AB06
(946688595.289975) can0 18FF02EA#2400B4062400B406
(946688595.289975) can0 18FF1085#000000031E01001E
(946688595.289975) can0 400#3F3E2B762C710000
(946688595.289975) can0 401#0068000000000000
(946688595.289975) can0 19B30007#00005E20AB9A0000
(946688595.289975) can0 19B30100#D6D6D6D6D6D6D6D6
(946688595.299975) can0 18FF01EA#2500950625009506
(946688595.299975) can0 18FF02EA#23009C0623009C06
(946688595.309975) can0 18FF01EA#2500A5062500A506
(946688595.309975) can0 18FF02EA#25008E0625008E06
(946688595.309975) can0 18FF1085#000000031E01001E
(946688595.309975) can0 400#3E3C2B762C710000
(946688595.309975) can0 401#0168000000000000
(946688595.319975) can0 18FF01EA#2200AE062200AE06
(946688595.319975) can0 18FF02EA#22009D0622009D06
(946688595.329975) can0 18FF01EA#2200A0062200A006
(946688595.329975) can0 18FF02EA#2500A4062500A406
(946688595.329975) can0 18FF1085#000000031E01001E
(946688595.329975) can0 400#3C3E2B722B740000
(946688595.329975) can0 401#0068000000000000
(946688595.339975) can0 18FF01EA#23009A0623009A06
(946688595.339975) can0 18FF02EA#23009E0623009E06
(946688595.349975) can0 18FF01EA#2500940625009406
(946688595.349975) can0 18FF02EA#2300950623009506
(946688595.349975) can0 18FF1085#000000031E01001E
(946688595.349975) can0 400#3F3E2C702C700000
(946688595.349975) can0 401#0067000000000000
(946688595.359975) can0 18FF01EA#2400A7062400A706
(946688595.359975) can0 18FF02EA#23009D0623009D06
(946688595.369975) can0 18FF01EA#2300B2062300B206
(946688595.369975) can0 18FF02EA#2500A1062500A106
(946688595.369975) can0 18FF1085#000000031E01001E
(946688595.369975) can0 400#3D3E2C742C710000
(946688595.369975) can0 401#0068000000000000
(946688595.379975) can0 18FF01EA#2400A4062400A406
(946688595.379975) can0 18FF02EA#2200B1062200B106
(946688595.389975) can0 18FF01EA#25009E0625009E06
(946688595.389975) can0 18FF02EA#2400A4062400A406
(946688595.389975) can0 18FF1085#000000031E01001E
(946688595.389975) can0 400#3C3C2C6D2B750000
(946688595.389975) can0 401#0068000000000000
(946688595.389975) can0 19B30007#00005E20AB9A0000
(946688595.389975) can0 19B30100#D6D6D6D6D6D6D6D6
(946688595.399975) can0 18FF01EA#22009D0622009D06
(946688595.399975) can0 18FF02EA#2200B0062200B006
(946688595.409975) can0 18FF01EA#23009F0623009F06
(946688595.409975) can0 18FF02EA#2400990624009906
(946688595.409975) can0 18FF1085#000000031E01001E
(946688595.409975) can0 400#3C3F2C742D6E0000
(946688595.409975) can0 401#0066000000000000
(946688595.419975) can0 18FF01EA#2200910622009106
(946688595.419975) can0 18FF02EA#2400960624009606
(946688595.429975) can0 18FF01EA#2200950622009506
(946688595.429975) can0 18FF02EA#2300B2062300B206
(946688595.429975) can0 18FF1085#000000031E01001E
(946688595.429975) can0 400#3F3E2C742C750000
(946688595.429975) can0 401#0068000000000000
(946688595.439975) can0 18FF01EA#2200A6062200A606
(946688595.439975) can0 18FF02EA#2200940622009406
(946688595.449975) can0 18FF01EA#2300AF062300AF06
(946688595.449975) can0 18FF02EA#2500970625009706
(946688595.449975) can0 18FF1085#000000031E01001E
(946688595.449975) can0 400#3E3D2B762B700000
(946688595.449975) can0 401#0068000000000000
(946688595.459975) can0 18FF01EA#2200B0062200B006
(946688595.459975) can0 18FF02EA#2300AF062300AF06
(946688595.469975) can0 18FF01EA#22009B0622009B06
(946688595.469975) can0 18FF02EA#2300900623009006
(946688595.469975) can0 18FF1085#000000031E01001E
(946688595.469975) can0 400#3C3E2C6E2B710000
(946688595.469975) can0 401#0068000000000000
(946688595.479975) can0 18FF01EA#24009E0624009E06
(946688595.479975) can0 18FF02EA#23009F0623009F06
(946688595.489975) can0 18FF01EA#2400940624009406
(946688595.489975) can0 18FF02EA#2400A7062400A706
(946688595.489975) can0 18FF1085#000000031E01001E
(946688595.489975) can0 400#3D3E2C6C2B750000
(946688595.489975) can0 401#0067000000000000
(946688595.489975) can0 19B30007#00005E20AB9A0000
(946688595.489975) can0 19B30100#D6D6D6D6D6D6D6D6
(946688595.499975) can0 18FF01EA#2300980623009806
(946688595.499975) can0 18FF02EA#2300B4062300B406
(946688595.509975) can0 18FF01EA#2500AB062500AB06
(946688595.509975) can0 18FF02EA#22009B0622009B06
(946688595.509975) can0 18FF1085#000000031E01001E
(946688595.509975) can0 400#3C3E2B6F2C6D0000
(946688595.509975) can0 401#0067000000000000
(946688595.519975) can0 18FF01EA#2300B1062300B106
(946688595.519975) can0 18FF02EA#2400970624009706
(946688595.529975) can0 18FF01EA#2300940623009406
(946688595.529975) can0 18FF02EA#2500B1062500B106
(946688595.529975) can0 18FF1085#000000031E01001E
(946688595.529975) can0 400#3F3E2C742B6C0000
(946688595.529975) can0 401#0167000000000000
(946688595.539975) can0 18FF01EA#2500980625009806
(946688595.539975) can0 18FF02EA#2200A5062200A506
(946688595.549975) can0 18FF01EA#2300970623009706
(946688595.549975) can0 18FF02EA#23009D0623009D06
(946688595.549975) can0 18FF1085#000000031E01001E
(946688595.549975) can0 400#3E3E2D762C6E0000
(946688595.549975) can0 401#0067000000000000
(946688595.559975) can0 18FF01EA#2500980625009806
(946688595.559975) can0 18FF02EA#2300A2062300A206
(946688595.569975) can0 18FF01EA#2500A4062500A406
(946688595.569975) can0 18FF02EA#2300A0062300A006
(946688595.569975) can0 18FF1085#000000031E01001E
(946688595.569975) can0 400#3D3E2B6D2C730000
(946688595.569975) can0 401#0068000000000000
(946688595.579975) can0 18FF01EA#23009E0623009E06
(946688595.579975) can0 18FF02EA#2300AC062300AC06
(946688595.589975) can0 18FF01EA#2500AB062500AB06
(946688595.589975) can0 18FF02EA#2500AC062500AC06
(946688595.589975) can0 18FF1085#000000031E01001E
(946688595.589975) can0 400#3F3C2C6E2B760000
(946688595.589975) can0 401#0167000000000000
(946688595.589975) can0 19B30007#00005E20AB9A0000
(946688595.589975) can0 19B30100#D6D6D6D6D6D6D6D6
(946688595.599975) can0 18FF01EA#24009D0624009D06
(946688595.599975) can0 18FF02EA#24009B0624009B06
(946688595.609975) can0 18FF01EA#2500A6062500A606
(946688595.609975) can0 18FF02EA#2200B4062200B406
(946688595.609975) can0 18FF1085#000000031E01001E
(946688595.609975) can0 400#3C3F2B702B760000
(946688595.609975) can0 401#0167000000000000
(946688595.619975) can0 18FF01EA#2400A9062400A906
(946688595.619975) can0 18FF02EA#2200970622009706
(946688595.629975) can0 18FF01EA#2400980624009806
(946688595.629975) can0 18FF02EA#2200A8062200A806
(946688595.629975) can0 18FF1085#000000031E01001E
(946688595.629975) can0 400#3E3C2B722D760000
(946688595.629975) can0 401#0068000000000000
(946688595.639975) can0 18FF01EA#23008E0623008E06
(946688595.639975) can0 18FF02EA#2400960624009606
(946688595.649975) can0 18FF01EA#2400900624009006
(946688595.649975) can0 18FF02EA#2500B2062500B206
(946688595.649975) can0 18FF1085#000000031E01001E
(946688595.649975) can0 400#3D3D2B6D2C6D0000
(946688595.649975) can0 401#0066000000000000
(946688595.659975) can0 18FF01EA#2300940623009406
(946688595.659975) can0 18FF02EA#2400950624009506
(946688595.669975) can0 18FF01EA#2300960623009606
(946688595.669975) can0 18FF02EA#24009B0624009B06
(946688595.669975) can0 18FF1085#000000031E01001E
(946688595.669975) can0 400#3F3C2C6E2C700000
(946688595.669975) can0 401#0167000000000000
(946688595.679975) can0 18FF01EA#2500A5062500A506
(946688595.679975) can0 18FF02EA#2300A4062300A406
(946688595.689975) can0 18FF01EA#2500A1062500A106
(946688595.689975) can0 18FF02EA#23008E0623008E06
(946688595.689975) can0 18FF1085#000000031E01001E
(946688595.689975) can0 400#3D3E2C6E2B730000
(946688595.689975) can0 401#0067000000000000
(946688595.689975) can0 19B30007#00005E20AB9A0000
(946688595.689975) can0 19B30100#D6D6D6D6D6D6D6D6
(946688595.699975) can0 18FF01EA#2500B1062500B106
(946688595.699975) can0 18FF02EA#2200930622009306
(946688595.709975) can0 18FF01EA#2300A6062300A606
(946688595.709975) can0 18FF02EA#25009E0625009E06
(946688595.709975) can0 18FF1085#000000031E01001E
(946688595.709975) can0 400#3E3F2B752C6E0000
(946688595.709975) can0 401#0167000000000000
(946688595.719975) can0 18FF01EA#2200A9062200A906
(946688595.719975) can0 18FF02EA#2300970623009706
(946688595.729975) can0 18FF01EA#25009A0625009A06
(946688595.729975) can0 18FF02EA#23008F0623008F06
(946688595.729975) can0 18FF1085#000000031E01001E
(946688595.729975) can0 400#3D3C2B702B740000
(946688595.729975) can0 401#0067000000000000
(946688595.739974) can0 18FF01EA#2200A0062200A006
(946688595.739974) can0 18FF02EA#24008E0624008E06
(946688595.749974) can0 18FF01EA#2400970624009706
(946688595.749974) can0 18FF02EA#2300A5062300A506
(946688595.749974) can0 18FF1085#000000031E01001E
(946688595.749974) can0 400#3C3E2B722C710000
(946688595.749974) can0 401#0066000000000000
(946688595.759974) can0 18FF01EA#2500AF062500AF06
(946688595.759974) can0 18FF02EA#2500A0062500A006
(946688595.769974) can0 18FF01EA#2500A8062500A806
(946688595.769974) can0 18FF02EA#2200A3062200A306
(946688595.769974) can0 18FF1085#000000031E01001E
(946688595.769974) can0 400#3D3D2C722C710000
(946688595.769974) can0 401#0067000000000000
(946688595.779974) can0 18FF01EA#2400920624009206
(946688595.779974) can0 18FF02EA#2500940625009406
(946688595.789974) can0 18FF01EA#2300A4062300A406
(946688595.789974) can0 18FF02EA#2400A7062400A706
(946688595.789974) can0 18FF1085#000000031E01001E
(946688595.789974) can0 400#3D3E2B6F2B750000
(946688595.789974) can0 401#0068000000000000
(946688595.789974) can0 19B30007#00005E20AB9A0000
(946688595.789974) can0 19B30100#D6D6D6D6D6D6D6D6
(946688595.799974) can0 18FF01EA#2500B2062500B206
(946688595.799974) can0 18FF02EA#2200A9062200A906
(946688595.809974) can0 18FF01EA#2500A2062500A206
(946688595.809974) can0 18FF02EA#2200960622009606
(946688595.809974) can0 18FF1085#000000031E01001E
(946688595.809974) can0 400#3D3C2C722B6D0000
(946688595.809974) can0 401#0067000000000000
(946688595.819974) can0 18FF01EA#2400A8062400A806
(946688595.819974) can0 18FF02EA#2200B2062200B206
(946688595.829974) can0 18FF01EA#2400AB062400AB06
(946688595.829974) can0 18FF02EA#2500940625009406
(946688595.829974) can0 18FF1085#000000031E01001E
(946688595.829974) can0 400#3C3E2C702C6E0000
(946688595.829974) can0 401#0167000000000000
(946688595.839974) can0 18FF01EA#2200910622009106
(946688595.839974) can0 18FF02EA#2300A0062300A006
(946688595.849974) can0 18FF01EA#2400A4062400A406
(946688595.849974) can0 18FF02EA#2300AC062300AC06
(946688595.849974) can0 18FF1085#000000031E01001E
(946688595.849974) can0 400#3C3D2B722C6D0000
(946688595.849974) can0 401#0067000000000000
(946688595.859974) can0 18FF01EA#2200AB062200AB06
(946688595.859974) can0 18FF02EA#2400AC062400AC06
(946688595.869974) can0 18FF01EA#2500AF062500AF06
(946688595.869974) can0 18FF02EA#2400A8062400A806
(946688595.869974) can0 18FF1085#000000031E01001E
(946688595.869974) can0 400#3E3C2C702C730000
(946688595.869974) can0 401#0066000000000000
(946688595.879974) can0 18FF01EA#2400A0062400A006
(946688595.879974) can0 18FF02EA#2300B2062300B206
(946688595.889974) can0 18FF01EA#2400900624009006
(946688595.889974) can0 18FF02EA#2300960623009606
(946688595.889974) can0 18FF1085#000000031E01001E
(946688595.889974) can0 400#3E3C2D6D2C750000
(946688595.889974) can0 401#0167000000000000
(946688595.889974) can0 19B30007#00005E20AB9A0000
(946688595.889974) can0 19B30100#D6D6D6D6D6D6D6D6
(946688595.899974) can0 18FF01EA#2400950624009506
(946688595.899974) can0 18FF02EA#2300990623009906
(946688595.909974) can0 18FF01EA#2300A2062300A206
(946688595.909974) can0 18FF02EA#2400A9062400A906
(946688595.909974) can0 18FF1085#000000031E01001E
(946688595.909974) can0 400#3F3F2C742D700000
(946688595.909974) can0 401#0067000000000000
(946688595.919974) can0 18FF01EA#2200AB062200AB06
(946688595.919974) can0 18FF02EA#2400A2062400A206
(946688595.929974) can0 18FF01EA#2200A1062200A106
(946688595.929974) can0 18FF02EA#23009A0623009A06
(946688595.929974) can0 18FF1085#000000031E01001E
(946688595.929974) can0 400#3B3C2B742C6D0000
(946688595.929974) can0 401#0168000000000000
(946688595.939974) can0 18FF01EA#24008F0624008F06
(946688595.939974) can0 18FF02EA#2500AF062500AF06
(946688595.949974) can0 18FF01EA#2300A9062300A906
(946688595.949974) can0 18FF02EA#2300960623009606
(946688595.949974) can0 18FF1085#000000031E01001E
(946688595.949974) can0 400#3C3C2C722B720000
(946688595.949974) can0 401#0066000000000000
(946688595.959974) can0 18FF01EA#2300A9062300A906
(946688595.959974) can0 18FF02EA#2400A9062400A906
(946688595.969974) can0 18FF01EA#24008F0624008F06
(946688595.969974) can0 18FF02EA#23008F0623008F06
(946688595.969974) can0 18FF1085#000000031E01001E
(946688595.969974) can0 400#3E3D2C752C6C0000
(946688595.969974) can0 401#0068000000000000
(946688595.979974) can0 18FF01EA#2500940625009406
(946688595.979974) can0 18FF02EA#2200A1062200A106
(946688595.989974) can0 18FF01EA#2400B5062400B506
(946688595.989974) can0 18FF02EA#2500990625009906
(946688595.989974) can0 18FF1085#000000031E01001E
(946688595.989974) can0 400#3F3D2C6D2B6D0000
(946688595.989974) can0 401#0067000000000000
(946688595.989974) can0 19B30007#00005E20AB9A0000
(946688595.989974) can0 19B30100#D6D6D6D6D6D6D6D6
(946688595.999974) can0 18FF01EA#2400940624009406
(946688595.999974) can0 18FF02EA#2300A6062300A606
(946688596.009974) can0 18FF01EA#2400990624009906
(946688596.009974) can0 18FF02EA#2200AA062200AA06
(946688596.009974) can0 18FF1085#000000031E01001E
(946688596.009974) can0 400#3E3F2C6C2D740000
(946688596.009974) can0 401#0067000000000000
(946688596.019974) can0 18FF01EA#2500B0062500B006
(946688596.019974) can0 18FF02EA#2200B2062200B206
(946688596.029974) can0 18FF01EA#2500960625009606
(946688596.029974) can0 18FF02EA#22009D0622009D06
(946688596.029974) can0 18FF1085#000000031E01001E
(946688596.029974) can0 400#3F3F2B732C730000
(946688596.029974) can0 401#0067000000000000
(946688596.039974) can0 18FF01EA#2500B0062500B006
(946688596.039974) can0 18FF02EA#2400A1062400A106
(946688596.049974) can0 18FF01EA#2300AD062300AD06
(946688596.049974) can0 18FF02EA#2300A2062300A206
(946688596.049974) can0 18FF1085#000000031E01001E
(946688596.049974) can0 400#3D3F2B752C6E0000
(946688596.049974) can0 401#0067000000000000
(946688596.059974) can0 18FF01EA#2200940622009406
(946688596.059974) can0 18FF02EA#2400900624009006
(946688596.069974) can0 18FF01EA#2400A6062400A606
(946688596.069974) can0 18FF02EA#2400A8062400A806
(946688596.069974) can0 18FF1085#000000031E01001E
(946688596.069974) can0 400#3E3D2B6D2C720000
(946688596.069974) can0 401#0168000000000000
(946688596.079974) can0 18FF01EA#2400920624009206
(946688596.079974) can0 18FF02EA#24009A0624009A06
(946688596.089974) can0 18FF01EA#2400A6062400A606
(946688596.089974) can0 18FF02EA#2500B0062500B006
(946688596.089974) can0 18FF1085#000000031E01001E
(946688596.089974) can0 400#3C3D2C712D710000
(946688596.089974) can0 401#0066000000000000
(946688596.089974) can0 19B30007#00005E20AB9A0000
(946688596.089974) can0 19B30100#D6D6D6D6D6D6D6D6
(946688596.099974) can0 18FF01EA#2400B2062400B206
(946688596.099974) can0 18FF02EA#22008E0622008E06
(946688596.109974) can0 18FF01EA#2500950625009506
(946688596.109974) can0 18FF02EA#2200960622009606
(946688596.109974) can0 18FF1085#000000031E01001E
(946688596.109974) can0 400#3C3C2D6D2D6E0000
(946688596.109974) can0 401#0068000000000000
(946688596.119974) can0 18FF01EA#2500AA062500AA06
(946688596.119974) can0 18FF02EA#2500920625009206
(946688596.129974) can0 18FF01EA#2300A9062300A906
(946688596.129974) can0 18FF02EA#2400B1062400B106
(946688596.129974) can0 18FF1085#000000031E01001E
(946688596.129974) can0 400#3C3C2D6C2B700000
(946688596.129974) can0 401#0067000000000000
(946688596.139974) can0 18FF01EA#2500B3062500B306
(946688596.139974) can0 18FF02EA#24009D0624009D06
(946688596.149974) can0 18FF01EA#22009B0622009B06
(946688596.149974) can0 18FF02EA#2400920624009206
(946688596.149974) can0 18FF1085#000000031E01001E
(946688596.149974) can0 400#3D3D2D732C710000
(946688596.149974) can0 401#0167000000000000
(946688596.159974) can0 18FF01EA#2400AA062400AA06
(946688596.159974) can0 18FF02EA#2300A1062300A106
(946688596.169974) can0 18FF01EA#25009D0625009D06
(946688596.169974) can0 18FF02EA#2200AC062200AC06
(946688596.169974) can0 18FF1085#000000031E01001E
(946688596.169974) can0 400#3C3D2C702B730000
(946688596.169974) can0 401#0067000000000000
(946688596.179974) can0 18FF01EA#2300AE062300AE06
(946688596.179974) can0 18FF02EA#2500A1062500A106
(946688596.189974) can0 18FF01EA#23009D0623009D06
(946688596.189974) can0 18FF02EA#2500A3062500A306
(946688596.189974) can0 18FF1085#000000031E01001E
(946688596.189974) can0 400#3E3E2C6E2C6F0000
(946688596.189974) can0 401#0167000000000000
(946688596.189974) can0 19B30007#00005E20AB9A0000
(946688596.189974) can0 19B30100#D6D6D6D6D6D6D6D6
(946688596.199974) can0 18FF01EA#2500990625009906
(946688596.199974) can0 18FF02EA#2400A4062400A406
(946688596.209974) can0 18FF01EA#25009C0625009C06
(946688596.209974) can0 18FF02EA#2400940624009406
(946688596.209974) can0 18FF1085#000000031E01001E
(946688596.209974) can0 400#3F3B2C722C760000
(946688596.209974) can0 401#0068000000000000
(946688596.219974) can0 18FF01EA#2500980625009806
(946688596.219974) can0 18FF02EA#2300AE062300AE06
(946688596.229974) can0 18FF01EA#2300990623009906
(946688596.229974) can0 18FF02EA#2300A4062300A406
(946688596.229974) can0 18FF1085#000000031E01001E
(946688596.229974) can0 400#3B3E2C6E2B730000
(946688596.229974) can0 401#0068000000000000
(946688596.239974) can0 18FF01EA#2500AD062500AD06
(946688596.239974) can0 18FF02EA#2500AD062500AD06
(946688596.249974) can0 18FF01EA#2200950622009506
(946688596.249974) can0 18FF02EA#2200950622009506
(946688596.249974) can0 18FF1085#000000031E01001E
(946688596.249974) can0 400#3C3C2C6E2C710000
(946688596.249974) can0 401#0067000000000000
(946688596.259974) can0 18FF01EA#2300950623009506
(946688596.259974) can0 18FF02EA#2200960622009606
(946688596.269974) can0 18FF01EA#2200B2062200B206
(946688596.269974) can0 18FF02EA#2200AE062200AE06
(946688596.269974) can0 18FF1085#000000031E01001E
(946688596.269974) can0 400#3D3D2B6D2B720000
(946688596.269974) can0 401#0067000000000000
(946688596.279974) can0 18FF01EA#25009C0625009C06
(946688596.279974) can0 18FF02EA#2500A9062500A906
(946688596.289974) can0 18FF01EA#2300920623009206
(946688596.289974) can0 18FF02EA#2400A4062400A406
(946688596.289974) can0 18FF1085#000000031E01001E
(946688596.289974) can0 400#3C3D2C722C730000
(946688596.289974) can0 401#0067000000000000
(946688596.289974) can0 19B30007#00005E20AB9A0000
(946688596.289974) can0 19B30100#D6D6D6D6D6D6D6D6
(946688596.299974) can0 18FF01EA#2500970625009706
(946688596.299974) can0 18FF02EA#22009F0622009F06
(946688596.309974) can0 18FF01EA#2200A1062200A106
(946688596.309974) can0 18FF02EA#2200900622009006
(946688596.309974) can0 18FF1085#000000031E01001E
(946688596.309974) can0 400#3E3C2D6E2C6F0000
(946688596.309974) can0 401#0067000000000000
(946688596.319974) can0 18FF01EA#2200B2062200B206
(946688596.319974) can0 18FF02EA#2300A8062300A806
(946688596.329974) can0 18FF01EA#2200A5062200A506
(946688596.329974) can0 18FF02EA#2300960623009606
(946688596.329974) can0 18FF1085#000000031E01001E
(946688596.329974) can0 400#3E3C2C6C2B720000
(946688596.329974) can0 401#0168000000000000
(946688596.339974) can0 18FF01EA#2500A1062500A106
(946688596.339974) can0 18FF02EA#2400AC062400AC06
(946688596.349974) can0 18FF01EA#24009B0624009B06
(946688596.349974) can0 18FF02EA#2300A0062300A006
(946688596.349974) can0 18FF1085#000000031E01001E
(946688596.349974) can0 400#3D3C2B6D2B710000
(946688596.349974) can0 401#0067000000000000
(946688596.359974) can0 18FF01EA#2500900625009006
(946688596.359974) can0 18FF02EA#2500A2062500A206
(946688596.369974) can0 18FF01EA#2200B2062200B206
(946688596.369974) can0 18FF02EA#25009A0625009A06
(946688596.369974) can0 18FF1085#000000031E01001E
(946688596.369974) can0 400#3E3F2B6D2B710000
(946688596.369974) can0 401#0068000000000000
(946688596.379974) can0 18FF01EA#2500920625009206
(946688596.379974) can0 18FF02EA#2200930622009306
(946688596.389974) can0 18FF01EA#2200960622009606
(946688596.389974) can0 18FF02EA#2400AE062400AE06
(946688596.389974) can0 18FF1085#000000031E01001E
(946688596.389974) can0 400#3F3D2C702C710000
(946688596.389974) can0 401#0068000000000000
(946688596.389974) can0 19B30007#00005E20AB9A0000
(946688596.389974) can0 19B30100#D6D6D6D6D6D6D6D6
(946688596.399974) can0 18FF01EA#22009E0622009E06
(946688596.399974) can0 18FF02EA#23009C0623009C06
(946688596.409974) can0 18FF01EA#2400A4062400A406
(946688596.409974) can0 18FF02EA#25009F0625009F06
(946688596.409974) can0 18FF1085#000000031E01001E
(946688596.409974) can0 400#3E3E2C6E2D710000
(946688596.409974) can0 401#0067000000000000
(946688596.419974) can0 18FF01EA#23009A0623009A06
(946688596.419974) can0 18FF02EA#2500AD062500AD06
(946688596.429974) can0 18FF01EA#2400910624009106
(946688596.429974) can0 18FF02EA#24008F0624008F06
(946688596.429974) can0 18FF1085#000000031E01001E
(946688596.429974) can0 400#3C3D2C712B6C0000
(946688596.429974) can0 401#0168000000000000
(946688596.439974) can0 18FF01EA#2500A9062500A906
(946688596.439974) can0 18FF02EA#2200A4062200A406
(946688596.449974) can0 18FF01EA#2200950622009506
(946688596.449974) can0 18FF02EA#2500B1062500B106
(946688596.449974) can0 18FF1085#000000031E01001E
(946688596.449974) can0 400#3B3B2C702C6D0000
(946688596.449974) can0 401#0068000000000000
(946688596.459974) can0 18FF01EA#2400960624009606
(946688596.459974) can0 18FF02EA#2300900623009006
(946688596.469974) can0 18FF01EA#2200A5062200A506
(946688596.469974) can0 18FF02EA#2500950625009506
(946688596.469974) can0 18FF1085#000000031E01001E
(946688596.469974) can0 400#3F3C2C702C6E0000
(946688596.469974) can0 401#0068000000000000
(946688596.479974) can0 18FF01EA#2200900622009006
(946688596.479974) can0 18FF02EA#2500950625009506
(946688596.489974) can0 18FF01EA#2200A6062200A606
(946688596.489974) can0 18FF02EA#2300A2062300A206
(946688596.489974) can0 18FF1085#000000031E01001E
(946688596.489974) can0 400#3E3E2B732C710000
(946688596.489974) can0 401#0067000000000000
(946688596.489974) can0 19B30007#00005E20AB9A0000
(946688596.489974) can0 19B30100#D6D6D6D6D6D6D6D6
(946688596.499974) can0 18FF01EA#2500AA062500AA06
(946688596.499974) can0 18FF02EA#2500940625009406
(946688596.509974) can0 18FF01EA#2200AA062200AA06
(946688596.509974) can0 18FF02EA#2500990625009906
(946688596.509974) can0 18FF1085#000000031E01001E
(946688596.509974) can0 400#3F3C2C742B740000
(946688596.509974) can0 401#0067000000000000
(946688596.519974) can0 18FF01EA#2400A5062400A506
(946688596.519974) can0 18FF02EA#2300B2062300B206
(946688596.529974) can0 18FF01EA#2400960624009606
(946688596.529974) can0 18FF02EA#2300AA062300AA06
(946688596.529974) can0 18FF1085#000000031E01001E
(946688596.529974) can0 400#3E3B2C752D6E0000
(946688596.529974) can0 401#0067000000000000
(946688596.539974) can0 18FF01EA#2200B3062200B306
(946688596.539974) can0 18FF02EA#2500970625009706
(946688596.549974) can0 18FF01EA#2500A2062500A206
(946688596.549974) can0 18FF02EA#2500940625009406
(946688596.549974) can0 18FF1085#000000031E01001E
(946688596.549974) can0 400#3C3B2D742B730000
(946688596.549974) can0 401#0066000000000000
(946688596.559974) can0 18FF01EA#2300960623009606
(946688596.559974) can0 18FF02EA#24009C0624009C06
(946688596.569974) can0 18FF01EA#2400960624009606
(946688596.569974) can0 18FF02EA#2200B5062200B506
(946688596.569974) can0 18FF1085#000000031E01001E
(946688596.569974) can0 400#3D3D2C752D6E0000
(946688596.569974) can0 401#0068000000000000
(946688596.579974) can0 18FF01EA#23009B0623009B06
(946688596.579974) can0 18FF02EA#2200A7062200A706
(946688596.589974) can0 18FF01EA#2500AC062500AC06
(946688596.589974) can0 18FF02EA#22009D0622009D06
(946688596.589974) can0 18FF1085#000000031E01001E
(946688596.589974) can0 400#3C3C2C6F2B700000
(946688596.589974) can0 401#0067000000000000
(946688596.589974) can0 19B30007#00005E20AB9A0000
(946688596.589974) can0 19B30100#D6D6D6D6D6D6D6D6
(946688596.599974) can0 18FF01EA#2200950622009506
(946688596.599974) can0 18FF02EA#2300A7062300A706
(946688596.609974) can0 18FF01EA#25009E0625009E06
(946688596.609974) can0 18FF02EA#2300B3062300B306
(946688596.609974) can0 18FF1085#000000031E01001E
(946688596.609974) can0 400#3F3F2C732B700000
(946688596.609974) can0 401#0167000000000000
(946688596.619974) can0 18FF01EA#2200A0062200A006
(946688596.619974) can0 18FF02EA#2300B0062300B006
(946688596.629974) can0 18FF01EA#2400A0062400A006
(946688596.629974) can0 18FF02EA#2200A4062200A406
(946688596.629974) can0 18FF1085#000000031E01001E
(946688596.629974) can0 400#3F3C2C742C740000
(946688596.629974) can0 401#0067000000000000
(946688596.639974) can0 18FF01EA#2500900625009006
(946688596.639974) can0 18FF02EA#2300B2062300B206
(946688596.649974) can0 18FF01EA#22009A0622009A06
(946688596.649974) can0 18FF02EA#2200980622009806
(946688596.649974) can0 18FF1085#000000031E01001E
(946688596.649974) can0 400#3C3F2C702C6C0000
(946688596.649974) can0 401#0068000000000000
(946688596.659974) can0 18FF01EA#2500900625009006
(946688596.659974) can0 18FF02EA#2300930623009306
(946688596.669974) can0 18FF01EA#24009E0624009E06
(946688596.669974) can0 18FF02EA#2200AC062200AC06
(946688596.669974) can0 18FF1085#000000031E01001E
(946688596.669974) can0 400#3D3E2C702B750000
(946688596.669974) can0 401#0067000000000000
(946688596.679974) can0 18FF01EA#2400A0062400A006
(946688596.679974) can0 18FF02EA#2300950623009506
(946688596.689974) can0 18FF01EA#25009A0625009A06
(946688596.689974) can0 18FF02EA#2300940623009406
(946688596.689974) can0 18FF1085#000000031E01001E
(946688596.689974) can0 400#3F3C2B742D700000
(946688596.689974) can0 401#0068000000000000
(946688596.689974) can0 19B30007#00005E20AB9A0000
(946688596.689974) can0 19B30100#D6D6D6D6D6D6D6D6
(946688596.699974) can0 18FF01EA#2300940623009406
(946688596.699974) can0 18FF02EA#22009D0622009D06
(946688596.709974) can0 18FF01EA#2400A9062400A906
(946688596.709974) can0 18FF02EA#2300AF062300AF06
(946688596.709974) can0 18FF1085#000000031E01001E
(946688596.709974) can0 400#3F3F2B752D710000
(946688596.709974) can0 401#0167000000000000
(946688596.719974) can0 18FF01EA#2300B3062300B306
(946688596.719974) can0 18FF02EA#2500940625009406
(946688596.729974) can0 18FF01EA#2400A1062400A106
(946688596.729974) can0 18FF02EA#2400AF062400AF06
(946688596.729974) can0 18FF1085#000000031E01001E
(946688596.729974) can0 400#3D3D2B6F2C710000
(946688596.729974) can0 401#0067000000000000
(946688596.739974) can0 18FF01EA#2200A1062200A106
(946688596.739974) can0 18FF02EA#25009C0625009C06
(946688596.749974) can0 18FF01EA#2200B2062200B206
(946688596.749974) can0 18FF02EA#2200AD062200AD06
(946688596.749974) can0 18FF1085#000000031E01001E
(946688596.749974) can0 400#3C3C2B712D6F0000
(946688596.749974) can0 401#0067000000000000
(946688596.759974) can0 18FF01EA#2200A5062200A506
(946688596.759974) can0 18FF02EA#2400940624009406
(946688596.769974) can0 18FF01EA#2400990624009906
(946688596.769974) can0 18FF02EA#2500990625009906
(946688596.769974) can0 18FF1085#000000031E01001E
(946688596.769974) can0 400#3C3E2B712C6C0000
(946688596.769974) can0 401#0168000000000000
(946688596.779974) can0 18FF01EA#2300AD062300AD06
(946688596.779974) can0 18FF02EA#22009F0622009F06
(946688596.789973) can0 18FF01EA#24008E0624008E06
(946688596.789973) can0 18FF02EA#2400900624009006
(946688596.789973) can0 18FF1085#000000031E01001E
(946688596.789973) can0 400#3C3E2C712C720000
(946688596.789973) can0 401#0167000000000000
(946688596.789973) can0 19B30007#00005E20AB9A0000
(946688596.789973) can0 19B30100#D6D6D6D6D6D6D6D6
(946688596.799973) can0 18FF01EA#2300990623009906
(946688596.799973) can0 18FF02EA#24009A0624009A06
(946688596.809973) can0 18FF01EA#2500940625009406
(946688596.809973) can0 18FF02EA#2200960622009606
(946688596.809973) can0 18FF1085#000000031E01001E
(946688596.809973) can0 400#3E3B2D6D2B710000
(946688596.809973) can0 401#0168000000000000
(946688596.819973) can0 18FF01EA#2200B6062200B606
(946688596.819973) can0 18FF02EA#2300A2062300A206
(946688596.829973) can0 18FF01EA#2500970625009706
(946688596.829973) can0 18FF02EA#22009E0622009E06
(946688596.829973) can0 18FF1085#000000031E01001E
(946688596.829973) can0 400#3E3C2C6E2C6E0000
(946688596.829973) can0 401#0068000000000000
(946688596.839973) can0 18FF01EA#23009F0623009F06
(946688596.839973) can0 18FF02EA#2200A5062200A506
(946688596.849973) can0 18FF01EA#2200990622009906
(946688596.849973) can0 18FF02EA#2200940622009406
(946688596.849973) can0 18FF1085#000000031E01001E
(946688596.849973) can0 400#3C3F2D6D2B6C0000
(946688596.849973) can0 401#0067000000000000
(946688596.859973) can0 18FF01EA#2300940623009406
(946688596.859973) can0 18FF02EA#2200B4062200B406
(946688596.869973) can0 18FF01EA#25009A0625009A06
(946688596.869973) can0 18FF02EA#22008E0622008E06
(946688596.869973) can0 18FF1085#000000031E01001E
(946688596.869973) can0 400#3C3E2C6E2C700000
(946688596.869973) can0 401#0067000000000000
(946688596.879973) can0 18FF01EA#2500940625009406
(946688596.879973) can0 18FF02EA#2300B2062300B206
(946688596.889973) can0 18FF01EA#25009B0625009B06
(946688596.889973) can0 18FF02EA#2200B3062200B306
(946688596.889973) can0 18FF1085#000000031E01001E
(946688596.889973) can0 400#3C3C2D732C700000
(946688596.889973) can0 401#0068000000000000
(946688596.889973) can0 19B30007#00005E20AB9A0000
(946688596.889973) can0 19B30100#D6D6D6D6D6D6D6D6
(946688596.899973) can0 18FF01EA#2200B1062200B106
(946688596.899973) can0 18FF02EA#2400940624009406
(946688596.909973) can0 18FF01EA#2400A6062400A606
(946688596.909973) can0 18FF02EA#2300B5062300B506
(946688596.909973) can0 18FF1085#000000031E01001E
(946688596.909973) can0 400#3E3C2B722B6E0000
(946688596.909973) can0 401#0067000000000000
(946688596.919973) can0 18FF01EA#2200970622009706
(946688596.919973) can0 18FF02EA#2400940624009406
(946688596.929973) can0 18FF01EA#2200A2062200A206
(946688596.929973) can0 18FF02EA#2400900624009006
(946688596.929973) can0 18FF1085#000000031E01001E
(946688596.929973) can0 400#3D3C2C6F2B730000
(946688596.929973) can0 401#0067000000000000
(946688596.939973) can0 18FF01EA#2400AC062400AC06
(946688596.939973) can0 18FF02EA#2500990625009906
(946688596.949973) can0 18FF01EA#2500930625009306
(946688596.949973) can0 18FF02EA#2500A1062500A106
(946688596.949973) can0 18FF1085#000000031E01001E
(946688596.949973) can0 400#3F3D2D742B6F0000
(946688596.949973) can0 401#0168000000000000
(946688596.959973) can0 18FF01EA#2200A7062200A706
(946688596.959973) can0 18FF02EA#2300910623009106
(946688596.969973) can0 18FF01EA#23009B0623009B06
(946688596.969973) can0 18FF02EA#2300B2062300B206
(946688596.969973) can0 18FF1085#000000031E01001E
(946688596.969973) can0 400#3D3C2C6D2C6D0000
(946688596.969973) can0 401#0068000000000000
(946688596.979973) can0 18FF01EA#2200A8062200A806
(946688596.979973) can0 18FF02EA#24009C0624009C06
(946688596.989973) can0 18FF01EA#2400970624009706
(946688596.989973) can0 18FF02EA#24009E0624009E06
(946688596.989973) can0 18FF1085#000000031E01001E
(946688596.989973) can0 400#3D3C2B742C760000
(946688596.989973) can0 401#0067000000000000
(946688596.989973) can0 19B30007#00005E20AB9A0000
(946688596.989973) can0 19B30100#D6D6D6D6D6D6D6D6
(946688596.999973) can0 18FF01EA#24009A0624009A06
(946688596.999973) can0 18FF02EA#24009C0624009C06
(946688597.009973) can0 18FF01EA#2500B1062500B106
(946688597.009973) can0 18FF02EA#2500950625009506
(946688597.009973) can0 18FF1085#000000031E01001E
(946688597.009973) can0 400#3E3C2C712C6D0000
(946688597.009973) can0 401#0066000000000000
(946688597.019973) can0 18FF01EA#2300B0062300B006
(946688597.019973) can0 18FF02EA#24009F0624009F06
(946688597.029973) can0 18FF01EA#2200A0062200A006
(946688597.029973) can0 18FF02EA#2200AB062200AB06
(946688597.029973) can0 18FF1085#000000031E01001E
(946688597.029973) can0 400#3D3D2B6E2B730000
(946688597.029973) can0 401#0067000000000000
(946688597.039973) can0 18FF01EA#24009F0624009F06
(946688597.039973) can0 18FF02EA#2300A9062300A906
(946688597.049973) can0 18FF01EA#2200A2062200A206
(946688597.049973) can0 18FF02EA#2200A6062200A606
(946688597.049973) can0 18FF1085#000000031E01001E
(946688597.049973) can0 400#3E3C2C702B740000
(946688597.049973) can0 401#0067000000000000
(946688597.059973) can0 18FF01EA#2300A5062300A506
(946688597.059973) can0 18FF02EA#2200920622009206
(946688597.069973) can0 18FF01EA#2200930622009306
(946688597.069973) can0 18FF02EA#24009C0624009C06
(946688597.069973) can0 18FF1085#000000031E01001E
(946688597.069973) can0 400#3F3E2C752B6C0000
(946688597.069973) can0 401#0066000000000000
(946688597.079973) can0 18FF01EA#22009A0622009A06
(946688597.079973) can0 18FF02EA#2400AF062400AF06
(946688597.089973) can0 18FF01EA#2300AA062300AA06
(946688597.089973) can0 18FF02EA#2400A1062400A106
(946688597.089973) can0 18FF1085#000000031E01001E
(946688597.089973) can0 400#3C3B2B702B730000
(946688597.089973) can0 401#0067000000000000
(946688597.089973) can0 19B30007#00005E20AB9A0000
(946688597.089973) can0 19B30100#D6D6D6D6D6D6D6D6
(946688597.099973) can0 18FF01EA#2200B0062200B006
(946688597.099973) can0 18FF02EA#2300AB062300AB06
(946688597.109973) can0 18FF01EA#2400A2062400A206
(946688597.109973) can0 18FF02EA#23008F0623008F06
(946688597.109973) can0 18FF1085#000000031E01001E
(946688597.109973) can0 400#3F3E2B732C6E0000
(946688597.109973) can0 401#0067000000000000
(946688597.119973) can0 18FF01EA#2300B4062300B406
(946688597.119973) can0 18FF02EA#23009B0623009B06
(946688597.129973) can0 18FF01EA#2200B3062200B306
(946688597.129973) can0 18FF02EA#2300A8062300A806
(946688597.129973) can0 18FF1085#000000031E01001E
(946688597.129973) can0 400#3C3E2C722B730000
(946688597.129973) can0 401#0067000000000000
(946688597.139973) can0 18FF01EA#2400A0062400A006
(946688597.139973) can0 18FF02EA#2500930625009306
(946688597.149973) can0 18FF01EA#2500A8062500A806
(946688597.149973) can0 18FF02EA#23009D0623009D06
(946688597.149973) can0 18FF1085#000000031E01001E
(946688597.149973) can0 400#3E3C2D6E2B740000
(946688597.149973) can0 401#0067000000000000
(946688597.159973) can0 18FF01EA#22009A0622009A06
(946688597.159973) can0 18FF02EA#23008F0623008F06
(946688597.169973) can0 18FF01EA#2200AC062200AC06
(946688597.169973) can0 18FF02EA#2300A6062300A606
(946688597.169973) can0 18FF1085#000000031E01001E
(946688597.169973) can0 400#3F3C2D712B6C0000
(946688597.169973) can0 401#0066000000000000
(946688597.179973) can0 18FF01EA#2200A3062200A306
(946688597.179973) can0 18FF02EA#2300A3062300A306
(946688597.189973) can0 18FF01EA#2500990625009906
(946688597.189973) can0 18FF02EA#2300AF062300AF06
(946688597.189973) can0 18FF1085#000000031E01001E
(946688597.189973) can0 400#3D3C2B732D740000
(946688597.189973) can0 401#0068000000000000
(946688597.189973) can0 19B30007#00005E20AB9A0000
(946688597.189973) can0 19B30100#D6D6D6D6D6D6D6D6
(946688597.199973) can0 18FF01EA#2400910624009106
(946688597.199973) can0 18FF02EA#2200900622009006
(946688597.209973) can0 18FF01EA#2300980623009806
(946688597.209973) can0 18FF02EA#2200AA062200AA06
(946688597.209973) can0 18FF1085#000000031E01001E
(946688597.209973) can0 400#3D3D2D742C730000
(946688597.209973) can0 401#0068000000000000
(946688597.219973) can0 18FF01EA#2200930622009306
(946688597.219973) can0 18FF02EA#22009E0622009E06
(946688597.229973) can0 18FF01EA#2200980622009806
(946688597.229973) can0 18FF02EA#25009C0625009C06
(946688597.229973) can0 18FF1085#000000031E01001E
(946688597.229973) can0 400#3D3C2D762C6D0000
(946688597.229973) can0 401#0066000000000000
(946688597.239973) can0 18FF01EA#2400AA062400AA06
(946688597.239973) can0 18FF02EA#24009D0624009D06
(946688597.249973) can0 18FF01EA#2400B3062400B306
(946688597.249973) can0 18FF02EA#2400930624009306
(946688597.249973) can0 18FF1085#000000031E01001E
(946688597.249973) can0 400#3E3E2B722D740000
(946688597.249973) can0 401#0068000000000000
(946688597.259973) can0 18FF01EA#2200A6062200A606
(946688597.259973) can0 18FF02EA#24008E0624008E06
(946688597.269973) can0 18FF01EA#2400A1062400A106
(946688597.269973) can0 18FF02EA#2400970624009706
(946688597.269973) can0 18FF1085#000000031E01001E
(946688597.269973) can0 400#3E3E2C6D2C6D0000
(946688597.269973) can0 401#0067000000000000
(946688597.279973) can0 18FF01EA#2500A2062500A206
(946688597.279973) can0 18FF02EA#2300930623009306
(946688597.289973) can0 18FF01EA#2300B0062300B006
(946688597.289973) can0 18FF02EA#2200A0062200A006
(946688597.289973) can0 18FF1085#000000031E01001E
(946688597.289973) can0 400#3B3C2D6F2C6D0000
(946688597.289973) can0 401#0068000000000000
(946688597.289973) can0 19B30007#00005E20AB9A0000
(946688597.289973) can0 19B30100#D6D6D6D6D6D6D6D6
(946688597.299973) can0 18FF01EA#2500980625009806
(946688597.299973) can0 18FF02EA#24008E0624008E06
(946688597.309973) can0 18FF01EA#22009A0622009A06
(946688597.309973) can0 18FF02EA#2500A8062500A806
(946688597.309973) can0 18FF1085#000000031E01001E
(946688597.309973) can0 400#3C3E2D732C6E0000
(946688597.309973) can0 401#0066000000000000
(946688597.319973) can0 18FF01EA#2200A4062200A406
(946688597.319973) can0 18FF02EA#2200A5062200A506
(946688597.329973) can0 18FF01EA#2500950625009506
(946688597.329973) can0 18FF02EA#2500A5062500A506
(946688597.329973) can0 18FF1085#000000031E01001E
(946688597.329973) can0 400#3D3D2C722C700000
(946688597.329973) can0 401#0068000000000000
(946688597.339973) can0 18FF01EA#2300AB062300AB06
(946688597.339973) can0 18FF02EA#2300B2062300B206
(946688597.349973) can0 18FF01EA#2300AF062300AF06
(946688597.349973) can0 18FF02EA#2200A8062200A806
(946688597.349973) can0 18FF1085#000000031E01001E
(946688597.349973) can0 400#3D3C2C6F2D6C0000
(946688597.349973) can0 401#0066000000000000
(946688597.359973) can0 18FF01EA#25009D0625009D06
(946688597.359973) can0 18FF02EA#2500940625009406
(946688597.369973) can0 18FF01EA#2200940622009406
(946688597.369973) can0 18FF02EA#22009B0622009B06
(946688597.369973) can0 18FF1085#000000031E01001E
(946688597.369973) can0 400#3C3B2C702B6C0000
(946688597.369973) can0 401#0068000000000000
(946688597.379973) can0 18FF01EA#2200930622009306
(946688597.379973) can0 18FF02EA#23009F0623009F06
(946688597.389973) can0 18FF01EA#2500B4062500B406
(946688597.389973) can0 18FF02EA#2300990623009906
(946688597.389973) can0 18FF1085#000000031E01001E
(946688597.389973) can0 400#3D3C2C6F2B740000
(946688597.389973) can0 401#0067000000000000
(946688597.389973) can0 19B30007#00005E20AB9A0000
(946688597.389973) can0 19B30100#D6D6D6D6D6D6D6D6
(946688597.399973) can0 18FF01EA#2500990625009906
(946688597.399973) can0 18FF02EA#2400A2062400A206
(946688597.409973) can0 18FF01EA#2300990623009906
(946688597.409973) can0 18FF02EA#2200A1062200A106
(946688597.409973) can0 18FF1085#000000031E01001E
(946688597.409973) can0 400#3F3C2B712C710000
(946688597.409973) can0 401#0068000000000000
(946688597.419973) can0 18FF01EA#2500950625009506
(946688597.419973) can0 18FF02EA#2200B4062200B406
(946688597.429973) can0 18FF01EA#2300930623009306
(946688597.429973) can0 18FF02EA#2200980622009806
(946688597.429973) can0 18FF1085#000000031E01001E
(946688597.429973) can0 400#3C3D2B6E2C700000
(946688597.429973) can0 401#0067000000000000
(946688597.439973) can0 18FF01EA#2500A8062500A806
(946688597.439973) can0 18FF02EA#25008F0625008F06
(946688597.449973) can0 18FF01EA#2500990625009906
(946688597.449973) can0 18FF02EA#2500990625009906
(946688597.449973) can0 18FF1085#000000031E01001E
(946688597.449973) can0 400#3D3C2D6F2B740000
(946688597.449973) can0 401#0068000000000000
(946688597.459973) can0 18FF01EA#2400970624009706
(946688597.459973) can0 18FF02EA#23009E0623009E06
(946688597.469973) can0 18FF01EA#2300990623009906
(946688597.469973) can0 18FF02EA#2500AF062500AF06
(946688597.469973) can0 18FF1085#000000031E01001E
(946688597.469973) can0 400#3F3C2C6D2B6C0000
(946688597.469973) can0 401#0068000000000000
(946688597.479973) can0 18FF01EA#2200B2062200B206
(946688597.479973) can0 18FF02EA#2200930622009306
(946688597.489973) can0 18FF01EA#2400930624009306
(946688597.489973) can0 18FF02EA#2200A1062200A106
(946688597.489973) can0 18FF1085#000000031E01001E
(946688597.489973) can0 400#3E3D2C6C2C6F0000
(946688597.489973) can0 401#0168000000000000
(946688597.489973) can0 19B30007#00005E20AB9A0000
(946688597.489973) can0 19B30100#D6D6D6D6D6D6D6D6
(946688597.499973) can0 18FF01EA#2500AF062500AF06
(946688597.499973) can0 18FF02EA#2500B2062500B206
(946688597.509973) can0 18FF01EA#2200980622009806
(946688597.509973) can0 18FF02EA#2500B3062500B306
(946688597.509973) can0 18FF1085#000000031E01001E
(946688597.509973) can0 400#3E3C2B722C6E0000
(946688597.509973) can0 401#0068000000000000
(946688597.519973) can0 18FF01EA#25009D0625009D06
(946688597.519973) can0 18FF02EA#2400980624009806
(946688597.529973) can0 18FF01EA#2500A4062500A406
(946688597.529973) can0 18FF02EA#2400900624009006
(946688597.529973) can0 18FF1085#000000031E01001E
(946688597.529973) can0 400#3E3E2D6E2B730000
(946688597.529973) can0 401#0066000000000000
(946688597.539973) can0 18FF01EA#2500990625009906
(946688597.539973) can0 18FF02EA#2300A7062300A706
(946688597.549973) can0 18FF01EA#2400930624009306
(946688597.549973) can0 18FF02EA#2200AB062200AB06
(946688597.549973) can0 18FF1085#000000031E01001E
(946688597.549973) can0 400#3C3C2B722B730000
(946688597.549973) can0 401#0068000000000000
(946688597.559973) can0 18FF01EA#2500AB062500AB06
(946688597.559973) can0 18FF02EA#2200A2062200A206
(946688597.569973) can0 18FF01EA#2200AA062200AA06
(946688597.569973) can0 18FF02EA#2300920623009206
(946688597.569973) can0 18FF1085#000000031E01001E
(946688597.569973) can0 400#3C3D2B702C720000
(946688597.569973) can0 401#0068000000000000
(946688597.579973) can0 18FF01EA#2200980622009806
(946688597.579973) can0 18FF02EA#2400960624009606
(946688597.589973) can0 18FF01EA#2500980625009806
(946688597.589973) can0 18FF02EA#2200A9062200A906
(946688597.589973) can0 18FF1085#000000031E01001E
(946688597.589973) can0 400#3D3C2C752C6D0000
(946688597.589973) can0 401#0068000000000000
(946688597.589973) can0 19B30007#00005E20AB9A0000
(946688597.589973) can0 19B30100#D6D6D6D6D6D6D6D6
(946688597.599973) can0 18FF01EA#2500A9062500A906
(946688597.599973) can0 18FF02EA#2400A7062400A706
(946688597.609973) can0 18FF01EA#2500A3062500A306
(946688597.609973) can0 18FF02EA#2200900622009006
(946688597.609973) can0 18FF1085#000000031E01001E
(946688597.609973) can0 400#3E3E2C722C6E0000
(946688597.609973) can0 401#0067000000000000
(946688597.619973) can0 18FF01EA#2300980623009806
(946688597.619973) can0 18FF02EA#25009D0625009D06
(946688597.629973) can0 18FF01EA#2300A0062300A006
(946688597.629973) can0 18FF02EA#24009F0624009F06
(946688597.629973) can0 18FF1085#000000031E01001E
(946688597.629973) can0 400#3D3C2C6D2C6D0000
(946688597.629973) can0 401#0068000000000000
(946688597.639973) can0 18FF01EA#2200A3062200A306
(946688597.639973) can0 18FF02EA#2300A3062300A306
(946688597.649973) can0 18FF01EA#2300930623009306
(946688597.649973) can0 18FF02EA#22009F0622009F06
(946688597.649973) can0 18FF1085#000000031E01001E
(946688597.649973) can0 400#3C3C2C752B740000
(946688597.649973) can0 401#0168000000000000
(946688597.659973) can0 18FF01EA#2200910622009106
(946688597.659973) can0 18FF02EA#2400AB062400AB06
(946688597.669973) can0 18FF01EA#2300990623009906
(946688597.669973) can0 18FF02EA#2200930622009306
(946688597.669973) can0 18FF1085#000000031E01001E
(946688597.669973) can0 400#3F3B2C6F2B750000
(946688597.669973) can0 401#0068000000000000
(946688597.679973) can0 18FF01EA#2300950623009506
(946688597.679973) can0 18FF02EA#2300B0062300B006
(946688597.689973) can0 18FF01EA#2400AD062400AD06
(946688597.689973) can0 18FF02EA#2400B4062400B406
(946688597.689973) can0 18FF1085#000000031E01001E
(946688597.689973) can0 400#3E3E2C6F2C6D0000
(946688597.689973) can0 401#0067000000000000
(946688597.689973) can0 19B30007#00005E20AB9A0000
(946688597.689973) can0 19B30100#D6D6D6D6D6D6D6D6
(946688597.699973) can0 18FF01EA#2200A2062200A206
(946688597.699973) can0 18FF02EA#23009F0623009F06
(946688597.709973) can0 18FF01EA#2400990624009906
(946688597.709973) can0 18FF02EA#2200920622009206
(946688597.709973) can0 18FF1085#000000031E01001E
(946688597.709973) can0 400#3B3C2B6D2D6E0000
(946688597.709973) can0 401#0067000000000000
(946688597.719973) can0 18FF01EA#2400AE062400AE06
(946688597.719973) can0 18FF02EA#25008F0625008F06
(946688597.729973) can0 18FF01EA#2400960624009606
(946688597.729973) can0 18FF02EA#2500B4062500B406
(946688597.729973) can0 18FF1085#000000031E01001E
(946688597.729973) can0 400#3E3F2C712C6D0000
(946688597.729973) can0 401#0168000000000000
(946688597.739973) can0 18FF01EA#2400A5062400A506
(946688597.739973) can0 18FF02EA#2300A9062300A906
(946688597.749973) can0 18FF01EA#2500940625009406
(946688597.749973) can0 18FF02EA#25008E0625008E06
(946688597.749973) can0 18FF1085#000000031E01001E
(946688597.749973) can0 400#3C3F2C6D2B6F0000
(946688597.749973) can0 401#0068000000000000
(946688597.759973) can0 18FF01EA#2500A4062500A406
(946688597.759973) can0 18FF02EA#2400A8062400A806
(946688597.769973) can0 18FF01EA#2300A5062300A506
(946688597.769973) can0 18FF02EA#2400A6062400A606
(946688597.769973) can0 18FF1085#000000031E01001E
(946688597.769973) can0 400#3F3E2C732C730000
(946688597.769973) can0 401#0068000000000000
(946688597.779973) can0 18FF01EA#2200970622009706
(946688597.779973) can0 18FF02EA#2300AC062300AC06
(946688597.789973) can0 18FF01EA#2300AF062300AF06
(946688597.789973) can0 18FF02EA#2400930624009306
(946688597.789973) can0 18FF1085#000000031E01001E
(946688597.789973) can0 400#3C3C2B742B6D0000
(946688597.789973) can0 401#0067000000000000
(946688597.789973) can0 19B30007#00005E20AB9A0000
(946688597.789973) can0 19B30100#D6D6D6D6D6D6D6D6
(946688597.799973) can0 18FF01EA#2200A4062200A406
(946688597.799973) can0 18FF02EA#2300A4062300A406
(946688597.809973) can0 18FF01EA#2500B5062500B506
(946688597.809973) can0 18FF02EA#2400AE062400AE06
(946688597.809973) can0 18FF1085#000000031E01001E
(946688597.809973) can0 400#3E3D2C732C740000
(946688597.809973) can0 401#0067000000000000
(946688597.819973) can0 18FF01EA#2200910622009106
(946688597.819973) can0 18FF02EA#25009F0625009F06
(946688597.829973) can0 18FF01EA#23008F0623008F06
(946688597.829973) can0 18FF02EA#2300960623009606
(946688597.829973) can0 18FF1085#000000031E01001E
(946688597.829973) can0 400#3F3D2B722B730000
(946688597.829973) can0 401#0068000000000000
(946688597.839972) can0 18FF01EA#2400B4062400B406
(946688597.839972) can0 18FF02EA#2300940623009406
(946688597.849972) can0 18FF01EA#2300A4062300A406
(946688597.849972) can0 18FF02EA#2300A8062300A806
(946688597.849972) can0 18FF1085#000000031E01001E
(946688597.849972) can0 400#3E3F2B702C6E0000
(946688597.849972) can0 401#0066000000000000
(946688597.859972) can0 18FF01EA#2400AE062400AE06
(946688597.859972) can0 18FF02EA#2500B2062500B206
(946688597.869972) can0 18FF01EA#2200B1062200B106
(946688597.869972) can0 18FF02EA#2300A1062300A106
(946688597.869972) can0 18FF1085#000000031E01001E
(946688597.869972) can0 400#3C3D2B722C6C0000
(946688597.869972) can0 401#0167000000000000
(946688597.879972) can0 18FF01EA#2500970625009706
(946688597.879972) can0 18FF02EA#2300B2062300B206
(946688597.889972) can0 18FF01EA#25009F0625009F06
(946688597.889972) can0 18FF02EA#2400A6062400A606
(946688597.889972) can0 18FF1085#000000031E01001E
(946688597.889972) can0 400#3F3F2D732B750000
(946688597.889972) can0 401#0068000000000000
(946688597.889972) can0 19B30007#00005E20AB9A0000
(946688597.889972) can0 19B30100#D6D6D6D6D6D6D6D6
(946688597.899972) can0 18FF01EA#2200920622009206
(946688597.899972) can0 18FF02EA#2500910625009106
(946688597.909972) can0 18FF01EA#2200920622009206
(946688597.909972) can0 18FF02EA#2400A2062400A206
(946688597.909972) can0 18FF1085#000000031E01001E
(946688597.909972) can0 400#3F3D2C6D2C6F0000
(946688597.909972) can0 401#0068000000000000
(946688597.919972) can0 18FF01EA#2400990624009906
(946688597.919972) can0 18FF02EA#2200AC062200AC06
(946688597.929972) can0 18FF01EA#2200A9062200A906
(946688597.929972) can0 18FF02EA#22009D0622009D06
(946688597.929972) can0 18FF1085#000000031E01001E
(946688597.929972) can0 400#3C3D2C6F2C6E0000
(946688597.929972) can0 401#0067000000000000
(946688597.939972) can0 18FF01EA#2300B1062300B106
(946688597.939972) can0 18FF02EA#24009E0624009E06
(946688597.949972) can0 18FF01EA#2300B0062300B006
(946688597.949972) can0 18FF02EA#2200AB062200AB06
(946688597.949972) can0 18FF1085#000000031E01001E
(946688597.949972) can0 400#3F3F2C722C6F0000
(946688597.949972) can0 401#0068000000000000
(946688597.959972) can0 18FF01EA#2500900625009006
(946688597.959972) can0 18FF02EA#22008F0622008F06
(946688597.969972) can0 18FF01EA#22009C0622009C06
(946688597.969972) can0 18FF02EA#2500AE062500AE06
(946688597.969972) can0 18FF1085#000000031E01001E
(946688597.969972) can0 400#3F3E2D6E2C6D0000
(946688597.969972) can0 401#0167000000000000
(946688597.979972) can0 18FF01EA#2300A8062300A806
(946688597.979972) can0 18FF02EA#2200A6062200A606
(946688597.989972) can0 18FF01EA#2300B3062300B306
(946688597.989972) can0 18FF02EA#2200950622009506
(946688597.989972) can0 18FF1085#000000031E01001E
(946688597.989972) can0 400#3E3E2C722B710000
(946688597.989972) can0 401#0067000000000000
(946688597.989972) can0 19B30007#00005E20AB9A0000
(946688597.989972) can0 19B30100#D6D6D6D6D6D6D6D6
(946688597.999972) can0 18FF01EA#2300970623009706
(946688597.999972) can0 18FF02EA#2200910622009106
(946688598.009972) can0 18FF01EA#2200970622009706
(946688598.009972) can0 18FF02EA#2200960622009606
(946688598.009972) can0 18FF1085#000000031E01001E
(946688598.009972) can0 400#3D3D2B732D6E0000
(946688598.009972) can0 401#0168000000000000
(946688598.019972) can0 18FF01EA#2200950622009506
(946688598.019972) can0 18FF02EA#2300AC062300AC06
(946688598.029972) can0 18FF01EA#22009B0622009B06
(946688598.029972) can0 18FF02EA#2300910623009106
(946688598.029972) can0 18FF1085#000000031E01001E
(946688598.029972) can0 400#3E3F2B732B750000
(946688598.029972) can0 401#0167000000000000
(946688598.039972) can0 18FF01EA#24009E0624009E06
(946688598.039972) can0 18FF02EA#2300950623009506
(946688598.049972) can0 18FF01EA#25009F0625009F06
(946688598.049972) can0 18FF02EA#2500AF062500AF06
(946688598.049972) can0 18FF1085#000000031E01001E
(946688598.049972) can0 400#3D3E2D712B720000
(946688598.049972) can0 401#0068000000000000
(946688598.059972) can0 18FF01EA#2200AF062200AF06
(946688598.059972) can0 18FF02EA#2300A7062300A706
(946688598.069972) can0 18FF01EA#2300940623009406
(946688598.069972) can0 18FF02EA#2400AA062400AA06
(946688598.069972) can0 18FF1085#000000031E01001E
(946688598.069972) can0 400#3E3E2B6E2D720000
(946688598.069972) can0 401#0067000000000000
(946688598.079972) can0 18FF01EA#2300900623009006
(946688598.079972) can0 18FF02EA#2400930624009306
(946688598.089972) can0 18FF01EA#2500970625009706
(946688598.089972) can0 18FF02EA#2300AF062300AF06
(946688598.089972) can0 18FF1085#000000031E01001E
(946688598.089972) can0 400#3F3C2D6D2D6C0000
(946688598.089972) can0 401#0168000000000000
(946688598.089972) can0 19B30007#00005E20AB9A0000
(946688598.089972) can0 19B30100#D6D6D6D6D6D6D6D6
(946688598.099972) can0 18FF01EA#2400AF062400AF06
(946688598.099972) can0 18FF02EA#22008E0622008E06
(946688598.109972) can0 18FF01EA#2300920623009206
(946688598.109972) can0 18FF02EA#2200A5062200A506
(946688598.109972) can0 18FF1085#000000031E01001E
(946688598.109972) can0 400#3F3F2D6F2B710000
(946688598.109972) can0 401#0068000000000000
(946688598.119972) can0 18FF01EA#23008F0623008F06
(946688598.119972) can0 18FF02EA#23009B0623009B06
(946688598.129972) can0 18FF01EA#2300B5062300B506
(946688598.129972) can0 18FF02EA#2300930623009306
(946688598.129972) can0 18FF1085#000000031E01001E
(946688598.129972) can0 400#3F3D2C742B750000
(946688598.129972) can0 401#0068000000000000
(946688598.139972) can0 18FF01EA#22009F0622009F06
(946688598.139972) can0 18FF02EA#2500A7062500A706
(946688598.149972) can0 18FF01EA#2500B3062500B306
(946688598.149972) can0 18FF02EA#2500AC062500AC06
(946688598.149972) can0 18FF1085#000000031E01001E
(946688598.149972) can0 400#3E3D2C712B6D0000
(946688598.149972) can0 401#0067000000000000
(946688598.159972) can0 18FF01EA#2400A8062400A806
(946688598.159972) can0 18FF02EA#2400B3062400B306
(946688598.169972) can0 18FF01EA#23008E0623008E06
(946688598.169972) can0 18FF02EA#25009E0625009E06
(946688598.169972) can0 18FF1085#000000031E01001E
(946688598.169972) can0 400#3E3B2C752C6F0000
(946688598.169972) can0 401#0067000000000000
(946688598.179972) can0 18FF01EA#2400B1062400B106
(946688598.179972) can0 18FF02EA#2200960622009606
(946688598.189972) can0 18FF01EA#2500AF062500AF06
(946688598.189972) can0 18FF02EA#23009D0623009D06
(946688598.189972) can0 18FF1085#000000031E01001E
(946688598.189972) can0 400#3C3C2B6C2D6D0000
(946688598.189972) can0 401#0068000000000000
(946688598.189972) can0 19B30007#00005E20AB9A0000
(946688598.189972) can0 19B30100#D6D6D6D6D6D6D6D6
(946688598.199972) can0 18FF01EA#2300A4062300A406
(946688598.199972) can0 18FF02EA#2500960625009606
(946688598.209972) can0 18FF01EA#2200B5062200B506
(946688598.209972) can0 18FF02EA#2200B1062200B106
(946688598.209972) can0 18FF1085#000000031E01001E
(946688598.209972) can0 400#3C3C2C6F2B720000
(946688598.209972) can0 401#0066000000000000
(946688598.219972) can0 18FF01EA#24008F0624008F06
(946688598.219972) can0 18FF02EA#25009A0625009A06
(946688598.229972) can0 18FF01EA#23009E0623009E06
(946688598.229972) can0 18FF02EA#2200950622009506
(946688598.229972) can0 18FF1085#000000031E01001E
(946688598.229972) can0 400#3F3E2D732C720000
(946688598.229972) can0 401#0068000000000000
(946688598.239972) can0 18FF01EA#2200960622009606
(946688598.239972) can0 18FF02EA#2200AA062200AA06
(946688598.249972) can0 18FF01EA#2500AB062500AB06
(946688598.249972) can0 18FF02EA#2300A0062300A006
(946688598.249972) can0 18FF1085#000000031E01001E
(946688598.249972) can0 400#3C3D2C6E2D730000
(946688598.249972) can0 401#0068000000000000
(946688598.259972) can0 18FF01EA#2200940622009406
(946688598.259972) can0 18FF02EA#2200AC062200AC06
(946688598.269972) can0 18FF01EA#2200A0062200A006
(946688598.269972) can0 18FF02EA#2300AD062300AD06
(946688598.269972) can0 18FF1085#000000031E01001E
(946688598.269972) can0 400#3C3C2C6F2D710000
(946688598.269972) can0 401#0067000000000000
(946688598.279972) can0 18FF01EA#23008F0623008F06
(946688598.279972) can0 18FF02EA#2300A9062300A906
(946688598.289972) can0 18FF01EA#2400A2062400A206
(946688598.289972) can0 18FF02EA#2200930622009306
(946688598.289972) can0 18FF1085#000000031E01001E
(946688598.289972) can0 400#3F3D2B732C6C0000
(946688598.289972) can0 401#0066000000000000
(946688598.289972) can0 19B30007#00005E20AB9A0000
(946688598.289972) can0 19B30100#D6D6D6D6D6D6D6D6
(946688598.299972) can0 18FF01EA#2200A8062200A806
(946688598.299972) can0 18FF02EA#2500920625009206
(946688598.309972) can0 18FF01EA#2300A5062300A506
(946688598.309972) can0 18FF02EA#24009C0624009C06
(946688598.309972) can0 18FF1085#000000031E01001E
(946688598.309972) can0 400#3C3C2C722C700000
(946688598.309972) can0 401#0067000000000000
(946688598.319972) can0 18FF01EA#2300A8062300A806
(946688598.319972) can0 18FF02EA#2500AA062500AA06
(946688598.329972) can0 18FF01EA#22009F0622009F06
(946688598.329972) can0 18FF02EA#2400910624009106
(946688598.329972) can0 18FF1085#000000031E01001E
(946688598.329972) can0 400#3E3E2C722B6D0000
(946688598.329972) can0 401#0068000000000000
(946688598.339972) can0 18FF01EA#22009D0622009D06
(946688598.339972) can0 18FF02EA#2200920622009206
(946688598.349972) can0 18FF01EA#24008F0624008F06
(946688598.349972) can0 18FF02EA#2500900625009006
(946688598.349972) can0 18FF1085#000000031E01001E
(946688598.349972) can0 400#3E3F2C762C750000
(946688598.349972) can0 401#0067000000000000
(946688598.359972) can0 18FF01EA#2200B1062200B106
(946688598.359972) can0 18FF02EA#25009D0625009D06
(946688598.369972) can0 18FF01EA#2400AB062400AB06
(946688598.369972) can0 18FF02EA#2400900624009006
(946688598.369972) can0 18FF1085#000000031E01001E
(946688598.369972) can0 400#3E3E2B752B730000
(946688598.369972) can0 401#0068000000000000
(946688598.379972) can0 18FF01EA#2400970624009706
(946688598.379972) can0 18FF02EA#2200AE062200AE06
(946688598.389972) can0 18FF01EA#2300A3062300A306
(946688598.389972) can0 18FF02EA#2400A9062400A906
(946688598.389972) can0 18FF1085#000000031E01001E
(946688598.389972) can0 400#3F3F2C712C750000
(946688598.389972) can0 401#0068000000000000
(946688598.389972) can0 19B30007#00005E20AB9A0000
(946688598.389972) can0 19B30100#D6D6D6D6D6D6D6D6
(946688598.399972) can0 18FF01EA#2500930625009306
(946688598.399972) can0 18FF02EA#2500AD062500AD06
(946688598.409972) can0 18FF01EA#2500A2062500A206
(946688598.409972) can0 18FF02EA#2200A7062200A706
(946688598.409972) can0 18FF1085#000000031E01001E
(946688598.409972) can0 400#3F3C2C6C2C730000
(946688598.409972) can0 401#0067000000000000
(946688598.419972) can0 18FF01EA#2300900623009006
(946688598.419972) can0 18FF02EA#2500A6062500A606
(946688598.429972) can0 18FF01EA#2500AD062500AD06
(946688598.429972) can0 18FF02EA#2500910625009106
(946688598.429972) can0 18FF1085#000000031E01001E
(946688598.429972) can0 400#3E3F2D722C700000
(946688598.429972) can0 401#0067000000000000
(946688598.439972) can0 18FF01EA#2200AF062200AF06
(946688598.439972) can0 18FF02EA#2500B2062500B206
(946688598.449972) can0 18FF01EA#2200A9062200A906
(946688598.449972) can0 18FF02EA#2200B1062200B106
(946688598.449972) can0 18FF1085#000000031E01001E
(946688598.449972) can0 400#3C3C2C6D2B750000
(946688598.449972) can0 401#0067000000000000
(946688598.459972) can0 18FF01EA#2200B1062200B106
(946688598.459972) can0 18FF02EA#23008E0623008E06
(946688598.469972) can0 18FF01EA#2400AC062400AC06
(946688598.469972) can0 18FF02EA#22008E0622008E06
(946688598.469972) can0 18FF1085#000000031E01001E
(946688598.469972) can0 400#3D3B2D732D6F0000
(946688598.469972) can0 401#0067000000000000
(946688598.479972) can0 18FF01EA#2300A2062300A206
(946688598.479972) can0 18FF02EA#2500A5062500A506
(946688598.489972) can0 18FF01EA#2200900622009006
(946688598.489972) can0 18FF02EA#2300920623009206
(946688598.489972) can0 18FF1085#000000031E01001E
(946688598.489972) can0 400#3F3B2C6E2C700000
(946688598.489972) can0 401#0067000000000000
(946688598.489972) can0 19B30007#00005E20AB9A0000
(946688598.489972) can0 19B30100#D6D6D6D6D6D6D6D6
(946688598.499972) can0 18FF01EA#2300A6062300A606
(946688598.499972) can0 18FF02EA#25009C0625009C06
(946688598.509972) can0 18FF01EA#25008E0625008E06
(946688598.509972) can0 18FF02EA#2400A5062400A506
(946688598.509972) can0 18FF1085#000000031E01001E
(946688598.509972) can0 400#3E3F2D742D6F0000
(946688598.509972) can0 401#0168000000000000
(946688598.519972) can0 18FF01EA#2500AE062500AE06
(946688598.519972) can0 18FF02EA#2300940623009406
(946688598.529972) can0 18FF01EA#22009C0622009C06
(946688598.529972) can0 18FF02EA#2200AC062200AC06
(946688598.529972) can0 18FF1085#000000031E01001E
(946688598.529972) can0 400#3F3D2C6C2C750000
(946688598.529972) can0 401#0168000000000000
(946688598.539972) can0 18FF01EA#2500A4062500A406
(946688598.539972) can0 18FF02EA#2200900622009006
(946688598.549972) can0 18FF01EA#2200B2062200B206
(946688598.549972) can0 18FF02EA#2200950622009506
(946688598.549972) can0 18FF1085#000000031E01001E
(946688598.549972) can0 400#3E3D2C732C6E0000
(946688598.549972) can0 401#0068000000000000
(946688598.559972) can0 18FF01EA#2400960624009606
(946688598.559972) can0 18FF02EA#2400A1062400A106
(946688598.569972) can0 18FF01EA#2400AD062400AD06
(946688598.569972) can0 18FF02EA#2500A9062500A906
(946688598.569972) can0 18FF1085#000000031E01001E
(946688598.569972) can0 400#3E3B2B712D720000
(946688598.569972) can0 401#0068000000000000
(946688598.579972) can0 18FF01EA#2300A3062300A306
(946688598.579972) can0 18FF02EA#2400A9062400A906
(946688598.589972) can0 18FF01EA#2200A7062200A706
(946688598.589972) can0 18FF02EA#22009D0622009D06
(946688598.589972) can0 18FF1085#000000031E01001E
(946688598.589972) can0 400#3E3C2C6F2C6D0000
(946688598.589972) can0 401#0067000000000000
(946688598.589972) can0 19B30007#00005E20AB9A0000
(946688598.589972) can0 19B30100#D6D6D6D6D6D6D6D6
(946688598.599972) can0 18FF01EA#2300A6062300A606
(946688598.599972) can0 18FF02EA#25009E0625009E06
(946688598.609972) can0 18FF01EA#2300B1062300B106
(946688598.609972) can0 18FF02EA#2200900622009006
(946688598.609972) can0 18FF1085#000000031E01001E
(946688598.609972) can0 400#3C3C2C722D6C0000
(946688598.609972) can0 401#0067000000000000
(946688598.619972) can0 18FF01EA#2300A1062300A106
(946688598.619972) can0 18FF02EA#2500B1062500B106
(946688598.629972) can0 18FF01EA#2400A8062400A806
(946688598.629972) can0 18FF02EA#2400AC062400AC06
(946688598.629972) can0 18FF1085#000000031E01001E
(946688598.629972) can0 400#3E3B2D732C6F0000
(946688598.629972) can0 401#0068000000000000
(946688598.639972) can0 18FF01EA#2500990625009906
(946688598.639972) can0 18FF02EA#2200A2062200A206
(946688598.649972) can0 18FF01EA#25009A0625009A06
(946688598.649972) can0 18FF02EA#2200A3062200A306
(946688598.649972) can0 18FF1085#000000031E01001E
(946688598.649972) can0 400#3C3B2B742C710000
(946688598.649972) can0 401#0168000000000000
(946688598.659972) can0 18FF01EA#2200940622009406
(946688598.659972) can0 18FF02EA#24008E0624008E06
(946688598.669972) can0 18FF01EA#2300950623009506
(946688598.669972) can0 18FF02EA#2400980624009806
(946688598.669972) can0 18FF1085#000000031E01001E
(946688598.669972) can0 400#3F3D2C742C6F0000
(946688598.669972) can0 401#0068000000000000
(946688598.679972) can0 18FF01EA#2400990624009906
(946688598.679972) can0 18FF02EA#22009B0622009B06
(946688598.689972) can0 18FF01EA#25008E0625008E06
(946688598.689972) can0 18FF02EA#2300A7062300A706
(946688598.689972) can0 18FF1085#000000031E01001E
(946688598.689972) can0 400#3C3E2C712B740000
(946688598.689972) can0 401#0068000000000000
(946688598.689972) can0 19B30007#00005E20AB9A0000
(946688598.689972) can0 19B30100#D6D6D6D6D6D6D6D6
(946688598.699972) can0 18FF01EA#23008E0623008E06
(946688598.699972) can0 18FF02EA#2200A0062200A006
(946688598.709972) can0 18FF01EA#2300930623009306
(946688598.709972) can0 18FF02EA#24009F0624009F06
(946688598.709972) can0 18FF1085#000000031E01001E
(946688598.709972) can0 400#3E3D2D6D2D700000
(946688598.709972) can0 401#0067000000000000
(946688598.719972) can0 18FF01EA#2200930622009306
(946688598.719972) can0 18FF02EA#2400990624009906
(946688598.729972) can0 18FF01EA#2400940624009406
(946688598.729972) can0 18FF02EA#2300AF062300AF06
(946688598.729972) can0 18FF1085#000000031E01001E
(946688598.729972) can0 400#3F3D2B752C6C0000
(946688598.729972) can0 401#0067000000000000
(946688598.739972) can0 18FF01EA#2400A9062400A906
(946688598.739972) can0 18FF02EA#2500AF062500AF06
(946688598.749972) can0 18FF01EA#2400AE062400AE06
(946688598.749972) can0 18FF02EA#25009C0625009C06
(946688598.749972) can0 18FF1085#000000031E01001E
(946688598.749972) can0 400#3C3D2C742D720000
(946688598.749972) can0 401#0067000000000000
(946688598.759972) can0 18FF01EA#25009B0625009B06
(946688598.759972) can0 18FF02EA#2400910624009106
(946688598.769972) can0 18FF01EA#2500920625009206
(946688598.769972) can0 18FF02EA#2400A7062400A706
(946688598.769972) can0 18FF1085#000000031E01001E
(946688598.769972) can0 400#3D3F2B712D720000
(946688598.769972) can0 401#0167000000000000
(946688598.779972) can0 18FF01EA#2400920624009206
(946688598.779972) can0 18FF02EA#2400B2062400B206
(946688598.789972) can0 18FF01EA#2300990623009906
(946688598.789972) can0 18FF02EA#2500920625009206
(946688598.789972) can0 18FF1085#000000031E01001E
(946688598.789972) can0 400#3F3F2D712D6C0000
(946688598.789972) can0 401#0067000000000000
(946688598.789972) can0 19B30007#00005E20AB9A0000
(946688598.789972) can0 19B30100#D6D6D6D6D6D6D6D6
(946688598.799972) can0 18FF01EA#2500910625009106
(946688598.799972) can0 18FF02EA#2500960625009606
(946688598.809972) can0 18FF01EA#2200AA062200AA06
(946688598.809972) can0 18FF02EA#2400960624009606
(946688598.809972) can0 18FF1085#000000031E01001E
(946688598.809972) can0 400#3D3F2C6E2D750000
(946688598.809972) can0 401#0168000000000000
(946688598.819972) can0 18FF01EA#23009A0623009A06
(946688598.819972) can0 18FF02EA#2400B0062400B006
(946688598.829972) can0 18FF01EA#2500A8062500A806
(946688598.829972) can0 18FF02EA#2300970623009706
(946688598.829972) can0 18FF1085#000000031E01001E
(946688598.829972) can0 400#3E3B2C732D750000
(946688598.829972) can0 401#0068000000000000
(946688598.839972) can0 18FF01EA#2400A5062400A506
(946688598.839972) can0 18FF02EA#2500940625009406
(946688598.849972) can0 18FF01EA#2500A8062500A806
(946688598.849972) can0 18FF02EA#2200A6062200A606
(946688598.849972) can0 18FF1085#000000031E01001E
(946688598.849972) can0 400#3C3D2D6F2B740000
(946688598.849972) can0 401#0068000000000000
(946688598.859972) can0 18FF01EA#2500920625009206
(946688598.859972) can0 18FF02EA#2300A5062300A506
(946688598.869972) can0 18FF01EA#2200AA062200AA06
(946688598.869972) can0 18FF02EA#2400B4062400B406
(946688598.869972) can0 18FF1085#000000031E01001E
(946688598.869972) can0 400#3C3D2D702C700000
(946688598.869972) can0 401#0068000000000000
(946688598.879972) can0 18FF01EA#2300940623009406
(946688598.879972) can0 18FF02EA#2200B2062200B206
(946688598.889971) can0 18FF01EA#2200A5062200A506
(946688598.889971) can0 18FF02EA#22009A0622009A06
(946688598.889971) can0 18FF1085#000000031E01001E
(946688598.889971) can0 400#3E3B2C6F2C740000
(946688598.889971) can0 401#0168000000000000
(946688598.889971) can0 19B30007#00005E20AB9A0000
(946688598.889971) can0 19B30100#D6D6D6D6D6D6D6D6
(946688598.899971) can0 18FF01EA#2500A9062500A906
(946688598.899971) can0 18FF02EA#23008F0623008F06
(946688598.909971) can0 18FF01EA#2200A1062200A106
(946688598.909971) can0 18FF02EA#2500960625009606
(946688598.909971) can0 18FF1085#000000031E01001E
(946688598.909971) can0 400#3E3D2B732C750000
(946688598.909971) can0 401#0067000000000000
(946688598.919971) can0 18FF01EA#2300970623009706
(946688598.919971) can0 18FF02EA#22009E0622009E06
(946688598.929971) can0 18FF01EA#25008F0625008F06
(946688598.929971) can0 18FF02EA#2500AF062500AF06
(946688598.929971) can0 18FF1085#000000031E01001E
(946688598.929971) can0 400#3D3C2B742C720000
(946688598.929971) can0 401#0167000000000000
(946688598.939971) can0 18FF01EA#2400970624009706
(946688598.939971) can0 18FF02EA#23009E0623009E06
(946688598.949971) can0 18FF01EA#2500B3062500B306
(946688598.949971) can0 18FF02EA#2400AE062400AE06
(946688598.949971) can0 18FF1085#000000031E01001E
(946688598.949971) can0 400#3C3D2C722C6E0000
(946688598.949971) can0 401#0068000000000000
(946688598.959971) can0 18FF01EA#2400960624009606
(946688598.959971) can0 18FF02EA#2500B1062500B106
(946688598.969971) can0 18FF01EA#2400A6062400A606
(946688598.969971) can0 18FF02EA#2300A5062300A506
(946688598.969971) can0 18FF1085#000000031E01001E
(946688598.969971) can0 400#3D3E2D742C6F0000
(946688598.969971) can0 401#0066000000000000
(946688598.979971) can0 18FF01EA#2200AA062200AA06
(946688598.979971) can0 18FF02EA#2400930624009306
(946688598.989971) can0 18FF01EA#2500A1062500A106
(946688598.989971) can0 18FF02EA#23009B0623009B06
(946688598.989971) can0 18FF1085#000000031E01001E
(946688598.989971) can0 400#3E3D2B752D6D0000
(946688598.989971) can0 401#0068000000000000
(946688598.989971) can0 19B30007#00005E20AB9A0000
(946688598.989971) can0 19B30100#D6D6D6D6D6D6D6D6
(946688598.999971) can0 18FF01EA#2500AF062500AF06
(946688598.999971) can0 18FF02EA#2400920624009206
(946688599.009971) can0 18FF01EA#2200AF062200AF06
(946688599.009971) can0 18FF02EA#2300A8062300A806
(946688599.009971) can0 18FF1085#000000031E01001E
(946688599.009971) can0 400#3E3F2C6F2C730000
(946688599.009971) can0 401#0067000000000000
(946688599.019971) can0 18FF01EA#2200AD062200AD06
(946688599.019971) can0 18FF02EA#2300930623009306
(946688599.029971) can0 18FF01EA#2300900623009006
(946688599.029971) can0 18FF02EA#2300A3062300A306
(946688599.029971) can0 18FF1085#000000031E01001E
(946688599.029971) can0 400#3F3D2C6E2C730000
(946688599.029971) can0 401#0068000000000000
(946688599.039971) can0 18FF01EA#22009E0622009E06
(946688599.039971) can0 18FF02EA#2500A1062500A106
(946688599.049971) can0 18FF01EA#2200AF062200AF06
(946688599.049971) can0 18FF02EA#2500A9062500A906
(946688599.049971) can0 18FF1085#000000031E01001E
(946688599.049971) can0 400#3B3C2D6E2C730000
(946688599.049971) can0 401#0067000000000000
(946688599.059971) can0 18FF01EA#23009E0623009E06
(946688599.059971) can0 18FF02EA#2500920625009206
(946688599.069971) can0 18FF01EA#2200A2062200A206
(946688599.069971) can0 18FF02EA#2300AE062300AE06
(946688599.069971) can0 18FF1085#000000031E01001E
(946688599.069971) can0 400#3B3D2D6E2C6E0000
(946688599.069971) can0 401#0067000000000000
(946688599.079971) can0 18FF01EA#2500AF062500AF06
(946688599.079971) can0 18FF02EA#2300B4062300B406
(946688599.089971) can0 18FF01EA#2500910625009106
(946688599.089971) can0 18FF02EA#23009D0623009D06
(946688599.089971) can0 18FF1085#000000031E01001E
(946688599.089971) can0 400#3D3D2D6C2C750000
(946688599.089971) can0 401#0068000000000000
(946688599.089971) can0 19B30007#00005E20AB9A0000
(946688599.089971) can0 19B30100#D6D6D6D6D6D6D6D6
(946688599.099971) can0 18FF01EA#25009F0625009F06
(946688599.099971) can0 18FF02EA#2300970623009706
(946688599.109971) can0 18FF01EA#2300B3062300B306
(946688599.109971) can0 18FF02EA#2400960624009606
(946688599.109971) can0 18FF1085#000000031E01001E
(946688599.109971) can0 400#3D3C2B6D2C730000
(946688599.109971) can0 401#0067000000000000
(946688599.119971) can0 18FF01EA#22008E0622008E06
(946688599.119971) can0 18FF02EA#2400910624009106
(946688599.129971) can0 18FF01EA#2400940624009406
(946688599.129971) can0 18FF02EA#2500AA062500AA06
(946688599.129971) can0 18FF1085#000000031E01001E
(946688599.129971) can0 400#3F3B2D6C2D710000
(946688599.129971) can0 401#0068000000000000
(946688599.139971) can0 18FF01EA#22009E0622009E06
(946688599.139971) can0 18FF02EA#2400940624009406
(946688599.149971) can0 18FF01EA#2400AA062400AA06
(946688599.149971) can0 18FF02EA#2400B1062400B106
(946688599.149971) can0 18FF1085#000000031E01001E
(946688599.149971) can0 400#3D3E2C6F2D730000
(946688599.149971) can0 401#0067000000000000
(946688599.159971) can0 18FF01EA#2200A3062200A306
(946688599.159971) can0 18FF02EA#2300910623009106
(946688599.169971) can0 18FF01EA#2500A9062500A906
(946688599.169971) can0 18FF02EA#2300A0062300A006
(946688599.169971) can0 18FF1085#000000031E01001E
(946688599.169971) can0 400#3D3B2C732D710000
(946688599.169971) can0 401#0068000000000000
(946688599.179971) can0 18FF01EA#2500980625009806
(946688599.179971) can0 18FF02EA#2300B0062300B006
(946688599.189971) can0 18FF01EA#2200A8062200A806
(946688599.189971) can0 18FF02EA#2500AA062500AA06
(946688599.189971) can0 18FF1085#000000031E01001E
(946688599.189971) can0 400#3D3C2B6E2C6C0000
(946688599.189971) can0 401#0067000000000000
(946688599.189971) can0 19B30007#00005E20AB9A0000
(946688599.189971) can0 19B30100#D6D6D6D6D6D6D6D6
(946688599.199971) can0 18FF01EA#2200B5062200B506
(946688599.199971) can0 18FF02EA#2400970624009706
(946688599.209971) can0 18FF01EA#2200A2062200A206
(946688599.209971) can0 18FF02EA#2200910622009106
(946688599.209971) can0 18FF1085#000000031E01001E
(946688599.209971) can0 400#3D3E2D702C750000
(946688599.209971) can0 401#0067000000000000
(946688599.219971) can0 18FF01EA#2500960625009606
(946688599.219971) can0 18FF02EA#2500A7062500A706
(946688599.229971) can0 18FF01EA#2300A0062300A006
(946688599.229971) can0 18FF02EA#2500AC062500AC06
(946688599.229971) can0 18FF1085#000000031E01001E
(946688599.229971) can0 400#3C3D2C6E2D740000
(946688599.229971) can0 401#0067000000000000
(946688599.239971) can0 18FF01EA#2500B0062500B006
(946688599.239971) can0 18FF02EA#2200970622009706
(946688599.249971) can0 18FF01EA#2300AA062300AA06
(946688599.249971) can0 18FF02EA#2400B3062400B306
(946688599.249971) can0 18FF1085#000000031E01001E
(946688599.249971) can0 400#3F3D2C6E2C750000
(946688599.249971) can0 401#0068000000000000
(946688599.259971) can0 18FF01EA#24008F0624008F06
(946688599.259971) can0 18FF02EA#23008E0623008E06
(946688599.269971) can0 18FF01EA#22009F0622009F06
(946688599.269971) can0 18FF02EA#2400A7062400A706
(946688599.269971) can0 18FF1085#000000031E01001E
(946688599.269971) can0 400#3C3F2D752C6E0000
(946688599.269971) can0 401#0166000000000000
(946688599.279971) can0 18FF01EA#2500AD062500AD06
(946688599.279971) can0 18FF02EA#2400900624009006
(946688599.289971) can0 18FF01EA#2300950623009506
(946688599.289971) can0 18FF02EA#2400B3062400B306
(946688599.289971) can0 18FF1085#000000031E01001E
(946688599.289971) can0 400#3E3F2D6E2D750000
(946688599.289971) can0 401#0067000000000000
(946688599.289971) can0 19B30007#00005E20AB9A0000
(946688599.289971) can0 19B30100#D6D6D6D6D6D6D6D6
(946688599.299971) can0 18FF01EA#2300B0062300B006
(946688599.299971) can0 18FF02EA#2200980622009806
(946688599.309971) can0 18FF01EA#2500A7062500A706
(946688599.309971) can0 18FF02EA#2200B5062200B506
(946688599.309971) can0 18FF1085#000000031E01001E
(946688599.309971) can0 400#3C3F2D6E2C750000
(946688599.309971) can0 401#0068000000000000
(946688599.319971) can0 18FF01EA#2300900623009006
(946688599.319971) can0 18FF02EA#2300A5062300A506
(946688599.329971) can0 18FF01EA#2300A6062300A606
(946688599.329971) can0 18FF02EA#2200940622009406
(946688599.329971) can0 18FF1085#000000031E01001E
(946688599.329971) can0 400#3E3D2D6D2C6F0000
(946688599.329971) can0 401#0068000000000000
(946688599.339971) can0 18FF01EA#22009E0622009E06
(946688599.339971) can0 18FF02EA#2500B5062500B506
(946688599.349971) can0 18FF01EA#2200980622009806
(946688599.349971) can0 18FF02EA#2200910622009106
(946688599.349971) can0 18FF1085#000000031E01001E
(946688599.349971) can0 400#3C3C2C6D2C700000
(946688599.349971) can0 401#0067000000000000
(946688599.359971) can0 18FF01EA#2500A3062500A306
(946688599.359971) can0 18FF02EA#23009F0623009F06
(946688599.369971) can0 18FF01EA#2500A5062500A506
(946688599.369971) can0 18FF02EA#2200900622009006
(946688599.369971) can0 18FF1085#000000031E01001E
(946688599.369971) can0 400#3B3D2C752C750000
(946688599.369971) can0 401#0067000000000000
(946688599.379971) can0 18FF01EA#23009B0623009B06
(946688599.379971) can0 18FF02EA#2400A0062400A006
(946688599.389971) can0 18FF01EA#24008E0624008E06
(946688599.389971) can0 18FF02EA#2200B2062200B206
(946688599.389971) can0 18FF1085#000000031E01001E
(946688599.389971) can0 400#3E3D2C6C2C6C0000
(946688599.389971) can0 401#0066000000000000
(946688599.389971) can0 19B30007#00005E20AB9A0000
(946688599.389971) can0 19B30100#D6D6D6D6D6D6D6D6
(946688599.399971) can0 18FF01EA#2200A2062200A206
(946688599.399971) can0 18FF02EA#2400AE062400AE06
(946688599.409971) can0 18FF01EA#22009A0622009A06
(946688599.409971) can0 18FF02EA#2300920623009206
(946688599.409971) can0 18FF1085#000000031E01001E
(946688599.409971) can0 400#3C3F2D732C750000
(946688599.409971) can0 401#0068000000000000
(946688599.419971) can0 18FF01EA#2400AA062400AA06
(946688599.419971) can0 18FF02EA#22009D0622009D06
(946688599.429971) can0 18FF01EA#2300980623009806
(946688599.429971) can0 18FF02EA#2400A8062400A806
(946688599.429971) can0 18FF1085#000000031E01001E
(946688599.429971) can0 400#3D3C2C702C6F0000
(946688599.429971) can0 401#0067000000000000
(946688599.439971) can0 18FF01EA#2200AC062200AC06
(946688599.439971) can0 18FF02EA#2500AC062500AC06
(946688599.449971) can0 18FF01EA#2300B1062300B106
(946688599.449971) can0 18FF02EA#2200AA062200AA06
(946688599.449971) can0 18FF1085#000000031E01001E
(946688599.449971) can0 400#3F3F2C6D2D720000
(946688599.449971) can0 401#0067000000000000
(946688599.459971) can0 18FF01EA#2500B0062500B006
(946688599.459971) can0 18FF02EA#2200B2062200B206
(946688599.469971) can0 18FF01EA#2200970622009706
(946688599.469971) can0 18FF02EA#2300990623009906
(946688599.469971) can0 18FF1085#000000031E01001E
(946688599.469971) can0 400#3E3C2C6E2C740000
(946688599.469971) can0 401#0067000000000000
(946688599.479971) can0 18FF01EA#2300AC062300AC06
(946688599.479971) can0 18FF02EA#22009C0622009C06
(946688599.489971) can0 18FF01EA#2400B3062400B306
(946688599.489971) can0 18FF02EA#2200A6062200A606
(946688599.489971) can0 18FF1085#000000031E01001E
(946688599.489971) can0 400#3D3C2C6C2C700000
(946688599.489971) can0 401#0068000000000000
(946688599.489971) can0 19B30007#00005E20AB9A0000
(946688599.489971) can0 19B30100#D6D6D6D6D6D6D6D6
(946688599.499971) can0 18FF01EA#2200950622009506
(946688599.499971) can0 18FF02EA#2500A4062500A406
(946688599.509971) can0 18FF01EA#22009B0622009B06
(946688599.509971) can0 18FF02EA#2200AF062200AF06
(946688599.509971) can0 18FF1085#000000031E01001E
(946688599.509971) can0 400#3C3E2B6F2D740000
(946688599.509971) can0 401#0066000000000000
(946688599.519971) can0 18FF01EA#2300960623009606
(946688599.519971) can0 18FF02EA#2500A4062500A406
(946688599.529971) can0 18FF01EA#22009F0622009F06
(946688599.529971) can0 18FF02EA#25009D0625009D06
(946688599.529971) can0 18FF1085#000000031E01001E
(946688599.529971) can0 400#3E3D2C6E2D730000
(946688599.529971) can0 401#0068000000000000
(946688599.539971) can0 18FF01EA#2200B5062200B506
(946688599.539971) can0 18FF02EA#25009C0625009C06
(946688599.549971) can0 18FF01EA#2300AF062300AF06
(946688599.549971) can0 18FF02EA#2400970624009706
(946688599.549971) can0 18FF1085#000000031E01001E
(946688599.549971) can0 400#3E3E2B732C6D0000
(946688599.549971) can0 401#0066000000000000
(946688599.559971) can0 18FF01EA#2200960622009606
(946688599.559971) can0 18FF02EA#2300AD062300AD06
(946688599.569971) can0 18FF01EA#2200B3062200B306
(946688599.569971) can0 18FF02EA#2300A7062300A706
(946688599.569971) can0 18FF1085#000000031E01001E
(946688599.569971) can0 400#3C3C2C722D6C0000
(946688599.569971) can0 401#0067000000000000
(946688599.579971) can0 18FF01EA#2400AA062400AA06
(946688599.579971) can0 18FF02EA#23009E0623009E06
(946688599.589971) can0 18FF01EA#2300920623009206
(946688599.589971) can0 18FF02EA#2400980624009806
(946688599.589971) can0 18FF1085#000000031E01001E
(946688599.589971) can0 400#3E3D2D6E2D720000
(946688599.589971) can0 401#0067000000000000
(946688599.589971) can0 19B30007#00005E20AB9A0000
(946688599.589971) can0 19B30100#D6D6D6D6D6D6D6D6
(946688599.599971) can0 18FF01EA#2400A0062400A006
(946688599.599971) can0 18FF02EA#2200950622009506
(946688599.609971) can0 18FF01EA#2200AE062200AE06
(946688599.609971) can0 18FF02EA#24009A0624009A06
(946688599.609971) can0 18FF1085#000000031E01001E
(946688599.609971) can0 400#3B3C2C752D700000
(946688599.609971) can0 401#0067000000000000
(946688599.619971) can0 18FF01EA#2300A8062300A806
(946688599.619971) can0 18FF02EA#24009C0624009C06
(946688599.629971) can0 18FF01EA#2400AB062400AB06
(946688599.629971) can0 18FF02EA#2200990622009906
(946688599.629971) can0 18FF1085#000000031E01001E
(946688599.629971) can0 400#3D3E2D6D2C750000
(946688599.629971) can0 401#0066000000000000
(946688599.639971) can0 18FF01EA#2400B0062400B006
(946688599.639971) can0 18FF02EA#2500A7062500A706
(946688599.649971) can0 18FF01EA#22009C0622009C06
(946688599.649971) can0 18FF02EA#22009F0622009F06
(946688599.649971) can0 18FF1085#000000031E01001E
(946688599.649971) can0 400#3C3D2B722D700000
(946688599.649971) can0 401#0167000000000000
(946688599.659971) can0 18FF01EA#25009C0625009C06
(946688599.659971) can0 18FF02EA#2200A5062200A506
(946688599.669971) can0 18FF01EA#2300B5062300B506
(946688599.669971) can0 18FF02EA#2200AF062200AF06
(946688599.669971) can0 18FF1085#000000031E01001E
(946688599.669971) can0 400#3B3C2C702D700000
(946688599.669971) can0 401#0067000000000000
(946688599.679971) can0 18FF01EA#2200A7062200A706
(946688599.679971) can0 18FF02EA#2500990625009906
(946688599.689971) can0 18FF01EA#2300B4062300B406
(946688599.689971) can0 18FF02EA#2200B3062200B306
(946688599.689971) can0 18FF1085#000000031E01001E
(946688599.689971) can0 400#3E3C2D732C750000
(946688599.689971) can0 401#0067000000000000
(946688599.689971) can0 19B30007#00005E20AB9A0000
(946688599.689971) can0 19B30100#D6D6D6D6D6D6D6D6
(946688599.699971) can0 18FF01EA#2500B0062500B006
(946688599.699971) can0 18FF02EA#2400950624009506
(946688599.709971) can0 18FF01EA#2400B4062400B406
(946688599.709971) can0 18FF02EA#2200A3062200A306
(946688599.709971) can0 18FF1085#000000031E01001E
(946688599.709971) can0 400#3C3C2D742C740000
(946688599.709971) can0 401#0168000000000000
(946688599.719971) can0 18FF01EA#2300AA062300AA06
(946688599.719971) can0 18FF02EA#2400A0062400A006
(946688599.729971) can0 18FF01EA#2200970622009706
(946688599.729971) can0 18FF02EA#2200B5062200B506
(946688599.729971) can0 18FF1085#000000031E01001E
(946688599.729971) can0 400#3E3E2C702D740000
(946688599.729971) can0 401#0066000000000000
(946688599.739971) can0 18FF01EA#2300A5062300A506
(946688599.739971) can0 18FF02EA#25008E0625008E06
(946688599.749971) can0 18FF01EA#2200970622009706
(946688599.749971) can0 18FF02EA#2200B5062200B506
(946688599.749971) can0 18FF1085#000000031E01001E
(946688599.749971) can0 400#3C3C2B752D710000
(946688599.749971) can0 401#0067000000000000
(946688599.759971) can0 18FF01EA#2300950623009506
(946688599.759971) can0 18FF02EA#24009D0624009D06
(946688599.769971) can0 18FF01EA#2400930624009306
(946688599.769971) can0 18FF02EA#2200A4062200A406
(946688599.769971) can0 18FF1085#000000031E01001E
(946688599.769971) can0 400#3D3D2D752C710000
(946688599.769971) can0 401#0067000000000000
(946688599.779971) can0 18FF01EA#2500930625009306
(946688599.779971) can0 18FF02EA#2400A6062400A606
(946688599.789971) can0 18FF01EA#2300B3062300B306
(946688599.789971) can0 18FF02EA#2500A0062500A006
(946688599.789971) can0 18FF1085#000000031E01001E
(946688599.789971) can0 400#3E3F2D752C720000
(946688599.789971) can0 401#0068000000000000
(946688599.789971) can0 19B30007#00005E20AB9A0000
(946688599.789971) can0 19B30100#D6D6D6D6D6D6D6D6
(946688599.799971) can0 18FF01EA#2200A2062200A206
(946688599.799971) can0 18FF02EA#2300920623009206
(946688599.809971) can0 18FF01EA#24009F0624009F06
(946688599.809971) can0 18FF02EA#2500B2062500B206
(946688599.809971) can0 18FF1085#000000031E01001E
(946688599.809971) can0 400#3E3F2C742D730000
(946688599.809971) can0 401#0067000000000000
(946688599.819971) can0 18FF01EA#2200AF062200AF06
(946688599.819971) can0 18FF02EA#2400A5062400A506
(946688599.829971) can0 18FF01EA#2200A0062200A006
(946688599.829971) can0 18FF02EA#2500AA062500AA06
(946688599.829971) can0 18FF1085#000000031E01001E
(946688599.829971) can0 400#3C3F2C6E2B740000
(946688599.829971) can0 401#0068000000000000
(946688599.839971) can0 18FF01EA#2200A1062200A106
(946688599.839971) can0 18FF02EA#22008E0622008E06
(946688599.849971) can0 18FF01EA#2400A1062400A106
(946688599.849971) can0 18FF02EA#2300B4062300B406
(946688599.849971) can0 18FF1085#000000031E01001E
(946688599.849971) can0 400#3C3E2D732C6F0000
(946688599.849971) can0 401#0068000000000000
(946688599.859971) can0 18FF01EA#2500A0062500A006
(946688599.859971) can0 18FF02EA#2200A8062200A806
(946688599.869971) can0 18FF01EA#2400AC062400AC06
(946688599.869971) can0 18FF02EA#2200970622009706
(946688599.869971) can0 18FF1085#000000031E01001E
(946688599.869971) can0 400#3C3D2C722D6C0000
(946688599.869971) can0 401#0067000000000000
(946688599.879971) can0 18FF01EA#25008F0625008F06
(946688599.879971) can0 18FF02EA#2500AD062500AD06
(946688599.889971) can0 18FF01EA#23009B0623009B06
(946688599.889971) can0 18FF02EA#2500900625009006
(946688599.889971) can0 18FF1085#000000031E01001E
(946688599.889971) can0 400#3D3B2C6D2D740000
(946688599.889971) can0 401#0068000000000000
(946688599.889971) can0 19B30007#00005E20AB9A0000
(946688599.889971) can0 19B30100#D6D6D6D6D6D6D6D6
(946688599.899971) can0 18FF01EA#2400B2062400B206
(946688599.899971) can0 18FF02EA#2500B2062500B206
(946688599.909971) can0 18FF01EA#2200AE062200AE06
(946688599.909971) can0 18FF02EA#2500AF062500AF06
(946688599.909971) can0 18FF1085#000000031E01001E
(946688599.909971) can0 400#3B3D2D712C6D0000
(946688599.909971) can0 401#0167000000000000
(946688599.919971) can0 18FF01EA#2300AD062300AD06
(946688599.919971) can0 18FF02EA#2400A5062400A506
(946688599.929971) can0 18FF01EA#2200AC062200AC06
(946688599.929971) can0 18FF02EA#2200AC062200AC06
(946688599.929971) can0 18FF1085#000000031E01001E
(946688599.929971) can0 400#3E3E2C702B6C0000
(946688599.929971) can0 401#0068000000000000
(946688599.939970) can0 18FF01EA#23009D0623009D06
(946688599.939970) can0 18FF02EA#2500A2062500A206
(946688599.949970) can0 18FF01EA#2200A9062200A906
(946688599.949970) can0 18FF02EA#2300940623009406
(946688599.949970) can0 18FF1085#000000031E01001E
(946688599.949970) can0 400#3F3F2C722D6F0000
(946688599.949970) can0 401#0067000000000000
(946688599.959970) can0 18FF01EA#2400AB062400AB06
(946688599.959970) can0 18FF02EA#2400B3062400B306
(946688599.969970) can0 18FF01EA#2300AE062300AE06
(946688599.969970) can0 18FF02EA#2400980624009806
(946688599.969970) can0 18FF1085#000000031E01001E
(946688599.969970) can0 400#3F3E2C752D710000
(946688599.969970) can0 401#0066000000000000
(946688599.979970) can0 18FF01EA#2300970623009706
(946688599.979970) can0 18FF02EA#23009A0623009A06
(946688599.989970) can0 18FF01EA#2300A2062300A206
(946688599.989970) can0 18FF02EA#23008F0623008F06
(946688599.989970) can0 18FF1085#000000031E01001E
(946688599.989970) can0 400#3D3E2C6E2C6D0000
(946688599.989970) can0 401#0067000000000000
(946688599.989970) can0 19B30007#00005E20AB9A0000
(946688599.989970) can0 19B30100#D6D6D6D6D6D6D6D6
(946688599.999970) can0 18FF01EA#2200A4062200A406
(946688599.999970) can0 18FF02EA#2500B1062500B106
(946688600.009970) can0 18FF01EA#24009F0624009F06
(946688600.009970) can0 18FF02EA#2400A6062400A606
(946688600.009970) can0 18FF1085#000000031E01001E
(946688600.009970) can0 400#3F3C2B732C700000
(946688600.009970) can0 401#0068000000000000
(946688600.019970) can0 18FF01EA#2500A5062500A506
(946688600.019970) can0 18FF02EA#22008F0622008F06
(946688600.029970) can0 18FF01EA#2400A9062400A906
(946688600.029970) can0 18FF02EA#2300940623009406
(946688600.029970) can0 18FF1085#000000031E01001E
(946688600.029970) can0 400#3F3C2D752C6F0000
(946688600.029970) can0 401#0167000000000000
(946688600.039970) can0 18FF01EA#2200900622009006
(946688600.039970) can0 18FF02EA#2300A8062300A806
(946688600.049970) can0 18FF01EA#2500AC062500AC06
(946688600.049970) can0 18FF02EA#25009A0625009A06
(946688600.049970) can0 18FF1085#000000031E01001E
(946688600.049970) can0 400#3D3E2D6F2C740000
(946688600.049970) can0 401#0068000000000000
(946688600.059970) can0 18FF01EA#2400930624009306
(946688600.059970) can0 18FF02EA#2500A6062500A606
(946688600.069970) can0 18FF01EA#2200B1062200B106
(946688600.069970) can0 18FF02EA#2200AE062200AE06
(946688600.069970) can0 18FF1085#000000031E01001E
(946688600.069970) can0 400#3D3F2D742C750000
(946688600.069970) can0 401#0066000000000000
(946688600.079970) can0 18FF01EA#2300A9062300A906
(946688600.079970) can0 18FF02EA#2200920622009206
(946688600.089970) can0 18FF01EA#23009E0623009E06
(946688600.089970) can0 18FF02EA#2200AB062200AB06
(946688600.089970) can0 18FF1085#000000031E01001E
(946688600.089970) can0 400#3D3E2C742C720000
(946688600.089970) can0 401#0168000000000000
(946688600.089970) can0 19B30007#00005E20AB9A0000
(946688600.089970) can0 19B30100#D6D6D6D6D6D6D6D6
(946688600.099970) can0 18FF01EA#24009F0624009F06
(946688600.099970) can0 18FF02EA#2500B4062500B406
(946688600.109970) can0 18FF01EA#25009B0625009B06
(946688600.109970) can0 18FF02EA#2300970623009706
(946688600.109970) can0 18FF1085#000000031E01001E
(946688600.109970) can0 400#3D3F2C702D740000
(946688600.109970) can0 401#0168000000000000
(946688600.119970) can0 18FF01EA#22009B0622009B06
(946688600.119970) can0 18FF02EA#2200A8062200A806
(946688600.129970) can0 18FF01EA#2500B4062500B406
(946688600.129970) can0 18FF02EA#2500930625009306
(946688600.129970) can0 18FF1085#000000031E01001E
(946688600.129970) can0 400#3F3E2C6D2D6D0000
(946688600.129970) can0 401#0068000000000000
(946688600.139970) can0 18FF01EA#2500A4062500A406
(946688600.139970) can0 18FF02EA#24009B0624009B06
(946688600.149970) can0 18FF01EA#2200A8062200A806
(946688600.149970) can0 18FF02EA#23008F0623008F06
(946688600.149970) can0 18FF1085#000000031E01001E
(946688600.149970) can0 400#3D3F2D742D6D0000
(946688600.149970) can0 401#0067000000000000
(946688600.159970) can0 18FF01EA#2300A4062300A406
(946688600.159970) can0 18FF02EA#2400AE062400AE06
(946688600.169970) can0 18FF01EA#22009D0622009D06
(946688600.169970) can0 18FF02EA#2500A8062500A806
(946688600.169970) can0 18FF1085#000000031E01001E
(946688600.169970) can0 400#3F3C2C6D2C700000
(946688600.169970) can0 401#0068000000000000
(946688600.179970) can0 18FF01EA#2300980623009806
(946688600.179970) can0 18FF02EA#2500930625009306
(946688600.189970) can0 18FF01EA#2200930622009306
(946688600.189970) can0 18FF02EA#2400B1062400B106
(946688600.189970) can0 18FF1085#000000031E01001E
(946688600.189970) can0 400#3E3C2D712C6D0000
(946688600.189970) can0 401#0067000000000000
(946688600.189970) can0 19B30007#00005E20AB9A0000
(946688600.189970) can0 19B30100#D6D6D6D6D6D6D6D6
(946688600.199970) can0 18FF01EA#2500B2062500B206
(946688600.199970) can0 18FF02EA#2300940623009406
(946688600.209970) can0 18FF01EA#2400B0062400B006
(946688600.209970) can0 18FF02EA#2500A9062500A906
(946688600.209970) can0 18FF1085#000000031E01001E
(946688600.209970) can0 400#3E3F2C6E2D710000
(946688600.209970) can0 401#0168000000000000
(946688600.219970) can0 18FF01EA#2200AF062200AF06
(946688600.219970) can0 18FF02EA#2400AE062400AE06
(946688600.229970) can0 18FF01EA#2300AF062300AF06
(946688600.229970) can0 18FF02EA#2200B1062200B106
(946688600.229970) can0 18FF1085#000000031E01001E
(946688600.229970) can0 400#3F3E2D702D700000
(946688600.229970) can0 401#0168000000000000
(946688600.239970) can0 18FF01EA#2500B2062500B206
(946688600.239970) can0 18FF02EA#2200A4062200A406
(946688600.249970) can0 18FF01EA#2500B1062500B106
(946688600.249970) can0 18FF02EA#2300990623009906
(946688600.249970) can0 18FF1085#000000031E01001E
(946688600.249970) can0 400#3E3C2D752D730000
(946688600.249970) can0 401#0067000000000000
(946688600.259970) can0 18FF01EA#2200A7062200A706
(946688600.259970) can0 18FF02EA#2400B0062400B006
(946688600.269970) can0 18FF01EA#24009F0624009F06
(946688600.269970) can0 18FF02EA#2500A4062500A406
(946688600.269970) can0 18FF1085#000000031E01001E
(946688600.269970) can0 400#3E3D2D742C6D0000
(946688600.269970) can0 401#0066000000000000
(946688600.279970) can0 18FF01EA#2300A0062300A006
(946688600.279970) can0 18FF02EA#2200AC062200AC06
(946688600.289970) can0 18FF01EA#2300A4062300A406
(946688600.289970) can0 18FF02EA#25009C0625009C06
(946688600.289970) can0 18FF1085#000000031E01001E
(946688600.289970) can0 400#3E3F2B702D720000
(946688600.289970) can0 401#0068000000000000
(946688600.289970) can0 19B30007#00005E20AB9A0000
(946688600.289970) can0 19B30100#D6D6D6D6D6D6D6D6
(946688600.299970) can0 18FF01EA#2200B1062200B106
(946688600.299970) can0 18FF02EA#22009B0622009B06
(946688600.309970) can0 18FF01EA#2300910623009106
(946688600.309970) can0 18FF02EA#25009F0625009F06
(946688600.309970) can0 18FF1085#000000031E01001E
(946688600.309970) can0 400#3E3F2C722C6C0000
(946688600.309970) can0 401#0067000000000000
(946688600.319970) can0 18FF01EA#2300960623009606
(946688600.319970) can0 18FF02EA#25009B0625009B06
(946688600.329970) can0 18FF01EA#2400B3062400B306
(946688600.329970) can0 18FF02EA#2200B0062200B006
(946688600.329970) can0 18FF1085#000000031E01001E
(946688600.329970) can0 400#3C3E2D742B6E0000
(946688600.329970) can0 401#0067000000000000
(946688600.339970) can0 18FF01EA#2200AA062200AA06
(946688600.339970) can0 18FF02EA#2400B0062400B006
(946688600.349970) can0 18FF01EA#2300940623009406
(946688600.349970) can0 18FF02EA#2300A8062300A806
(946688600.349970) can0 18FF1085#000000031E01001E
(946688600.349970) can0 400#3D3B2D732C700000
(946688600.349970) can0 401#0067000000000000
(946688600.359970) can0 18FF01EA#2500940625009406
(946688600.359970) can0 18FF02EA#2400A8062400A806
(946688600.369970) can0 18FF01EA#23009F0623009F06
(946688600.369970) can0 18FF02EA#2300A3062300A306
(946688600.369970) can0 18FF1085#000000031E01001E
(946688600.369970) can0 400#3E3D2C752D6F0000
(946688600.369970) can0 401#0068000000000000
(946688600.379970) can0 18FF01EA#25009A0625009A06
(946688600.379970) can0 18FF02EA#2200A8062200A806
(946688600.389970) can0 18FF01EA#2200A9062200A906
(946688600.389970) can0 18FF02EA#2200910622009106
(946688600.389970) can0 18FF1085#000000031E01001E
(946688600.389970) can0 400#3C3E2D732C750000
(946688600.389970) can0 401#0167000000000000
(946688600.389970) can0 19B30007#00005E20AB9A0000
(946688600.389970) can0 19B30100#D6D6D6D6D6D6D6D6
(946688600.399970) can0 18FF01EA#2500A9062500A906
(946688600.399970) can0 18FF02EA#2500B4062500B406
(946688600.409970) can0 18FF01EA#23009D0623009D06
(946688600.409970) can0 18FF02EA#2200B5062200B506
(946688600.409970) can0 18FF1085#000000031E01001E
(946688600.409970) can0 400#3B3C2C6C2D730000
(946688600.409970) can0 401#0067000000000000
(946688600.419970) can0 18FF01EA#22009C0622009C06
(946688600.419970) can0 18FF02EA#2400920624009206
(946688600.429970) can0 18FF01EA#24008F0624008F06
(946688600.429970) can0 18FF02EA#2400AF062400AF06
(946688600.429970) can0 18FF1085#000000031E01001E
(946688600.429970) can0 400#3D3F2C742C710000
(946688600.429970) can0 401#0068000000000000
(946688600.439970) can0 18FF01EA#2200990622009906
(946688600.439970) can0 18FF02EA#2500A8062500A806
(946688600.449970) can0 18FF01EA#2400A7062400A706
(946688600.449970) can0 18FF02EA#2500920625009206
(946688600.449970) can0 18FF1085#000000031E01001E
(946688600.449970) can0 400#3E3C2C6C2C6E0000
(946688600.449970) can0 401#0067000000000000
(946688600.459970) can0 18FF01EA#2500910625009106
(946688600.459970) can0 18FF02EA#22009C0622009C06
(946688600.469970) can0 18FF01EA#2400B0062400B006
(946688600.469970) can0 18FF02EA#2500B0062500B006
(946688600.469970) can0 18FF1085#000000031E01001E
(946688600.469970) can0 400#3D3C2C742C740000
(946688600.469970) can0 401#0067000000000000
(946688600.479970) can0 18FF01EA#2400A1062400A106
(946688600.479970) can0 18FF02EA#2500910625009106
(946688600.489970) can0 18FF01EA#2200A9062200A906
(946688600.489970) can0 18FF02EA#2500930625009306
(946688600.489970) can0 18FF1085#000000031E01001E
(946688600.489970) can0 400#3D3C2C6F2C740000
(946688600.489970) can0 401#0068000000000000
(946688600.489970) can0 19B30007#00005E20AB9A0000
(946688600.489970) can0 19B30100#D6D6D6D6D6D6D6D6
(946688600.499970) can0 18FF01EA#23009A0623009A06
(946688600.499970) can0 18FF02EA#2300920623009206
(946688600.509970) can0 18FF01EA#2500AA062500AA06
(946688600.509970) can0 18FF02EA#2300910623009106
(946688600.509970) can0 18FF1085#000000031E01001E
(946688600.509970) can0 400#3F3C2C732D720000
(946688600.509970) can0 401#0067000000000000
(946688600.519970) can0 18FF01EA#2200AF062200AF06
(946688600.519970) can0 18FF02EA#2200AA062200AA06
(946688600.529970) can0 18FF01EA#2200970622009706
(946688600.529970) can0 18FF02EA#2400AF062400AF06
(946688600.529970) can0 18FF1085#000000031E01001E
(946688600.529970) can0 400#3E3C2D702C720000
(946688600.529970) can0 401#0068000000000000
(946688600.539970) can0 18FF01EA#2300AF062300AF06
(946688600.539970) can0 18FF02EA#2300B3062300B306
(946688600.549970) can0 18FF01EA#2500970625009706
(946688600.549970) can0 18FF02EA#2400990624009906
(946688600.549970) can0 18FF1085#000000031E01001E
(946688600.549970) can0 400#3C3D2C6E2D6F0000
(946688600.549970) can0 401#0068000000000000
(946688600.559970) can0 18FF01EA#2400A6062400A606
(946688600.559970) can0 18FF02EA#2200940622009406
(946688600.569970) can0 18FF01EA#24009E0624009E06
(946688600.569970) can0 18FF02EA#25008E0625008E06
(946688600.569970) can0 18FF1085#000000031E01001E
(946688600.569970) can0 400#3C3C2C712C6F0000
(946688600.569970) can0 401#0067000000000000
(946688600.579970) can0 18FF01EA#2300B4062300B406
(946688600.579970) can0 18FF02EA#2400B1062400B106
(946688600.589970) can0 18FF01EA#2500B3062500B306
(946688600.589970) can0 18FF02EA#25009B0625009B06
(946688600.589970) can0 18FF1085#000000031E01001E
(946688600.589970) can0 400#3D3E2D742C6F0000
(946688600.589970) can0 401#0068000000000000
(946688600.589970) can0 19B30007#00005E20AB9A0000
(946688600.589970) can0 19B30100#D6D6D6D6D6D6D6D6
(946688600.599970) can0 18FF01EA#23009C0623009C06
(946688600.599970) can0 18FF02EA#2500910625009106
(946688600.609970) can0 18FF01EA#2300AE062300AE06
(946688600.609970) can0 18FF02EA#2300970623009706
(946688600.609970) can0 18FF1085#000000031E01001E
(946688600.609970) can0 400#3C3D2D6C2D720000
(946688600.609970) can0 401#0067000000000000
(946688600.619970) can0 18FF01EA#2400970624009706
(946688600.619970) can0 18FF02EA#2300A8062300A806
(946688600.629970) can0 18FF01EA#2300AB062300AB06
(946688600.629970) can0 18FF02EA#23009A0623009A06
(946688600.629970) can0 18FF1085#000000031E01001E
(946688600.629970) can0 400#3D3E2C6C2D710000
(946688600.629970) can0 401#0068000000000000
(946688600.639970) can0 18FF01EA#2200960622009606
(946688600.639970) can0 18FF02EA#2500A9062500A906
(946688600.649970) can0 18FF01EA#2400960624009606
(946688600.649970) can0 18FF02EA#2300920623009206
(946688600.649970) can0 18FF1085#000000031E01001E
(946688600.649970) can0 400#3D3D2D702D740000
(946688600.649970) can0 401#0066000000000000
(946688600.659970) can0 18FF01EA#2300B4062300B406
(946688600.659970) can0 18FF02EA#2300B4062300B406
(946688600.669970) can0 18FF01EA#22009F0622009F06
(946688600.669970) can0 18FF02EA#2200A2062200A206
(946688600.669970) can0 18FF1085#000000031E01001E
(946688600.669970) can0 400#3C3D2D6D2C700000
(946688600.669970) can0 401#0067000000000000
(946688600.679970) can0 18FF01EA#2400A9062400A906
(946688600.679970) can0 18FF02EA#2300950623009506
(946688600.689970) can0 18FF01EA#24009C0624009C06
(946688600.689970) can0 18FF02EA#22009D0622009D06
(946688600.689970) can0 18FF1085#000000031E01001E
(946688600.689970) can0 400#3C3D2C732D700000
(946688600.689970) can0 401#0168000000000000
(946688600.689970) can0 19B30007#00005E20AB9A0000
(946688600.689970) can0 19B30100#D6D6D6D6D6D6D6D6
(946688600.699970) can0 18FF01EA#23009F0623009F06
(946688600.699970) can0 18FF02EA#2200A7062200A706
(946688600.709970) can0 18FF01EA#2300B1062300B106
(946688600.709970) can0 18FF02EA#2400A3062400A306
(946688600.709970) can0 18FF1085#000000031E01001E
(946688600.709970) can0 400#3D3F2C712D710000
(946688600.709970) can0 401#0067000000000000
(946688600.719970) can0 18FF01EA#2300A0062300A006
(946688600.719970) can0 18FF02EA#2200B4062200B406
(946688600.729970) can0 18FF01EA#2300A6062300A606
(946688600.729970) can0 18FF02EA#2400B4062400B406
(946688600.729970) can0 18FF1085#000000031E01001E
(946688600.729970) can0 400#3B3D2D6F2D710000
(946688600.729970) can0 401#0068000000000000
(946688600.739970) can0 18FF01EA#2200AA062200AA06
(946688600.739970) can0 18FF02EA#22009A0622009A06
(946688600.749970) can0 18FF01EA#2200A3062200A306
(946688600.749970) can0 18FF02EA#2500940625009406
(946688600.749970) can0 18FF1085#000000031E01001E
(946688600.749970) can0 400#3C3F2C712B750000
(946688600.749970) can0 401#0066000000000000
(946688600.759970) can0 18FF01EA#25009A0625009A06
(946688600.759970) can0 18FF02EA#2500960625009606
(946688600.769970) can0 18FF01EA#2200970622009706
(946688600.769970) can0 18FF02EA#2200910622009106
(946688600.769970) can0 18FF1085#000000031E01001E
(946688600.769970) can0 400#3C3D2D712D6C0000
(946688600.769970) can0 401#0067000000000000
(946688600.779970) can0 18FF01EA#2500A3062500A306
(946688600.779970) can0 18FF02EA#25009B0625009B06
(946688600.789970) can0 18FF01EA#25009D0625009D06
(946688600.789970) can0 18FF02EA#22008E0622008E06
(946688600.789970) can0 18FF1085#000000031E01001E
(946688600.789970) can0 400#3E3C2D6F2D6D0000
(946688600.789970) can0 401#0167000000000000
(946688600.789970) can0 19B30007#00005E20AB9A0000
(946688600.789970) can0 19B30100#D6D6D6D6D6D6D6D6
(946688600.799970) can0 18FF01EA#23009A0623009A06
(946688600.799970) can0 18FF02EA#2300990623009906
(946688600.809970) can0 18FF01EA#2500A9062500A906
(946688600.809970) can0 18FF02EA#2500B1062500B106
(946688600.809970) can0 18FF1085#000000031E01001E
(946688600.809970) can0 400#3C3C2C6D2D750000
(946688600.809970) can0 401#0167000000000000
(946688600.819970) can0 18FF01EA#2300A9062300A906
(946688600.819970) can0 18FF02EA#2200B4062200B406
(946688600.829970) can0 18FF01EA#23008E0623008E06
(946688600.829970) can0 18FF02EA#2400970624009706
(946688600.829970) can0 18FF1085#000000031E01001E
(946688600.829970) can0 400#3F3D2C712C6D0000
(946688600.829970) can0 401#0067000000000000
(946688600.839970) can0 18FF01EA#2400AA062400AA06
(946688600.839970) can0 18FF02EA#2500AE062500AE06
(946688600.849970) can0 18FF01EA#2400B0062400B006
(946688600.849970) can0 18FF02EA#2500900625009006
(946688600.849970) can0 18FF1085#000000031E01001E
(946688600.849970) can0 400#3E3C2C702C6F0000
(946688600.849970) can0 401#0067000000000000
(946688600.859970) can0 18FF01EA#2400A3062400A306
(946688600.859970) can0 18FF02EA#2300B0062300B006
(946688600.869970) can0 18FF01EA#25008E0625008E06
(946688600.869970) can0 18FF02EA#2400B4062400B406
(946688600.869970) can0 18FF1085#000000031E01001E
(946688600.869970) can0 400#3B3D2D732D6D0000
(946688600.869970) can0 401#0067000000000000
(946688600.879970) can0 18FF01EA#23009C0623009C06
(946688600.879970) can0 18FF02EA#2200950622009506
(946688600.889970) can0 18FF01EA#2300AC062300AC06
(946688600.889970) can0 18FF02EA#2500A2062500A206
(946688600.889970) can0 18FF1085#000000031E01001E
(946688600.889970) can0 400#3C3D2C6F2C710000
(946688600.889970) can0 401#0166000000000000
(946688600.889970) can0 19B30007#00005E20AB9A0000
(946688600.889970) can0 19B30100#D6D6D6D6D6D6D6D6
(946688600.899970) can0 18FF01EA#2300B3062300B306
(946688600.899970) can0 18FF02EA#2400AF062400AF06
(946688600.909970) can0 18FF01EA#2500B0062500B006
(946688600.909970) can0 18FF02EA#2300A4062300A406
(946688600.909970) can0 18FF1085#000000031E01001E
(946688600.909970) can0 400#3E3D2C732D6F0000
(946688600.909970) can0 401#0168000000000000
(946688600.919970) can0 18FF01EA#2500B4062500B406
(946688600.919970) can0 18FF02EA#2200AF062200AF06
(946688600.929970) can0 18FF01EA#2400950624009506
(946688600.929970) can0 18FF02EA#2500A1062500A106
(946688600.929970) can0 18FF1085#000000031E01001E
(946688600.929970) can0 400#3E3C2D742D700000
(946688600.929970) can0 401#0067000000000000
(946688600.939970) can0 18FF01EA#2200900622009006
(946688600.939970) can0 18FF02EA#2300B1062300B106
(946688600.949970) can0 18FF01EA#2500AF062500AF06
(946688600.949970) can0 18FF02EA#2500AD062500AD06
(946688600.949970) can0 18FF1085#000000031E01001E
(946688600.949970) can0 400#3C3C2C742C750000
(946688600.949970) can0 401#0068000000000000
(946688600.959970) can0 18FF01EA#2400910624009106
(946688600.959970) can0 18FF02EA#22008E0622008E06
(946688600.969970) can0 18FF01EA#2300A6062300A606
(946688600.969970) can0 18FF02EA#2500AD062500AD06
(946688600.969970) can0 18FF1085#000000031E01001E
(946688600.969970) can0 400#3D3C2D752C730000
(946688600.969970) can0 401#0067000000000000
(946688600.979970) can0 18FF01EA#2300AA062300AA06
(946688600.979970) can0 18FF02EA#22009A0622009A06
(946688600.989969) can0 18FF01EA#2500930625009306
(946688600.989969) can0 18FF02EA#2200B4062200B406
(946688600.989969) can0 18FF1085#000000031E01001E
(946688600.989969) can0 400#3B3C2C6E2C710000
(946688600.989969) can0 401#0068000000000000
(946688600.989969) can0 19B30007#00005E20AB9A0000
(946688600.989969) can0 19B30100#D6D6D6D6D6D6D6D6
(946688600.999969) can0 18FF01EA#2400A3062400A306
(946688600.999969) can0 18FF02EA#2400A0062400A006
(946688601.019969) can0 18FF01EA#2300B5062300B506
(946688601.019969) can0 18FF02EA#2200990622009906
(946688601.019969) can0 18FF1085#000000031E01001E
(946688601.019969) can0 400#3D3E2C6E2D6F0000
(946688601.019969) can0 401#0068000000000000
(946688601.039969) can0 18FF01EA#2400A6062400A606
(946688601.039969) can0 18FF02EA#25009E0625009E06
(946688601.049969) can0 18FF1085#000000031E01001E
(946688601.049969) can0 400#3C3E2C6F2D6F0000
(946688601.049969) can0 401#0067000000000000
(946688601.059969) can0 18FF01EA#2500920625009206
(946688601.059969) can0 18FF02EA#24009B0624009B06
(946688601.079969) can0 18FF01EA#2400930624009306
(946688601.079969) can0 18FF02EA#2200AD062200AD06
(946688601.079969) can0 18FF1085#000000031E01001E
(946688601.079969) can0 400#3B3C2C722C6E0000
(946688601.079969) can0 401#0066000000000000
(946688601.099969) can0 18FF01EA#2400B3062400B306
(946688601.099969) can0 18FF02EA#2400A3062400A306
(946688601.099969) can0 19B30007#00005E20AB9A0000
(946688601.099969) can0 19B30100#D6D6D6D6D6D6D6D6
(946688601.109969) can0 18FF1085#000000031E01001E
(946688601.109969) can0 400#3E3C2D6E2D6C0000
(946688601.109969) can0 401#0068000000000000
(946688601.119969) can0 18FF01EA#22009D0622009D06
(946688601.119969) can0 18FF02EA#2200AE062200AE06
(946688601.139969) can0 18FF01EA#22008E0622008E06
(946688601.139969) can0 18FF02EA#25009D0625009D06
(946688601.139969) can0 18FF1085#000000031E01001E
(946688601.139969) can0 400#3C3D2C702D6D0000
(946688601.139969) can0 401#0067000000000000
(946688601.159969) can0 18FF01EA#2300A8062300A806
(946688601.159969) can0 18FF02EA#2500970625009706
(946688601.169969) can0 18FF1085#000000031E01001E
(946688601.169969) can0 400#3F3C2D6F2D700000
(946688601.169969) can0 401#0168000000000000
(946688601.179969) can0 18FF01EA#25009E0625009E06
(946688601.179969) can0 18FF02EA#25009C0625009C06
(946688601.199969) can0 18FF01EA#2300A8062300A806
(946688601.199969) can0 18FF02EA#2400920624009206
(946688601.199969) can0 18FF1085#000000031E01001E
(946688601.199969) can0 400#3E3E2D6C2C6E0000
(946688601.199969) can0 401#0168000000000000
(946688601.209969) can0 19B30007#00005E20AB9A0000
(946688601.209969) can0 19B30100#D6D6D6D6D6D6D6D6
(946688601.219969) can0 18FF01EA#2500B5062500B506
(946688601.219969) can0 18FF02EA#2200A1062200A106
(946688601.229969) can0 18FF1085#000000031E01001E
(946688601.229969) can0 400#3D3B2D722C6F0000
(946688601.229969) can0 401#0066000000000000
(946688601.239969) can0 18FF01EA#2200A8062200A806
(946688601.239969) can0 18FF02EA#2200AE062200AE06
(946688601.259969) can0 18FF01EA#22008F0622008F06
(946688601.259969) can0 18FF02EA#2400A3062400A306
(946688601.259969) can0 18FF1085#000000031E01001E
(946688601.259969) can0 400#3E3F2D6D2D740000
(946688601.259969) can0 401#0168000000000000
(946688601.279969) can0 18FF01EA#2300950623009506
(946688601.279969) can0 18FF02EA#2400A6062400A606
(946688601.289969) can0 18FF1085#000000031E01001E
(946688601.289969) can0 400#3C3E2C712D6E0000
(946688601.289969) can0 401#0068000000000000
(946688601.299969) can0 18FF01EA#2300B0062300B006
(946688601.299969) can0 18FF02EA#2200AE062200AE06
(946688601.319969) can0 18FF01EA#2500910625009106
(946688601.319969) can0 18FF02EA#23009F0623009F06
(946688601.319969) can0 18FF1085#000000031E01001E
(946688601.319969) can0 400#3F3B2D742C740000
(946688601.319969) can0 401#0167000000000000
(946688601.319969) can0 19B30007#00005E20AB9A0000
(946688601.319969) can0 19B30100#D6D6D6D6D6D6D6D6
(946688601.339969) can0 18FF01EA#2400920624009206
(946688601.339969) can0 18FF02EA#2500AD062500AD06
(946688601.349969) can0 18FF1085#000000031E01001E
(946688601.349969) can0 400#3C3E2E6D2C710000
(946688601.349969) can0 401#0067000000000000
(946688601.359969) can0 18FF01EA#2400990624009906
(946688601.359969) can0 18FF02EA#2500910625009106
(946688601.379969) can0 18FF01EA#25009E0625009E06
(946688601.379969) can0 18FF02EA#2200B4062200B406
(946688601.379969) can0 18FF1085#000000031E01001E
(946688601.379969) can0 400#3E3D2C712C6E0000
(946688601.379969) can0 401#0068000000000000
(946688601.399969) can0 18FF01EA#22008E0622008E06
(946688601.399969) can0 18FF02EA#2200B3062200B306
(946688601.409969) can0 18FF1085#000000031E01001E
(946688601.409969) can0 400#3E3D2C6E2E6C0000
(946688601.409969) can0 401#0068000000000000
(946688601.419969) can0 18FF01EA#2300AB062300AB06
(946688601.419969) can0 18FF02EA#25009F0625009F06
(946688601.429969) can0 19B30007#00005E20AB9A0000
(946688601.429969) can0 19B30100#D6D6D6D6D6D6D6D6
(946688601.439969) can0 18FF01EA#2400A1062400A106
(946688601.439969) can0 18FF02EA#2200AB062200AB06
(946688601.439969) can0 18FF1085#000000031E01001E
(946688601.439969) can0 400#3D3F2D6D2E710000
(946688601.439969) can0 401#0067000000000000
(946688601.459969) can0 18FF01EA#2200980622009806
(946688601.459969) can0 18FF02EA#2400920624009206
(946688601.469969) can0 18FF1085#000000031E01001E
(946688601.469969) can0 400#3D3C2D712C6E0000
(946688601.469969) can0 401#0068000000000000
(946688601.479969) can0 18FF01EA#2300A3062300A306
(946688601.479969) can0 18FF02EA#2200940622009406
(946688601.499969) can0 18FF01EA#2200A6062200A606
(946688601.499969) can0 18FF02EA#24009B0624009B06
(946688601.499969) can0 18FF1085#000000031E01001E
(946688601.499969) can0 400#3D3D2C742C6F0000
(946688601.499969) can0 401#0066000000000000
(946688601.519969) can0 18FF01EA#2300AA062300AA06
(946688601.519969) can0 18FF02EA#23009F0623009F06
(946688601.529969) can0 18FF1085#000000031E01001E
(946688601.529969) can0 400#3F3D2C6F2C6E0000
(946688601.529969) can0 401#0167000000000000
(946688601.539969) can0 18FF01EA#2300A2062300A206
(946688601.539969) can0 18FF02EA#2300B1062300B106
(946688601.539969) can0 19B30007#00005E20AB9A0000
(946688601.539969) can0 19B30100#D6D6D6D6D6D6D6D6
(946688601.559969) can0 18FF01EA#2400920624009206
(946688601.559969) can0 18FF02EA#2200940622009406
(946688601.559969) can0 18FF1085#000000031E01001E
(946688601.559969) can0 400#3D3D2E742D740000
(946688601.559969) can0 401#0067000000000000
(946688601.579969) can0 18FF01EA#2300A5062300A506
(946688601.579969) can0 18FF02EA#2400AD062400AD06
(946688601.589969) can0 18FF1085#000000031E01001E
(946688601.589969) can0 400#3E3F2D6F2D720000
(946688601.589969) can0 401#0067000000000000
(946688601.599969) can0 18FF01EA#2400A9062400A906
(946688601.599969) can0 18FF02EA#2200B3062200B306
(946688601.619969) can0 18FF01EA#2300980623009806
(946688601.619969) can0 18FF02EA#2500A9062500A906
(946688601.619969) can0 18FF1085#000000031E01001E
(946688601.619969) can0 400#3C3E2C732E6F0000
(946688601.619969) can0 401#0067000000000000
(946688601.639969) can0 18FF01EA#2500A1062500A106
(946688601.639969) can0 18FF02EA#2200A0062200A006
(946688601.649969) can0 18FF1085#000000031E01001E
(946688601.649969) can0 400#3D3F2D6C2D700000
(946688601.649969) can0 401#0067000000000000
(946688601.649969) can0 19B30007#00005E20AB9A0000
(946688601.649969) can0 19B30100#D6D6D6D6D6D6D6D6
(946688601.659969) can0 18FF01EA#2400930624009306
(946688601.659969) can0 18FF02EA#2200980622009806
(946688601.679969) can0 18FF01EA#2400990624009906
(946688601.679969) can0 18FF02EA#2500A7062500A706
(946688601.679969) can0 18FF1085#000000031E01001E
(946688601.679969) can0 400#3C3D2C6C2D6D0000
(946688601.679969) can0 401#0068000000000000
(946688601.699969) can0 18FF01EA#22008E0622008E06
(946688601.699969) can0 18FF02EA#2500900625009006
(946688601.709969) can0 18FF1085#000000031E01001E
(946688601.709969) can0 400#3D3E2D742C6F0000
(946688601.709969) can0 401#0168000000000000
(946688601.719969) can0 18FF01EA#2500910625009106
(946688601.719969) can0 18FF02EA#2500960625009606
(946688601.739969) can0 18FF01EA#23009A0623009A06
(946688601.739969) can0 18FF02EA#2300970623009706
(946688601.739969) can0 18FF1085#000000031E01001E
(946688601.739969) can0 400#3C3C2C6D2C6D0000
(946688601.739969) can0 401#0068000000000000
(946688601.759969) can0 18FF01EA#2300B1062300B106
(946688601.759969) can0 18FF02EA#2300980623009806
(946688601.759969) can0 19B30007#00005E20AB9A0000
(946688601.759969) can0 19B30100#D6D6D6D6D6D6D6D6
(946688601.769969) can0 18FF1085#000000031E01001E
(946688601.769969) can0 400#3C3F2D6F2C730000
(946688601.769969) can0 401#0167000000000000
(946688601.779969) can0 18FF01EA#2200A3062200A306
(946688601.779969) can0 18FF02EA#2200910622009106
(946688601.799969) can0 18FF01EA#25009A0625009A06
(946688601.799969) can0 18FF02EA#2500AF062500AF06
(946688601.799969) can0 18FF1085#000000031E01001E
(946688601.799969) can0 400#3D3F2D6D2D700000
(946688601.799969) can0 401#0168000000000000
(946688601.819969) can0 18FF01EA#2300940623009406
(946688601.819969) can0 18FF02EA#22009A0622009A06
(946688601.829969) can0 18FF1085#000000031E01001E
(946688601.829969) can0 400#3C3D2D6E2C740000
(946688601.829969) can0 401#0067000000000000
(946688601.839969) can0 18FF01EA#2200950622009506
(946688601.839969) can0 18FF02EA#2500A4062500A406
(946688601.859969) can0 18FF01EA#24009F0624009F06
(946688601.859969) can0 18FF02EA#2300910623009106
(946688601.859969) can0 18FF1085#000000031E01001E
(946688601.859969) can0 400#3B3E2D6D2C6E0000
(946688601.859969) can0 401#0168000000000000
(946688601.869969) can0 19B30007#00005E20AB9A0000
(946688601.869969) can0 19B30100#D6D6D6D6D6D6D6D6
(946688601.879969) can0 18FF01EA#2300AD062300AD06
(946688601.879969) can0 18FF02EA#2400910624009106
(946688601.889969) can0 18FF1085#000000031E01001E
(946688601.889969) can0 400#3F3F2D742E6F0000
(946688601.889969) can0 401#0068000000000000
(946688601.899969) can0 18FF01EA#2500990625009906
(946688601.899969) can0 18FF02EA#24009A0624009A06
(946688601.919969) can0 18FF01EA#2200B1062200B106
(946688601.919969) can0 18FF02EA#2500AE062500AE06
(946688601.919969) can0 18FF1085#000000031E01001E
(946688601.919969) can0 400#3C3E2D742E750000
(946688601.919969) can0 401#0068000000000000
(946688601.939969) can0 18FF01EA#2400A4062400A406
(946688601.939969) can0 18FF02EA#2500AE062500AE06
(946688601.949969) can0 18FF1085#000000031E01001E
(946688601.949969) can0 400#3E3D2D752C720000
(946688601.949969) can0 401#0068000000000000
(946688601.959969) can0 18FF01EA#2300B5062300B506
(946688601.959969) can0 18FF02EA#2200A5062200A506
(946688601.979969) can0 18FF01EA#2200A3062200A306
(946688601.979969) can0 18FF02EA#2500AB062500AB06
(946688601.979969) can0 18FF1085#000000031E01001E
(946688601.979969) can0 400#3D3C2E732C700000
(946688601.979969) can0 401#0067000000000000
(946688601.979969) can0 19B30007#00005E20AB9A0000
(946688601.979969) can0 19B30100#D6D6D6D6D6D6D6D6
(946688601.999969) can0 18FF01EA#2200B1062200B106
(946688601.999969) can0 18FF02EA#2300910623009106
(946688602.009969) can0 18FF1085#000000031E01001E
(946688602.009969) can0 400#3E3B2C6C2C710000
(946688602.009969) can0 401#0167000000000000
(946688602.019969) can0 18FF01EA#25008F0625008F06
(946688602.019969) can0 18FF02EA#2400930624009306
(946688602.039968) can0 18FF01EA#2400AE062400AE06
(946688602.039968) can0 18FF02EA#2300B5062300B506
(946688602.039968) can0 18FF1085#000000031E01001E
(946688602.039968) can0 400#3D3B2D702D720000
(946688602.039968) can0 401#0168000000000000
(946688602.059968) can0 18FF01EA#2300A0062300A006
(946688602.059968) can0 18FF02EA#2400970624009706
(946688602.069968) can0 18FF1085#000000031E01001E
(946688602.069968) can0 400#3D3E2D752C6E0000
(946688602.069968) can0 401#0067000000000000
(946688602.079968) can0 18FF01EA#2300AA062300AA06
(946688602.079968) can0 18FF02EA#22009A0622009A06
(946688602.089968) can0 19B30007#00005E20AB9A0000
(946688602.089968) can0 19B30100#D6D6D6D6D6D6D6D6
(946688602.099968) can0 18FF01EA#2200A0062200A006
(946688602.099968) can0 18FF02EA#22009E0622009E06
(946688602.099968) can0 18FF1085#000000031E01001E
(946688602.099968) can0 400#3F3E2D6C2C700000
(946688602.099968) can0 401#0167000000000000
(946688602.119968) can0 18FF01EA#2400AE062400AE06
(946688602.119968) can0 18FF02EA#23008E0623008E06
(946688602.129968) can0 18FF1085#000000031E01001E
(946688602.129968) can0 400#3F3E2D6C2D710000
(946688602.129968) can0 401#0166000000000000
(946688602.139968) can0 18FF01EA#2300A7062300A706
(946688602.139968) can0 18FF02EA#2200AF062200AF06
(946688602.159968) can0 18FF01EA#2200970622009706
(946688602.159968) can0 18FF02EA#2200B4062200B406
(946688602.159968) can0 18FF1085#000000031E01001E
(946688602.159968) can0 400#3E3C2D752C740000
(946688602.159968) can0 401#0067000000000000
(946688602.179968) can0 18FF01EA#2300A1062300A106
(946688602.179968) can0 18FF02EA#2200AD062200AD06
(946688602.189968) can0 18FF1085#000000031E01001E
(946688602.189968) can0 400#3E3D2E6C2C6E0000
(946688602.189968) can0 401#0167000000000000
(946688602.199968) can0 18FF01EA#2200A4062200A406
(946688602.199968) can0 18FF02EA#25009B0625009B06
(946688602.199968) can0 19B30007#00005E20AB9A0000
(946688602.199968) can0 19B30100#D6D6D6D6D6D6D6D6
(946688602.219968) can0 18FF01EA#2500A8062500A806
(946688602.219968) can0 18FF02EA#22009E0622009E06
(946688602.219968) can0 18FF1085#000000031E01001E
(946688602.219968) can0 400#3E3D2E6C2C6D0000
(946688602.219968) can0 401#0068000000000000
(946688602.239968) can0 18FF01EA#2500910625009106
(946688602.239968) can0 18FF02EA#2400A8062400A806
(946688602.249968) can0 18FF1085#000000031E01001E
(946688602.249968) can0 400#3D3E2C742C6E0000
(946688602.249968) can0 401#0067000000000000
(946688602.259968) can0 18FF01EA#2500940625009406
(946688602.259968) can0 18FF02EA#23009D0623009D06
(946688602.279968) can0 18FF01EA#2200A6062200A606
(946688602.279968) can0 18FF02EA#2200AD062200AD06
(946688602.279968) can0 18FF1085#000000031E01001E
(946688602.279968) can0 400#3C3D2C6C2C720000
(946688602.279968) can0 401#0168000000000000
(946688602.299968) can0 18FF01EA#2200A5062200A506
(946688602.299968) can0 18FF02EA#24009C0624009C06
(946688602.309968) can0 18FF1085#000000031E01001E
(946688602.309968) can0 400#3C3D2D6C2C6E0000
(946688602.309968) can0 401#0067000000000000
(946688602.309968) can0 19B30007#00005E20AB9A0000
(946688602.309968) can0 19B30100#D6D6D6D6D6D6D6D6
(946688602.319968) can0 18FF01EA#2400960624009606
(946688602.319968) can0 18FF02EA#2400A1062400A106
(946688602.339968) can0 18FF01EA#2500900625009006
(946688602.339968) can0 18FF02EA#2500A6062500A606
(946688602.339968) can0 18FF1085#000000031E01001E
(946688602.339968) can0 400#3E3D2E722C6D0000
(946688602.339968) can0 401#0168000000000000
(946688602.359968) can0 18FF01EA#2200A4062200A406
(946688602.359968) can0 18FF02EA#2400980624009806
(946688602.369968) can0 18FF1085#000000031E01001E
(946688602.369968) can0 400#3C3E2D702D720000
(946688602.369968) can0 401#0067000000000000
(946688602.379968) can0 18FF01EA#2200B0062200B006
(946688602.379968) can0 18FF02EA#2200AA062200AA06
(946688602.399968) can0 18FF01EA#2200900622009006
(946688602.399968) can0 18FF02EA#22009A0622009A06
(946688602.399968) can0 18FF1085#000000031E01001E
(946688602.399968) can0 400#3C3E2C6D2C6D0000
(946688602.399968) can0 401#0067000000000000
(946688602.419968) can0 18FF01EA#2300A4062300A406
(946688602.419968) can0 18FF02EA#2300970623009706
(946688602.419968) can0 19B30007#00005E20AB9A0000
(946688602.419968) can0 19B30100#D6D6D6D6D6D6D6D6
(946688602.429968) can0 18FF1085#000000031E01001E
(946688602.429968) can0 400#3F3E2C732D6E0000
(946688602.429968) can0 401#0167000000000000
(946688602.439968) can0 18FF01EA#2400920624009206
(946688602.439968) can0 18FF02EA#2200A3062200A306
(946688602.459968) can0 18FF01EA#24009D0624009D06
(946688602.459968) can0 18FF02EA#2300910623009106
(946688602.459968) can0 18FF1085#000000031E01001E
(946688602.459968) can0 400#3E3B2D742D730000
(946688602.459968) can0 401#0068000000000000
(946688602.479968) can0 18FF01EA#2200B3062200B306
(946688602.479968) can0 18FF02EA#2200AD062200AD06
(946688602.489968) can0 18FF1085#000000031E01001E
(946688602.489968) can0 400#3E3F2D702E6C0000
(946688602.489968) can0 401#0068000000000000
(946688602.499968) can0 18FF01EA#2300920623009206
(946688602.499968) can0 18FF02EA#2300AA062300AA06
(946688602.519968) can0 18FF01EA#2200AB062200AB06
(946688602.519968) can0 18FF02EA#22008F0622008F06
(946688602.519968) can0 18FF1085#000000031E01001E
(946688602.519968) can0 400#3C3C2D6C2D6C0000
(946688602.519968) can0 401#0067000000000000
(946688602.529968) can0 19B30007#00005E20AB9A0000
(946688602.529968) can0 19B30100#D6D6D6D6D6D6D6D6
(946688602.539968) can0 18FF01EA#2300A8062300A806
(946688602.539968) can0 18FF02EA#24008F0624008F06
(946688602.549968) can0 18FF1085#000000031E01001E
(946688602.549968) can0 400#3F3F2D722E710000
(946688602.549968) can0 401#0167000000000000
(946688602.559968) can0 18FF01EA#2200B1062200B106
(946688602.559968) can0 18FF02EA#2300980623009806
(946688602.579968) can0 18FF01EA#2200960622009606
(946688602.579968) can0 18FF02EA#2300B2062300B206
(946688602.579968) can0 18FF1085#000000031E01001E
(946688602.579968) can0 400#3C3F2C6C2C6E0000
(946688602.579968) can0 401#0067000000000000
(946688602.599968) can0 18FF01EA#23008E0623008E06
(946688602.599968) can0 18FF02EA#25009F0625009F06
(946688602.609968) can0 18FF1085#000000031E01001E
(946688602.609968) can0 400#3C3D2E6F2E700000
(946688602.609968) can0 401#0166000000000000
(946688602.619968) can0 18FF01EA#2400980624009806
(946688602.619968) can0 18FF02EA#2400B0062400B006
(946688602.639968) can0 18FF01EA#22009A0622009A06
(946688602.639968) can0 18FF02EA#2200B0062200B006
(946688602.639968) can0 18FF1085#000000031E01001E
(946688602.639968) can0 400#3F3E2E732D6C0000
(946688602.639968) can0 401#0066000000000000
(946688602.639968) can0 19B30007#00005E20AB9A0000
(946688602.639968) can0 19B30100#D6D6D6D6D6D6D6D6
(946688602.659968) can0 18FF01EA#2400A2062400A206
(946688602.659968) can0 18FF02EA#2200950622009506
(946688602.669968) can0 18FF1085#000000031E01001E
(946688602.669968) can0 400#3E3E2D742D6F0000
(946688602.669968) can0 401#0068000000000000
(946688602.679968) can0 18FF01EA#2200A9062200A906
(946688602.679968) can0 18FF02EA#2300940623009406
(946688602.699968) can0 18FF01EA#23009A0623009A06
(946688602.699968) can0 18FF02EA#23009F0623009F06
(946688602.699968) can0 18FF1085#000000031E01001E
(946688602.699968) can0 400#3D3D2E712D6C0000
(946688602.699968) can0 401#0168000000000000
(946688602.719968) can0 18FF01EA#2200990622009906
(946688602.719968) can0 18FF02EA#2200B4062200B406
(946688602.729968) can0 18FF1085#000000031E01001E
(946688602.729968) can0 400#3C3D2D742C6D0000
(946688602.729968) can0 401#0067000000000000
(946688602.739968) can0 18FF01EA#2400A8062400A806
(946688602.739968) can0 18FF02EA#24008F0624008F06
(946688602.749968) can0 19B30007#00005E20AB9A0000
(946688602.749968) can0 19B30100#D6D6D6D6D6D6D6D6
(946688602.759968) can0 18FF01EA#23009B0623009B06
(946688602.759968) can0 18FF02EA#2500B0062500B006
(946688602.759968) can0 18FF1085#000000031E01001E
(946688602.759968) can0 400#3C3F2D6F2D6F0000
(946688602.759968) can0 401#0167000000000000
(946688602.779968) can0 18FF01EA#2500A8062500A806
(946688602.779968) can0 18FF02EA#2500900625009006
(946688602.789968) can0 18FF1085#000000031E01001E
(946688602.789968) can0 400#3B3C2D722D710000
(946688602.789968) can0 401#0067000000000000
(946688602.799968) can0 18FF01EA#2400A2062400A206
(946688602.799968) can0 18FF02EA#2500B5062500B506
(946688602.819968) can0 18FF01EA#2300B5062300B506
(946688602.819968) can0 18FF02EA#2400960624009606
(946688602.819968) can0 18FF1085#000000031E01001E
(946688602.819968) can0 400#3E3F2D742D710000
(946688602.819968) can0 401#0068000000000000
(946688602.839968) can0 18FF01EA#2500900625009006
(946688602.839968) can0 18FF02EA#2400B5062400B506
(946688602.849968) can0 18FF1085#000000031E01001E
(946688602.849968) can0 400#3C3C2D6F2D720000
(946688602.849968) can0 401#0068000000000000
(946688602.859968) can0 18FF01EA#2300AF062300AF06
(946688602.859968) can0 18FF02EA#2300A4062300A406
(946688602.859968) can0 19B30007#00005E20AB9A0000
(946688602.859968) can0 19B30100#D6D6D6D6D6D6D6D6
(946688602.879968) can0 18FF01EA#2500AA062500AA06
(946688602.879968) can0 18FF02EA#2400940624009406
(946688602.879968) can0 18FF1085#000000031E01001E
(946688602.879968) can0 400#3D3F2C6F2C730000
(946688602.879968) can0 401#0168000000000000
(946688602.899968) can0 18FF01EA#2300B5062300B506
(946688602.899968) can0 18FF02EA#2400970624009706
(946688602.909968) can0 18FF1085#000000031E01001E
(946688602.909968) can0 400#3F3C2C6E2C6C0000
(946688602.909968) can0 401#0067000000000000
(946688602.919968) can0 18FF01EA#2300980623009806
(946688602.919968) can0 18FF02EA#2500AA062500AA06
(946688602.939968) can0 18FF01EA#2300A1062300A106
(946688602.939968) can0 18FF02EA#25009C0625009C06
(946688602.939968) can0 18FF1085#000000031E01001E
(946688602.939968) can0 400#3B3F2C712C6E0000
(946688602.939968) can0 401#0068000000000000
(946688602.959968) can0 18FF01EA#2400980624009806
(946688602.959968) can0 18FF02EA#2200B2062200B206
(946688602.969968) can0 18FF1085#000000031E01001E
(946688602.969968) can0 400#3B3C2E6D2D720000
(946688602.969968) can0 401#0167000000000000
(946688602.969968) can0 19B30007#00005E20AB9A0000
(946688602.969968) can0 19B30100#D6D6D6D6D6D6D6D6
(946688602.979968) can0 18FF01EA#2200AB062200AB06
(946688602.979968) can0 18FF02EA#2300980623009806
(946688602.999968) can0 18FF01EA#2300910623009106
(946688602.999968) can0 18FF02EA#2500B2062500B206
(946688602.999968) can0 18FF1085#000000031E01001E
(946688602.999968) can0 400#3F3E2D6E2C720000
(946688602.999968) can0 401#0068000000000000
(946688603.019968) can0 18FF01EA#2200AD062200AD06
(946688603.019968) can0 18FF02EA#2400960624009606
(946688603.029968) can0 18FF1085#000000031E01001E
(946688603.029968) can0 400#3C3E2D722E6E0000
(946688603.029968) can0 401#0066000000000000
(946688603.039968) can0 18FF01EA#2200920622009206
(946688603.039968) can0 18FF02EA#2500A8062500A806
(946688603.059968) can0 18FF01EA#2300A7062300A706
(946688603.059968) can0 18FF02EA#23008F0623008F06
(946688603.059968) can0 18FF1085#000000031E01001E
(946688603.059968) can0 400#3D3F2D722C6C0000
(946688603.059968) can0 401#0066000000000000
(946688603.079967) can0 18FF01EA#25009C0625009C06
(946688603.079967) can0 18FF02EA#2500980625009806
(946688603.079967) can0 19B30007#00005E20AB9A0000
(946688603.079967) can0 19B30100#D6D6D6D6D6D6D6D6
(946688603.089967) can0 18FF1085#000000031E01001E
(946688603.089967) can0 400#3E3E2C6F2D710000
(946688603.089967) can0 401#0167000000000000
(946688603.099967) can0 18FF01EA#2300A0062300A006
(946688603.099967) can0 18FF02EA#23008E0623008E06
(946688603.119967) can0 18FF01EA#2400980624009806
(946688603.119967) can0 18FF02EA#2500B1062500B106
(946688603.119967) can0 18FF1085#000000031E01001E
(946688603.119967) can0 400#3C3D2C6B2D6F0000
(946688603.119967) can0 401#0066000000000000
(946688603.139967) can0 18FF01EA#2200B0062200B006
(946688603.139967) can0 18FF02EA#2200B5062200B506
(946688603.149967) can0 18FF1085#000000031E01001E
(946688603.149967) can0 400#3C3C2D722E720000
(946688603.149967) can0 401#0066000000000000
(946688603.159967) can0 18FF01EA#2300AE062300AE06
(946688603.159967) can0 18FF02EA#2400A8062400A806
(946688603.179967) can0 18FF01EA#2400AB062400AB06
(946688603.179967) can0 18FF02EA#2200A5062200A506
(946688603.179967) can0 18FF1085#000000031E01001E
(946688603.179967) can0 400#3E3D2E752C6D0000
(946688603.179967) can0 401#0067000000000000
(946688603.189967) can0 19B30007#00005E20AB9A0000
(946688603.189967) can0 19B30100#D6D6D6D6D6D6D6D6
(946688603.199967) can0 18FF01EA#2300900623009006
(946688603.199967) can0 18FF02EA#24009F0624009F06
(946688603.209967) can0 18FF1085#000000031E01001E
(946688603.209967) can0 400#3E3D2D6F2D6F0000
(946688603.209967) can0 401#0067000000000000
(946688603.219967) can0 18FF01EA#24009E0624009E06
(946688603.219967) can0 18FF02EA#22009C0622009C06
(946688603.239967) can0 18FF01EA#2300980623009806
(946688603.239967) can0 18FF02EA#2300AF062300AF06
(946688603.239967) can0 18FF1085#000000031E01001E
(946688603.239967) can0 400#3D3C2C732D6D0000
(946688603.239967) can0 401#0167000000000000
(946688603.259967) can0 18FF01EA#2400A6062400A606
(946688603.259967) can0 18FF02EA#2200AC062200AC06
(946688603.269967) can0 18FF1085#000000031E01001E
(946688603.269967) can0 400#3C3F2D722D6D0000
(946688603.269967) can0 401#0067000000000000
(946688603.279967) can0 18FF01EA#2500A5062500A506
(946688603.279967) can0 18FF02EA#2400A1062400A106
(946688603.299967) can0 18FF01EA#25009C0625009C06
(946688603.299967) can0 18FF02EA#2400AA062400AA06
(946688603.299967) can0 18FF1085#000000031E01001E
(946688603.299967) can0 400#3E3C2C752D750000
(946688603.299967) can0 401#0067000000000000
(946688603.299967) can0 19B30007#00005E20AB9A0000
(946688603.299967) can0 19B30100#D6D6D6D6D6D6D6D6
(946688603.319967) can0 18FF01EA#2200960622009606
(946688603.319967) can0 18FF02EA#2400A2062400A206
(946688603.329967) can0 18FF1085#000000031E01001E
(946688603.329967) can0 400#3C3C2E702D750000
(946688603.329967) can0 401#0068000000000000
(946688603.339967) can0 18FF01EA#2400AA062400AA06
(946688603.339967) can0 18FF02EA#2500A6062500A606
(946688603.359967) can0 18FF01EA#2200910622009106
(946688603.359967) can0 18FF02EA#2200B5062200B506
(946688603.359967) can0 18FF1085#000000031E01001E
(946688603.359967) can0 400#3F3E2D6C2C6E0000
(946688603.359967) can0 401#0068000000000000
(946688603.379967) can0 18FF01EA#2300A5062300A506
(946688603.379967) can0 18FF02EA#2300B4062300B406
(946688603.389967) can0 18FF1085#000000031E01001E
(946688603.389967) can0 400#3F3E2D742D6D0000
(946688603.389967) can0 401#0068000000000000
(946688603.399967) can0 18FF01EA#2200AD062200AD06
(946688603.399967) can0 18FF02EA#2300A3062300A306
(946688603.409967) can0 19B30007#00005E20AB9A0000
(946688603.409967) can0 19B30100#D6D6D6D6D6D6D6D6
(946688603.419967) can0 18FF01EA#2400B5062400B506
(946688603.419967) can0 18FF02EA#2500A6062500A606
(946688603.419967) can0 18FF1085#000000031E01001E
(946688603.419967) can0 400#3C3E2D742D6F0000
(946688603.419967) can0 401#0068000000000000
(946688603.439967) can0 18FF01EA#2500960625009606
(946688603.439967) can0 18FF02EA#2300980623009806
(946688603.449967) can0 18FF1085#000000031E01001E
(946688603.449967) can0 400#3E3C2C722D6D0000
(946688603.449967) can0 401#0066000000000000
(946688603.459967) can0 18FF01EA#2500AE062500AE06
(946688603.459967) can0 18FF02EA#2200960622009606
(946688603.479967) can0 18FF01EA#2500970625009706
(946688603.479967) can0 18FF02EA#2500AD062500AD06
(946688603.479967) can0 18FF1085#000000031E01001E
(946688603.479967) can0 400#3C3F2E6D2C6D0000
(946688603.479967) can0 401#0068000000000000
(946688603.499967) can0 18FF01EA#2200B1062200B106
(946688603.499967) can0 18FF02EA#2200A2062200A206
(946688603.509967) can0 18FF1085#000000031E01001E
(946688603.509967) can0 400#3D3D2D742D720000
(946688603.509967) can0 401#0167000000000000
(946688603.519967) can0 18FF01EA#2300B1062300B106
(946688603.519967) can0 18FF02EA#2300AD062300AD06
(946688603.519967) can0 19B30007#00005E20AB9A0000
(946688603.519967) can0 19B30100#D6D6D6D6D6D6D6D6
(946688603.539967) can0 18FF01EA#2200970622009706
(946688603.539967) can0 18FF02EA#2500B0062500B006
(946688603.539967) can0 18FF1085#000000031E01001E
(946688603.539967) can0 400#3F3C2C742D700000
(946688603.539967) can0 401#0167000000000000
(946688603.559967) can0 18FF01EA#2500920625009206
(946688603.559967) can0 18FF02EA#2400AF062400AF06
(946688603.569967) can0 18FF1085#000000031E01001E
(946688603.569967) can0 400#3D3C2C712E740000
(946688603.569967) can0 401#0068000000000000
(946688603.579967) can0 18FF01EA#2300B2062300B206
(946688603.579967) can0 18FF02EA#2400B3062400B306
(946688603.599967) can0 18FF01EA#2400960624009606
(946688603.599967) can0 18FF02EA#2300B0062300B006
(946688603.599967) can0 18FF1085#000000031E01001E
(946688603.599967) can0 400#3D3E2E6E2D730000
(946688603.599967) can0 401#0067000000000000
(946688603.619967) can0 18FF01EA#2200B0062200B006
(946688603.619967) can0 18FF02EA#2500B2062500B206
(946688603.629967) can0 18FF1085#000000031E01001E
(946688603.629967) can0 400#3D3E2D6D2C6F0000
(946688603.629967) can0 401#0168000000000000
(946688603.629967) can0 19B30007#00005E20AB9A0000
(946688603.629967) can0 19B30100#D6D6D6D6D6D6D6D6
(946688603.639967) can0 18FF01EA#2400910624009106
(946688603.639967) can0 18FF02EA#2400B4062400B406
(946688603.659967) can0 18FF01EA#23009A0623009A06
(946688603.659967) can0 18FF02EA#2400B0062400B006
(946688603.659967) can0 18FF1085#000000031E01001E
(946688603.659967) can0 400#3E3E2C752D720000
(946688603.659967) can0 401#0068000000000000
(946688603.679967) can0 18FF01EA#2500AD062500AD06
(946688603.679967) can0 18FF02EA#2300A3062300A306
(946688603.689967) can0 18FF1085#000000031E01001E
(946688603.689967) can0 400#3C3F2E702D720000
(946688603.689967) can0 401#0067000000000000
(946688603.699967) can0 18FF01EA#25009C0625009C06
(946688603.699967) can0 18FF02EA#23009C0623009C06
(946688603.719967) can0 18FF01EA#2500B2062500B206
(946688603.719967) can0 18FF02EA#23008F0623008F06
(946688603.719967) can0 18FF1085#000000031E01001E
(946688603.719967) can0 400#3E3E2E6C2C6B0000
(946688603.719967) can0 401#0067000000000000
(946688603.739967) can0 18FF01EA#2500930625009306
(946688603.739967) can0 18FF02EA#22009E0622009E06
(946688603.739967) can0 19B30007#00005E20AB9A0000
(946688603.739967) can0 19B30100#D6D6D6D6D6D6D6D6
(946688603.749967) can0 18FF1085#000000031E01001E
(946688603.749967) can0 400#3E3F2D6C2E720000
(946688603.749967) can0 401#0066000000000000
(946688603.759967) can0 18FF01EA#2500B4062500B406
(946688603.759967) can0 18FF02EA#2200B4062200B406
(946688603.779967) can0 18FF01EA#2500A8062500A806
(946688603.779967) can0 18FF02EA#2400930624009306
(946688603.779967) can0 18FF1085#000000031E01001E
(946688603.779967) can0 400#3E3E2D6C2E6C0000
(946688603.779967) can0 401#0068000000000000
(946688603.799967) can0 18FF01EA#2300AC062300AC06
(946688603.799967) can0 18FF02EA#2500AF062500AF06
(946688603.809967) can0 18FF1085#000000031E01001E
(946688603.809967) can0 400#3C3D2D6E2E6E0000
(946688603.809967) can0 401#0068000000000000
(946688603.819967) can0 18FF01EA#25009D0625009D06
(946688603.819967) can0 18FF02EA#2200A5062200A506
(946688603.839967) can0 18FF01EA#2400A4062400A406
(946688603.839967) can0 18FF02EA#2200A1062200A106
(946688603.839967) can0 18FF1085#000000031E01001E
(946688603.839967) can0 400#3F3F2D6E2C710000
(946688603.839967) can0 401#0068000000000000
(946688603.849967) can0 19B30007#00005E20AB9A0000
(946688603.849967) can0 19B30100#D6D6D6D6D6D6D6D6
(946688603.859967) can0 18FF01EA#2200930622009306
(946688603.859967) can0 18FF02EA#2300AA062300AA06
(946688603.869967) can0 18FF1085#000000031E01001E
(946688603.869967) can0 400#3C3D2E712C6B0000
(946688603.869967) can0 401#0068000000000000
(946688603.879967) can0 18FF01EA#2300A8062300A806
(946688603.879967) can0 18FF02EA#2300A8062300A806
(946688603.899967) can0 18FF01EA#2400AB062400AB06
(946688603.899967) can0 18FF02EA#2200A1062200A106
(946688603.899967) can0 18FF1085#000000031E01001E
(946688603.899967) can0 400#3F3C2D6D2C700000
(946688603.899967) can0 401#0068000000000000
(946688603.919967) can0 18FF01EA#23008E0623008E06
(946688603.919967) can0 18FF02EA#2400B4062400B406
(946688603.929967) can0 18FF1085#000000031E01001E
(946688603.929967) can0 400#3D3E2E712E740000
(946688603.929967) can0 401#0168000000000000
(946688603.939967) can0 18FF01EA#2300A0062300A006
(946688603.939967) can0 18FF02EA#25008E0625008E06
(946688603.959967) can0 18FF01EA#2300A7062300A706
(946688603.959967) can0 18FF02EA#2400950624009506
(946688603.959967) can0 18FF1085#000000031E01001E
(946688603.959967) can0 400#3F3E2E702C730000
(946688603.959967) can0 401#0067000000000000
(946688603.959967) can0 19B30007#00005E20AB9A0000
(946688603.959967) can0 19B30100#D6D6D6D6D6D6D6D6
(946688603.979967) can0 18FF01EA#2300AA062300AA06
(946688603.979967) can0 18FF02EA#2500990625009906
(946688603.989967) can0 18FF1085#000000031E01001E
(946688603.989967) can0 400#3D3C2E732D720000
(946688603.989967) can0 401#0167000000000000
(946688603.999967) can0 18FF01EA#2300980623009806
(946688603.999967) can0 18FF02EA#2500B3062500B306
(946688604.019967) can0 18FF01EA#23009B0623009B06
(946688604.019967) can0 18FF02EA#2300920623009206
(946688604.019967) can0 18FF1085#000000031E01001E
(946688604.019967) can0 400#3C3C2C732D6C0000
(946688604.019967) can0 401#0068000000000000
(946688604.039967) can0 18FF01EA#2500AA062500AA06
(946688604.039967) can0 18FF02EA#2200940622009406
(946688604.049967) can0 18FF1085#000000031E01001E
(946688604.049967) can0 400#3B3E2D752C710000
(946688604.049967) can0 401#0067000000000000
(946688604.059967) can0 18FF01EA#2300B1062300B106
(946688604.059967) can0 18FF02EA#23009B0623009B06
(946688604.069967) can0 19B30007#00005E20AB9A0000
(946688604.069967) can0 19B30100#D6D6D6D6D6D6D6D6
(946688604.079967) can0 18FF01EA#2200B3062200B306
(946688604.079967) can0 18FF02EA#2400AC062400AC06
(946688604.079967) can0 18FF1085#000000031E01001E
(946688604.079967) can0 400#3D3F2C742D700000
(946688604.079967) can0 401#0067000000000000
(946688604.099967) can0 18FF01EA#2200A3062200A306
(946688604.099967) can0 18FF02EA#2300900623009006
(946688604.109967) can0 18FF1085#000000031E01001E
(946688604.109967) can0 400#3D3D2C6C2D750000
(946688604.109967) can0 401#0067000000000000
(946688604.119967) can0 18FF01EA#2500950625009506
(946688604.119967) can0 18FF02EA#2400B3062400B306
(946688604.139966) can0 18FF01EA#2500A9062500A906
(946688604.139966) can0 18FF02EA#22009E0622009E06
(946688604.139966) can0 18FF1085#000000031E01001E
(946688604.139966) can0 400#3E3C2C752E6D0000
(946688604.139966) can0 401#0168000000000000
(946688604.159966) can0 18FF01EA#2400B0062400B006
(946688604.159966) can0 18FF02EA#2400930624009306
(946688604.169966) can0 18FF1085#000000031E01001E
(946688604.169966) can0 400#3B3E2D732D6D0000
(946688604.169966) can0 401#0067000000000000
(946688604.179966) can0 18FF01EA#2200970622009706
(946688604.179966) can0 18FF02EA#2400AE062400AE06
(946688604.179966) can0 19B30007#00005E20AB9A0000
(946688604.179966) can0 19B30100#D6D6D6D6D6D6D6D6
(946688604.199966) can0 18FF01EA#2200910622009106
(946688604.199966) can0 18FF02EA#2500B0062500B006
(946688604.199966) can0 18FF1085#000000031E01001E
(946688604.199966) can0 400#3C3F2D732C6D0000
(946688604.199966) can0 401#0168000000000000
(946688604.219966) can0 18FF01EA#2400A4062400A406
(946688604.219966) can0 18FF02EA#2400A5062400A506
(946688604.229966) can0 18FF1085#000000031E01001E
(946688604.229966) can0 400#3E3E2C752D750000
(946688604.229966) can0 401#0067000000000000
(946688604.239966) can0 18FF01EA#23008E0623008E06
(946688604.239966) can0 18FF02EA#22009D0622009D06
(946688604.259966) can0 18FF01EA#2400B1062400B106
(946688604.259966) can0 18FF02EA#2200AD062200AD06
(946688604.259966) can0 18FF1085#000000031E01001E
(946688604.259966) can0 400#3C3E2D6B2E6E0000
(946688604.259966) can0 401#0068000000000000
(946688604.279966) can0 18FF01EA#2300940623009406
(946688604.279966) can0 18FF02EA#2500A4062500A406
(946688604.289966) can0 18FF1085#000000031E01001E
(946688604.289966) can0 400#3D3D2C722D6F0000
(946688604.289966) can0 401#0068000000000000
(946688604.289966) can0 19B30007#00005E20AB9A0000
(946688604.289966) can0 19B30100#D6D6D6D6D6D6D6D6
(946688604.299966) can0 18FF01EA#2300B4062300B406
(946688604.299966) can0 18FF02EA#2400900624009006
(946688604.319966) can0 18FF01EA#2500AF062500AF06
(946688604.319966) can0 18FF02EA#2500AF062500AF06
(946688604.319966) can0 18FF1085#000000031E01001E
(946688604.319966) can0 400#3F3D2D6C2D750000
(946688604.319966) can0 401#0067000000000000
(946688604.339966) can0 18FF01EA#2200900622009006
(946688604.339966) can0 18FF02EA#23009B0623009B06
(946688604.349966) can0 18FF1085#000000031E01001E
(946688604.349966) can0 400#3D3E2C702C700000
(946688604.349966) can0 401#0068000000000000
(946688604.359966) can0 18FF01EA#25009A0625009A06
(946688604.359966) can0 18FF02EA#24009E0624009E06
(946688604.379966) can0 18FF01EA#2200B0062200B006
(946688604.379966) can0 18FF02EA#2300900623009006
(946688604.379966) can0 18FF1085#000000031E01001E
(946688604.379966) can0 400#3E3E2C722C6D0000
(946688604.379966) can0 401#0167000000000000
(946688604.399966) can0 18FF01EA#2300A8062300A806
(946688604.399966) can0 18FF02EA#2400990624009906
(946688604.399966) can0 19B30007#00005E20AB9A0000
(946688604.399966) can0 19B30100#D6D6D6D6D6D6D6D6
(946688604.409966) can0 18FF1085#000000031E01001E
(946688604.409966) can0 400#3C3E2D6C2D6F0000
(946688604.409966) can0 401#0067000000000000
(946688604.419966) can0 18FF01EA#2500AA062500AA06
(946688604.419966) can0 18FF02EA#2200B2062200B206
(946688604.439966) can0 18FF01EA#24009E0624009E06
(946688604.439966) can0 18FF02EA#2400900624009006
(946688604.439966) can0 18FF1085#000000031E01001E
(946688604.439966) can0 400#3C3F2D742E6C0000
(946688604.439966) can0 401#0068000000000000
(946688604.459966) can0 18FF01EA#2300970623009706
(946688604.459966) can0 18FF02EA#2300950623009506
(946688604.469966) can0 18FF1085#000000031E01001E
(946688604.469966) can0 400#3B3F2D742E750000
(946688604.469966) can0 401#0067000000000000
(946688604.479966) can0 18FF01EA#2500A3062500A306
(946688604.479966) can0 18FF02EA#2400A3062400A306
(946688604.499966) can0 18FF01EA#2400AA062400AA06
(946688604.499966) can0 18FF02EA#2200AF062200AF06
(946688604.499966) can0 18FF1085#000000031E01001E
(946688604.499966) can0 400#3B3D2D6D2D6D0000
(946688604.499966) can0 401#0068000000000000
(946688604.509966) can0 19B30007#00005E20AB9A0000
(946688604.509966) can0 19B30100#D6D6D6D6D6D6D6D6
(946688604.519966) can0 18FF01EA#2400A2062400A206
(946688604.519966) can0 18FF02EA#2400A9062400A906
(946688604.529966) can0 18FF1085#000000031E01001E
(946688604.529966) can0 400#3B3F2D6C2D720000
(946688604.529966) can0 401#0068000000000000
(946688604.539966) can0 18FF01EA#2300B3062300B306
(946688604.539966) can0 18FF02EA#2500B3062500B306
(946688604.559966) can0 18FF01EA#2300950623009506
(946688604.559966) can0 18FF02EA#2200950622009506
(946688604.559966) can0 18FF1085#000000031E01001E
(946688604.559966) can0 400#3F3D2E6E2D750000
(946688604.559966) can0 401#0068000000000000
(946688604.579966) can0 18FF01EA#2400960624009606
(946688604.579966) can0 18FF02EA#23009F0623009F06
(946688604.589966) can0 18FF1085#000000031E01001E
(946688604.589966) can0 400#3C3F2E6D2C6E0000
(946688604.589966) can0 401#0068000000000000
(946688604.599966) can0 18FF01EA#24009C0624009C06
(946688604.599966) can0 18FF02EA#23008F0623008F06
(946688604.619966) can0 18FF01EA#2300B0062300B006
(946688604.619966) can0 18FF02EA#2200A9062200A906
(946688604.619966) can0 18FF1085#000000031E01001E
(946688604.619966) can0 400#3D3C2E6F2D710000
(946688604.619966) can0 401#0067000000000000
(946688604.619966) can0 19B30007#00005E20AB9A0000
(946688604.619966) can0 19B30100#D6D6D6D6D6D6D6D6
(946688604.639966) can0 18FF01EA#22009F0622009F06
(946688604.639966) can0 18FF02EA#2300920623009206
(946688604.649966) can0 18FF1085#000000031E01001E
(946688604.649966) can0 400#3D3E2D752C6D0000
(946688604.649966) can0 401#0167000000000000
(946688604.659966) can0 18FF01EA#2200AE062200AE06
(946688604.659966) can0 18FF02EA#2500990625009906
(946688604.679966) can0 18FF01EA#25009C0625009C06
(946688604.679966) can0 18FF02EA#2200AD062200AD06
(946688604.679966) can0 18FF1085#000000031E01001E
(946688604.679966) can0 400#3D3D2C742D700000
(946688604.679966) can0 401#0066000000000000
(946688604.699966) can0 18FF01EA#22009A0622009A06
(946688604.699966) can0 18FF02EA#24009E0624009E06
(946688604.709966) can0 18FF1085#000000031E01001E
(946688604.709966) can0 400#3E3C2E722D750000
(946688604.709966) can0 401#0068000000000000
(946688604.719966) can0 18FF01EA#2500AD062500AD06
(946688604.719966) can0 18FF02EA#2300960623009606
(946688604.729966) can0 19B30007#00005E20AB9A0000
(946688604.729966) can0 19B30100#D6D6D6D6D6D6D6D6
(946688604.739966) can0 18FF01EA#2400AB062400AB06
(946688604.739966) can0 18FF02EA#2300A0062300A006
(946688604.739966) can0 18FF1085#000000031E01001E
(946688604.739966) can0 400#3D3F2D732D740000
(946688604.739966) can0 401#0067000000000000
(946688604.759966) can0 18FF01EA#2500920625009206
(946688604.759966) can0 18FF02EA#2200AD062200AD06
(946688604.769966) can0 18FF1085#000000031E01001E
(946688604.769966) can0 400#3F3B2E752E6D0000
(946688604.769966) can0 401#0068000000000000
(946688604.779966) can0 18FF01EA#24009E0624009E06
(946688604.779966) can0 18FF02EA#2300B4062300B406
(946688604.799966) can0 18FF01EA#2300A3062300A306
(946688604.799966) can0 18FF02EA#2200A6062200A606
(946688604.799966) can0 18FF1085#000000031E01001E
(946688604.799966) can0 400#3C3C2C752D750000
(946688604.799966) can0 401#0067000000000000
(946688604.819966) can0 18FF01EA#2400900624009006
(946688604.819966) can0 18FF02EA#2300990623009906
(946688604.829966) can0 18FF1085#000000031E01001E
(946688604.829966) can0 400#3C3B2D6B2C6F0000
(946688604.829966) can0 401#0168000000000000
(946688604.839966) can0 18FF01EA#2400900624009006
(946688604.839966) can0 18FF02EA#2200A2062200A206
(946688604.839966) can0 19B30007#00005E20AB9A0000
(946688604.839966) can0 19B30100#D6D6D6D6D6D6D6D6
(946688604.859966) can0 18FF01EA#22009D0622009D06
(946688604.859966) can0 18FF02EA#2400910624009106
(946688604.859966) can0 18FF1085#000000031E01001E
(946688604.859966) can0 400#3E3D2E742D6F0000
(946688604.859966) can0 401#0067000000000000
(946688604.879966) can0 18FF01EA#2200B2062200B206
(946688604.879966) can0 18FF02EA#2500A9062500A906
(946688604.889966) can0 18FF1085#000000031E01001E
(946688604.889966) can0 400#3B3B2D752C6F0000
(946688604.889966) can0 401#0167000000000000
(946688604.899966) can0 18FF01EA#2500950625009506
(946688604.899966) can0 18FF02EA#2500A8062500A806
(946688604.919966) can0 18FF01EA#2400B1062400B106
(946688604.919966) can0 18FF02EA#2300920623009206
(946688604.919966) can0 18FF1085#000000031E01001E
(946688604.919966) can0 400#3C3E2D6C2C6E0000
(946688604.919966) can0 401#0167000000000000
(946688604.939966) can0 18FF01EA#2400990624009906
(946688604.939966) can0 18FF02EA#2500970625009706
(946688604.949966) can0 18FF1085#000000031E01001E
(946688604.949966) can0 400#3D3D2D742D6E0000
(946688604.949966) can0 401#0068000000000000
(946688604.949966) can0 19B30007#00005E20AB9A0000
(946688604.949966) can0 19B30100#D6D6D6D6D6D6D6D6
(946688604.959966) can0 18FF01EA#2200990622009906
(946688604.959966) can0 18FF02EA#25009D0625009D06
(946688604.979966) can0 18FF01EA#2300B0062300B006
(946688604.979966) can0 18FF02EA#2400920624009206
(946688604.979966) can0 18FF1085#000000031E01001E
(946688604.979966) can0 400#3D3E2D702D720000
(946688604.979966) can0 401#0067000000000000
(946688604.999966) can0 18FF01EA#24008E0624008E06
(946688604.999966) can0 18FF02EA#2300AE062300AE06
(946688605.009966) can0 18FF1085#000000031E01001E
(946688605.009966) can0 400#3F3E2D702D720000
(946688605.009966) can0 401#0068000000000000
(946688605.019966) can0 18FF01EA#2500B2062500B206
(946688605.019966) can0 18FF02EA#22009C0622009C06
(946688605.039966) can0 18FF01EA#22008F0622008F06
(946688605.039966) can0 18FF02EA#2300A0062300A006
(946688605.039966) can0 18FF1085#000000031E01001E
(946688605.039966) can0 400#3D3D2E6D2D6E0000
(946688605.039966) can0 401#0066000000000000
(946688605.059966) can0 18FF01EA#2200910622009106
(946688605.059966) can0 18FF02EA#22009B0622009B06
(946688605.059966) can0 19B30007#00005E20AB9A0000
(946688605.059966) can0 19B30100#D6D6D6D6D6D6D6D6
(946688605.069966) can0 18FF1085#000000031E01001E
(946688605.069966) can0 400#3E3B2C742E700000
(946688605.069966) can0 401#0066000000000000
(946688605.079966) can0 18FF01EA#2400B3062400B306
(946688605.079966) can0 18FF02EA#24009A0624009A06
(946688605.099966) can0 18FF01EA#23008F0623008F06
(946688605.099966) can0 18FF02EA#2500960625009606
(946688605.099966) can0 18FF1085#000000031E01001E
(946688605.099966) can0 400#3C3F2C732E6E0000
(946688605.099966) can0 401#0167000000000000
(946688605.119966) can0 18FF01EA#2400B0062400B006
(946688605.119966) can0 18FF02EA#2300930623009306
(946688605.129966) can0 18FF1085#000000031E01001E
(946688605.129966) can0 400#3B3C2D722E6F0000
(946688605.129966) can0 401#0067000000000000
(946688605.139966) can0 18FF01EA#22009D0622009D06
(946688605.139966) can0 18FF02EA#2500AC062500AC06
(946688605.159966) can0 18FF01EA#2300B5062300B506
(946688605.159966) can0 18FF02EA#2200B2062200B206
(946688605.159966) can0 18FF1085#000000031E01001E
(946688605.159966) can0 400#3F3C2D702D710000
(946688605.159966) can0 401#0067000000000000
(946688605.169966) can0 19B30007#00005E20AB9A0000
(946688605.169966) can0 19B30100#D6D6D6D6D6D6D6D6
(946688605.179965) can0 18FF01EA#2500AA062500AA06
(946688605.179965) can0 18FF02EA#2200A7062200A706
(946688605.189965) can0 18FF1085#000000031E01001E
(946688605.189965) can0 400#3F3C2C6E2D6F0000
(946688605.189965) can0 401#0067000000000000
(946688605.199965) can0 18FF01EA#2400920624009206
(946688605.199965) can0 18FF02EA#2300A6062300A606
(946688605.219965) can0 18FF01EA#2300A3062300A306
(946688605.219965) can0 18FF02EA#23009A0623009A06
(946688605.219965) can0 18FF1085#000000031E01001E
(946688605.219965) can0 400#3E3B2E712D720000
(946688605.219965) can0 401#0067000000000000
(946688605.239965) can0 18FF01EA#2500B0062500B006
(946688605.239965) can0 18FF02EA#2200A4062200A406
(946688605.249965) can0 18FF1085#000000031E01001E
(946688605.249965) can0 400#3F3C2C6F2D6E0000
(946688605.249965) can0 401#0167000000000000
(946688605.259965) can0 18FF01EA#2400970624009706
(946688605.259965) can0 18FF02EA#2200A1062200A106
(946688605.279965) can0 18FF01EA#25008F0625008F06
(946688605.279965) can0 18FF02EA#2500930625009306
(946688605.279965) can0 18FF1085#000000031E01001E
(946688605.279965) can0 400#3D3E2E6F2E6C0000
(946688605.279965) can0 401#0067000000000000
(946688605.279965) can0 19B30007#00005E20AB9A0000
(946688605.279965) can0 19B30100#D6D6D6D6D6D6D6D6
(946688605.299965) can0 18FF01EA#2200A3062200A306
(946688605.299965) can0 18FF02EA#2400AC062400AC06
(946688605.309965) can0 18FF1085#000000031E01001E
(946688605.309965) can0 400#3C3D2D722D6D0000
(946688605.309965) can0 401#0068000000000000
(946688605.319965) can0 18FF01EA#2400990624009906
(946688605.319965) can0 18FF02EA#2300A2062300A206
(946688605.339965) can0 18FF01EA#2200A3062200A306
(946688605.339965) can0 18FF02EA#23009B0623009B06
(946688605.339965) can0 18FF1085#000000031E01001E
(946688605.339965) can0 400#3F3D2D732E730000
(946688605.339965) can0 401#0067000000000000
(946688605.359965) can0 18FF01EA#2200AF062200AF06
(946688605.359965) can0 18FF02EA#24009C0624009C06
(946688605.369965) can0 18FF1085#000000031E01001E
(946688605.369965) can0 400#3C3D2E742D730000
(946688605.369965) can0 401#0167000000000000
(946688605.379965) can0 18FF01EA#2500B4062500B406
(946688605.379965) can0 18FF02EA#2500900625009006
(946688605.389965) can0 19B30007#00005E20AB9A0000
(946688605.389965) can0 19B30100#D6D6D6D6D6D6D6D6
(946688605.399965) can0 18FF01EA#2400A2062400A206
(946688605.399965) can0 18FF02EA#2500990625009906
(946688605.399965) can0 18FF1085#000000031E01001E
(946688605.399965) can0 400#3C3C2E752C740000
(946688605.399965) can0 401#0067000000000000
(946688605.419965) can0 18FF01EA#2200AE062200AE06
(946688605.419965) can0 18FF02EA#2400B3062400B306
(946688605.429965) can0 18FF1085#000000031E01001E
(946688605.429965) can0 400#3E3F2D722D6D0000
(946688605.429965) can0 401#0067000000000000
(946688605.439965) can0 18FF01EA#2200A7062200A706
(946688605.439965) can0 18FF02EA#2300AE062300AE06
(946688605.459965) can0 18FF01EA#24009A0624009A06
(946688605.459965) can0 18FF02EA#2400AA062400AA06
(946688605.459965) can0 18FF1085#000000031E01001E
(946688605.459965) can0 400#3C3F2D752D6B0000
(946688605.459965) can0 401#0068000000000000
(946688605.479965) can0 18FF01EA#22009A0622009A06
(946688605.479965) can0 18FF02EA#2500930625009306
(946688605.489965) can0 18FF1085#000000031E01001E
(946688605.489965) can0 400#3E3D2D6F2D6C0000
(946688605.489965) can0 401#0068000000000000
(946688605.499965) can0 18FF01EA#2500960625009606
(946688605.499965) can0 18FF02EA#2500B5062500B506
(946688605.499965) can0 19B30007#00005E20AB9A0000
(946688605.499965) can0 19B30100#D6D6D6D6D6D6D6D6
(946688605.519965) can0 18FF01EA#24009D0624009D06
(946688605.519965) can0 18FF02EA#2500A6062500A606
(946688605.519965) can0 18FF1085#000000031E01001E
(946688605.519965) can0 400#3E3E2C6E2E730000
(946688605.519965) can0 401#0167000000000000
(946688605.539965) can0 18FF01EA#2200B5062200B506
(946688605.539965) can0 18FF02EA#2500AF062500AF06
(946688605.549965) can0 18FF1085#000000031E01001E
(946688605.549965) can0 400#3E3D2D6F2C6F0000
(946688605.549965) can0 401#0068000000000000
(946688605.559965) can0 18FF01EA#2500900625009006
(946688605.559965) can0 18FF02EA#23009C0623009C06
(946688605.579965) can0 18FF01EA#2300B4062300B406
(946688605.579965) can0 18FF02EA#2300940623009406
(946688605.579965) can0 18FF1085#000000031E01001E
(946688605.579965) can0 400#3E3C2D702D6F0000
(946688605.579965) can0 401#0067000000000000
(946688605.599965) can0 18FF01EA#2200970622009706
(946688605.599965) can0 18FF02EA#2500A0062500A006
(946688605.609965) can0 18FF1085#000000031E01001E
(946688605.609965) can0 400#3E3C2D6B2E6C0000
(946688605.609965) can0 401#0067000000000000
(946688605.609965) can0 19B30007#00005E20AB9A0000
(946688605.609965) can0 19B30100#D6D6D6D6D6D6D6D6
(946688605.619965) can0 18FF01EA#2300940623009406
(946688605.619965) can0 18FF02EA#2400A8062400A806
(946688605.639965) can0 18FF01EA#23008E0623008E06
(946688605.639965) can0 18FF02EA#2400940624009406
(946688605.639965) can0 18FF1085#000000031E01001E
(946688605.639965) can0 400#3C3D2D702D6C0000
(946688605.639965) can0 401#0067000000000000
(946688605.659965) can0 18FF01EA#2300A3062300A306
(946688605.659965) can0 18FF02EA#2500A9062500A906
(946688605.669965) can0 18FF1085#000000031E01001E
(946688605.669965) can0 400#3D3E2E752D750000
(946688605.669965) can0 401#0167000000000000
(946688605.679965) can0 18FF01EA#25009C0625009C06
(946688605.679965) can0 18FF02EA#2400A1062400A106
(946688605.699965) can0 18FF01EA#23009C0623009C06
(946688605.699965) can0 18FF02EA#2500A8062500A806
(946688605.699965) can0 18FF1085#000000031E01001E
(946688605.699965) can0 400#3C3C2D6C2C730000
(946688605.699965) can0 401#0068000000000000
(946688605.719965) can0 18FF01EA#23009E0623009E06
(946688605.719965) can0 18FF02EA#2400AD062400AD06
(946688605.719965) can0 19B30007#00005E20AB9A0000
(946688605.719965) can0 19B30100#D6D6D6D6D6D6D6D6
(946688605.729965) can0 18FF1085#000000031E01001E
(946688605.729965) can0 400#3D3E2D6D2C720000
(946688605.729965) can0 401#0067000000000000
(946688605.739965) can0 18FF01EA#2300920623009206
(946688605.739965) can0 18FF02EA#2500A3062500A306
(946688605.759965) can0 18FF01EA#2300A3062300A306
(946688605.759965) can0 18FF02EA#2200960622009606
(946688605.759965) can0 18FF1085#000000031E01001E
(946688605.759965) can0 400#3F3F2D6B2E700000
(946688605.759965) can0 401#0067000000000000
(946688605.779965) can0 18FF01EA#2200B0062200B006
(946688605.779965) can0 18FF02EA#2200B0062200B006
(946688605.789965) can0 18FF1085#000000031E01001E
(946688605.789965) can0 400#3C3D2C6E2D6D0000
(946688605.789965) can0 401#0068000000000000
(946688605.799965) can0 18FF01EA#2500970625009706
(946688605.799965) can0 18FF02EA#2500A5062500A506
(946688605.819965) can0 18FF01EA#2200B0062200B006
(946688605.819965) can0 18FF02EA#2300970623009706
(946688605.819965) can0 18FF1085#000000031E01001E
(946688605.819965) can0 400#3B3C2D702E6E0000
(946688605.819965) can0 401#0067000000000000
(946688605.829965) can0 19B30007#00005E20AB9A0000
(946688605.829965) can0 19B30100#D6D6D6D6D6D6D6D6
(946688605.839965) can0 18FF01EA#2200910622009106
(946688605.839965) can0 18FF02EA#2200B0062200B006
(946688605.849965) can0 18FF1085#000000031E01001E
(946688605.849965) can0 400#3F3C2D6D2D700000
(946688605.849965) can0 401#0067000000000000
(946688605.859965) can0 18FF01EA#2400950624009506
(946688605.859965) can0 18FF02EA#2400920624009206
(946688605.879965) can0 18FF01EA#22009F0622009F06
(946688605.879965) can0 18FF02EA#2500AF062500AF06
(946688605.879965) can0 18FF1085#000000031E01001E
(946688605.879965) can0 400#3D3E2D722E6C0000
(946688605.879965) can0 401#0068000000000000
(946688605.899965) can0 18FF01EA#2200AF062200AF06
(946688605.899965) can0 18FF02EA#2300980623009806
(946688605.909965) can0 18FF1085#000000031E01001E
(946688605.909965) can0 400#3B3D2D752D6F0000
(946688605.909965) can0 401#0167000000000000
(946688605.919965) can0 18FF01EA#2200900622009006
(946688605.919965) can0 18FF02EA#2500AF062500AF06
(946688605.939965) can0 18FF01EA#2500970625009706
(946688605.939965) can0 18FF02EA#2500AF062500AF06
(946688605.939965) can0 18FF1085#000000031E01001E
(946688605.939965) can0 400#3C3C2D752C720000
(946688605.939965) can0 401#0067000000000000
(946688605.939965) can0 19B30007#00005E20AB9A0000
(946688605.939965) can0 19B30100#D6D6D6D6D6D6D6D6
(946688605.959965) can0 18FF01EA#2400900624009006
(946688605.959965) can0 18FF02EA#2400960624009606
(946688605.969965) can0 18FF1085#000000031E01001E
(946688605.969965) can0 400#3F3B2D742E710000
(946688605.969965) can0 401#0167000000000000
(946688605.979965) can0 18FF01EA#23009A0623009A06
(946688605.979965) can0 18FF02EA#2400B2062400B206
(946688605.999965) can0 18FF01EA#2300A5062300A506
(946688605.999965) can0 18FF02EA#2200AC062200AC06
(946688605.999965) can0 18FF1085#000000031E01001E
(946688605.999965) can0 400#3C3E2D6B2C710000
(946688605.999965) can0 401#0166000000000000
(946688606.019965) can0 18FF01EA#2300B1062300B106
(946688606.019965) can0 18FF02EA#2200970622009706
(946688606.029965) can0 18FF1085#000000031E01001E
(946688606.029965) can0 400#3B3C2D6D2D700000
(946688606.029965) can0 401#0067000000000000
(946688606.039965) can0 18FF01EA#2500AF062500AF06
(946688606.039965) can0 18FF02EA#2500B3062500B306
(946688606.049965) can0 19B30007#00005E20AB9A0000
(946688606.049965) can0 19B30100#D6D6D6D6D6D6D6D6
(946688606.059965) can0 18FF01EA#23009F0623009F06
(946688606.059965) can0 18FF02EA#2400A7062400A706
(946688606.059965) can0 18FF1085#000000031E01001E
(946688606.059965) can0 400#3C3F2D6C2D6F0000
(946688606.059965) can0 401#0167000000000000
(946688606.079965) can0 18FF01EA#2200930622009306
(946688606.079965) can0 18FF02EA#2400B3062400B306
(946688606.089965) can0 18FF1085#000000031E01001E
(946688606.089965) can0 400#3D3F2D742D720000
(946688606.089965) can0 401#0067000000000000
(946688606.099965) can0 18FF01EA#2400A7062400A706
(946688606.099965) can0 18FF02EA#2400A0062400A006
(946688606.119965) can0 18FF01EA#2300A1062300A106
(946688606.119965) can0 18FF02EA#2500910625009106
(946688606.119965) can0 18FF1085#000000031E01001E
(946688606.119965) can0 400#3D3B2E6F2D6D0000
(946688606.119965) can0 401#0067000000000000
(946688606.139965) can0 18FF01EA#2300AA062300AA06
(946688606.139965) can0 18FF02EA#2200B4062200B406
(946688606.149965) can0 18FF1085#000000031E01001E
(946688606.149965) can0 400#3F3F2D732D6E0000
(946688606.149965) can0 401#0066000000000000
(946688606.159965) can0 18FF01EA#2500B2062500B206
(946688606.159965) can0 18FF02EA#24009B0624009B06
(946688606.159965) can0 19B30007#00005E20AB9A0000
(946688606.159965) can0 19B30100#D6D6D6D6D6D6D6D6
(946688606.179965) can0 18FF01EA#2300B0062300B006
(946688606.179965) can0 18FF02EA#2500A5062500A506
(946688606.179965) can0 18FF1085#000000031E01001E
(946688606.179965) can0 400#3E3F2E702D750000
(946688606.179965) can0 401#0067000000000000
(946688606.199965) can0 18FF01EA#2400B0062400B006
(946688606.199965) can0 18FF02EA#24009D0624009D06
(946688606.209965) can0 18FF1085#000000031E01001E
(946688606.209965) can0 400#3F3D2E742D720000
(946688606.209965) can0 401#0067000000000000
(946688606.219965) can0 18FF01EA#22009E0622009E06
(946688606.219965) can0 18FF02EA#2200A0062200A006
(946688606.239964) can0 18FF01EA#2500AA062500AA06
(946688606.239964) can0 18FF02EA#2500970625009706
(946688606.239964) can0 18FF1085#000000031E01001E
(946688606.239964) can0 400#3F3C2E702E750000
(946688606.239964) can0 401#0068000000000000
(946688606.259964) can0 18FF01EA#2400980624009806
(946688606.259964) can0 18FF02EA#2200930622009306
(946688606.269964) can0 18FF1085#000000031E01001E
(946688606.269964) can0 400#3C3F2D722E6F0000
(946688606.269964) can0 401#0167000000000000
(946688606.269964) can0 19B30007#00005E20AB9A0000
(946688606.269964) can0 19B30100#D6D6D6D6D6D6D6D6
(946688606.279964) can0 18FF01EA#2200950622009506
(946688606.279964) can0 18FF02EA#22009B0622009B06
(946688606.299964) can0 18FF01EA#2400B5062400B506
(946688606.299964) can0 18FF02EA#2400930624009306
(946688606.299964) can0 18FF1085#000000031E01001E
(946688606.299964) can0 400#3D3D2E732D740000
(946688606.299964) can0 401#0067000000000000
(946688606.319964) can0 18FF01EA#2500AC062500AC06
(946688606.319964) can0 18FF02EA#2400900624009006
(946688606.329964) can0 18FF1085#000000031E01001E
(946688606.329964) can0 400#3D3E2D702E6F0000
(946688606.329964) can0 401#0067000000000000
(946688606.339964) can0 18FF01EA#2400940624009406
(946688606.339964) can0 18FF02EA#2300B1062300B106
(946688606.359964) can0 18FF01EA#2500990625009906
(946688606.359964) can0 18FF02EA#2300950623009506
(946688606.359964) can0 18FF1085#000000031E01001E
(946688606.359964) can0 400#3C3C2C712D710000
(946688606.359964) can0 401#0067000000000000
(946688606.379964) can0 18FF01EA#2200A4062200A406
(946688606.379964) can0 18FF02EA#24008E0624008E06
(946688606.379964) can0 19B30007#00005E20AB9A0000
(946688606.379964) can0 19B30100#D6D6D6D6D6D6D6D6
(946688606.389964) can0 18FF1085#000000031E01001E
(946688606.389964) can0 400#3C3D2E6B2D6B0000
(946688606.389964) can0 401#0067000000000000
(946688606.399964) can0 18FF01EA#23009E0623009E06
(946688606.399964) can0 18FF02EA#2300990623009906
(946688606.419964) can0 18FF01EA#2500A0062500A006
(946688606.419964) can0 18FF02EA#2500AF062500AF06
(946688606.419964) can0 18FF1085#000000031E01001E
(946688606.419964) can0 400#3C3E2E6C2D700000
(946688606.419964) can0 401#0168000000000000
(946688606.439964) can0 18FF01EA#2300930623009306
(946688606.439964) can0 18FF02EA#2500A7062500A706
(946688606.449964) can0 18FF1085#000000031E01001E
(946688606.449964) can0 400#3C3F2E6C2D6F0000
(946688606.449964) can0 401#0067000000000000
(946688606.459964) can0 18FF01EA#2200B0062200B006
(946688606.459964) can0 18FF02EA#2300A7062300A706
(946688606.479964) can0 18FF01EA#2300950623009506
(946688606.479964) can0 18FF02EA#2400A9062400A906
(946688606.479964) can0 18FF1085#000000031E01001E
(946688606.479964) can0 400#3F3D2D6F2D740000
(946688606.479964) can0 401#0067000000000000
(946688606.489964) can0 19B30007#00005E20AB9A0000
(946688606.489964) can0 19B30100#D6D6D6D6D6D6D6D6
(946688606.499964) can0 18FF01EA#2200900622009006
(946688606.499964) can0 18FF02EA#2400990624009906
(946688606.509964) can0 18FF1085#000000031E01001E
(946688606.509964) can0 400#3C3C2E6D2E700000
(946688606.509964) can0 401#0168000000000000
(946688606.519964) can0 18FF01EA#2400980624009806
(946688606.519964) can0 18FF02EA#2200AC062200AC06
(946688606.539964) can0 18FF01EA#2300950623009506
(946688606.539964) can0 18FF02EA#23009F0623009F06
(946688606.539964) can0 18FF1085#000000031E01001E
(946688606.539964) can0 400#3D3F2D6D2C6D0000
(946688606.539964) can0 401#0068000000000000
(946688606.559964) can0 18FF01EA#2300AF062300AF06
(946688606.559964) can0 18FF02EA#25008E0625008E06
(946688606.569964) can0 18FF1085#000000031E01001E
(946688606.569964) can0 400#3F3C2E722D6D0000
(946688606.569964) can0 401#0168000000000000
(946688606.579964) can0 18FF01EA#2400AB062400AB06
(946688606.579964) can0 18FF02EA#2500B1062500B106
(946688606.599964) can0 18FF01EA#2500A0062500A006
(946688606.599964) can0 18FF02EA#2500920625009206
(946688606.599964) can0 18FF1085#000000031E01001E
(946688606.599964) can0 400#3E3E2D6E2E6C0000
(946688606.599964) can0 401#0067000000000000
(946688606.599964) can0 19B30007#00005E20AB9A0000
(946688606.599964) can0 19B30100#D6D6D6D6D6D6D6D6
(946688606.619964) can0 18FF01EA#2300A4062300A406
(946688606.619964) can0 18FF02EA#2400B4062400B406
(946688606.629964) can0 18FF1085#000000031E01001E
(946688606.629964) can0 400#3C3E2D732D740000
(946688606.629964) can0 401#0068000000000000
(946688606.639964) can0 18FF01EA#2400B4062400B406
(946688606.639964) can0 18FF02EA#2500AE062500AE06
(946688606.659964) can0 18FF01EA#2200A4062200A406
(946688606.659964) can0 18FF02EA#23008F0623008F06
(946688606.659964) can0 18FF1085#000000031E01001E
(946688606.659964) can0 400#3D3E2D702E6D0000
(946688606.659964) can0 401#0067000000000000
(946688606.679964) can0 18FF01EA#2300B5062300B506
(946688606.679964) can0 18FF02EA#25009E0625009E06
(946688606.689964) can0 18FF1085#000000031E01001E
(946688606.689964) can0 400#3F3C2E712E6C0000
(946688606.689964) can0 401#0167000000000000
(946688606.699964) can0 18FF01EA#2400AC062400AC06
(946688606.699964) can0 18FF02EA#2300A4062300A406
(946688606.709964) can0 19B30007#00005E20AB9A0000
(946688606.709964) can0 19B30100#D6D6D6D6D6D6D6D6
(946688606.719964) can0 18FF01EA#2500A0062500A006
(946688606.719964) can0 18FF02EA#2200B1062200B106
(946688606.719964) can0 18FF1085#000000031E01001E
(946688606.719964) can0 400#3C3E2E742D710000
(946688606.719964) can0 401#0067000000000000
(946688606.739964) can0 18FF01EA#2500940625009406
(946688606.739964) can0 18FF02EA#2300950623009506
(946688606.749964) can0 18FF1085#000000031E01001E
(946688606.749964) can0 400#3D3E2D732D720000
(946688606.749964) can0 401#0067000000000000
(946688606.759964) can0 18FF01EA#22009F0622009F06
(946688606.759964) can0 18FF02EA#2200AF062200AF06
(946688606.779964) can0 18FF01EA#22008F0622008F06
(946688606.779964) can0 18FF02EA#24008E0624008E06
(946688606.779964) can0 18FF1085#000000031E01001E
(946688606.779964) can0 400#3C3C2E6D2E6D0000
(946688606.779964) can0 401#0167000000000000
(946688606.799964) can0 18FF01EA#24009C0624009C06
(946688606.799964) can0 18FF02EA#22009C0622009C06
(946688606.809964) can0 18FF1085#000000031E01001E
(946688606.809964) can0 400#3D3E2D6C2E730000
(946688606.809964) can0 401#0068000000000000
(946688606.819964) can0 18FF01EA#2300AB062300AB06
(946688606.819964) can0 18FF02EA#2300A1062300A106
(946688606.819964) can0 19B30007#00005E20AB9A0000
(946688606.819964) can0 19B30100#D6D6D6D6D6D6D6D6
(946688606.839964) can0 18FF01EA#24009E0624009E06
(946688606.839964) can0 18FF02EA#2300AC062300AC06
(946688606.839964) can0 18FF1085#000000031E01001E
(946688606.839964) can0 400#3B3F2D732D6B0000
(946688606.839964) can0 401#0068000000000000
(946688606.859964) can0 18FF01EA#2200A0062200A006
(946688606.859964) can0 18FF02EA#2300AA062300AA06
(946688606.869964) can0 18FF1085#000000031E01001E
(946688606.869964) can0 400#3F3D2E6D2E6E0000
(946688606.869964) can0 401#0067000000000000
(946688606.879964) can0 18FF01EA#24009F0624009F06
(946688606.879964) can0 18FF02EA#24009C0624009C06
(946688606.899964) can0 18FF01EA#2400B2062400B206
(946688606.899964) can0 18FF02EA#2300B5062300B506
(946688606.899964) can0 18FF1085#000000031E01001E
(946688606.899964) can0 400#3C3D2D732D6F0000
(946688606.899964) can0 401#0068000000000000
(946688606.919964) can0 18FF01EA#23009A0623009A06
(946688606.919964) can0 18FF02EA#2500A2062500A206
(946688606.929964) can0 18FF1085#000000031E01001E
(946688606.929964) can0 400#3D3E2E752E710000
(946688606.929964) can0 401#0068000000000000
(946688606.929964) can0 19B30007#00005E20AB9A0000
(946688606.929964) can0 19B30100#D6D6D6D6D6D6D6D6
(946688606.939964) can0 18FF01EA#2500A9062500A906
(946688606.939964) can0 18FF02EA#2500950625009506
(946688606.959964) can0 18FF01EA#2400A8062400A806
(946688606.959964) can0 18FF02EA#2400AB062400AB06
(946688606.959964) can0 18FF1085#000000031E01001E
(946688606.959964) can0 400#3F3D2D722D6F0000
(946688606.959964) can0 401#0167000000000000
(946688606.979964) can0 18FF01EA#25009A0625009A06
(946688606.979964) can0 18FF02EA#2300A2062300A206
(946688606.989964) can0 18FF1085#000000031E01001E
(946688606.989964) can0 400#3D3D2E702E6B0000
(946688606.989964) can0 401#0068000000000000
(946688606.999964) can0 18FF01EA#2500AE062500AE06
(946688606.999964) can0 18FF02EA#23009E0623009E06
(946688607.019964) can0 18FF01EA#24009D0624009D06
(946688607.019964) can0 18FF02EA#2400910624009106
(946688607.019964) can0 18FF1085#000000031E01001E
(946688607.019964) can0 400#3C3D2E6D2E720000
(946688607.019964) can0 401#0067000000000000
(946688607.039964) can0 18FF01EA#24009C0624009C06
(946688607.039964) can0 18FF02EA#2500A0062500A006
(946688607.039964) can0 19B30007#00005E20AB9A0000
(946688607.039964) can0 19B30100#D6D6D6D6D6D6D6D6
(946688607.049964) can0 18FF1085#000000031E01001E
(946688607.049964) can0 400#3D3D2D702D750000
(946688607.049964) can0 401#0068000000000000
(946688607.059964) can0 18FF01EA#2400950624009506
(946688607.059964) can0 18FF02EA#2300B2062300B206
(946688607.079964) can0 18FF01EA#23009C0623009C06
(946688607.079964) can0 18FF02EA#2300AE062300AE06
(946688607.079964) can0 18FF1085#000000031E01001E
(946688607.079964) can0 400#3F3E2D6C2D6C0000
(946688607.079964) can0 401#0067000000000000
(946688607.099964) can0 18FF01EA#2500990625009906
(946688607.099964) can0 18FF02EA#23008E0623008E06
(946688607.109964) can0 18FF1085#000000031E01001E
(946688607.109964) can0 400#3F3D2D712D710000
(946688607.109964) can0 401#0067000000000000
(946688607.119964) can0 18FF01EA#2300980623009806
(946688607.119964) can0 18FF02EA#23008F0623008F06
(946688607.139964) can0 18FF01EA#2500A0062500A006
(946688607.139964) can0 18FF02EA#22009F0622009F06
(946688607.139964) can0 18FF1085#000000031E01001E
(946688607.139964) can0 400#3C3C2D732D720000
(946688607.139964) can0 401#0068000000000000
(946688607.149964) can0 19B30007#00005E20AB9A0000
(946688607.149964) can0 19B30100#D6D6D6D6D6D6D6D6
(946688607.159964) can0 18FF01EA#2400940624009406
(946688607.159964) can0 18FF02EA#2400A4062400A406
(946688607.169964) can0 18FF1085#000000031E01001E
(946688607.169964) can0 400#3C3C2E6B2D720000
(946688607.169964) can0 401#0167000000000000
(946688607.179964) can0 18FF01EA#25009F0625009F06
(946688607.179964) can0 18FF02EA#25008E0625008E06
(946688607.199964) can0 18FF01EA#22008F0622008F06
(946688607.199964) can0 18FF02EA#25009D0625009D06
(946688607.199964) can0 18FF1085#000000031E01001E
(946688607.199964) can0 400#3C3D2D6E2E700000
(946688607.199964) can0 401#0067000000000000
(946688607.219964) can0 18FF01EA#2400B5062400B506
(946688607.219964) can0 18FF02EA#2500B0062500B006
(946688607.229964) can0 18FF1085#000000031E01001E
(946688607.229964) can0 400#3C3C2D712E740000
(946688607.229964) can0 401#0066000000000000
(946688607.239964) can0 18FF01EA#2400B4062400B406
(946688607.239964) can0 18FF02EA#22009F0622009F06
(946688607.259964) can0 18FF01EA#2400AD062400AD06
(946688607.259964) can0 18FF02EA#2200A7062200A706
(946688607.259964) can0 18FF1085#000000031E01001E
(946688607.259964) can0 400#3F3D2D732E700000
(946688607.259964) can0 401#0168000000000000
(946688607.259964) can0 19B30007#00005E20AB9A0000
(946688607.259964) can0 19B30100#D6D6D6D6D6D6D6D6
(946688607.279963) can0 18FF01EA#2400990624009906
(946688607.279963) can0 18FF02EA#2400AE062400AE06
(946688607.289963) can0 18FF1085#000000031E01001E
(946688607.289963) can0 400#3E3D2E732D720000
(946688607.289963) can0 401#0167000000000000
(946688607.299963) can0 18FF01EA#2500940625009406
(946688607.299963) can0 18FF02EA#2500930625009306
(946688607.319963) can0 18FF01EA#2500B5062500B506
(946688607.319963) can0 18FF02EA#2300AC062300AC06
(946688607.319963) can0 18FF1085#000000031E01001E
(946688607.319963) can0 400#3E3E2D732D710000
(946688607.319963) can0 401#0068000000000000
(946688607.339963) can0 18FF01EA#2200B4062200B406
(946688607.339963) can0 18FF02EA#2300B4062300B406
(946688607.349963) can0 18FF1085#000000031E01001E
(946688607.349963) can0 400#3C3E2E732D730000
(946688607.349963) can0 401#0167000000000000
(946688607.359963) can0 18FF01EA#23009F0623009F06
(946688607.359963) can0 18FF02EA#2200990622009906
(946688607.369963) can0 19B30007#00005E20AB9A0000
(946688607.369963) can0 19B30100#D6D6D6D6D6D6D6D6
(946688607.379963) can0 18FF01EA#2500970625009706
(946688607.379963) can0 18FF02EA#2400AC062400AC06
(946688607.379963) can0 18FF1085#000000031E01001E
(946688607.379963) can0 400#3C3D2D6F2E6D0000
(946688607.379963) can0 401#0168000000000000
(946688607.399963) can0 18FF01EA#2500920625009206
(946688607.399963) can0 18FF02EA#2400980624009806
(946688607.409963) can0 18FF1085#000000031E01001E
(946688607.409963) can0 400#3E3F2D6F2D710000
(946688607.409963) can0 401#0068000000000000
(946688607.419963) can0 18FF01EA#25009A0625009A06
(946688607.419963) can0 18FF02EA#2300A5062300A506
(946688607.439963) can0 18FF01EA#2200A8062200A806
(946688607.439963) can0 18FF02EA#2500B4062500B406
(946688607.439963) can0 18FF1085#000000031E01001E
(946688607.439963) can0 400#3D3D2D6B2D6E0000
(946688607.439963) can0 401#0067000000000000
(946688607.459963) can0 18FF01EA#2400990624009906
(946688607.459963) can0 18FF02EA#2400AF062400AF06
(946688607.469963) can0 18FF1085#000000031E01001E
(946688607.469963) can0 400#3B3D2E6E2E6E0000
(946688607.469963) can0 401#0168000000000000
(946688607.479963) can0 18FF01EA#2400AA062400AA06
(946688607.479963) can0 18FF02EA#2500AA062500AA06
(946688607.479963) can0 19B30007#00005E20AB9A0000
(946688607.479963) can0 19B30100#D6D6D6D6D6D6D6D6
(946688607.499963) can0 18FF01EA#24009C0624009C06
(946688607.499963) can0 18FF02EA#2500AF062500AF06
(946688607.499963) can0 18FF1085#000000031E01001E
(946688607.499963) can0 400#3E3C2E722E700000
(946688607.499963) can0 401#0068000000000000
(946688607.519963) can0 18FF01EA#2500A2062500A206
(946688607.519963) can0 18FF02EA#2200A3062200A306
(946688607.529963) can0 18FF1085#000000031E01001E
(946688607.529963) can0 400#3B3F2E6F2E6F0000
(946688607.529963) can0 401#0068000000000000
(946688607.539963) can0 18FF01EA#22008F0622008F06
(946688607.539963) can0 18FF02EA#23009F0623009F06
(946688607.559963) can0 18FF01EA#2400A8062400A806
(946688607.559963) can0 18FF02EA#2200A2062200A206
(946688607.559963) can0 18FF1085#000000031E01001E
(946688607.559963) can0 400#3F3D2E6E2E6D0000
(946688607.559963) can0 401#0168000000000000
(946688607.579963) can0 18FF01EA#2300A0062300A006
(946688607.579963) can0 18FF02EA#2400B5062400B506
(946688607.589963) can0 18FF1085#000000031E01001E
(946688607.589963) can0 400#3B3C2E6D2E720000
(946688607.589963) can0 401#0067000000000000
(946688607.589963) can0 19B30007#00005E20AB9A0000
(946688607.589963) can0 19B30100#D6D6D6D6D6D6D6D6
(946688607.599963) can0 18FF01EA#22009F0622009F06
(946688607.599963) can0 18FF02EA#2500AF062500AF06
(946688607.619963) can0 18FF01EA#2300910623009106
(946688607.619963) can0 18FF02EA#2400A2062400A206
(946688607.619963) can0 18FF1085#000000031E01001E
(946688607.619963) can0 400#3D3E2E6D2D700000
(946688607.619963) can0 401#0068000000000000
(946688607.639963) can0 18FF01EA#2500A4062500A406
(946688607.639963) can0 18FF02EA#2300B4062300B406
(946688607.649963) can0 18FF1085#000000031E01001E
(946688607.649963) can0 400#3C3D2E712D6F0000
(946688607.649963) can0 401#0067000000000000
(946688607.659963) can0 18FF01EA#2200B2062200B206
(946688607.659963) can0 18FF02EA#2500940625009406
(946688607.679963) can0 18FF01EA#2200A9062200A906
(946688607.679963) can0 18FF02EA#22008F0622008F06
(946688607.679963) can0 18FF1085#000000031E01001E
(946688607.679963) can0 400#3C3C2E702D720000
(946688607.679963) can0 401#0066000000000000
(946688607.699963) can0 18FF01EA#25009A0625009A06
(946688607.699963) can0 18FF02EA#2200A2062200A206
(946688607.699963) can0 19B30007#00005E20AB9A0000
(946688607.699963) can0 19B30100#D6D6D6D6D6D6D6D6
(946688607.709963) can0 18FF1085#000000031E01001E
(946688607.709963) can0 400#3D3E2D752E740000
(946688607.709963) can0 401#0068000000000000
(946688607.719963) can0 18FF01EA#2200AE062200AE06
(946688607.719963) can0 18FF02EA#2300B1062300B106
(946688607.739963) can0 18FF01EA#2500B5062500B506
(946688607.739963) can0 18FF02EA#2300990623009906
(946688607.739963) can0 18FF1085#000000031E01001E
(946688607.739963) can0 400#3E3F2E6B2D730000
(946688607.739963) can0 401#0066000000000000
(946688607.759963) can0 18FF01EA#2200A1062200A106
(946688607.759963) can0 18FF02EA#24008F0624008F06
(946688607.769963) can0 18FF1085#000000031E01001E
(946688607.769963) can0 400#3F3B2E722D730000
(946688607.769963) can0 401#0068000000000000
(946688607.779963) can0 18FF01EA#23009E0623009E06
(946688607.779963) can0 18FF02EA#2400A9062400A906
(946688607.799963) can0 18FF01EA#25009A0625009A06
(946688607.799963) can0 18FF02EA#22009B0622009B06
(946688607.799963) can0 18FF1085#000000031E01001E
(946688607.799963) can0 400#3D3D2D712D6C0000
(946688607.799963) can0 401#0067000000000000
(946688607.809963) can0 19B30007#00005E20AB9A0000
(946688607.809963) can0 19B30100#D6D6D6D6D6D6D6D6
(946688607.819963) can0 18FF01EA#2400A4062400A406
(946688607.819963) can0 18FF02EA#2300A0062300A006
(946688607.829963) can0 18FF1085#000000031E01001E
(946688607.829963) can0 400#3E3F2F6E2E6B0000
(946688607.829963) can0 401#0068000000000000
(946688607.839963) can0 18FF01EA#25008F0625008F06
(946688607.839963) can0 18FF02EA#2500970625009706
(946688607.859963) can0 18FF01EA#2500AA062500AA06
(946688607.859963) can0 18FF02EA#2300A5062300A506
(946688607.859963) can0 18FF1085#000000031E01001E
(946688607.859963) can0 400#3C3F2D742D6F0000
(946688607.859963) can0 401#0066000000000000
(946688607.879963) can0 18FF01EA#2400B5062400B506
(946688607.879963) can0 18FF02EA#2500AD062500AD06
(946688607.889963) can0 18FF1085#000000031E01001E
(946688607.889963) can0 400#3E3E2D722E700000
(946688607.889963) can0 401#0067000000000000
(946688607.899963) can0 18FF01EA#2500AE062500AE06
(946688607.899963) can0 18FF02EA#2400930624009306
(946688607.919963) can0 18FF01EA#2400920624009206
(946688607.919963) can0 18FF02EA#2400AD062400AD06
(946688607.919963) can0 18FF1085#000000031E01001E
(946688607.919963) can0 400#3E3F2E6B2D6E0000
(946688607.919963) can0 401#0067000000000000
(946688607.919963) can0 19B30007#00005E20AB9A0000
(946688607.919963) can0 19B30100#D6D6D6D6D6D6D6D6
(946688607.939963) can0 18FF01EA#2300A1062300A106
(946688607.939963) can0 18FF02EA#2300A6062300A606
(946688607.949963) can0 18FF1085#000000031E01001E
(946688607.949963) can0 400#3C3E2D6E2E720000
(946688607.949963) can0 401#0167000000000000
(946688607.959963) can0 18FF01EA#2200A3062200A306
(946688607.959963) can0 18FF02EA#2200A9062200A906
(946688607.979963) can0 18FF01EA#2300B4062300B406
(946688607.979963) can0 18FF02EA#2300A3062300A306
(946688607.979963) can0 18FF1085#000000031E01001E
(946688607.979963) can0 400#3B3D2D6E2E6F0000
(946688607.979963) can0 401#0067000000000000
(946688607.999963) can0 18FF01EA#2200A3062200A306
(946688607.999963) can0 18FF02EA#2500B0062500B006
(946688608.009963) can0 18FF1085#000000031E01001E
(946688608.009963) can0 400#3F3D2E6B2E750000
(946688608.009963) can0 401#0068000000000000
(946688608.019963) can0 18FF01EA#22009C0622009C06
(946688608.019963) can0 18FF02EA#2300A2062300A206
(946688608.029963) can0 19B30007#00005E20AB9A0000
(946688608.029963) can0 19B30100#D6D6D6D6D6D6D6D6
(946688608.039963) can0 18FF01EA#2300A4062300A406
(946688608.039963) can0 18FF02EA#2200920622009206
(946688608.039963) can0 18FF1085#000000031E01001E
(946688608.039963) can0 400#3D3F2E6E2E6E0000
(946688608.039963) can0 401#0066000000000000
(946688608.059963) can0 18FF01EA#2200B0062200B006
(946688608.059963) can0 18FF02EA#2500B5062500B506
(946688608.069963) can0 18FF1085#000000031E01001E
(946688608.069963) can0 400#3C3C2D712D6E0000
(946688608.069963) can0 401#0168000000000000
(946688608.079963) can0 18FF01EA#2400940624009406
(946688608.079963) can0 18FF02EA#25009D0625009D06
(946688608.099963) can0 18FF01EA#2300960623009606
(946688608.099963) can0 18FF02EA#2500A0062500A006
(946688608.099963) can0 18FF1085#000000031E01001E
(946688608.099963) can0 400#3E3C2D702E6F0000
(946688608.099963) can0 401#0067000000000000
(946688608.119963) can0 18FF01EA#22008F0622008F06
(946688608.119963) can0 18FF02EA#2500A0062500A006
(946688608.129963) can0 18FF1085#000000031E01001E
(946688608.129963) can0 400#3F3E2D702D6F0000
(946688608.129963) can0 401#0067000000000000
(946688608.139963) can0 18FF01EA#2400B1062400B106
(946688608.139963) can0 18FF02EA#2500AA062500AA06
(946688608.139963) can0 19B30007#00005E20AB9A0000
(946688608.139963) can0 19B30100#D6D6D6D6D6D6D6D6
(946688608.159963) can0 18FF01EA#24008E0624008E06
(946688608.159963) can0 18FF02EA#2200B4062200B406
(946688608.159963) can0 18FF1085#000000031E01001E
(946688608.159963) can0 400#3E3B2E6D2E6C0000
(946688608.159963) can0 401#0067000000000000
(946688608.179963) can0 18FF01EA#23009D0623009D06
(946688608.179963) can0 18FF02EA#2300A5062300A506
(946688608.189963) can0 18FF1085#000000031E01001E
(946688608.189963) can0 400#3C3E2E6F2E750000
(946688608.189963) can0 401#0068000000000000
(946688608.199963) can0 18FF01EA#2200900622009006
(946688608.199963) can0 18FF02EA#2500AE062500AE06
(946688608.219963) can0 18FF01EA#24008E0624008E06
(946688608.219963) can0 18FF02EA#2200900622009006
(946688608.219963) can0 18FF1085#000000031E01001E
(946688608.219963) can0 400#3B3D2E6C2F6C0000
(946688608.219963) can0 401#0068000000000000
(946688608.239963) can0 18FF01EA#22009B0622009B06
(946688608.239963) can0 18FF02EA#2400B1062400B106
(946688608.249963) can0 18FF1085#000000031E01001E
(946688608.249963) can0 400#3C3E2E6B2E710000
(946688608.249963) can0 401#0067000000000000
(946688608.249963) can0 19B30007#00005E20AB9A0000
(946688608.249963) can0 19B30100#D6D6D6D6D6D6D6D6
(946688608.259963) can0 18FF01EA#2200970622009706
(946688608.259963) can0 18FF02EA#2300A8062300A806
(946688608.279963) can0 18FF01EA#2500A9062500A906
(946688608.279963) can0 18FF02EA#2400A9062400A906
(946688608.279963) can0 18FF1085#000000031E01001E
(946688608.279963) can0 400#3C3F2E712D750000
(946688608.279963) can0 401#0168000000000000
(946688608.299963) can0 18FF01EA#2400A4062400A406
(946688608.299963) can0 18FF02EA#2200AC062200AC06
(946688608.309963) can0 18FF1085#000000031E01001E
(946688608.309963) can0 400#3C3F2E6B2E6C0000
(946688608.309963) can0 401#0067000000000000
(946688608.319963) can0 18FF01EA#2500980625009806
(946688608.319963) can0 18FF02EA#2400940624009406
(946688608.339962) can0 18FF01EA#2400A6062400A606
(946688608.339962) can0 18FF02EA#25009A0625009A06
(946688608.339962) can0 18FF1085#000000031E01001E
(946688608.339962) can0 400#3D3C2E722D6B0000
(946688608.339962) can0 401#0068000000000000
(946688608.359962) can0 18FF01EA#2200B0062200B006
(946688608.359962) can0 18FF02EA#2300AF062300AF06
(946688608.359962) can0 19B30007#00005E20AB9A0000
(946688608.359962) can0 19B30100#D6D6D6D6D6D6D6D6
(946688608.369962) can0 18FF1085#000000031E01001E
(946688608.369962) can0 400#3D3E2F6D2E720000
(946688608.369962) can0 401#0068000000000000
(946688608.379962) can0 18FF01EA#2500930625009306
(946688608.379962) can0 18FF02EA#2300A1062300A106
(946688608.399962) can0 18FF01EA#2300940623009406
(946688608.399962) can0 18FF02EA#2400940624009406
(946688608.399962) can0 18FF1085#000000031E01001E
(946688608.399962) can0 400#3C3C2D722D720000
(946688608.399962) can0 401#0067000000000000
(946688608.419962) can0 18FF01EA#2500970625009706
(946688608.419962) can0 18FF02EA#2200B1062200B106
(946688608.429962) can0 18FF1085#000000031E01001E
(946688608.429962) can0 400#3B3C2E742D6E0000
(946688608.429962) can0 401#0167000000000000
(946688608.439962) can0 18FF01EA#25009A0625009A06
(946688608.439962) can0 18FF02EA#25009B0625009B06
(946688608.459962) can0 18FF01EA#25009D0625009D06
(946688608.459962) can0 18FF02EA#2200A6062200A606
(946688608.459962) can0 18FF1085#000000031E01001E
(946688608.459962) can0 400#3D3C2E752E710000
(946688608.459962) can0 401#0068000000000000
(946688608.469962) can0 19B30007#00005E20AB9A0000
(946688608.469962) can0 19B30100#D6D6D6D6D6D6D6D6
(946688608.479962) can0 18FF01EA#2400A5062400A506
(946688608.479962) can0 18FF02EA#2200B2062200B206
(946688608.489962) can0 18FF1085#000000031E01001E
(946688608.489962) can0 400#3C3F2D722D700000
(946688608.489962) can0 401#0068000000000000
(946688608.499962) can0 18FF01EA#2200AD062200AD06
(946688608.499962) can0 18FF02EA#2200A6062200A606
(946688608.519962) can0 18FF01EA#2400A3062400A306
(946688608.519962) can0 18FF02EA#2300930623009306
(946688608.519962) can0 18FF1085#000000031E01001E
(946688608.519962) can0 400#3D3C2E702D6F0000
(946688608.519962) can0 401#0068000000000000
(946688608.539962) can0 18FF01EA#24009F0624009F06
(946688608.539962) can0 18FF02EA#2300960623009606
(946688608.549962) can0 18FF1085#000000031E01001E
(946688608.549962) can0 400#3C3F2F6F2E6C0000
(946688608.549962) can0 401#0167000000000000
(946688608.559962) can0 18FF01EA#2200960622009606
(946688608.559962) can0 18FF02EA#2300AA062300AA06
(946688608.579962) can0 18FF01EA#2200AC062200AC06
(946688608.579962) can0 18FF02EA#2200A2062200A206
(946688608.579962) can0 18FF1085#000000031E01001E
(946688608.579962) can0 400#3C3E2D6C2D700000
(946688608.579962) can0 401#0068000000000000
(946688608.579962) can0 19B30007#00005E20AB9A0000
(946688608.579962) can0 19B30100#D6D6D6D6D6D6D6D6
(946688608.599962) can0 18FF01EA#24008E0624008E06
(946688608.599962) can0 18FF02EA#2500AA062500AA06
(946688608.609962) can0 18FF1085#000000031E01001E
(946688608.609962) can0 400#3D3C2E6B2E6D0000
(946688608.609962) can0 401#0067000000000000
(946688608.619962) can0 18FF01EA#2300A7062300A706
(946688608.619962) can0 18FF02EA#2300AB062300AB06
(946688608.639962) can0 18FF01EA#2500AC062500AC06
(946688608.639962) can0 18FF02EA#2200A3062200A306
(946688608.639962) can0 18FF1085#000000031E01001E
(946688608.639962) can0 400#3D3E2E6F2E6D0000
(946688608.639962) can0 401#0168000000000000
(946688608.659962) can0 18FF01EA#2300AA062300AA06
(946688608.659962) can0 18FF02EA#23009F0623009F06
(946688608.669962) can0 18FF1085#000000031E01001E
(946688608.669962) can0 400#3E3E2E712E6F0000
(946688608.669962) can0 401#0067000000000000
(946688608.679962) can0 18FF01EA#2500A1062500A106
(946688608.679962) can0 18FF02EA#2400A0062400A006
(946688608.689962) can0 19B30007#00005E20AB9A0000
(946688608.689962) can0 19B30100#D6D6D6D6D6D6D6D6
(946688608.699962) can0 18FF01EA#2400B3062400B306
(946688608.699962) can0 18FF02EA#2500B5062500B506
(946688608.699962) can0 18FF1085#000000031E01001E
(946688608.699962) can0 400#3C3D2D722E740000
(946688608.699962) can0 401#0166000000000000
(946688608.719962) can0 18FF01EA#2200A7062200A706
(946688608.719962) can0 18FF02EA#2200B5062200B506
(946688608.729962) can0 18FF1085#000000031E01001E
(946688608.729962) can0 400#3D3E2E6F2E730000
(946688608.729962) can0 401#0167000000000000
(946688608.739962) can0 18FF01EA#2200B4062200B406
(946688608.739962) can0 18FF02EA#2500A8062500A806
(946688608.759962) can0 18FF01EA#2200A1062200A106
(946688608.759962) can0 18FF02EA#2300A2062300A206
(946688608.759962) can0 18FF1085#000000031E01001E
(946688608.759962) can0 400#3E3C2D6E2E730000
(946688608.759962) can0 401#0068000000000000
(946688608.779962) can0 18FF01EA#2400AC062400AC06
(946688608.779962) can0 18FF02EA#2200B5062200B506
(946688608.789962) can0 18FF1085#000000031E01001E
(946688608.789962) can0 400#3F3C2D6D2E730000
(946688608.789962) can0 401#0068000000000000
(946688608.799962) can0 18FF01EA#2500AF062500AF06
(946688608.799962) can0 18FF02EA#2400B1062400B106
(946688608.799962) can0 19B30007#00005E20AB9A0000
(946688608.799962) can0 19B30100#D6D6D6D6D6D6D6D6
(946688608.819962) can0 18FF01EA#2500A9062500A906
(946688608.819962) can0 18FF02EA#25009B0625009B06
(946688608.819962) can0 18FF1085#000000031E01001E
(946688608.819962) can0 400#3D3C2F6D2F6B0000
(946688608.819962) can0 401#0167000000000000
(946688608.839962) can0 18FF01EA#2200900622009006
(946688608.839962) can0 18FF02EA#2500A0062500A006
(946688608.849962) can0 18FF1085#000000031E01001E
(946688608.849962) can0 400#3B3F2D752E710000
(946688608.849962) can0 401#0167000000000000
(946688608.859962) can0 18FF01EA#2300A3062300A306
(946688608.859962) can0 18FF02EA#2400940624009406
(946688608.879962) can0 18FF01EA#2400B0062400B006
(946688608.879962) can0 18FF02EA#2500B5062500B506
(946688608.879962) can0 18FF1085#000000031E01001E
(946688608.879962) can0 400#3C3C2E6D2F740000
(946688608.879962) can0 401#0068000000000000
(946688608.899962) can0 18FF01EA#2200A2062200A206
(946688608.899962) can0 18FF02EA#2300920623009206
(946688608.909962) can0 18FF1085#000000031E01001E
(946688608.909962) can0 400#3F3F2F6F2D740000
(946688608.909962) can0 401#0068000000000000
(946688608.909962) can0 19B30007#00005E20AB9A0000
(946688608.909962) can0 19B30100#D6D6D6D6D6D6D6D6
(946688608.919962) can0 18FF01EA#2400940624009406
(946688608.919962) can0 18FF02EA#2200B4062200B406
(946688608.939962) can0 18FF01EA#2400980624009806
(946688608.939962) can0 18FF02EA#2300A0062300A006
(946688608.939962) can0 18FF1085#000000031E01001E
(946688608.939962) can0 400#3C3D2D742D6D0000
(946688608.939962) can0 401#0168000000000000
(946688608.959962) can0 18FF01EA#2500AD062500AD06
(946688608.959962) can0 18FF02EA#2400940624009406
(946688608.969962) can0 18FF1085#000000031E01001E
(946688608.969962) can0 400#3C3C2E732F6B0000
(946688608.969962) can0 401#0067000000000000
(946688608.979962) can0 18FF01EA#2500AB062500AB06
(946688608.979962) can0 18FF02EA#2300A2062300A206
(946688608.999962) can0 18FF01EA#2500970625009706
(946688608.999962) can0 18FF02EA#2300A9062300A906
(946688608.999962) can0 18FF1085#000000031E01001E
(946688608.999962) can0 400#3C3D2F712D6B0000
(946688608.999962) can0 401#0067000000000000
(946688609.019962) can0 18FF01EA#1F00A1061F00A106
(946688609.019962) can0 18FF02EA#2000AB062000AB06
(946688609.019962) can0 19B30007#00005E20AC7C0000
(946688609.019962) can0 19B30100#D7D7D7D7D7D7D7D7
(946688609.029962) can0 18FF1085#0000010319010019
(946688609.029962) can0 400#3E3D2F6F2D6B0000
(946688609.029962) can0 401#216C000000000000
(946688609.039962) can0 18FF01EA#1C009D061C009D06
(946688609.039962) can0 18FF02EA#1E009F061E009F06
(946688609.059962) can0 18FF01EA#1900A4061900A406
(946688609.059962) can0 18FF02EA#1C00AE061C00AE06
(946688609.059962) can0 18FF1085#0000010316010016
(946688609.059962) can0 400#3C3B2E6E2D6D0000
(946688609.059962) can0 401#3D6F000000000000
(946688609.079962) can0 18FF01EA#18008C0618008C06
(946688609.079962) can0 18FF02EA#1800AA061800AA06
(946688609.089962) can0 18FF1085#0000010312010012
(946688609.089962) can0 400#3D3B2F722D6E0000
(946688609.089962) can0 401#4D71000000000000
(946688609.099962) can0 18FF01EA#1500910615009106
(946688609.099962) can0 18FF02EA#1300A5061300A506
(946688609.119962) can0 18FF01EA#1500A4061500A406
(946688609.119962) can0 18FF02EA#13009F0613009F06
(946688609.119962) can0 18FF1085#0000010310010010
(946688609.119962) can0 400#3C3B2E6B2E730000
(946688609.119962) can0 401#5F73000000000000
(946688609.129962) can0 19B30007#00005E20AC700000
(946688609.129962) can0 19B30100#D8D8D8D8D8D8D8D8
(946688609.139962) can0 18FF01EA#11009A0611009A06
(946688609.139962) can0 18FF02EA#1100980611009806
(946688609.149962) can0 18FF1085#000001030D01000D
(946688609.149962) can0 400#3B3C2E732E6C0000
(946688609.149962) can0 401#6A75000000000000
(946688609.159962) can0 18FF01EA#0E008A060E008A06
(946688609.159962) can0 18FF02EA#0F007F060F007F06
(946688609.179962) can0 18FF01EA#0E007D060E007D06
(946688609.179962) can0 18FF02EA#0C0079060C007906
(946688609.179962) can0 18FF1085#000001030B01000B
(946688609.179962) can0 400#3C3C2D742D740000
(946688609.179962) can0 401#7476000000000000
(946688609.199962) can0 18FF01EA#0E0081060E008106
(946688609.199962) can0 18FF02EA#0B0088060B008806
(946688609.209962) can0 18FF1085#000001030A01000A
(946688609.209962) can0 400#3C3B2E742D740000
(946688609.209962) can0 401#7A78000000000000
(946688609.219962) can0 18FF01EA#0A0075060A007506
(946688609.219962) can0 18FF02EA#0A007E060A007E06
(946688609.239962) can0 18FF01EA#0B0063060B006306
(946688609.239962) can0 18FF02EA#08007D0608007D06
(946688609.239962) can0 18FF1085#0000010308010008
(946688609.239962) can0 400#3C3C2E712D700000
(946688609.239962) can0 401#8379000000000000
(946688609.239962) can0 19B30007#00005E20AD6B0000
(946688609.239962) can0 19B30100#D8D8D8D8D8D8D8D8
(946688609.259962) can0 18FF01EA#0800630608006306
(946688609.259962) can0 18FF02EA#0900720609007206
(946688609.269962) can0 18FF1085#0000010307010007
(946688609.269962) can0 400#3D3A2F6E2F6D0000
(946688609.269962) can0 401#857A000000000000
(946688609.279962) can0 18FF01EA#0A0062060A006206
(946688609.279962) can0 18FF02EA#0700690607006906
(946688609.299962) can0 18FF01EA#09006B0609006B06
(946688609.299962) can0 18FF02EA#0600570606005706
(946688609.299962) can0 18FF1085#0000010306010006
(946688609.299962) can0 400#3A3B2E722D730000
(946688609.299962) can0 401#897B000000000000
(946688609.319962) can0 18FF01EA#0500570605005706
(946688609.319962) can0 18FF02EA#0700570607005706
(946688609.329962) can0 18FF1085#0000010305010005
(946688609.329962) can0 400#393B2E6E2E700000
(946688609.329962) can0 401#8B7B000000000000
(946688609.339962) can0 18FF01EA#06005D0606005D06
(946688609.339962) can0 18FF02EA#05003C0605003C06
(946688609.349962) can0 19B30007#00005E20AD690000
(946688609.349962) can0 19B30100#D8D8D8D8D8D8D8D8
(946688609.359962) can0 18FF01EA#0600560606005606
(946688609.359962) can0 18FF02EA#0600440606004406
(946688609.359962) can0 18FF1085#0000010304010004
(946688609.359962) can0 400#3A392D6C2D6B0000
(946688609.359962) can0 401#8F7D000000000000
(946688609.379961) can0 18FF01EA#0600470606004706
(946688609.379961) can0 18FF02EA#05002E0605002E06
(946688609.389961) can0 18FF1085#0000010304010004
(946688609.389961) can0 400#3B3A2F732D710000
(946688609.389961) can0 401#8F7D000000000000
(946688609.399961) can0 18FF01EA#03004C0603004C06
(946688609.399961) can0 18FF02EA#0300350603003506
(946688609.419961) can0 18FF01EA#05003F0605003F06
(946688609.419961) can0 18FF02EA#05001F0605001F06
(946688609.419961) can0 18FF1085#0000010303010003
(946688609.419961) can0 400#39372F6A2E6D0000
(946688609.419961) can0 401#917E000000000000
(946688609.439961) can0 18FF01EA#05003F0605003F06
(946688609.439961) can0 18FF02EA#01001A0601001A06
(946688609.449961) can0 18FF1085#0000010302010002
(946688609.449961) can0 400#37372D6D2E6D0000
(946688609.449961) can0 401#927C000000000000
(946688609.459961) can0 18FF01EA#0400370604003706
(946688609.459961) can0 18FF02EA#0200170602001706
(946688609.459961) can0 19B30007#00005E20AD680000
(946688609.459961) can0 19B30100#D8D8D8D8D8D8D8D8
(946688609.479961) can0 18FF01EA#0200130602001306
(946688609.479961) can0 18FF02EA#0400090604000906
(946688609.479961) can0 18FF1085#0000010302010002
(946688609.479961) can0 400#38372D722D710000
(946688609.479961) can0 401#937E000000000000
(946688609.499961) can0 18FF01EA#0100060601000606
(946688609.499961) can0 18FF02EA#0200020602000206
(946688609.509961) can0 18FF1085#0000010302010002
(946688609.509961) can0 400#37372F6C2D710000
(946688609.509961) can0 401#927E000000000000
(946688609.519961) can0 18FF01EA#00000C0600000C06
(946688609.519961) can0 18FF02EA#0400FE050400FE05
(946688609.539961) can0 18FF01EA#0400FC050400FC05
(946688609.539961) can0 18FF02EA#0200FA050200FA05
(946688609.539961) can0 18FF1085#0000010301010001
(946688609.539961) can0 400#37362F6A2E710000
(946688609.539961) can0 401#947D000000000000
(946688609.559961) can0 18FF01EA#0200FC050200FC05
(946688609.559961) can0 18FF02EA#0000F7050000F705
(946688609.569961) can0 18FF1085#0000010301010001
(946688609.569961) can0 400#36362E6C2E730000
(946688609.569961) can0 401#937F000000000000
(946688609.569961) can0 19B30007#00005E20AD680000
(946688609.569961) can0 19B30100#D8D8D8D8D8D8D8D8
(946688609.579961) can0 18FF01EA#0100FE050100FE05
(946688609.579961) can0 18FF02EA#0200F9050200F905
(946688609.599961) can0 18FF01EA#0300E8050300E805
(946688609.599961) can0 18FF02EA#0000F5050000F505
(946688609.599961) can0 18FF1085#0000010301010001
(946688609.599961) can0 400#35352E6F2D730000
(946688609.599961) can0 401#967D000000000000
(946688609.619961) can0 18FF01EA#0000DD050000DD05
(946688609.619961) can0 18FF02EA#0200F3050200F305
(946688609.629961) can0 18FF1085#0000010301010001
(946688609.629961) can0 400#36382F702E6F0000
(946688609.629961) can0 401#967F000000000000
(946688609.639961) can0 18FF01EA#0200E8050200E805
(946688609.639961) can0 18FF02EA#0000E2050000E205
(946688609.659961) can0 18FF01EA#0100E4050100E405
(946688609.659961) can0 18FF02EA#0000E5050000E505
(946688609.659961) can0 18FF1085#0000010301010001
(946688609.659961) can0 400#37362E6D2F6E0000
(946688609.659961) can0 401#937D000000000000
(946688609.679961) can0 18FF01EA#0000C0050000C005
(946688609.679961) can0 18FF02EA#0100CD050100CD05
(946688609.679961) can0 19B30007#00005E20AD680000
(946688609.679961) can0 19B30100#D8D8D8D8D8D8D8D8
(946688609.689961) can0 18FF1085#0000010300010000
(946688609.689961) can0 400#35372E722E6A0000
(946688609.689961) can0 401#957E000000000000
(946688609.699961) can0 18FF01EA#0000B9050000B905
(946688609.699961) can0 18FF02EA#0000BE050000BE05
(946688609.719961) can0 18FF01EA#0000C4050000C405
(946688609.719961) can0 18FF02EA#0200C7050200C705
(946688609.719961) can0 18FF1085#0000010300010000
(946688609.719961) can0 400#36362E6E2E690000
(946688609.719961) can0 401#957E000000000000
(946688609.739961) can0 18FF01EA#0000B9050000B905
(946688609.739961) can0 18FF02EA#0000B8050000B805
(946688609.749961) can0 18FF1085#0000010300010000
(946688609.749961) can0 400#34352D712E6E0000
(946688609.749961) can0 401#957D000000000000
(946688609.759961) can0 18FF01EA#0200BF050200BF05
(946688609.759961) can0 18FF02EA#0000C8050000C805
(946688609.779961) can0 18FF01EA#0100B6050100B605
(946688609.779961) can0 18FF02EA#0000A0050000A005
(946688609.779961) can0 18FF1085#0000010300010000
(946688609.779961) can0 400#35352D6B2D720000
(946688609.779961) can0 401#967F000000000000
(946688609.789961) can0 19B30007#00005E20AD680000
(946688609.789961) can0 19B30100#D8D8D8D8D8D8D8D8
(946688609.799961) can0 18FF01EA#0200B6050200B605
(946688609.799961) can0 18FF02EA#0000A0050000A005
(946688609.809961) can0 18FF1085#0000010300010000
(946688609.809961) can0 400#35352E6E2D6E0000
(946688609.809961) can0 401#947F000000000000
(946688609.819961) can0 18FF01EA#02008F0502008F05
(946688609.819961) can0 18FF02EA#0000AD050000AD05
(946688609.839961) can0 18FF01EA#0100A0050100A005
(946688609.839961) can0 18FF02EA#0100960501009605
(946688609.839961) can0 18FF1085#0000010300010000
(946688609.839961) can0 400#35322F6F2E6F0000
(946688609.839961) can0 401#947F000000000000
(946688609.859961) can0 18FF01EA#0100940501009405
(946688609.859961) can0 18FF02EA#02009B0502009B05
(946688609.869961) can0 18FF1085#0000010300010000
(946688609.869961) can0 400#34342E6F2F6A0000
(946688609.869961) can0 401#977E000000000000
(946688609.879961) can0 18FF01EA#01009E0501009E05
(946688609.879961) can0 18FF02EA#0100850501008505
(946688609.899961) can0 18FF01EA#0000820500008205
(946688609.899961) can0 18FF02EA#00007E0500007E05
(946688609.899961) can0 18FF1085#0000010300010000
(946688609.899961) can0 400#35322E702F700000
(946688609.899961) can0 401#947E000000000000
(946688609.899961) can0 19B30007#00005E20AD680000
(946688609.899961) can0 19B30100#D8D8D8D8D8D8D8D8
(946688609.919961) can0 18FF01EA#0100890501008905
(946688609.919961) can0 18FF02EA#0000830500008305
(946688609.929961) can0 18FF1085#0000010300010000
(946688609.929961) can0 400#34312F6A2D6C0000
(946688609.929961) can0 401#967E000000000000
(946688609.939961) can0 18FF01EA#0100750501007505
(946688609.939961) can0 18FF02EA#0000850500008505
(946688609.959961) can0 18FF01EA#0000600500006005
(946688609.959961) can0 18FF02EA#0100730501007305
(946688609.959961) can0 18FF1085#0000010300010000
(946688609.959961) can0 400#33342F722F690000
(946688609.959961) can0 401#967F000000000000
(946688609.979961) can0 18FF01EA#0000760500007605
(946688609.979961) can0 18FF02EA#0000610500006105
(946688609.989961) can0 18FF1085#0000010300010000
(946688609.989961) can0 400#33332F712D6A0000
(946688609.989961) can0 401#957F000000000000
(946688609.999961) can0 18FF01EA#FFFF6805FFFF6805
(946688609.999961) can0 18FF02EA#0000600500006005
(946688610.009961) can0 19B30007#00005E20AD680000
(946688610.009961) can0 19B30100#D8D8D8D8D8D8D8D8
(946688610.019961) can0 18FF01EA#0100570501005705
(946688610.019961) can0 18FF02EA#0000670500006705
(946688610.019961) can0 18FF1085#0000010300010000
(946688610.019961) can0 400#322F2E702D710000
(946688610.019961) can0 401#967E000000000000
(946688610.039961) can0 18FF01EA#00004C0500004C05
(946688610.039961) can0 18FF02EA#FFFF4B05FFFF4B05
(946688610.049961) can0 18FF1085#0000010300010000
(946688610.049961) can0 400#302F2D6B2E6B0000
(946688610.049961) can0 401#957E000000000000
(946688610.059961) can0 18FF01EA#FFFF4505FFFF4505
(946688610.059961) can0 18FF02EA#FFFF6005FFFF6005
(946688610.079961) can0 18FF01EA#00005D0500005D05
(946688610.079961) can0 18FF02EA#0000480500004805
(946688610.079961) can0 18FF1085#0000010300010000
(946688610.079961) can0 400#30322E6D2D6B0000
(946688610.079961) can0 401#947F000000000000
(946688610.099961) can0 18FF01EA#0100390501003905
(946688610.099961) can0 18FF02EA#FFFF4705FFFF4705
(946688610.109961) can0 18FF1085#0000010300010000
(946688610.109961) can0 400#32322E712E6F0000
(946688610.109961) can0 401#967E000000000000
(946688610.119961) can0 18FF01EA#00004C0500004C05
(946688610.119961) can0 18FF02EA#0000460500004605
(946688610.119961) can0 19B30007#00005E20AD680000
(946688610.119961) can0 19B30100#D8D8D8D8D8D8D8D8
(946688610.139961) can0 18FF01EA#00004B0500004B05
(946688610.139961) can0 18FF02EA#0100270501002705
(946688610.139961) can0 18FF1085#0000010300010000
(946688610.139961) can0 400#30312D6F2D6A0000
(946688610.139961) can0 401#947F000000000000
(946688610.159961) can0 18FF01EA#00002C0500002C05
(946688610.159961) can0 18FF02EA#0000260500002605
(946688610.169961) can0 18FF1085#0000010300010000
(946688610.169961) can0 400#30312D702F6A0000
(946688610.169961) can0 401#947E000000000000
(946688610.179961) can0 18FF01EA#FFFF3E05FFFF3E05
(946688610.179961) can0 18FF02EA#00002C0500002C05
(946688610.199961) can0 18FF01EA#FFFF3105FFFF3105
(946688610.199961) can0 18FF02EA#00002E0500002E05
(946688610.199961) can0 18FF1085#0000010300010000
(946688610.199961) can0 400#2D2E2E6D2F6F0000
(946688610.199961) can0 401#977F000000000000
(946688610.219961) can0 18FF01EA#0000200500002005
(946688610.219961) can0 18FF02EA#0000260500002605
(946688610.229961) can0 18FF1085#0000010300010000
(946688610.229961) can0 400#2E302D672D700000
(946688610.229961) can0 401#957F000000000000
(946688610.229961) can0 19B30007#00005E20AD680000
(946688610.229961) can0 19B30100#D8D8D8D8D8D8D8D8
(946688610.239961) can0 18FF01EA#FFFF0E05FFFF0E05
(946688610.239961) can0 18FF02EA#0000160500001605
(946688610.259961) can0 18FF01EA#0000210500002105
(946688610.259961) can0 18FF02EA#01001B0501001B05
(946688610.259961) can0 18FF1085#0000010300010000
(946688610.259961) can0 400#2F2D2D6E2E6C0000
(946688610.259961) can0 401#977E000000000000
(946688610.279961) can0 18FF01EA#00001E0500001E05
(946688610.279961) can0 18FF02EA#00000B0500000B05
(946688610.289961) can0 18FF1085#0000010300010000
(946688610.289961) can0 400#2E2D2D702D700000
(946688610.289961) can0 401#947F000000000000
(946688610.299961) can0 18FF01EA#0000FA040000FA04
(946688610.299961) can0 18FF02EA#0100FE040100FE04
(946688610.319961) can0 18FF01EA#0000080500000805
(946688610.319961) can0 18FF02EA#0000020500000205
(946688610.319961) can0 18FF1085#0000010300010000
(946688610.319961) can0 400#2E2F2D6C2F6F0000
(946688610.319961) can0 401#967E000000000000
(946688610.339961) can0 18FF01EA#0100F3040100F304
(946688610.339961) can0 18FF02EA#01000C0501000C05
(946688610.339961) can0 19B30007#00005E20AD680000
(946688610.339961) can0 19B30100#D8D8D8D8D8D8D8D8
(946688610.349961) can0 18FF1085#0000010300010000
(946688610.349961) can0 400#2D2D2D6C2E6D0000
(946688610.349961) can0 401#947F000000000000
(946688610.359961) can0 18FF01EA#0000FB040000FB04
(946688610.359961) can0 18FF02EA#0000030500000305
(946688610.379961) can0 18FF01EA#0000ED040000ED04
(946688610.379961) can0 18FF02EA#0000040500000405
(946688610.379961) can0 18FF1085#0000010300010000
(946688610.379961) can0 400#2D2C2E702F6E0000
(946688610.379961) can0 401#967E000000000000
(946688610.399961) can0 18FF01EA#0000ED040000ED04
(946688610.399961) can0 18FF02EA#0000DA040000DA04
(946688610.409961) can0 18FF1085#0000010300010000
(946688610.409961) can0 400#2E2F2E6B2E6A0000
(946688610.409961) can0 401#947E000000000000
(946688610.419960) can0 18FF01EA#0000FA040000FA04
(946688610.419960) can0 18FF02EA#FFFFDC04FFFFDC04
(946688610.439960) can0 18FF01EA#0000ED040000ED04
(946688610.439960) can0 18FF02EA#FFFFD104FFFFD104
(946688610.439960) can0 18FF1085#0000010300010000
(946688610.439960) can0 400#2E2D2D6E2D6F0000
(946688610.439960) can0 401#947F000000000000
(946688610.449960) can0 19B30007#00005E20AD680000
(946688610.449960) can0 19B30100#D8D8D8D8D8D8D8D8
(946688610.459960) can0 18FF01EA#0000EE040000EE04
(946688610.459960) can0 18FF02EA#0000D3040000D304
(946688610.469960) can0 18FF1085#0000010300010000
(946688610.469960) can0 400#2E2E2E692E6C0000
(946688610.469960) can0 401#947F000000000000
(946688610.479960) can0 18FF01EA#0100D7040100D704
(946688610.479960) can0 18FF02EA#0000CC040000CC04
(946688610.499960) can0 18FF01EA#FFFFCC04FFFFCC04
(946688610.499960) can0 18FF02EA#FFFFC104FFFFC104
(946688610.499960) can0 18FF1085#0000010300010000
(946688610.499960) can0 400#2C2D2F6B2F700000
(946688610.499960) can0 401#947F000000000000
(946688610.519960) can0 18FF01EA#0000DA040000DA04
(946688610.519960) can0 18FF02EA#0000D3040000D304
(946688610.529960) can0 18FF1085#0000010300010000
(946688610.529960) can0 400#2C2D2D6C2E700000
(946688610.529960) can0 401#947F000000000000
(946688610.539960) can0 18FF01EA#0000CE040000CE04
(946688610.539960) can0 18FF02EA#FFFFD304FFFFD304
(946688610.559960) can0 18FF01EA#0100CB040100CB04
(946688610.559960) can0 18FF02EA#0100B5040100B504
(946688610.559960) can0 18FF1085#0000010300010000
(946688610.559960) can0 400#2B2C2E6E2E6D0000
(946688610.559960) can0 401#957F000000000000
(946688610.559960) can0 19B30007#00005E20AD680000
(946688610.559960) can0 19B30100#D8D8D8D8D8D8D8D8
(946688610.579960) can0 18FF01EA#0000AB040000AB04
(946688610.579960) can0 18FF02EA#0100C6040100C604
(946688610.589960) can0 18FF1085#0000010300010000
(946688610.589960) can0 400#2C2B2F6E2F6A0000
(946688610.589960) can0 401#967F000000000000
(946688610.599960) can0 18FF01EA#FFFFC204FFFFC204
(946688610.599960) can0 18FF02EA#0000C1040000C104
(946688610.619960) can0 18FF01EA#0000C4040000C404
(946688610.619960) can0 18FF02EA#00009F0400009F04
(946688610.619960) can0 18FF1085#0000010300010000
(946688610.619960) can0 400#2B2B2D662D6C0000
(946688610.619960) can0 401#947E000000000000
(946688610.639960) can0 18FF01EA#0000BA040000BA04
(946688610.639960) can0 18FF02EA#FFFFBB04FFFFBB04
(946688610.649960) can0 18FF1085#0000010300010000
(946688610.649960) can0 400#2A292D672E6E0000
(946688610.649960) can0 401#957F000000000000
(946688610.659960) can0 18FF01EA#0000B4040000B404
(946688610.659960) can0 18FF02EA#0000B8040000B804
(946688610.669960) can0 19B30007#00005E20AD680000
(946688610.669960) can0 19B30100#D8D8D8D8D8D8D8D8
(946688610.679960) can0 18FF01EA#0100A0040100A004
(946688610.679960) can0 18FF02EA#0000A5040000A504
(946688610.679960) can0 18FF1085#0000010300010000
(946688610.679960) can0 400#292D2E6F2F6F0000
(946688610.679960) can0 401#947E000000000000
(946688610.699960) can0 18FF01EA#0100A7040100A704
(946688610.699960) can0 18FF02EA#0000940400009404
(946688610.709960) can0 18FF1085#0000010300010000
(946688610.709960) can0 400#2C2A2D6C2F6C0000
(946688610.709960) can0 401#957F000000000000
(946688610.719960) can0 18FF01EA#00008F0400008F04
(946688610.719960) can0 18FF02EA#FFFF8604FFFF8604
(946688610.739960) can0 18FF01EA#0000A4040000A404
(946688610.739960) can0 18FF02EA#0000800400008004
(946688610.739960) can0 18FF1085#0000010300010000
(946688610.739960) can0 400#2A292E672D680000
(946688610.739960) can0 401#977E000000000000
(946688610.759960) can0 18FF01EA#FFFF9F04FFFF9F04
(946688610.759960) can0 18FF02EA#00009F0400009F04
(946688610.769960) can0 18FF1085#0000010300010000
(946688610.769960) can0 400#2B2B2E682F690000
(946688610.769960) can0 401#977E000000000000
(946688610.779960) can0 18FF01EA#FFFF8704FFFF8704
(946688610.779960) can0 18FF02EA#0100810401008104
(946688610.779960) can0 19B30007#00005E20AD680000
(946688610.779960) can0 19B30100#D8D8D8D8D8D8D8D8
(946688610.799960) can0 18FF01EA#01008D0401008D04
(946688610.799960) can0 18FF02EA#00007A0400007A04
(946688610.799960) can0 18FF1085#0000010300010000
(946688610.799960) can0 400#2A282F6A2D680000
(946688610.799960) can0 401#977E000000000000
(946688610.819960) can0 18FF01EA#0000850400008504
(946688610.819960) can0 18FF02EA#00007B0400007B04
(946688610.829960) can0 18FF1085#0000010300010000
(946688610.829960) can0 400#2B2B2D6C2E6C0000
(946688610.829960) can0 401#967F000000000000
(946688610.839960) can0 18FF01EA#0000890400008904
(946688610.839960) can0 18FF02EA#FFFF6D04FFFF6D04
(946688610.859960) can0 18FF01EA#FFFF7E04FFFF7E04
(946688610.859960) can0 18FF02EA#00007A0400007A04
(946688610.859960) can0 18FF1085#0000010300010000
(946688610.859960) can0 400#2A282F702D6A0000
(946688610.859960) can0 401#957E000000000000
(946688610.879960) can0 18FF01EA#0000730400007304
(946688610.879960) can0 18FF02EA#01006F0401006F04
(946688610.889960) can0 18FF1085#0000010300010000
(946688610.889960) can0 400#272B2F6B2D6F0000
(946688610.889960) can0 401#957E000000000000
(946688610.889960) can0 19B30007#00005E20AD680000
(946688610.889960) can0 19B30100#D8D8D8D8D8D8D8D8
(946688610.899960) can0 18FF01EA#0000750400007504
(946688610.899960) can0 18FF02EA#FFFF6904FFFF6904
(946688610.919960) can0 18FF01EA#FFFF7504FFFF7504
(946688610.919960) can0 18FF02EA#00005C0400005C04
(946688610.919960) can0 18FF1085#0000010300010000
(946688610.919960) can0 400#27272E6C2D670000
(946688610.919960) can0 401#977F000000000000
(946688610.939960) can0 18FF01EA#FFFF6104FFFF6104
(946688610.939960) can0 18FF02EA#00006E0400006E04
(946688610.949960) can0 18FF1085#0000010300010000
(946688610.949960) can0 400#2A292D662F680000
(946688610.949960) can0 401#967E000000000000
(946688610.959960) can0 18FF01EA#0000520400005204
(946688610.959960) can0 18FF02EA#0000630400006304
(946688610.979960) can0 18FF01EA#FFFF6804FFFF6804
(946688610.979960) can0 18FF02EA#00005D0400005D04
(946688610.979960) can0 18FF1085#0000010300010000
(946688610.979960) can0 400#27272F672D6E0000
(946688610.979960) can0 401#947F000000000000
(946688610.999960) can0 18FF01EA#FFFF4804FFFF4804
(946688610.999960) can0 18FF02EA#00005D0400005D04
(946688610.999960) can0 19B30007#00005E20AD680000
(946688610.999960) can0 19B30100#D8D8D8D8D8D8D8D8
(946688611.009960) can0 18FF1085#0000010300010000
(946688611.009960) can0 400#29262D6D2D690000
(946688611.009960) can0 401#967E000000000000
(946688611.019960) can0 18FF01EA#FFFF5B04FFFF5B04
(946688611.019960) can0 18FF02EA#00005F0400005F04
(946688611.039960) can0 18FF01EA#0000490400004904
(946688611.039960) can0 18FF02EA#0000570400005704
(946688611.039960) can0 18FF1085#0000010300010000
(946688611.039960) can0 400#27282E652E6C0000
(946688611.039960) can0 401#947E000000000000
(946688611.059960) can0 18FF01EA#00004A0400004A04
(946688611.059960) can0 18FF02EA#00003C0400003C04
(946688611.069960) can0 18FF1085#0000010300010000
(946688611.069960) can0 400#28272E692D660000
(946688611.069960) can0 401#977E000000000000
(946688611.079960) can0 18FF01EA#0000480400004804
(946688611.079960) can0 18FF02EA#0000380400003804
(946688611.099960) can0 18FF01EA#00004F0400004F04
(946688611.099960) can0 18FF02EA#01003D0401003D04
(946688611.099960) can0 18FF1085#0000010300010000
(946688611.099960) can0 400#27282E6D2E6E0000
(946688611.099960) can0 401#947F000000000000
(946688611.109960) can0 19B30007#00005E20AD680000
(946688611.109960) can0 19B30100#D8D8D8D8D8D8D8D8
(946688611.119960) can0 18FF01EA#0000430400004304
(946688611.119960) can0 18FF02EA#00003D0400003D04
(946688611.129960) can0 18FF1085#0000010300010000
(946688611.129960) can0 400#26282D672E6F0000
(946688611.129960) can0 401#967F000000000000
(946688611.139960) can0 18FF01EA#01002D0401002D04
(946688611.139960) can0 18FF02EA#FFFF4B04FFFF4B04
(946688611.159960) can0 18FF01EA#0000380400003804
(946688611.159960) can0 18FF02EA#FFFF2704FFFF2704
(946688611.159960) can0 18FF1085#0000010300010000
(946688611.159960) can0 400#28262E662F6A0000
(946688611.159960) can0 401#947F000000000000
(946688611.179960) can0 18FF01EA#01001D0401001D04
(946688611.179960) can0 18FF02EA#0000210400002104
(946688611.189960) can0 18FF1085#0000010300010000
(946688611.189960) can0 400#26272E672F6E0000
(946688611.189960) can0 401#957F000000000000
(946688611.199960) can0 18FF01EA#00002C0400002C04
(946688611.199960) can0 18FF02EA#00001B0400001B04
(946688611.219960) can0 18FF01EA#00003B0400003B04
(946688611.219960) can0 18FF02EA#01002E0401002E04
(946688611.219960) can0 18FF1085#0000010300010000
(946688611.219960) can0 400#26262E6D2E650000
(946688611.219960) can0 401#957F000000000000
(946688611.219960) can0 19B30007#00005E20AD680000
(946688611.219960) can0 19B30100#D8D8D8D8D8D8D8D8
(946688611.239960) can0 18FF01EA#0000340400003404
(946688611.239960) can0 18FF02EA#00001D0400001D04
(946688611.249960) can0 18FF1085#0000010300010000
(946688611.249960) can0 400#25252F6E2F6A0000
(946688611.249960) can0 401#957E000000000000
(946688611.259960) can0 18FF01EA#FFFF1A04FFFF1A04
(946688611.259960) can0 18FF02EA#0100100401001004
(946688611.279960) can0 18FF01EA#00000C0400000C04
(946688611.279960) can0 18FF02EA#0000260400002604
(946688611.279960) can0 18FF1085#0000010300010000
(946688611.279960) can0 400#27272F6D2E6A0000
(946688611.279960) can0 401#957F000000000000
(946688611.299960) can0 18FF01EA#0100140401001404
(946688611.299960) can0 18FF02EA#0100200401002004
(946688611.309960) can0 18FF1085#0000010300010000
(946688611.309960) can0 400#27272D6D2E6F0000
(946688611.309960) can0 401#967E000000000000
(946688611.319960) can0 18FF01EA#01000B0401000B04
(946688611.319960) can0 18FF02EA#00001A0400001A04
(946688611.329960) can0 19B30007#00005E20AD680000
(946688611.329960) can0 19B30100#D8D8D8D8D8D8D8D8
(946688611.339960) can0 18FF01EA#00000F0400000F04
(946688611.339960) can0 18FF02EA#0000FF030000FF03
(946688611.339960) can0 18FF1085#0000010300010000
(946688611.339960) can0 400#24252F6E2E670000
(946688611.339960) can0 401#957E000000000000
(946688611.359960) can0 18FF01EA#0000FF030000FF03
(946688611.359960) can0 18FF02EA#0000140400001404
(946688611.369960) can0 18FF1085#0000010300010000
(946688611.369960) can0 400#23252F6E2E6C0000
(946688611.369960) can0 401#957E000000000000
(946688611.379960) can0 18FF01EA#0100010401000104
(946688611.379960) can0 18FF02EA#0100070401000704
(946688611.399960) can0 18FF01EA#FFFF0104FFFF0104
(946688611.399960) can0 18FF02EA#FFFF1604FFFF1604
(946688611.399960) can0 18FF1085#0000010300010000
(946688611.399960) can0 400#25262D6A2F6A0000
(946688611.399960) can0 401#967E000000000000
(946688611.419960) can0 18FF01EA#FFFF0204FFFF0204
(946688611.419960) can0 18FF02EA#0000FA030000FA03
(946688611.429960) can0 18FF1085#0000010300010000
(946688611.429960) can0 400#24232E682F650000
(946688611.429960) can0 401#947F000000000000
(946688611.439960) can0 18FF01EA#0000F8030000F803
(946688611.439960) can0 18FF02EA#FFFFFC03FFFFFC03
(946688611.439960) can0 19B30007#00005E20AD680000
(946688611.439960) can0 19B30100#D8D8D8D8D8D8D8D8
(946688611.459960) can0 18FF01EA#FFFFF503FFFFF503
(946688611.459960) can0 18FF02EA#0000030400000304
(946688611.459960) can0 18FF1085#0000010300010000
(946688611.459960) can0 400#26262F6D2E660000
(946688611.459960) can0 401#947E000000000000
(946688611.479959) can0 18FF01EA#0100E3030100E303
(946688611.479959) can0 18FF02EA#FFFFFC03FFFFFC03
(946688611.489959) can0 18FF1085#0000010300010000
(946688611.489959) can0 400#25242E6A2F6A0000
(946688611.489959) can0 401#947E000000000000
(946688611.499959) can0 18FF01EA#0000E0030000E003
(946688611.499959) can0 18FF02EA#0000F0030000F003
(946688611.519959) can0 18FF01EA#0000E5030000E503
(946688611.519959) can0 18FF02EA#FFFFEC03FFFFEC03
(946688611.519959) can0 18FF1085#0000010300010000
(946688611.519959) can0 400#24262D6A2E670000
(946688611.519959) can0 401#977F000000000000
(946688611.539959) can0 18FF01EA#FFFFF803FFFFF803
(946688611.539959) can0 18FF02EA#FFFFF403FFFFF403
(946688611.549959) can0 18FF1085#0000010300010000
(946688611.549959) can0 400#24232F6A2E6D0000
(946688611.549959) can0 401#947F000000000000
(946688611.549959) can0 19B30007#00005E20AD680000
(946688611.549959) can0 19B30100#D8D8D8D8D8D8D8D8
(946688611.559959) can0 18FF01EA#0000EA030000EA03
(946688611.559959) can0 18FF02EA#0100F1030100F103
(946688611.579959) can0 18FF01EA#0100EA030100EA03
(946688611.579959) can0 18FF02EA#FFFFD403FFFFD403
(946688611.579959) can0 18FF1085#0000010300010000
(946688611.579959) can0 400#26242D6D2E6B0000
(946688611.579959) can0 401#947F000000000000
(946688611.599959) can0 18FF01EA#0100E8030100E803
(946688611.599959) can0 18FF02EA#FFFFE603FFFFE603
(946688611.609959) can0 18FF1085#0000010300010000
(946688611.609959) can0 400#24232D6E2E6B0000
(946688611.609959) can0 401#977E000000000000
(946688611.619959) can0 18FF01EA#FFFFDB03FFFFDB03
(946688611.619959) can0 18FF02EA#0000D2030000D203
(946688611.639959) can0 18FF01EA#FFFFDC03FFFFDC03
(946688611.639959) can0 18FF02EA#0000C4030000C403
(946688611.639959) can0 18FF1085#0000010300010000
(946688611.639959) can0 400#24232E6E2E650000
(946688611.639959) can0 401#967F000000000000
(946688611.659959) can0 18FF01EA#0100D4030100D403
(946688611.659959) can0 18FF02EA#FFFFD603FFFFD603
(946688611.659959) can0 19B30007#00005E20AD680000
(946688611.659959) can0 19B30100#D8D8D8D8D8D8D8D8
(946688611.669959) can0 18FF1085#0000010300010000
(946688611.669959) can0 400#22212E6B2E6D0000
(946688611.669959) can0 401#957F000000000000
(946688611.679959) can0 18FF01EA#0000C0030000C003
(946688611.679959) can0 18FF02EA#FFFFD703FFFFD703
(946688611.699959) can0 18FF01EA#0000CB030000CB03
(946688611.699959) can0 18FF02EA#0000C7030000C703
(946688611.699959) can0 18FF1085#0000010300010000
(946688611.699959) can0 400#23222E6C2E660000
(946688611.699959) can0 401#977F000000000000
(946688611.719959) can0 18FF01EA#0000C1030000C103
(946688611.719959) can0 18FF02EA#0100C8030100C803
(946688611.729959) can0 18FF1085#0000010300010000
(946688611.729959) can0 400#21212E652F6D0000
(946688611.729959) can0 401#947E000000000000
(946688611.739959) can0 18FF01EA#0000D0030000D003
(946688611.739959) can0 18FF02EA#FFFFD303FFFFD303
(946688611.759959) can0 18FF01EA#0000C3030000C303
(946688611.759959) can0 18FF02EA#0100CF030100CF03
(946688611.759959) can0 18FF1085#0000010300010000
(946688611.759959) can0 400#24232E6D2D6A0000
(946688611.759959) can0 401#967E000000000000
(946688611.769959) can0 19B30007#00005E20AD680000
(946688611.769959) can0 19B30100#D8D8D8D8D8D8D8D8
(946688611.779959) can0 18FF01EA#0000CE030000CE03
(946688611.779959) can0 18FF02EA#0100D1030100D103
(946688611.789959) can0 18FF1085#0000010300010000
(946688611.789959) can0 400#23242E652D680000
(946688611.789959) can0 401#947E000000000000
(946688611.799959) can0 18FF01EA#0000C8030000C803
(946688611.799959) can0 18FF02EA#0100B4030100B403
(946688611.819959) can0 18FF01EA#0000C4030000C403
(946688611.819959) can0 18FF02EA#0000B3030000B303
(946688611.819959) can0 18FF1085#0000010300010000
(946688611.819959) can0 400#21212F6A2D650000
(946688611.819959) can0 401#967E000000000000
(946688611.839959) can0 18FF01EA#0000C2030000C203
(946688611.839959) can0 18FF02EA#0000B7030000B703
(946688611.849959) can0 18FF1085#0000010300010000
(946688611.849959) can0 400#23212F6C2F690000
(946688611.849959) can0 401#957F000000000000
(946688611.859959) can0 18FF01EA#0000AA030000AA03
(946688611.859959) can0 18FF02EA#0000B7030000B703
(946688611.879959) can0 18FF01EA#0000BD030000BD03
(946688611.879959) can0 18FF02EA#FFFFB203FFFFB203
(946688611.879959) can0 18FF1085#0000010300010000
(946688611.879959) can0 400#23212E652E680000
(946688611.879959) can0 401#967E000000000000
(946688611.879959) can0 19B30007#00005E20AD680000
(946688611.879959) can0 19B30100#D8D8D8D8D8D8D8D8
(946688611.899959) can0 18FF01EA#0000AC030000AC03
(946688611.899959) can0 18FF02EA#0000A7030000A703
(946688611.909959) can0 18FF1085#0000010300010000
(946688611.909959) can0 400#23232E652E6B0000
(946688611.909959) can0 401#947F000000000000
(946688611.919959) can0 18FF01EA#0100A6030100A603
(946688611.919959) can0 18FF02EA#FFFFB703FFFFB703
(946688611.939959) can0 18FF01EA#FFFF9603FFFF9603
(946688611.939959) can0 18FF02EA#FFFF9D03FFFF9D03
(946688611.939959) can0 18FF1085#0000010300010000
(946688611.939959) can0 400#21232E6C2F6C0000
(946688611.939959) can0 401#947E000000000000
(946688611.959959) can0 18FF01EA#0100990301009903
(946688611.959959) can0 18FF02EA#0000960300009603
(946688611.969959) can0 18FF1085#0000010300010000
(946688611.969959) can0 400#22212D672E6B0000
(946688611.969959) can0 401#967E000000000000
(946688611.979959) can0 18FF01EA#0000AF030000AF03
(946688611.979959) can0 18FF02EA#0100990301009903
(946688611.989959) can0 19B30007#00005E20AD680000
(946688611.989959) can0 19B30100#D8D8D8D8D8D8D8D8
(946688611.999959) can0 18FF01EA#FFFFA503FFFFA503
(946688611.999959) can0 18FF02EA#0000AC030000AC03
(946688611.999959) can0 18FF1085#0000010300010000
(946688611.999959) can0 400#20202E662E6B0000
(946688611.999959) can0 401#947F000000000000
(946688612.019959) can0 18FF01EA#0000A8030000A803
(946688612.019959) can0 18FF02EA#0100880301008803
(946688612.029959) can0 18FF1085#0000010300010000
(946688612.029959) can0 400#1F202F662E680000
(946688612.029959) can0 401#947E000000000000
(946688612.039959) can0 18FF01EA#0100860301008603
(946688612.039959) can0 18FF02EA#FFFFA403FFFFA403
(946688612.059959) can0 18FF01EA#0000990300009903
(946688612.059959) can0 18FF02EA#00008D0300008D03
(946688612.059959) can0 18FF1085#0000010300010000
(946688612.059959) can0 400#221F2D672E6D0000
(946688612.059959) can0 401#947F000000000000
(946688612.079959) can0 18FF01EA#0000970300009703
(946688612.079959) can0 18FF02EA#00008D0300008D03
(946688612.089959) can0 18FF1085#0000010300010000
(946688612.089959) can0 400#211F2F662E650000
(946688612.089959) can0 401#967E000000000000
(946688612.099959) can0 18FF01EA#0100950301009503
(946688612.099959) can0 18FF02EA#0000840300008403
(946688612.099959) can0 19B30007#00005E20AD680000
(946688612.099959) can0 19B30100#D8D8D8D8D8D8D8D8
(946688612.119959) can0 18FF01EA#FFFF7A03FFFF7A03
(946688612.119959) can0 18FF02EA#00007F0300007F03
(946688612.119959) can0 18FF1085#0000010300010000
(946688612.119959) can0 400#21202E6C2E660000
(946688612.119959) can0 401#947E000000000000
(946688612.139959) can0 18FF01EA#0000900300009003
(946688612.139959) can0 18FF02EA#FFFF7203FFFF7203
(946688612.149959) can0 18FF1085#0000010300010000
(946688612.149959) can0 400#21202E652E650000
(946688612.149959) can0 401#957E000000000000
(946688612.159959) can0 18FF01EA#FFFF7703FFFF7703
(946688612.159959) can0 18FF02EA#FFFF9203FFFF9203
(946688612.179959) can0 18FF01EA#00008A0300008A03
(946688612.179959) can0 18FF02EA#0000880300008803
(946688612.179959) can0 18FF1085#0000010300010000
(946688612.179959) can0 400#221F2E652F630000
(946688612.179959) can0 401#947F000000000000
(946688612.199959) can0 18FF01EA#01008A0301008A03
(946688612.199959) can0 18FF02EA#00008F0300008F03
(946688612.209959) can0 18FF1085#0000010300010000
(946688612.209959) can0 400#1F212E682F6D0000
(946688612.209959) can0 401#977E000000000000
(946688612.209959) can0 19B30007#00005E20AD680000
(946688612.209959) can0 19B30100#D8D8D8D8D8D8D8D8
(946688612.219959) can0 18FF01EA#0000810300008103
(946688612.219959) can0 18FF02EA#0000790300007903
(946688612.239959) can0 18FF01EA#0000830300008303
(946688612.239959) can0 18FF02EA#FFFF6903FFFF6903
(946688612.239959) can0 18FF1085#0000010300010000
(946688612.239959) can0 400#21222E652E660000
(946688612.239959) can0 401#957E000000000000
(946688612.259959) can0 18FF01EA#0000750300007503
(946688612.259959) can0 18FF02EA#00007D0300007D03
(946688612.269959) can0 18FF1085#0000010300010000
(946688612.269959) can0 400#1F212F682D6A0000
(946688612.269959) can0 401#977E000000000000
(946688612.279959) can0 18FF01EA#00006C0300006C03
(946688612.279959) can0 18FF02EA#FFFF7703FFFF7703
(946688612.299959) can0 18FF01EA#FFFF7803FFFF7803
(946688612.299959) can0 18FF02EA#0000790300007903
(946688612.299959) can0 18FF1085#0000010300010000
(946688612.299959) can0 400#1D202F672D680000
(946688612.299959) can0 401#947F000000000000
(946688612.319959) can0 18FF01EA#FFFF5603FFFF5603
(946688612.319959) can0 18FF02EA#FFFF5D03FFFF5D03
(946688612.319959) can0 19B30007#00005E20AD680000
(946688612.319959) can0 19B30100#D8D8D8D8D8D8D8D8
(946688612.329959) can0 18FF1085#0000010300010000
(946688612.329959) can0 400#1E202D672D680000
(946688612.329959) can0 401#957E000000000000
(946688612.339959) can0 18FF01EA#0000640300006403
(946688612.339959) can0 18FF02EA#0000700300007003
(946688612.359959) can0 18FF01EA#0100520301005203
(946688612.359959) can0 18FF02EA#00005A0300005A03
(946688612.359959) can0 18FF1085#0000010300010000
(946688612.359959) can0 400#201F2E662D670000
(946688612.359959) can0 401#947E000000000000
(946688612.379959) can0 18FF01EA#00005A0300005A03
(946688612.379959) can0 18FF02EA#0000590300005903
(946688612.389959) can0 18FF1085#0000010300010000
(946688612.389959) can0 400#20212E672D690000
(946688612.389959) can0 401#977E000000000000
(946688612.399959) can0 18FF01EA#0000620300006203
(946688612.399959) can0 18FF02EA#FFFF5803FFFF5803
(946688612.419959) can0 18FF01EA#FFFF4A03FFFF4A03
(946688612.419959) can0 18FF02EA#0000630300006303
(946688612.419959) can0 18FF1085#0000010300010000
(946688612.419959) can0 400#1E1D2F692E6B0000
(946688612.419959) can0 401#957E000000000000
(946688612.429959) can0 19B30007#00005E20AD680000
(946688612.429959) can0 19B30100#D8D8D8D8D8D8D8D8
(946688612.439959) can0 18FF01EA#00005E0300005E03
(946688612.439959) can0 18FF02EA#0100670301006703
(946688612.449959) can0 18FF1085#0000010300010000
(946688612.449959) can0 400#1F202E662E640000
(946688612.449959) can0 401#977E000000000000
(946688612.459959) can0 18FF01EA#0000580300005803
(946688612.459959) can0 18FF02EA#0000540300005403
(946688612.479959) can0 18FF01EA#00004B0300004B03
(946688612.479959) can0 18FF02EA#FFFF5303FFFF5303
(946688612.479959) can0 18FF1085#0000010300010000
(946688612.479959) can0 400#1D1D2E662E650000
(946688612.479959) can0 401#957F000000000000
(946688612.499959) can0 18FF01EA#00003E0300003E03
(946688612.499959) can0 18FF02EA#0000570300005703
(946688612.509959) can0 18FF1085#0000010300010000
(946688612.509959) can0 400#1E1F2E652E6B0000
(946688612.509959) can0 401#947E000000000000
(946688612.519958) can0 18FF01EA#0000510300005103
(946688612.519958) can0 18FF02EA#0000440300004403
(946688612.539958) can0 18FF01EA#0000520300005203
(946688612.539958) can0 18FF02EA#FFFF4903FFFF4903
(946688612.539958) can0 18FF1085#0000010300010000
(946688612.539958) can0 400#1F1D2E6B2D690000
(946688612.539958) can0 401#977F000000000000
(946688612.539958) can0 19B30007#00005E20AD680000
(946688612.539958) can0 19B30100#D8D8D8D8D8D8D8D8
(946688612.559958) can0 18FF01EA#01005A0301005A03
(946688612.559958) can0 18FF02EA#0100480301004803
(946688612.569958) can0 18FF1085#0000010300010000
(946688612.569958) can0 400#1E1E2F642E6C0000
(946688612.569958) can0 401#967F000000000000
(946688612.579958) can0 18FF01EA#FFFF5103FFFF5103
(946688612.579958) can0 18FF02EA#0000360300003603
(946688612.599958) can0 18FF01EA#FFFF5303FFFF5303
(946688612.599958) can0 18FF02EA#FFFF4A03FFFF4A03
(946688612.599958) can0 18FF1085#0000010300010000
(946688612.599958) can0 400#1C202E682E6A0000
(946688612.599958) can0 401#967F000000000000
(946688612.619958) can0 18FF01EA#0100360301003603
(946688612.619958) can0 18FF02EA#00004B0300004B03
(946688612.629958) can0 18FF1085#0000010300010000
(946688612.629958) can0 400#1F1E2E642F6A0000
(946688612.629958) can0 401#967E000000000000
(946688612.639958) can0 18FF01EA#01004C0301004C03
(946688612.639958) can0 18FF02EA#0000430300004303
(946688612.649958) can0 19B30007#00005E20AD680000
(946688612.649958) can0 19B30100#D8D8D8D8D8D8D8D8
(946688612.659958) can0 18FF01EA#FFFF4203FFFF4203
(946688612.659958) can0 18FF02EA#00002A0300002A03
(946688612.659958) can0 18FF1085#0000010300010000
(946688612.659958) can0 400#1F1D2E6A2F6A0000
(946688612.659958) can0 401#967E000000000000
(946688612.679958) can0 18FF01EA#0000430300004303
(946688612.679958) can0 18FF02EA#FFFF3503FFFF3503
(946688612.689958) can0 18FF1085#0000010300010000
(946688612.689958) can0 400#1E1E2E6B2E6B0000
(946688612.689958) can0 401#957F000000000000
(946688612.699958) can0 18FF01EA#00003F0300003F03
(946688612.699958) can0 18FF02EA#00002C0300002C03
(946688612.719958) can0 18FF01EA#FFFF4503FFFF4503
(946688612.719958) can0 18FF02EA#0000420300004203
(946688612.719958) can0 18FF1085#0000010300010000
(946688612.719958) can0 400#1C1F2E662E670000
(946688612.719958) can0 401#967F000000000000
(946688612.739958) can0 18FF01EA#0100390301003903
(946688612.739958) can0 18FF02EA#0100320301003203
(946688612.749958) can0 18FF1085#0000010300010000
(946688612.749958) can0 400#1F1C2E6B2E680000
(946688612.749958) can0 401#957E000000000000
(946688612.759958) can0 18FF01EA#0100260301002603
(946688612.759958) can0 18FF02EA#0000400300004003
(946688612.759958) can0 19B30007#00005E20AD680000
(946688612.759958) can0 19B30100#D8D8D8D8D8D8D8D8
(946688612.779958) can0 18FF01EA#01001D0301001D03
(946688612.779958) can0 18FF02EA#FFFF4003FFFF4003
(946688612.779958) can0 18FF1085#0000010300010000
(946688612.779958) can0 400#1E1F2F6C2E670000
(946688612.779958) can0 401#957F000000000000
(946688612.799958) can0 18FF01EA#0000210300002103
(946688612.799958) can0 18FF02EA#00001E0300001E03
(946688612.809958) can0 18FF1085#0000010300010000
(946688612.809958) can0 400#1E1C2E652F6C0000
(946688612.809958) can0 401#967E000000000000
(946688612.819958) can0 18FF01EA#0100200301002003
(946688612.819958) can0 18FF02EA#0000230300002303
(946688612.839958) can0 18FF01EA#00002C0300002C03
(946688612.839958) can0 18FF02EA#00001D0300001D03
(946688612.839958) can0 18FF1085#0000010300010000
(946688612.839958) can0 400#1C1C2F652E650000
(946688612.839958) can0 401#957F000000000000
(946688612.859958) can0 18FF01EA#0100260301002603
(946688612.859958) can0 18FF02EA#01001F0301001F03
(946688612.869958) can0 18FF1085#0000010300010000
(946688612.869958) can0 400#1C1D2E652D6B0000
(946688612.869958) can0 401#977F000000000000
(946688612.869958) can0 19B30007#00005E20AD680000
(946688612.869958) can0 19B30100#D8D8D8D8D8D8D8D8
(946688612.879958) can0 18FF01EA#00001B0300001B03
(946688612.879958) can0 18FF02EA#0000240300002403
(946688612.899958) can0 18FF01EA#0100180301001803
(946688612.899958) can0 18FF02EA#00001A0300001A03
(946688612.899958) can0 18FF1085#0000010300010000
(946688612.899958) can0 400#1B1C2E6A2F680000
(946688612.899958) can0 401#947E000000000000
(946688612.919958) can0 18FF01EA#0000110300001103
(946688612.919958) can0 18FF02EA#0000280300002803
(946688612.929958) can0 18FF1085#0000010300010000
(946688612.929958) can0 400#1D1D2F692D640000
(946688612.929958) can0 401#977F000000000000
(946688612.939958) can0 18FF01EA#0000110300001103
(946688612.939958) can0 18FF02EA#0000270300002703
(946688612.959958) can0 18FF01EA#0000050300000503
(946688612.959958) can0 18FF02EA#FFFF1303FFFF1303
(946688612.959958) can0 18FF1085#0000010300010000
(946688612.959958) can0 400#1D1D2E652E6B0000
(946688612.959958) can0 401#947E000000000000
(946688612.979958) can0 18FF01EA#0000200300002003
(946688612.979958) can0 18FF02EA#00001E0300001E03
(946688612.979958) can0 19B30007#00005E20AD680000
(946688612.979958) can0 19B30100#D8D8D8D8D8D8D8D8
(946688612.989958) can0 18FF1085#0000010300010000
(946688612.989958) can0 400#1D1E2E6B2F650000
(946688612.989958) can0 401#947F000000000000
(946688612.999958) can0 18FF01EA#00001C0300001C03
(946688612.999958) can0 18FF02EA#0000190300001903
(946688613.019958) can0 18FF01EA#0100180301001803
(946688613.019958) can0 18FF02EA#0000010300000103
(946688613.019958) can0 18FF1085#0000010300010000
(946688613.019958) can0 400#1B1B2D672F690000
(946688613.019958) can0 401#967E000000000000
(946688613.039958) can0 18FF01EA#00001F0300001F03
(946688613.039958) can0 18FF02EA#FFFF0703FFFF0703
(946688613.049958) can0 18FF1085#0000010300010000
(946688613.049958) can0 400#1B1D2E6B2D650000
(946688613.049958) can0 401#967E000000000000
(946688613.059958) can0 18FF01EA#FFFF0403FFFF0403
(946688613.059958) can0 18FF02EA#FFFF0603FFFF0603
(946688613.079958) can0 18FF01EA#FFFF0F03FFFF0F03
(946688613.079958) can0 18FF02EA#01000E0301000E03
(946688613.079958) can0 18FF1085#0000010300010000
(946688613.079958) can0 400#1B1D2E6C2E660000
(946688613.079958) can0 401#957F000000000000
(946688613.089958) can0 19B30007#00005E20AD680000
(946688613.089958) can0 19B30100#D8D8D8D8D8D8D8D8
(946688613.099958) can0 18FF01EA#0000000300000003
(946688613.099958) can0 18FF02EA#0000090300000903
(946688613.109958) can0 18FF1085#0000010300010000
(946688613.109958) can0 400#1B1B2E642E6B0000
(946688613.109958) can0 401#977E000000000000
(946688613.119958) can0 18FF01EA#0000100300001003
(946688613.119958) can0 18FF02EA#FFFF0103FFFF0103
(946688613.139958) can0 18FF01EA#0000F2020000F202
(946688613.139958) can0 18FF02EA#0000F3020000F302
(946688613.139958) can0 18FF1085#0000010300010000
(946688613.139958) can0 400#1C1D2D692E6B0000
(946688613.139958) can0 401#977F000000000000
(946688613.159958) can0 18FF01EA#0000000300000003
(946688613.159958) can0 18FF02EA#FFFF0403FFFF0403
(946688613.169958) can0 18FF1085#0000010300010000
(946688613.169958) can0 400#1D1C2E692E690000
(946688613.169958) can0 401#957F000000000000
(946688613.179958) can0 18FF01EA#0000FD020000FD02
(946688613.179958) can0 18FF02EA#00000A0300000A03
(946688613.199958) can0 18FF01EA#0000F9020000F902
(946688613.199958) can0 18FF02EA#0000ED020000ED02
(946688613.199958) can0 18FF1085#0000010300010000
(946688613.199958) can0 400#1A1A2D6B2E640000
(946688613.199958) can0 401#977F000000000000
(946688613.199958) can0 19B30007#00005E20AD680000
(946688613.199958) can0 19B30100#D8D8D8D8D8D8D8D8
(946688613.219958) can0 18FF01EA#01000C0301000C03
(946688613.219958) can0 18FF02EA#0000E7020000E702
(946688613.229958) can0 18FF1085#0000010300010000
(946688613.229958) can0 400#1D1C2E6A2E6B0000
(946688613.229958) can0 401#967F000000000000
(946688613.239958) can0 18FF01EA#0000F9020000F902
(946688613.239958) can0 18FF02EA#FFFFF902FFFFF902
(946688613.259958) can0 18FF01EA#FFFFEA02FFFFEA02
(946688613.259958) can0 18FF02EA#0100F2020100F202
(946688613.259958) can0 18FF1085#0000010300010000
(946688613.259958) can0 400#1A1A2F692F660000
(946688613.259958) can0 401#967F000000000000
(946688613.279958) can0 18FF01EA#0000E8020000E802
(946688613.279958) can0 18FF02EA#0100F1020100F102
(946688613.289958) can0 18FF1085#0000010300010000
(946688613.289958) can0 400#191C2F6C2F640000
(946688613.289958) can0 401#967E000000000000
(946688613.299958) can0 18FF01EA#0000E0020000E002
(946688613.299958) can0 18FF02EA#FFFFE102FFFFE102
(946688613.309958) can0 19B30007#00005E20AD680000
(946688613.309958) can0 19B30100#D8D8D8D8D8D8D8D8
(946688613.319958) can0 18FF01EA#0100EB020100EB02
(946688613.319958) can0 18FF02EA#0000DA020000DA02
(946688613.319958) can0 18FF1085#0000010300010000
(946688613.319958) can0 400#191D2E632D6A0000
(946688613.319958) can0 401#967F000000000000
(946688613.339958) can0 18FF01EA#0000E2020000E202
(946688613.339958) can0 18FF02EA#0000E4020000E402
(946688613.349958) can0 18FF1085#0000010300010000
(946688613.349958) can0 400#1A192D642D670000
(946688613.349958) can0 401#957F000000000000
(946688613.359958) can0 18FF01EA#0100D5020100D502
(946688613.359958) can0 18FF02EA#FFFFFB02FFFFFB02
(946688613.379958) can0 18FF01EA#0100DF020100DF02
(946688613.379958) can0 18FF02EA#0000DC020000DC02
(946688613.379958) can0 18FF1085#0000010300010000
(946688613.379958) can0 400#191A2F642F630000
(946688613.379958) can0 401#957F000000000000
(946688613.399958) can0 18FF01EA#FFFFE602FFFFE602
(946688613.399958) can0 18FF02EA#0000D8020000D802
(946688613.409958) can0 18FF1085#0000010300010000
(946688613.409958) can0 400#1B192F682E630000
(946688613.409958) can0 401#957E000000000000
(946688613.419958) can0 18FF01EA#0100EC020100EC02
(946688613.419958) can0 18FF02EA#0100E5020100E502
(946688613.419958) can0 19B30007#00005E20AD680000
(946688613.419958) can0 19B30100#D8D8D8D8D8D8D8D8
(946688613.439958) can0 18FF01EA#0000E2020000E202
(946688613.439958) can0 18FF02EA#0100D5020100D502
(946688613.439958) can0 18FF1085#0000010300010000
(946688613.439958) can0 400#19192E6C2F640000
(946688613.439958) can0 401#967F000000000000
(946688613.459958) can0 18FF01EA#FFFFED02FFFFED02
(946688613.459958) can0 18FF02EA#FFFFEE02FFFFEE02
(946688613.469958) can0 18FF1085#0000010300010000
(946688613.469958) can0 400#1B1B2E652E6A0000
(946688613.469958) can0 401#967E000000000000
(946688613.479958) can0 18FF01EA#0000E0020000E002
(946688613.479958) can0 18FF02EA#0000E0020000E002
(946688613.499958) can0 18FF01EA#0100D2020100D202
(946688613.499958) can0 18FF02EA#0000E6020000E602
(946688613.499958) can0 18FF1085#0000010300010000
(946688613.499958) can0 400#181A2E622F6B0000
(946688613.499958) can0 401#947F000000000000
(946688613.519958) can0 18FF01EA#FFFFC502FFFFC502
(946688613.519958) can0 18FF02EA#0000D4020000D402
(946688613.529958) can0 18FF1085#0000010300010000
(946688613.529958) can0 400#181A2F682F620000
(946688613.529958) can0 401#947F000000000000
(946688613.529958) can0 19B30007#00005E20AD680000
(946688613.529958) can0 19B30100#D8D8D8D8D8D8D8D8
(946688613.539958) can0 18FF01EA#FFFFDD02FFFFDD02
(946688613.539958) can0 18FF02EA#0000D1020000D102
(946688613.559958) can0 18FF01EA#0000C8020000C802
(946688613.559958) can0 18FF02EA#0100E0020100E002
(946688613.559958) can0 18FF1085#0000010300010000
(946688613.559958) can0 400#1A1C2E632F640000
(946688613.559958) can0 401#947E000000000000
(946688613.579957) can0 18FF01EA#0100C3020100C302
(946688613.579957) can0 18FF02EA#0100C0020100C002
(946688613.589957) can0 18FF1085#0000010300010000
(946688613.589957) can0 400#191B2F682E640000
(946688613.589957) can0 401#967F000000000000
(946688613.599957) can0 18FF01EA#0100C7020100C702
(946688613.599957) can0 18FF02EA#0000BE020000BE02
(946688613.619957) can0 18FF01EA#0100BE020100BE02
(946688613.619957) can0 18FF02EA#0100DD020100DD02
(946688613.619957) can0 18FF1085#0000010300010000
(946688613.619957) can0 400#1A1B2E672F690000
(946688613.619957) can0 401#947E000000000000
(946688613.639957) can0 18FF01EA#FFFFD302FFFFD302
(946688613.639957) can0 18FF02EA#0000DC020000DC02
(946688613.639957) can0 19B30007#00005E20AD680000
(946688613.639957) can0 19B30100#D8D8D8D8D8D8D8D8
(946688613.649957) can0 18FF1085#0000010300010000
(946688613.649957) can0 400#1B1B2E632F650000
(946688613.649957) can0 401#967F000000000000
(946688613.659957) can0 18FF01EA#0100C9020100C902
(946688613.659957) can0 18FF02EA#0000C3020000C302
(946688613.679957) can0 18FF01EA#0000C6020000C602
(946688613.679957) can0 18FF02EA#FFFFC602FFFFC602
(946688613.679957) can0 18FF1085#0000010300010000
(946688613.679957) can0 400#1B172E662E640000
(946688613.679957) can0 401#967F000000000000
(946688613.699957) can0 18FF01EA#FFFFCD02FFFFCD02
(946688613.699957) can0 18FF02EA#0000CD020000CD02
(946688613.709957) can0 18FF1085#0000010300010000
(946688613.709957) can0 400#181B2F642D680000
(946688613.709957) can0 401#957F000000000000
(946688613.719957) can0 18FF01EA#FFFFD102FFFFD102
(946688613.719957) can0 18FF02EA#0000BD020000BD02
(946688613.739957) can0 18FF01EA#FFFFB802FFFFB802
(946688613.739957) can0 18FF02EA#FFFFCA02FFFFCA02
(946688613.739957) can0 18FF1085#0000010300010000
(946688613.739957) can0 400#191A2E6B2E650000
(946688613.739957) can0 401#977F000000000000
(946688613.749957) can0 19B30007#00005E20AD680000
(946688613.749957) can0 19B30100#D8D8D8D8D8D8D8D8
(946688613.759957) can0 18FF01EA#0000CC020000CC02
(946688613.759957) can0 18FF02EA#FFFFC002FFFFC002
(946688613.769957) can0 18FF1085#0000010300010000
(946688613.769957) can0 400#181B2E622F620000
(946688613.769957) can0 401#967E000000000000
(946688613.779957) can0 18FF01EA#0000CE020000CE02
(946688613.779957) can0 18FF02EA#FFFFC002FFFFC002
(946688613.799957) can0 18FF01EA#0000AA020000AA02
(946688613.799957) can0 18FF02EA#FFFFBE02FFFFBE02
(946688613.799957) can0 18FF1085#0000010300010000
(946688613.799957) can0 400#181A2F6B2E620000
(946688613.799957) can0 401#967F000000000000
(946688613.819957) can0 18FF01EA#FFFFA802FFFFA802
(946688613.819957) can0 18FF02EA#FFFFBC02FFFFBC02
(946688613.829957) can0 18FF1085#0000010300010000
(946688613.829957) can0 400#1A192E632E690000
(946688613.829957) can0 401#957F000000000000
(946688613.839957) can0 18FF01EA#0000CC020000CC02
(946688613.839957) can0 18FF02EA#0000B4020000B402
(946688613.859957) can0 18FF01EA#0100C7020100C702
(946688613.859957) can0 18FF02EA#0000B9020000B902
(946688613.859957) can0 18FF1085#0000010300010000
(946688613.859957) can0 400#18192E662E6A0000
(946688613.859957) can0 401#967F000000000000
(946688613.859957) can0 19B30007#00005E20AD680000
(946688613.859957) can0 19B30100#D8D8D8D8D8D8D8D8
(946688613.879957) can0 18FF01EA#0000BD020000BD02
(946688613.879957) can0 18FF02EA#0100AC020100AC02
(946688613.889957) can0 18FF1085#0000010300010000
(946688613.889957) can0 400#1B1A2E682F630000
(946688613.889957) can0 401#977E000000000000
(946688613.899957) can0 18FF01EA#0000AA020000AA02
(946688613.899957) can0 18FF02EA#0100B8020100B802
(946688613.919957) can0 18FF01EA#0100B2020100B202
(946688613.919957) can0 18FF02EA#0000AA020000AA02
(946688613.919957) can0 18FF1085#0000010300010000
(946688613.919957) can0 400#17182F6A2D680000
(946688613.919957) can0 401#947F000000000000
(946688613.939957) can0 18FF01EA#FFFFAB02FFFFAB02
(946688613.939957) can0 18FF02EA#0000B7020000B702
(946688613.949957) can0 18FF1085#0000010300010000
(946688613.949957) can0 400#181A2E652E620000
(946688613.949957) can0 401#957E000000000000
(946688613.959957) can0 18FF01EA#FFFFB202FFFFB202
(946688613.959957) can0 18FF02EA#0000A8020000A802
(946688613.969957) can0 19B30007#00005E20AD680000
(946688613.969957) can0 19B30100#D8D8D8D8D8D8D8D8
(946688613.979957) can0 18FF01EA#FFFFA002FFFFA002
(946688613.979957) can0 18FF02EA#FFFF9C02FFFF9C02
(946688613.979957) can0 18FF1085#0000010300010000
(946688613.979957) can0 400#19182F672D690000
(946688613.979957) can0 401#957F000000000000
(946688613.999957) can0 18FF01EA#00009F0200009F02
(946688613.999957) can0 18FF02EA#0100AA020100AA02
(946688614.009957) can0 18FF1085#0000010300010000
(946688614.009957) can0 400#17182E6B2E630000
(946688614.009957) can0 401#947F000000000000
